url,titulo,precio_contado,precio_financiado,año,kilometros,caballos,tipo_cambio,combustible,traccion,velocidad_maxima,largo,ancho,alto,peso,deposito
https://www.clicars.com/coches-segunda-mano-ocasion/comprar-mazda-cx-60-cx-60-2-5l-e-skyactiv-g-phev-exclusive-line-comb-pano-192-suv-y-4x4-automatico-2022-128776,"Mazda CX-60
        2.5L e-Skyactiv-G PHEV Exclusive-Line COMB PANO",34990,33290.0,2022,32.120 km,327 CV,Automático,Híbrido enchufable,4x4,200km/h,"4,75m","1,89m","1,69m",1.920kg,50l
https://www.clicars.com/coches-segunda-mano-ocasion/comprar-citroen-c4-c4-1-2-puretech-plus-s-and-s-130-aut-130-compacto-automatico-2025-126114,"Citroen C4
        1.2 PureTech Plus S&S 130 Aut.",17990,16390.0,2025,18.514 km,130 CV,Automático,Gasolina,Delantera,210km/h,"4,35m","1,83m","1,52m",1.322kg,50l
https://www.clicars.com/coches-segunda-mano-ocasion/comprar-peugeot-2008-2008-1-5bluehdi-s-and-s-allure-pack-110-110-suv-y-4x4-manual-2021-128969,"Peugeot 2008
        1.5BlueHDi S&S Allure Pack 110",14990,13590.0,2021,88.772 km,110 CV,Manual,Diésel,Delantera,185km/h,"4,30m","1,77m","1,53m",1.205kg,41l
https://www.clicars.com/coches-segunda-mano-ocasion/comprar-mercedes-clase-b-b-180d-8g-dct-116-monovolumen-automatico-2022-128290,"Mercedes Clase B
        B 180d 8G-DCT",25590,23290.0,2022,41.931 km,116 CV,Automático,Diésel,Delantera,200km/h,"4,42m","1,80m","1,56m",,43l
https://www.clicars.com/coches-segunda-mano-ocasion/comprar-volkswagen-golf-golf-2-0-tsi-r-dsg-235kw-320-compacto-automatico-2021-126193,"Volkswagen Golf
        2.0 TSI R DSG",34990,33290.0,2021,100.088 km,320 CV,Automático,Gasolina,4x4,250km/h,"4,29m","1,79m","1,46m",1.551kg,50l
https://www.clicars.com/coches-segunda-mano-ocasion/comprar-kgm-ssangyong-xlv-xlv-d16t-limited-4x2-115-suv-y-4x4-manual-2017-129134,"Kgm / Ssangyong XLV
        D16T Limited 4x2",11790,11190.0,2017,98.503 km,115 CV,Manual,Diésel,Delantera,170km/h,"4,44m","1,80m","1,61m",1.405kg,47l
https://www.clicars.com/coches-segunda-mano-ocasion/comprar-audi-q2-q2-30-tdi-s-line-85kw-116-suv-y-4x4-manual-2022-115504,"Audi Q2
        30 TDI S line",19490,17690.0,2022,133.138 km,116 CV,Manual,Diésel,Delantera,197km/h,"4,21m","1,79m","1,51m",,50l
https://www.clicars.com/coches-segunda-mano-ocasion/comprar-nissan-qashqai-qashqai-1-3-dig-t-mhev-12v-premiere-edition-4x2-aut-116kw-158-suv-y-4x4-automatico-2021-125401,"Nissan Qashqai
        1.3 DIG-T mHEV 12V Premiere Edition 4x2 Aut.",20990,19090.0,2021,59.781 km,158 CV,Automático,Mild hybrid,Delantera,198km/h,"4,43m","1,85m","1,63m",1.416kg,55l
https://www.clicars.com/coches-segunda-mano-ocasion/comprar-alfa-romeo-junior-junior-ibrida-1-2-107kw-edct6-136-suv-y-4x4-automatico-2025-128480,"Alfa Romeo Junior
        Ibrida 1.2 eDCT6",23490,21390.0,2025,17.086 km,145 CV,Automático,Mild hybrid,Delantera,206km/h,"4,17m","1,78m","1,54m",1.305kg,44l
https://www.clicars.com/coches-segunda-mano-ocasion/comprar-mercedes-clase-cla-cla-shooting-brake-220d-8g-dct-190-familiar-automatico-2021-124804,"Mercedes Clase CLA
        CLA Shooting Brake 220d 8G-DCT",23490,21390.0,2021,129.593 km,190 CV,Automático,Diésel,Delantera,237km/h,"4,69m","1,83m","1,45m",1.585kg,51l
https://www.clicars.com/coches-segunda-mano-ocasion/comprar-volvo-c40-c40-recharge-twin-electrico-plus-408-suv-y-4x4-automatico-2024-124558,"Volvo C40
        Recharge Twin Eléctrico Plus",38990,37090.0,2024,30.457 km,408 CV,Automático,Eléctrico,4x4,180km/h,"4,43m","1,85m","1,58m",2.132kg,
https://www.clicars.com/coches-segunda-mano-ocasion/comprar-lancia-ypsilon-ypsilon-ibrida-1-2-100-101-compacto-automatico-2025-127649,"Lancia Ypsilon
        Ibrida 1.2 100",19490,17690.0,2025,24.640 km,110 CV,Automático,Mild hybrid,Delantera,190km/h,"4,08m","1,76m","1,44m",1.207kg,44l
https://www.clicars.com/coches-segunda-mano-ocasion/comprar-seat-arona-arona-1-0-tgi-s-and-s-fr-90-90-suv-y-4x4-manual-2021-125811,"SEAT Arona
        1.0 TGI S&S FR 90",12690,11490.0,2021,90.727 km,90 CV,Manual,Gnc,Delantera,178km/h,"4,14m","1,78m","1,55m",1.305kg,40l
https://www.clicars.com/coches-segunda-mano-ocasion/comprar-alfa-romeo-stelvio-stelvio-2-2-sprint-rwd-190-aut-190-suv-y-4x4-automatico-2021-126794,"Alfa Romeo Stelvio
        2.2 Sprint RWD 190 Aut.",20990,19090.0,2021,120.685 km,190 CV,Automático,Diésel,Trasera,210km/h,"4,69m","1,90m","1,63m",1.660kg,58l
https://www.clicars.com/coches-segunda-mano-ocasion/comprar-peugeot-3008-suv-3008-1-5bluehdi-allure-pack-s-and-s-eat8-130-130-suv-y-4x4-automatico-2023-128469,"Peugeot 3008 SUV
        1.5BlueHDi Allure Pack S&S EAT8 130",21790,19790.0,2023,22.684 km,130 CV,Automático,Diésel,Delantera,189km/h,"4,45m","1,84m","1,62m",,53l
https://www.clicars.com/coches-segunda-mano-ocasion/comprar-citroen-jumpy-jumpy-fg-bluehdi-talla-m-s-and-s-control-100-100-furgoneta-manual-2021-125697,"Citroen Jumpy
        Fg. BlueHDI Talla M S&S Control 100",17990,16390.0,2021,39.005 km,100 CV,Manual,Diésel,Delantera,145km/h,"4,96m","1,92m","1,90m",1.748kg,69l
https://www.clicars.com/coches-segunda-mano-ocasion/comprar-citroen-c3-aircross-c3-aircross-puretech-s-and-s-feel-pack-110-110-suv-y-4x4-manual-2021-126295,"Citroen C3 Aircross
        Puretech S&S Feel Pack 110",11790,10690.0,2021,54.490 km,110 CV,Manual,Gasolina,Delantera,195km/h,"4,16m","1,82m","1,60m",1.179kg,45l
https://www.clicars.com/coches-segunda-mano-ocasion/comprar-seat-ibiza-ibiza-1-0-ecotsi-s-and-s-fr-110-110-compacto-manual-2016-128752,"SEAT Ibiza
        1.0 EcoTSI S&S FR 110",12790,12190.0,2016,92.748 km,110 CV,Manual,Gasolina,Delantera,197km/h,"4,08m","1,69m","1,44m",1.109kg,45l
https://www.clicars.com/coches-segunda-mano-ocasion/comprar-ford-kuga-kuga-1-5-ecoboost-st-line-fwd-150-150-suv-y-4x4-manual-2022-127806,"Ford Kuga
        1.5 EcoBoost ST-Line FWD 150",18290,16590.0,2022,86.651 km,150 CV,Manual,Gasolina,Delantera,195km/h,"4,61m","1,88m","1,68m",1.493kg,60l
https://www.clicars.com/coches-segunda-mano-ocasion/comprar-dacia-duster-duster-1-5blue-dci-serie-limitada-aniversario-4x2-85kw-115-suv-y-4x4-manual-2021-128559,"Dacia Duster
        1.5Blue dCi Serie Limitada Aniversario 4x2",15990,14590.0,2021,71.136 km,115 CV,Manual,Diésel,Delantera,179km/h,"4,34m","1,80m","1,69m",1.320kg,50l
https://www.clicars.com/coches-segunda-mano-ocasion/comprar-ford-focus-focus-1-0-ecoboost-st-line-125-124-compacto-manual-2019-128456,"Ford Focus
        1.0 Ecoboost ST Line 125",14990,14290.0,2019,89.952 km,124 CV,Manual,Gasolina,Delantera,-km/h,"4,38m","1,83m","1,45m",1.201kg,52l
https://www.clicars.com/coches-segunda-mano-ocasion/comprar-audi-q5-q5-sportback-40-tdi-quattro-ultra-s-line-s-tronic-150kw-204-suv-y-4x4-automatico-2022-129222,"Audi Q5
        Sportback 40 TDI quattro-ultra S line S tronic",37990,36190.0,2022,78.521 km,204 CV,Automático,Mild hybrid,4x4,222km/h,"4,69m","1,89m","1,66m",1.900kg,65l
https://www.clicars.com/coches-segunda-mano-ocasion/comprar-mercedes-clase-gla-gla-180-7g-dct-136-suv-y-4x4-automatico-2021-129043,"Mercedes Clase GLA
        GLA 180 7G-DCT",29990,28590.0,2021,72.535 km,136 CV,Automático,Gasolina,Delantera,200km/h,"4,41m","1,83m","1,61m",1.500kg,43l
https://www.clicars.com/coches-segunda-mano-ocasion/comprar-peugeot-208-208-1-2-s-and-s-allure-pack-eat8-100-100-compacto-automatico-2021-129836,"Peugeot 208
        1.2 S&S Allure Pack EAT8 100",13990,12690.0,2021,39.431 km,100 CV,Automático,Gasolina,Delantera,188km/h,"4,06m","1,75m","1,43m",,44l
https://www.clicars.com/coches-segunda-mano-ocasion/comprar-bmw-x2-x2-sdrive-16da-116-suv-y-4x4-automatico-2020-130189,"BMW X2
        sDrive 16dA",18990,17290.0,2020,117.028 km,116 CV,Automático,Diésel,Delantera,192km/h,"4,36m","1,82m","1,53m",1.495kg,51l
https://www.clicars.com/coches-segunda-mano-ocasion/comprar-peugeot-2008-2008-1-5bluehdi-s-and-s-active-pack-110-110-suv-y-4x4-manual-2021-129981,"Peugeot 2008
        1.5BlueHDi S&S Active Pack 110",12990,11790.0,2021,124.592 km,110 CV,Manual,Diésel,Delantera,185km/h,"4,30m","1,77m","1,53m",1.205kg,41l
https://www.clicars.com/coches-segunda-mano-ocasion/comprar-seat-leon-leon-1-6tdi-cr-s-and-s-style-dsg7-105-105-compacto-automatico-2014-130136,"SEAT León
        1.6TDI CR S&S Style DSG7 105",12290,11690.0,2014,132.430 km,105 CV,Automático,Diésel,Delantera,190km/h,"4,26m","1,82m","1,46m",1.301kg,50l
https://www.clicars.com/coches-segunda-mano-ocasion/comprar-dacia-sandero-sandero-0-9-tce-stepway-comfort-66kw-90-compacto-manual-2018-130461,"Dacia Sandero
        0.9 TCE Stepway Comfort",10490,9990.0,2018,77.029 km,90 CV,Manual,Gasolina,Delantera,168km/h,"4,09m","1,76m","1,56m",1.040kg,50l
https://www.clicars.com/coches-segunda-mano-ocasion/comprar-volkswagen-t-cross-t-cross-1-0-tsi-advance-81kw-110-suv-y-4x4-manual-2021-130596,"Volkswagen T-Cross
        1.0 TSI Advance",16990,15490.0,2021,33.584 km,110 CV,Manual,Gasolina,Delantera,189km/h,"4,11m","1,78m","1,56m",1.277kg,40l
https://www.clicars.com/coches-segunda-mano-ocasion/comprar-dacia-sandero-sandero-stepway-eco-g-essential-74kw-100-compacto-manual-2025-130436,"Dacia Sandero
        Stepway ECO-G Essential",16490,14990.0,2025,12.048 km,100 CV,Manual,Glp,Delantera,177km/h,"4,10m","1,85m","1,54m",1.107kg,50l
https://www.clicars.com/coches-segunda-mano-ocasion/comprar-citroen-c5-aircross-c5-aircross-puretech-s-and-s-feel-130-130-suv-y-4x4-manual-2020-129963,"Citroen C5 Aircross
        PureTech S&S Feel 130",13990,12690.0,2020,73.821 km,130 CV,Manual,Gasolina,Delantera,195km/h,"4,50m","1,97m","1,65m",1.479kg,53l
https://www.clicars.com/coches-segunda-mano-ocasion/comprar-peugeot-208-208-1-2-s-and-s-allure-100-100-compacto-manual-2025-129692,"Peugeot 208
        1.2 S&S Allure 100",15290,13890.0,2025,21.894 km,100 CV,Manual,Gasolina,Delantera,194km/h,"4,06m","1,75m","1,43m",1.090kg,40l
https://www.clicars.com/coches-segunda-mano-ocasion/comprar-opel-mokka-mokka-1-2t-s-and-s-gs-136-136-suv-y-4x4-manual-2025-128025,"Opel Mokka
        1.2T S&S GS 136",16790,15290.0,2025,20.517 km,136 CV,Manual,Gasolina,Delantera,208km/h,"4,15m","1,79m","1,54m",1.294kg,44l
https://www.clicars.com/coches-segunda-mano-ocasion/comprar-opel-mokka-mokka-1-2t-s-and-s-gs-136-136-suv-y-4x4-manual-2025-128019,"Opel Mokka
        1.2T S&S GS 136",16790,15290.0,2025,18.886 km,136 CV,Manual,Gasolina,Delantera,208km/h,"4,15m","1,79m","1,54m",1.294kg,44l
https://www.clicars.com/coches-segunda-mano-ocasion/comprar-toyota-rav4-rav4-2-5-plug-in-hybrid-4wd-advance-218-suv-y-4x4-automatico-2021-126904,"Toyota Rav4
        2.5 Plug-in hybrid 4WD Advance",35990,34290.0,2021,80.744 km,306 CV,Automático,Híbrido enchufable,4x4,180km/h,"4,60m","1,86m","1,69m",1.910kg,55l
https://www.clicars.com/coches-segunda-mano-ocasion/comprar-jaguar-e-pace-e-pace-2-0d-i4-s-163-163-suv-y-4x4-automatico-2021-128080,"Jaguar E-Pace
        2.0D I4 S 163",23990,21790.0,2021,88.302 km,163 CV,Automático,Diésel,Delantera,206km/h,"4,40m","1,98m","1,65m",1.809kg,65l
https://www.clicars.com/coches-segunda-mano-ocasion/comprar-citroen-c4-c4-1-2-puretech-feel-s-and-s-130-130-monovolumen-manual-2021-129860,"Citroen C4
        1.2 PureTech Feel S&S 130",15990,14590.0,2021,18.517 km,130 CV,Manual,Gasolina,Delantera,210km/h,"4,36m","1,83m","1,52m",1.322kg,60l
https://www.clicars.com/coches-segunda-mano-ocasion/comprar-tesla-model-3-model-3-long-range-dual-motor-awd-441-berlina-automatico-2021-128061,"Tesla Model 3
        Long-Range Dual Motor AWD",25990,23690.0,2022,113.192 km,441 CV,Automático,Eléctrico,4x4,233km/h,"4,69m","1,93m","1,44m",1.844kg,
https://www.clicars.com/coches-segunda-mano-ocasion/comprar-mercedes-clase-glc-glc-300e-4matic-9g-tronic-122-suv-y-4x4-automatico-2022-128569,"Mercedes Clase GLC
        GLC 300e 4Matic 9G-Tronic",37990,34590.0,2022,93.889 km,320 CV,Automático,Híbrido enchufable,4x4,230km/h,"4,66m","1,89m","1,66m",2.030kg,50l
https://www.clicars.com/coches-segunda-mano-ocasion/comprar-tesla-model-3-model-3-standard-range-premium-rwd-283-berlina-automatico-2023-125112,"Tesla Model 3
        Standard Range Premium RWD",28490,25890.0,2023,42.608 km,283 CV,Automático,Eléctrico,Trasera,201km/h,"4,72m","1,85m","1,44m",1.765kg,
https://www.clicars.com/coches-segunda-mano-ocasion/comprar-opel-mokka-mokka-1-2t-s-and-s-business-elegance-100-suv-y-4x4-manual-2021-129868,"Opel Mokka
        1.2T S&S Business Elegance",16490,14990.0,2021,16.736 km,100 CV,Manual,Gasolina,Delantera,188km/h,"4,15m","1,79m","1,53m",1.270kg,44l
https://www.clicars.com/coches-segunda-mano-ocasion/comprar-citroen-c3-c3-1-2-puretech-s-and-s-feel-pack-83-83-compacto-manual-2021-129853,"Citroen C3
        1.2 PureTech S&S Feel Pack 83",10990,9990.0,2021,10.702 km,83 CV,Manual,Gasolina,Delantera,168km/h,"4,00m","1,75m","1,47m",1.055kg,42l
https://www.clicars.com/coches-segunda-mano-ocasion/comprar-lynk-and-co-01-01-1-5t-phev-180-suv-y-4x4-automatico-2023-128631,"Lynk & Co 01
        1.5T PHEV",25490,23190.0,2023,48.395 km,261 CV,Automático,Híbrido enchufable,Delantera,210km/h,"4,54m","1,95m","1,69m",,42l
https://www.clicars.com/coches-segunda-mano-ocasion/comprar-alfa-romeo-junior-junior-ibrida-1-2-speciale-100kw-edct6-136-suv-y-4x4-manual-2024-129103,"Alfa Romeo Junior
        Ibrida 1.2 Speciale eDCT6",24990,22690.0,2024,11.092 km,136 CV,Manual,Mild hybrid,Delantera,206km/h,"4,17m","1,78m","1,53m",,44l
https://www.clicars.com/coches-segunda-mano-ocasion/comprar-peugeot-5008-suv-5008-hybrid-136-allure-edcs6-136-suv-y-4x4-automatico-2025-129724,"Peugeot 5008 SUV
        Hybrid 136 Allure eDCS6",27990,25490.0,2025,27.130 km,136 CV,Automático,Mild hybrid,Delantera,200km/h,"4,79m","1,90m","1,69m",1.705kg,67l
https://www.clicars.com/coches-segunda-mano-ocasion/comprar-opel-grandland-x-grandland-x-1-2t-s-and-s-ultimate-130-130-suv-y-4x4-manual-2019-129919,"Opel Grandland X
        1.2T S&S Ultimate 130",12390,11790.0,2019,97.996 km,130 CV,Manual,Gasolina,Delantera,188km/h,"4,48m","1,86m","1,61m",1.350kg,52l
https://www.clicars.com/coches-segunda-mano-ocasion/comprar-ford-puma-puma-1-0-ecoboost-mhev-st-line-x-aut-155-155-suv-y-4x4-automatico-2024-130438,"Ford Puma
        1.0 EcoBoost MHEV ST-Line X Aut. 155",22990,20890.0,2024,12.500 km,155 CV,Automático,Mild hybrid,Delantera,190km/h,"4,19m","1,81m","1,55m",1.334kg,42l
https://www.clicars.com/coches-segunda-mano-ocasion/comprar-fiat-fiorino-fiorino-combi-1-3mjt-base-5pl-80-furgoneta-manual-2018-126805,"Fiat Fiorino
        Combi 1.3Mjt Base 5pl.",9590,9090.0,2018,131.812 km,80 CV,Manual,Diésel,Delantera,157km/h,"3,86m","1,72m","1,72m",1.165kg,45l
https://www.clicars.com/coches-segunda-mano-ocasion/comprar-volkswagen-t-roc-t-roc-1-6tdi-advance-115-suv-y-4x4-manual-2019-130393,"Volkswagen T-Roc
        1.6TDI Advance",15690,14890.0,2019,147.617 km,115 CV,Manual,Diésel,Delantera,187km/h,"4,23m","1,82m","1,57m",1.395kg,55l
https://www.clicars.com/coches-segunda-mano-ocasion/comprar-ds-ds-7-crossback-ds-7-crossback-1-5bluehdi-performance-line-aut-130-suv-y-4x4-automatico-2021-129844,"DS DS 7 Crossback
        1.5BlueHDi Performance Line Aut.",17490,15890.0,2021,119.665 km,130 CV,Automático,Diésel,Delantera,195km/h,"4,57m","1,90m","1,61m",1.428kg,55l
https://www.clicars.com/coches-segunda-mano-ocasion/comprar-hyundai-i10-i10-1-2-mpi-n-line-83-compacto-manual-2024-129777,"Hyundai i10
        1.2 MPI N Line",15790,14390.0,2024,22.073 km,83 CV,Manual,Gasolina,Delantera,158km/h,"3,68m","1,68m","1,48m",932kg,36l
https://www.clicars.com/coches-segunda-mano-ocasion/comprar-polestar-02-02-single-motor-standard-range-231-berlina-automatico-2023-130143,"Polestar 02
        Single Motor Standard Range",26990,24590.0,2023,34.306 km,231 CV,Automático,Eléctrico,Delantera,160km/h,"4,61m","1,86m","1,48m",1.863kg,
https://www.clicars.com/coches-segunda-mano-ocasion/comprar-nissan-qashqai-qashqai-1-3-dig-t-mhev-12v-acenta-4x2-103kw-140-suv-y-4x4-manual-2022-129392,"Nissan Qashqai
        1.3 DIG-T mHEV 12V Acenta 4x2",18890,17190.0,2022,111.920 km,140 CV,Manual,Mild hybrid,Delantera,196km/h,"4,43m","1,85m","1,63m",1.330kg,55l
https://www.clicars.com/coches-segunda-mano-ocasion/comprar-hyundai-ioniq-ioniq-hev-1-6-gdi-klass-105-compacto-automatico-2019-130180,"Hyundai Ioniq
        HEV 1.6 GDI Klass",14990,14290.0,2019,137.870 km,141 CV,Automático,Híbrido,Delantera,185km/h,"4,47m","1,82m","1,45m",1.370kg,45l
https://www.clicars.com/coches-segunda-mano-ocasion/comprar-mg-zs-suv-zs-1-5-vti-tech-comfort-78kw-106-suv-y-4x4-manual-2023-130029,"MG ZS SUV
        1.5 VTi-Tech Comfort",14490,13190.0,2023,26.578 km,106 CV,Manual,Gasolina,Delantera,175km/h,"4,32m","1,81m","1,64m",,48l
https://www.clicars.com/coches-segunda-mano-ocasion/comprar-volkswagen-t-roc-t-roc-2-0tdi-advance-r-line-85kw-115-suv-y-4x4-manual-2021-129214,"Volkswagen T-Roc
        2.0TDI Advance R-Line",19490,17690.0,2022,108.990 km,115 CV,Manual,Diésel,Delantera,187km/h,"4,23m","1,82m","1,57m",1.395kg,55l
https://www.clicars.com/coches-segunda-mano-ocasion/comprar-dacia-sandero-sandero-stepway-eco-g-essential-74kw-100-compacto-manual-2021-129192,"Dacia Sandero
        Stepway ECO-G Essential",13490,12290.0,2021,60.828 km,100 CV,Manual,Glp,Delantera,177km/h,"4,10m","1,85m","1,54m",1.107kg,50l
https://www.clicars.com/coches-segunda-mano-ocasion/comprar-ford-puma-puma-1-0-ecoboost-st-line-x-125-125-suv-y-4x4-manual-2020-127825,"Ford Puma
        1.0 EcoBoost ST-Line X 125",14490,13790.0,2020,114.524 km,125 CV,Manual,Gasolina,Delantera,191km/h,"4,21m","1,81m","1,54m",1.280kg,42l
https://www.clicars.com/coches-segunda-mano-ocasion/comprar-ford-puma-puma-1-5-ecoblue-titanium-120-120-suv-y-4x4-manual-2021-125098,"Ford Puma
        1.5 Ecoblue Titanium 120",17490,15890.0,2021,30.524 km,120 CV,Manual,Diésel,Delantera,-km/h,"4,19m","1,81m","1,54m",1.280kg,40l
https://www.clicars.com/coches-segunda-mano-ocasion/comprar-opel-corsa-corsa-1-2t-xhl-s-s-edition-100-100-compacto-manual-2022-124958,"Opel Corsa
        1.2T XHL S/S Edition 100",9890,8990.0,2022,84.000 km,100 CV,Manual,Gasolina,Delantera,188km/h,"4,06m","1,77m","1,44m",1.165kg,44l
https://www.clicars.com/coches-segunda-mano-ocasion/comprar-hyundai-tucson-tucson-1-6-gdi-be-essence-4x2-132-suv-y-4x4-manual-2021-129574,"Hyundai Tucson
        1.6 GDI BE Essence 4x2",18490,16790.0,2021,39.557 km,132 CV,Manual,Gasolina,Delantera,182km/h,"4,48m","1,85m","1,66m",1.379kg,62l
https://www.clicars.com/coches-segunda-mano-ocasion/comprar-opel-grandland-x-grandland-x-1-5cdti-s-and-s-selective-130-130-suv-y-4x4-manual-2020-130407,"Opel Grandland X
        1.5CDTi S&S Selective 130",14990,14290.0,2020,62.248 km,130 CV,Manual,Diésel,Delantera,189km/h,"4,48m","1,86m","1,61m",1.350kg,52l
https://www.clicars.com/coches-segunda-mano-ocasion/comprar-opel-mokka-mokka-1-5d-s-and-s-gs-line-110-suv-y-4x4-manual-2022-127488,"Opel Mokka
        1.5D S&S GS Line",14990,13590.0,2022,98.221 km,110 CV,Manual,Diésel,Delantera,190km/h,"4,15m","1,79m","1,53m",1.295kg,44l
https://www.clicars.com/coches-segunda-mano-ocasion/comprar-opel-corsa-corsa-1-4-design-line-90-90-compacto-manual-2019-130155,"Opel Corsa
        1.4 Design Line 90",9690,9190.0,2019,73.324 km,90 CV,Manual,Gasolina,Delantera,175km/h,"4,02m","1,75m","1,48m",1.163kg,45l
https://www.clicars.com/coches-segunda-mano-ocasion/comprar-seat-arona-arona-1-6tdi-cr-s-and-s-reference-plus-95-95-suv-y-4x4-manual-2018-129419,"SEAT Arona
        1.6TDI CR S&S Reference Plus 95",13290,12690.0,2018,110.000 km,95 CV,Manual,Diésel,Delantera,172km/h,"4,14m","1,78m","1,55m",1.297kg,40l
https://www.clicars.com/coches-segunda-mano-ocasion/comprar-ford-focus-focus-1-0-ecoboost-auto-s-and-s-trend-plus-125-125-compacto-manual-2018-129956,"Ford Focus
        1.0 Ecoboost Auto-S&S Trend+ 125",9290,8790.0,2018,153.815 km,125 CV,Manual,Gasolina,Delantera,-km/h,"4,36m","1,82m","1,48m",1.205kg,55l
https://www.clicars.com/coches-segunda-mano-ocasion/comprar-mercedes-citan-n1-citan-furgon-109cdi-be-largo-90-furgoneta-manual-2017-129911,"Mercedes Citan N1
        Furgón 109CDI BE Largo",12490,11890.0,2017,67.648 km,90 CV,Manual,Diésel,Delantera,-km/h,,"1,83m","1,82m",1.290kg,60l
https://www.clicars.com/coches-segunda-mano-ocasion/comprar-citroen-c1-c1-1-0-vti-city-edition-72-72-compacto-manual-2020-129771,"Citroen C1
        1.0 VTi City Edition 72",9290,8490.0,2020,26.734 km,72 CV,Manual,Gasolina,Delantera,160km/h,"3,47m","1,62m","1,46m",883kg,35l
https://www.clicars.com/coches-segunda-mano-ocasion/comprar-peugeot-208-208-1-2-s-and-s-active-pack-75-75-compacto-manual-2021-127714,"Peugeot 208
        1.2 S&S Active Pack 75",10990,9990.0,2021,45.051 km,75 CV,Manual,Gasolina,Delantera,170km/h,"4,06m","1,75m","1,43m",980kg,40l
https://www.clicars.com/coches-segunda-mano-ocasion/comprar-citroen-c4-cactus-c4-cactus-1-2-puretech-s-and-s-shine-110-110-compacto-manual-2019-130074,"Citroen C4 Cactus
        1.2 PureTech S&S Shine 110",10990,10490.0,2019,85.000 km,110 CV,Manual,Gasolina,Delantera,196km/h,"4,17m","1,71m","1,48m",1.140kg,50l
https://www.clicars.com/coches-segunda-mano-ocasion/comprar-renault-megane-megane-1-5dci-blue-zen-85kw-115-compacto-manual-2020-129391,"Renault Mégane
        1.5dCi Blue Zen",14490,13190.0,2020,110.409 km,115 CV,Manual,Diésel,Delantera,190km/h,"4,36m","1,81m","1,44m",1.320kg,45l
https://www.clicars.com/coches-segunda-mano-ocasion/comprar-opel-crossland-crossland-1-2-s-and-s-gs-line-110-110-suv-y-4x4-manual-2021-129871,"Opel Crossland
        1.2 S&S GS Line 110",12490,11390.0,2021,47.462 km,110 CV,Manual,Gasolina,Delantera,187km/h,"4,22m","1,83m","1,61m",1.245kg,45l
https://www.clicars.com/coches-segunda-mano-ocasion/comprar-peugeot-208-208-1-2-s-and-s-allure-pack-100-100-compacto-manual-2022-129506,"Peugeot 208
        1.2 S&S Allure Pack 100",13490,12290.0,2022,52.984 km,100 CV,Manual,Gasolina,Delantera,188km/h,"4,06m","1,75m","1,43m",1.090kg,44l
https://www.clicars.com/coches-segunda-mano-ocasion/comprar-citroen-c4-cactus-c4-cactus-1-2-puretech-s-and-s-shine-110-110-compacto-manual-2019-129388,"Citroen C4 Cactus
        1.2 PureTech S&S Shine 110",10290,9790.0,2019,95.049 km,110 CV,Manual,Gasolina,Delantera,196km/h,"4,17m","1,71m","1,48m",1.140kg,50l
https://www.clicars.com/coches-segunda-mano-ocasion/comprar-peugeot-208-208-1-2-s-and-s-active-pack-100-100-compacto-manual-2021-129827,"Peugeot 208
        1.2 S&S Active Pack 100",10990,9990.0,2021,45.170 km,100 CV,Manual,Gasolina,Delantera,188km/h,"4,06m","1,75m","1,43m",,44l
https://www.clicars.com/coches-segunda-mano-ocasion/comprar-ford-mustang-mustang-fastback-5-0-ti-vct-gt-aut-455-coupe-automatico-2019-129229,"Ford Mustang
        Fastback 5.0 Ti-VCT GT Aut.",39990,38090.0,2020,129.379 km,455 CV,Automático,Gasolina,Trasera,250km/h,"4,78m","1,92m","1,38m",1.659kg,61l
https://www.clicars.com/coches-segunda-mano-ocasion/comprar-audi-q5-q5-sportback-40-tdi-quattro-ultra-s-line-s-tronic-150kw-204-suv-y-4x4-automatico-2022-129220,"Audi Q5
        Sportback 40 TDI quattro-ultra S line S tronic",36290,34590.0,2022,115.778 km,204 CV,Automático,Mild hybrid,4x4,222km/h,"4,69m","1,89m","1,66m",1.900kg,65l
https://www.clicars.com/coches-segunda-mano-ocasion/comprar-volkswagen-touran-touran-1-5-tsi-evo-advance-110kw-150-monovolumen-manual-2022-128750,"Volkswagen Touran
        1.5 TSI EVO Advance",29990,27290.0,2022,58.372 km,150 CV,Manual,Gasolina,Delantera,209km/h,"4,53m","1,83m","1,66m",1.454kg,58l
https://www.clicars.com/coches-segunda-mano-ocasion/comprar-mercedes-clase-v-v-220d-largo-163-furgoneta-automatico-2023-120346,"Mercedes Clase V
        V 220d Largo",56990,54290.0,2023,15.675 km,163 CV,Automático,Diésel,Trasera,195km/h,,"1,93m","1,88m",2.127kg,57l
https://www.clicars.com/coches-segunda-mano-ocasion/comprar-volkswagen-tiguan-tiguan-2-0tdi-r-line-dsg-110kw-150-suv-y-4x4-automatico-2021-129259,"Volkswagen Tiguan
        2.0TDI R-Line DSG",28990,26390.0,2021,57.914 km,150 CV,Automático,Diésel,Delantera,200km/h,"4,51m","1,84m","1,68m",1.640kg,58l
https://www.clicars.com/coches-segunda-mano-ocasion/comprar-mazda-cx-60-cx-60-2-5l-e-skyactiv-g-phev-homura-con-p-awd-192-suv-y-4x4-automatico-2023-129028,"Mazda CX-60
        2.5L e-Skyactiv-G PHEV Homura Con-P AWD",38390,34890.0,2023,22.482 km,327 CV,Automático,Híbrido enchufable,4x4,200km/h,"4,75m","1,89m","1,69m",1.920kg,50l
https://www.clicars.com/coches-segunda-mano-ocasion/comprar-bmw-serie-2-218d-gran-coupe-150-coupe-automatico-2021-129223,"BMW Serie 2
        218d Gran Coupé",24990,22690.0,2021,38.344 km,150 CV,Automático,Diésel,Delantera,222km/h,"4,53m","1,80m","1,42m",1.425kg,42l
https://www.clicars.com/coches-segunda-mano-ocasion/comprar-alfa-romeo-stelvio-stelvio-2-2-veloce-ti-q4-210-aut-210-suv-y-4x4-automatico-2021-129553,"Alfa Romeo Stelvio
        2.2 Veloce TI Q4 210 Aut.",26690,24290.0,2021,83.280 km,210 CV,Automático,Diésel,4x4,215km/h,"4,69m","1,90m","1,63m",1.745kg,58l
https://www.clicars.com/coches-segunda-mano-ocasion/comprar-peugeot-2008-2008-1-2-puretech-s-and-s-style-100-100-suv-y-4x4-manual-2021-129823,"Peugeot 2008
        1.2 PureTech S&S Style 100",15590,14190.0,2021,51.183 km,100 CV,Manual,Gasolina,Delantera,188km/h,"4,30m","1,77m","1,53m",1.192kg,44l
https://www.clicars.com/coches-segunda-mano-ocasion/comprar-renault-arkana-arkana-1-6-e-tech-zen-105kw-94-suv-y-4x4-automatico-2022-129934,"Renault Arkana
        1.6 E-Tech Zen",19990,18190.0,2022,100.290 km,145 CV,Automático,Híbrido,Delantera,172km/h,"4,57m","1,82m","1,58m",,50l
https://www.clicars.com/coches-segunda-mano-ocasion/comprar-audi-q3-q3-35-tdi-110kw-150-suv-y-4x4-manual-2021-127660,"Audi Q3
        35 TDI",26490,24090.0,2021,90.701 km,150 CV,Manual,Diésel,Delantera,202km/h,"4,48m","1,86m","1,62m",1.630kg,60l
https://www.clicars.com/coches-segunda-mano-ocasion/comprar-volkswagen-id-3-id-3-1st-plus-204-compacto-automatico-2020-128460,"Volkswagen ID.3
        1st Plus",16990,15490.0,2020,83.831 km,204 CV,Automático,Eléctrico,Trasera,160km/h,"4,36m","1,81m","1,57m",1.235kg,
https://www.clicars.com/coches-segunda-mano-ocasion/comprar-opel-corsa-corsa-1-2t-xhl-mhev-s-s-gs-aut-100-100-compacto-automatico-2025-127619,"Opel Corsa
        1.2T XHL MHEV S/S GS Aut. 100",17990,16390.0,2025,14.823 km,100 CV,Automático,Mild hybrid,Delantera,190km/h,"4,06m","1,77m","1,43m",,44l
https://www.clicars.com/coches-segunda-mano-ocasion/comprar-peugeot-3008-suv-3008-1-5bluehdi-allure-s-and-s-eat8-130-130-suv-y-4x4-automatico-2018-130364,"Peugeot 3008 SUV
        1.5BlueHDi Allure S&S EAT8 130",15290,14590.0,2018,80.569 km,130 CV,Automático,Diésel,Delantera,192km/h,"4,45m","1,84m","1,62m",1.505kg,53l
https://www.clicars.com/coches-segunda-mano-ocasion/comprar-volvo-v60-cross-country-v60-cross-country-b4-pro-awd-aut-197-familiar-automatico-2021-129266,"Volvo V60 Cross Country
        B4 Pro AWD Aut.",29990,27290.0,2021,86.625 km,197 CV,Automático,Mild hybrid,4x4,210km/h,"4,78m","1,85m","1,50m",1.854kg,60l
https://www.clicars.com/coches-segunda-mano-ocasion/comprar-opel-mokka-mokka-1-2t-s-and-s-business-elegance-100-suv-y-4x4-manual-2021-129870,"Opel Mokka
        1.2T S&S Business Elegance",15390,13990.0,2021,45.639 km,100 CV,Manual,Gasolina,Delantera,188km/h,"4,15m","1,79m","1,53m",1.270kg,44l
https://www.clicars.com/coches-segunda-mano-ocasion/comprar-audi-q2-q2-35-tfsi-advanced-s-tronic-110kw-150-suv-y-4x4-automatico-2022-126718,"Audi Q2
        35 TFSI Advanced S tronic",23990,21790.0,2023,71.933 km,150 CV,Automático,Gasolina,Delantera,218km/h,"4,21m","1,79m","1,51m",1.380kg,50l
https://www.clicars.com/coches-segunda-mano-ocasion/comprar-mg-zs-suv-zs-1-0-t-gdi-luxury-82kw-111-suv-y-4x4-manual-2022-128550,"MG ZS SUV
        1.0 T-GDI Luxury",14490,14490.0,2022,42.625 km,111 CV,Manual,Gasolina,Delantera,180km/h,"4,32m","1,81m","1,64m",,48l
https://www.clicars.com/coches-segunda-mano-ocasion/comprar-toyota-c-hr-c-hr-125h-advance-98-suv-y-4x4-automatico-2019-130198,"Toyota C-HR
        125H Advance",17990,17090.0,2019,139.381 km,122 CV,Automático,Híbrido,Delantera,170km/h,"4,36m","1,80m","1,56m",1.420kg,43l
https://www.clicars.com/coches-segunda-mano-ocasion/comprar-kia-sportage-sportage-1-6-mhev-drive-4x2-136-136-suv-y-4x4-manual-2021-130130,"Kia Sportage
        1.6 MHEV Drive 4x2 136",15990,14590.0,2021,149.643 km,136 CV,Manual,Mild hybrid,Delantera,180km/h,"4,49m","1,86m","1,64m",1.609kg,
https://www.clicars.com/coches-segunda-mano-ocasion/comprar-citroen-c3-c3-1-6bluehdi-s-and-s-feel-75-75-compacto-manual-2018-130356,"Citroen C3
        1.6BlueHDi S&S Feel 75",8990,8590.0,2018,95.018 km,75 CV,Manual,Diésel,Delantera,169km/h,"4,00m","1,75m","1,47m",1.161kg,42l
https://www.clicars.com/coches-segunda-mano-ocasion/comprar-peugeot-2008-2008-1-2-puretech-s-and-s-allure-130-130-suv-y-4x4-manual-2021-130080,"Peugeot 2008
        1.2 PureTech S&S Allure 130",13990,12690.0,2021,89.177 km,130 CV,Manual,Gasolina,Delantera,188km/h,"4,30m","1,77m","1,53m",1.192kg,44l
https://www.clicars.com/coches-segunda-mano-ocasion/comprar-peugeot-208-208-1-2-s-and-s-allure-100-100-compacto-manual-2023-130166,"Peugeot 208
        1.2 S&S Allure 100",12990,11790.0,2023,59.824 km,100 CV,Manual,Gasolina,Delantera,188km/h,"4,06m","1,75m","1,43m",1.090kg,44l
https://www.clicars.com/coches-segunda-mano-ocasion/comprar-peugeot-208-208-1-2-s-and-s-allure-100-100-compacto-manual-2025-129693,"Peugeot 208
        1.2 S&S Allure 100",15490,14090.0,2025,16.805 km,100 CV,Manual,Gasolina,Delantera,194km/h,"4,06m","1,75m","1,43m",1.090kg,40l
https://www.clicars.com/coches-segunda-mano-ocasion/comprar-volkswagen-t-cross-t-cross-1-5-tsi-sport-dsg7-110kw-150-suv-y-4x4-automatico-2021-129547,"Volkswagen T-Cross
        1.5 TSI Sport DSG7",21490,19590.0,2021,68.348 km,150 CV,Automático,Gasolina,Delantera,193km/h,"4,11m","1,78m","1,56m",1.270kg,40l
https://www.clicars.com/coches-segunda-mano-ocasion/comprar-citroen-jumpy-jumpy-fg-bluehdi-talla-m-s-and-s-control-120-118-furgoneta-manual-2020-128433,"Citroen Jumpy
        Fg. BlueHDI Talla M S&S Control 120",15990,14590.0,2020,109.909 km,118 CV,Manual,Diésel,Delantera,160km/h,"4,96m","1,92m","1,90m",1.789kg,69l
https://www.clicars.com/coches-segunda-mano-ocasion/comprar-opel-corsa-corsa-1-2t-xhl-s-s-gs-line-100-100-compacto-manual-2022-129146,"Opel Corsa
        1.2T XHL S/S GS-Line 100",13390,12190.0,2022,77.069 km,100 CV,Manual,Gasolina,Delantera,188km/h,"4,06m","1,77m","1,44m",1.165kg,44l
https://www.clicars.com/coches-segunda-mano-ocasion/comprar-suzuki-ignis-ignis-1-2-gle-2wd-90-compacto-automatico-2019-129783,"Suzuki Ignis
        1.2 GLE 2WD",12590,11990.0,2019,38.575 km,90 CV,Automático,Gasolina,Delantera,170km/h,"3,70m","1,66m","1,60m",810kg,32l
https://www.clicars.com/coches-segunda-mano-ocasion/comprar-fiat-500l-500l-1-3mjt-ii-s-and-s-85-85-monovolumen-manual-2014-128892,"Fiat 500L
        1.3Mjt II S&S 85",8590,8190.0,2014,100.214 km,85 CV,Manual,Diésel,Delantera,165km/h,"4,15m","1,78m","1,67m",1.315kg,50l
https://www.clicars.com/coches-segunda-mano-ocasion/comprar-peugeot-508-508-sw-1-5-bluehdi-s-and-s-active-pack-eat8-130-130-familiar-automatico-2021-128881,"Peugeot 508
        SW 1.5 BlueHDi S&S Active Pack EAT8 130",14490,13190.0,2021,86.718 km,130 CV,Automático,Diésel,Delantera,210km/h,"4,78m","1,86m","1,42m",1.430kg,62l
https://www.clicars.com/coches-segunda-mano-ocasion/comprar-peugeot-308-308-1-2-puretech-s-and-s-style-110-110-compacto-manual-2020-129599,"Peugeot 308
        1.2 PureTech S&S Style 110",9990,9490.0,2020,83.268 km,110 CV,Manual,Gasolina,Delantera,188km/h,"4,25m","1,80m","1,47m",1.164kg,53l
https://www.clicars.com/coches-segunda-mano-ocasion/comprar-toyota-auris-auris-hybrid-advance-99-compacto-automatico-2016-128642,"Toyota Auris
        hybrid Advance",12990,12390.0,2016,144.965 km,136 CV,Automático,Híbrido,Delantera,180km/h,"4,28m","1,76m","1,46m",1.430kg,45l
https://www.clicars.com/coches-segunda-mano-ocasion/comprar-peugeot-2008-2008-1-6-e-hdi-allure-115-115-suv-y-4x4-manual-2014-126376,"Peugeot 2008
        1.6 e-HDI Allure 115",10490,9990.0,2014,76.879 km,115 CV,Manual,Diésel,Delantera,188km/h,"4,16m","1,74m","1,56m",1.255kg,50l
https://www.clicars.com/coches-segunda-mano-ocasion/comprar-peugeot-3008-suv-3008-hybrid-136-allure-pack-edcs6-136-suv-y-4x4-automatico-2023-129702,"Peugeot 3008 SUV
        Hybrid 136 Allure Pack eDCS6",23990,21790.0,2024,19.392 km,136 CV,Automático,Mild hybrid,Delantera,200km/h,"4,45m","1,84m","1,62m",1.478kg,53l
https://www.clicars.com/coches-segunda-mano-ocasion/comprar-bmw-serie-1-116d-116-compacto-manual-2015-129197,"BMW Serie 1
        116d",12490,11890.0,2015,141.449 km,116 CV,Manual,Diésel,Trasera,200km/h,"4,33m","1,77m","1,42m",1.320kg,52l
https://www.clicars.com/coches-segunda-mano-ocasion/comprar-citroen-jumpy-jumpy-fg-bluehdi-talla-m-s-and-s-control-100-100-furgoneta-manual-2021-129649,"Citroen Jumpy
        Fg. BlueHDI Talla M S&S Control 100",18990,17290.0,2021,92.280 km,100 CV,Manual,Diésel,Delantera,145km/h,"4,96m","1,92m","1,90m",1.748kg,69l
https://www.clicars.com/coches-segunda-mano-ocasion/comprar-peugeot-208-208-1-2-s-and-s-allure-100-100-compacto-manual-2023-129837,"Peugeot 208
        1.2 S&S Allure 100",13590,12390.0,2023,27.144 km,100 CV,Manual,Gasolina,Delantera,188km/h,"4,06m","1,75m","1,43m",1.090kg,44l
https://www.clicars.com/coches-segunda-mano-ocasion/comprar-omoda-5-5-1-6-confort-185-185-suv-y-4x4-automatico-2024-130373,"Omoda 5
        1.6 Confort 185",22490,20490.0,2024,33.450 km,185 CV,Automático,Gasolina,Delantera,206km/h,"4,42m","1,83m","1,59m",1.498kg,51l
https://www.clicars.com/coches-segunda-mano-ocasion/comprar-peugeot-208-208-1-2-s-and-s-active-pack-100-100-compacto-manual-2021-128397,"Peugeot 208
        1.2 S&S Active Pack 100",11990,10890.0,2021,43.631 km,100 CV,Manual,Gasolina,Delantera,188km/h,"4,06m","1,75m","1,43m",,44l
https://www.clicars.com/coches-segunda-mano-ocasion/comprar-mercedes-clase-e-e-200-9g-tronic-184-berlina-automatico-2016-129594,"Mercedes Clase E
        E 200 9G-Tronic",25490,24290.0,2016,110.730 km,184 CV,Automático,Gasolina,Trasera,240km/h,"4,92m","1,85m","1,47m",1.605kg,66l
https://www.clicars.com/coches-segunda-mano-ocasion/comprar-mazda-cx-30-cx-30-2-0-skyactiv-g-zenith-safety-2wd-90kw-122-suv-y-4x4-manual-2022-129061,"Mazda CX-30
        2.0 Skyactiv-G Zenith Safety 2WD",22990,20890.0,2022,38.655 km,122 CV,Manual,Mild hybrid,Delantera,186km/h,"4,40m","1,80m","1,54m",1.320kg,51l
https://www.clicars.com/coches-segunda-mano-ocasion/comprar-mercedes-clase-v-v-220d-largo-163-furgoneta-automatico-2023-120347,"Mercedes Clase V
        V 220d Largo",55990,50990.0,2023,11.797 km,163 CV,Automático,Diésel,Trasera,195km/h,,"1,93m","1,88m",2.152kg,70l
https://www.clicars.com/coches-segunda-mano-ocasion/comprar-byd-atto-3-atto-3-design-150kw-60kwh-204-suv-y-4x4-automatico-2023-130156,"BYD Atto 3
        Design",25490,23190.0,2023,43.609 km,204 CV,Automático,Eléctrico,Delantera,160km/h,"4,46m","1,88m","1,62m",,
https://www.clicars.com/coches-segunda-mano-ocasion/comprar-nissan-qashqai-qashqai-1-3-dig-t-mhev-12v-n-connecta-4x2-103kw-140-suv-y-4x4-manual-2023-129140,"Nissan Qashqai
        1.3 DIG-T mHEV 12V N-Connecta 4x2",20990,19090.0,2023,66.877 km,140 CV,Manual,Mild hybrid,Delantera,196km/h,"4,43m","1,85m","1,63m",1.330kg,55l
https://www.clicars.com/coches-segunda-mano-ocasion/comprar-peugeot-408-408-hybrid-136-allure-e-dcs6-136-compacto-automatico-2025-129540,"Peugeot 408
        Hybrid 136 Allure e-DCS6",24490,22290.0,2025,19.219 km,136 CV,Automático,Mild hybrid,Delantera,205km/h,"4,69m","1,85m","1,48m",1.469kg,52l
https://www.clicars.com/coches-segunda-mano-ocasion/comprar-hyundai-i30-i30-1-0-tgdi-tecno-48v-120-120-compacto-manual-2024-130139,"Hyundai i30
        1.0 TGDI Tecno 48V 120",19290,17590.0,2024,53.216 km,120 CV,Manual,Mild hybrid,Delantera,196km/h,"4,34m","1,80m","1,46m",1.220kg,50l
https://www.clicars.com/coches-segunda-mano-ocasion/comprar-ford-puma-puma-1-0-ecoboost-mhev-titanium-125-125-suv-y-4x4-manual-2020-130445,"Ford Puma
        1.0 EcoBoost MHEV Titanium 125",13690,12490.0,2020,103.656 km,125 CV,Manual,Mild hybrid,Delantera,191km/h,"4,19m","1,81m","1,54m",1.280kg,42l
https://www.clicars.com/coches-segunda-mano-ocasion/comprar-citroen-c4-c4-1-5-bluehdi-s-and-s-live-pack-110-110-compacto-manual-2022-126896,"Citroen C4
        1.5 BlueHDI S&S Live Pack 110",13590,12390.0,2022,61.464 km,110 CV,Manual,Diésel,Delantera,192km/h,"4,36m","1,83m","1,52m",1.399kg,60l
https://www.clicars.com/coches-segunda-mano-ocasion/comprar-peugeot-208-208-1-5-bluehdi-s-and-s-active-100-100-compacto-manual-2021-129017,"Peugeot 208
        1.5 BlueHDi S&S Active 100",11490,10490.0,2021,82.515 km,100 CV,Manual,Diésel,Delantera,188km/h,"4,06m","1,75m","1,43m",1.090kg,41l
https://www.clicars.com/coches-segunda-mano-ocasion/comprar-peugeot-3008-suv-3008-1-5bluehdi-allure-s-and-s-130-130-suv-y-4x4-manual-2018-129610,"Peugeot 3008 SUV
        1.5BlueHDi Allure S&S 130",13290,12690.0,2018,138.951 km,130 CV,Manual,Diésel,Delantera,192km/h,"4,45m","1,84m","1,62m",1.492kg,53l
https://www.clicars.com/coches-segunda-mano-ocasion/comprar-volkswagen-golf-golf-1-6tdi-ready2go-85kw-115-compacto-manual-2019-129964,"Volkswagen Golf
        1.6TDI Ready2GO",15290,14590.0,2019,107.219 km,115 CV,Manual,Diésel,Delantera,198km/h,"4,26m","1,79m","1,49m",1.301kg,50l
https://www.clicars.com/coches-segunda-mano-ocasion/comprar-citroen-berlingo-m1-berlingo-bluehdi-s-and-s-talla-xl-plus-130-eat8-130-furgoneta-automatico-2025-129711,"Citroen Berlingo M1
        BlueHDi S&S Talla XL Plus 130 EAT8",26490,24090.0,2025,15.217 km,130 CV,Automático,Diésel,Delantera,185km/h,"4,75m","1,85m","1,85m",1.520kg,50l
https://www.clicars.com/coches-segunda-mano-ocasion/comprar-opel-grandland-x-grandland-x-2-0cdti-s-and-s-ultimate-at8-180-177-suv-y-4x4-automatico-2018-130019,"Opel Grandland X
        2.0CDTi S&S Ultimate AT8 180",16590,15790.0,2018,77.629 km,177 CV,Automático,Diésel,Delantera,214km/h,"4,48m","1,86m","1,61m",1.575kg,52l
https://www.clicars.com/coches-segunda-mano-ocasion/comprar-opel-mokka-mokka-1-2t-s-and-s-business-elegance-100-suv-y-4x4-manual-2021-129869,"Opel Mokka
        1.2T S&S Business Elegance",15290,13890.0,2021,54.132 km,100 CV,Manual,Gasolina,Delantera,188km/h,"4,15m","1,79m","1,53m",1.270kg,44l
https://www.clicars.com/coches-segunda-mano-ocasion/comprar-peugeot-2008-2008-1-2-puretech-s-and-s-style-110-110-suv-y-4x4-manual-2016-129940,"Peugeot 2008
        1.2 PureTech S&S Style 110",9390,8890.0,2016,97.795 km,110 CV,Manual,Gasolina,Delantera,191km/h,"4,16m","1,74m","1,57m",1.165kg,50l
https://www.clicars.com/coches-segunda-mano-ocasion/comprar-peugeot-208-208-1-5-bluehdi-s-and-s-active-pack-100-100-compacto-manual-2023-130150,"Peugeot 208
        1.5 BlueHDi S&S Active Pack 100",14290,12990.0,2023,34.961 km,100 CV,Manual,Diésel,Delantera,188km/h,"4,06m","1,75m","1,43m",1.090kg,41l
https://www.clicars.com/coches-segunda-mano-ocasion/comprar-citroen-c4-c4-hybrid-plus-edsc6-136-136-compacto-automatico-2025-127606,"Citroen C4
        Hybrid Plus eDSC6 136",20790,18890.0,2025,10.323 km,136 CV,Automático,Mild hybrid,Delantera,-km/h,"4,35m","1,83m","1,52m",1.353kg,50l
https://www.clicars.com/coches-segunda-mano-ocasion/comprar-nissan-qashqai-qashqai-1-3-dig-t-n-motion-4x2-103kw-140-suv-y-4x4-manual-2019-129812,"Nissan Qashqai
        1.3 DIG-T N-Motion 4x2",17890,16990.0,2019,51.679 km,140 CV,Manual,Gasolina,Delantera,193km/h,"4,39m","1,81m","1,59m",1.300kg,55l
https://www.clicars.com/coches-segunda-mano-ocasion/comprar-citroen-c5-aircross-c5-aircross-bluehdi-s-and-s-shine-eat8-130-130-suv-y-4x4-automatico-2022-129966,"Citroen C5 Aircross
        BlueHDi S&S Shine EAT8 130",16290,14790.0,2022,123.858 km,130 CV,Automático,Diésel,Delantera,189km/h,"4,50m","1,97m","1,65m",1.505kg,53l
https://www.clicars.com/coches-segunda-mano-ocasion/comprar-fiat-doblo-m1-doblo-1-5-talla-m-75kw-100-furgoneta-manual-2025-127131,"Fiat Doblò M1
        Doblò 1.5 Talla M",22990,20890.0,2025,11.599 km,100 CV,Manual,Diésel,Delantera,173km/h,"4,41m","1,85m","1,78m",1.430kg,60l
https://www.clicars.com/coches-segunda-mano-ocasion/comprar-peugeot-3008-suv-3008-1-5bluehdi-gt-line-s-and-s-130-130-suv-y-4x4-manual-2019-129412,"Peugeot 3008 SUV
        1.5BlueHDi GT Line S&S 130",13690,12990.0,2019,120.764 km,130 CV,Manual,Diésel,Delantera,192km/h,"4,45m","1,84m","1,62m",1.492kg,53l
https://www.clicars.com/coches-segunda-mano-ocasion/comprar-citroen-c4-c4-hybrid-plus-edsc6-136-136-compacto-automatico-2025-127607,"Citroen C4
        Hybrid Plus eDSC6 136",20490,18590.0,2025,11.343 km,136 CV,Automático,Mild hybrid,Delantera,-km/h,"4,35m","1,83m","1,52m",1.353kg,50l
https://www.clicars.com/coches-segunda-mano-ocasion/comprar-nissan-qashqai-qashqai-1-5dci-n-connecta-4x2-110-suv-y-4x4-manual-2016-128723,"Nissan Qashqai
        1.5dCi N-Connecta 4x2",14990,14290.0,2016,78.000 km,110 CV,Manual,Diésel,Delantera,182km/h,"4,38m","1,81m","1,59m",1.365kg,55l
https://www.clicars.com/coches-segunda-mano-ocasion/comprar-peugeot-2008-2008-hybrid-136-allure-edcs6-136-suv-y-4x4-automatico-2025-128579,"Peugeot 2008
        Hybrid 136 Allure eDCS6",20890,18990.0,2025,16.846 km,136 CV,Automático,Mild hybrid,Delantera,206km/h,"4,30m","1,82m","1,52m",1.297kg,44l
https://www.clicars.com/coches-segunda-mano-ocasion/comprar-mercedes-clase-gle-gle-350de-4matic-aut-320-suv-y-4x4-automatico-2020-123801,"Mercedes Clase GLE
        GLE 350de 4Matic Aut.",45990,43790.0,2020,103.840 km,320 CV,Automático,Híbrido enchufable,4x4,210km/h,"4,92m","2,00m","1,80m",2.655kg,65l
https://www.clicars.com/coches-segunda-mano-ocasion/comprar-opel-insignia-insignia-2-0cdti-ecof-s-and-s-business-140-140-berlina-manual-2015-129425,"Opel Insignia
        2.0CDTI ecoF. S&S Business 140",10490,9990.0,2015,99.934 km,140 CV,Manual,Diésel,Delantera,205km/h,"4,84m","1,86m","1,50m",1.538kg,70l
https://www.clicars.com/coches-segunda-mano-ocasion/comprar-peugeot-2008-2008-hybrid-136-allure-edcs6-136-suv-y-4x4-automatico-2025-128582,"Peugeot 2008
        Hybrid 136 Allure eDCS6",20790,18890.0,2025,18.772 km,136 CV,Automático,Mild hybrid,Delantera,206km/h,"4,30m","1,82m","1,52m",1.297kg,44l
https://www.clicars.com/coches-segunda-mano-ocasion/comprar-kia-ceed-ceed-1-0-t-gdi-eco-dynamics-concept-120-120-compacto-manual-2021-129801,"Kia Ceed
        1.0 T-GDI Eco-Dynamics Concept 120",13990,12690.0,2020,112.440 km,120 CV,Manual,Gasolina,Delantera,187km/h,"4,31m","1,80m","1,45m",1.312kg,50l
https://www.clicars.com/coches-segunda-mano-ocasion/comprar-citroen-c4-grand-c4-spacetourer-1-2-puretech-s-and-s-feel-130-130-monovolumen-manual-2019-129273,"Citroen C4
        Grand C4 Spacetourer 1.2 PureTech S&S Feel 130",12990,12390.0,2019,117.703 km,130 CV,Manual,Gasolina,Delantera,200km/h,"4,60m","1,83m","1,64m",1.395kg,57l
https://www.clicars.com/coches-segunda-mano-ocasion/comprar-citroen-c3-aircross-c3-aircross-puretech-s-and-s-feel-pack-110-110-suv-y-4x4-manual-2021-128509,"Citroen C3 Aircross
        Puretech S&S Feel Pack 110",11690,10590.0,2021,57.456 km,110 CV,Manual,Gasolina,Delantera,195km/h,"4,16m","1,82m","1,60m",1.179kg,45l
https://www.clicars.com/coches-segunda-mano-ocasion/comprar-peugeot-2008-2008-hybrid-136-allure-edcs6-136-suv-y-4x4-automatico-2025-128812,"Peugeot 2008
        Hybrid 136 Allure eDCS6",20290,18490.0,2025,28.070 km,136 CV,Automático,Mild hybrid,Delantera,206km/h,"4,30m","1,82m","1,52m",1.297kg,44l
https://www.clicars.com/coches-segunda-mano-ocasion/comprar-peugeot-208-208-1-2-s-and-s-allure-100-100-compacto-manual-2025-129691,"Peugeot 208
        1.2 S&S Allure 100",15490,14090.0,2025,18.355 km,100 CV,Manual,Gasolina,Delantera,194km/h,"4,06m","1,75m","1,43m",1.090kg,40l
https://www.clicars.com/coches-segunda-mano-ocasion/comprar-seat-leon-leon-1-4-tgi-gnc-s-and-s-style-110-110-compacto-manual-2018-128968,"SEAT León
        1.4 TGI GNC S&S Style 110",12990,12390.0,2018,90.184 km,110 CV,Manual,Gnc,Delantera,194km/h,"4,28m","1,82m","1,46m",1.359kg,50l
https://www.clicars.com/coches-segunda-mano-ocasion/comprar-citroen-c3-c3-1-2-puretech-s-and-s-feel-83-83-compacto-manual-2021-129811,"Citroen C3
        1.2 PureTech S&S Feel 83",10290,9390.0,2021,50.654 km,83 CV,Manual,Gasolina,Delantera,168km/h,"4,00m","1,75m","1,47m",1.055kg,42l
https://www.clicars.com/coches-segunda-mano-ocasion/comprar-peugeot-508-508-1-5bluehdi-s-and-s-business-line-130-130-berlina-manual-2019-129084,"Peugeot 508
        1.5BlueHDi S&S Business Line 130",13990,13290.0,2019,89.874 km,130 CV,Manual,Diésel,Delantera,208km/h,"4,75m","1,86m","1,41m",1.490kg,45l
https://www.clicars.com/coches-segunda-mano-ocasion/comprar-peugeot-3008-suv-3008-1-5bluehdi-allure-s-and-s-130-130-suv-y-4x4-manual-2022-128197,"Peugeot 3008 SUV
        1.5BlueHDi Allure S&S 130",19690,17890.0,2022,40.000 km,130 CV,Manual,Diésel,Delantera,192km/h,"4,45m","1,84m","1,62m",,53l
https://www.clicars.com/coches-segunda-mano-ocasion/comprar-citroen-c3-aircross-c3-aircross-bluehdi-s-and-s-c-series-110-110-suv-y-4x4-manual-2022-128467,"Citroen C3 Aircross
        BlueHDi S&S C-Series 110",15890,14490.0,2023,16.707 km,110 CV,Manual,Diésel,Delantera,184km/h,"4,16m","1,82m","1,60m",1.205kg,45l
https://www.clicars.com/coches-segunda-mano-ocasion/comprar-peugeot-2008-2008-1-5-bluehdi-s-and-s-gt-line-100-100-suv-y-4x4-manual-2019-129148,"Peugeot 2008
        1.5 BlueHDI S&S GT Line 100",10490,9990.0,2019,143.123 km,100 CV,Manual,Diésel,Delantera,182km/h,"4,16m","1,74m","1,57m",1.235kg,45l
https://www.clicars.com/coches-segunda-mano-ocasion/comprar-peugeot-208-208-1-2-access-82-82-compacto-manual-2016-124020,"Peugeot 208
        1.2 Access 82",6390,6090.0,2016,139.877 km,82 CV,Manual,Gasolina,Delantera,175km/h,"3,97m","1,74m","1,46m",1.040kg,50l
https://www.clicars.com/coches-segunda-mano-ocasion/comprar-seat-arona-arona-1-0-tsi-s-and-s-style-110-110-suv-y-4x4-manual-2021-124197,"SEAT Arona
        1.0 TSI S&S Style 110",15990,14590.0,2021,71.116 km,110 CV,Manual,Gasolina,Delantera,190km/h,"4,15m","1,78m","1,55m",1.215kg,40l
https://www.clicars.com/coches-segunda-mano-ocasion/comprar-renault-symbioz-symbioz-e-tech-full-hybrid-iconic-105kw-145-suv-y-4x4-automatico-2025-126703,"Renault Symbioz
        E-TECH Full Hybrid Iconic",27990,25490.0,2025,12.824 km,145 CV,Automático,Híbrido,Delantera,170km/h,"4,41m","1,80m","1,58m",1.423kg,48l
https://www.clicars.com/coches-segunda-mano-ocasion/comprar-ford-kuga-kuga-2-5-duratec-phev-titanium-4x2-225-suv-y-4x4-automatico-2022-126511,"Ford Kuga
        2.5 Duratec PHEV Titanium 4x2",22490,20490.0,2022,40.606 km,225 CV,Automático,Híbrido enchufable,Delantera,200km/h,"4,61m","1,88m","1,68m",1.773kg,45l
https://www.clicars.com/coches-segunda-mano-ocasion/comprar-fiat-500-500-1-0-hybrid-dolcevita-52kw-70-compacto-manual-2022-119411,"Fiat 500
        1.0 Hybrid Dolcevita",13990,12690.0,2022,29.006 km,70 CV,Manual,Mild hybrid,Delantera,167km/h,"3,57m","1,63m","1,49m",,35l
https://www.clicars.com/coches-segunda-mano-ocasion/comprar-ds-ds-7-crossback-ds-7-e-tense-performance-line-aut-4x2-225-suv-y-4x4-automatico-2024-126096,"DS DS 7 Crossback
        7 E-Tense Performance Line Aut. 4x2",27490,24990.0,2025,29.693 km,225 CV,Automático,Híbrido enchufable,Delantera,225km/h,"4,59m","1,91m",,,43l
https://www.clicars.com/coches-segunda-mano-ocasion/comprar-renault-clio-clio-e-tech-hibrido-intens-103kw-140-compacto-automatico-2021-104693,"Renault Clio
        E-TECH Híbrido Intens",15390,13990.0,2021,79.334 km,140 CV,Automático,Híbrido,Delantera,186km/h,"4,05m","1,80m","1,44m",1.758kg,39l
https://www.clicars.com/coches-segunda-mano-ocasion/comprar-citroen-jumpy-jumpy-fg-1-5-bluehdi-talla-m-s-and-s-100-100-furgoneta-manual-2023-129163,"Citroen Jumpy
        Fg. 1.5 BlueHDI Talla M S&S 100",21490,19590.0,2023,65.390 km,100 CV,Manual,Diésel,Delantera,145km/h,"4,96m","1,92m","1,90m",,69l
https://www.clicars.com/coches-segunda-mano-ocasion/comprar-audi-q5-q5-50-tfsie-advanced-quattro-ultra-s-tronic-252-suv-y-4x4-automatico-2021-129764,"Audi Q5
        50 TFSIe Advanced quattro-ultra S tronic",34490,32890.0,2021,35.340 km,299 CV,Automático,Híbrido enchufable,4x4,239km/h,"4,66m","1,89m","1,66m",2.105kg,54l
https://www.clicars.com/coches-segunda-mano-ocasion/comprar-hyundai-tucson-tucson-1-6-tgdi-maxx-4x2-150-suv-y-4x4-manual-2023-130073,"Hyundai Tucson
        1.6 TGDI Maxx 4x2",24990,22690.0,2023,19.890 km,150 CV,Manual,Gasolina,Delantera,189km/h,"4,50m","1,87m","1,65m",1.538kg,54l
https://www.clicars.com/coches-segunda-mano-ocasion/comprar-mercedes-clase-a-a-180d-8g-dct-116-compacto-automatico-2021-129236,"Mercedes Clase A
        A 180d 8G-DCT",24490,22290.0,2021,40.127 km,116 CV,Automático,Diésel,Delantera,202km/h,"4,42m","1,80m","1,44m",,43l
https://www.clicars.com/coches-segunda-mano-ocasion/comprar-bmw-x2-x2-sdrive-18ia-140-suv-y-4x4-automatico-2020-129789,"BMW X2
        sDrive 18iA",24990,22690.0,2020,87.712 km,140 CV,Automático,Gasolina,Delantera,205km/h,"4,36m","1,82m","1,53m",1.415kg,51l
https://www.clicars.com/coches-segunda-mano-ocasion/comprar-audi-q2-q2-35-tfsi-advanced-s-tronic-110kw-150-suv-y-4x4-automatico-2023-126713,"Audi Q2
        35 TFSI Advanced S tronic",24490,22290.0,2023,70.382 km,150 CV,Automático,Gasolina,Delantera,218km/h,"4,21m","1,79m","1,51m",1.380kg,50l
https://www.clicars.com/coches-segunda-mano-ocasion/comprar-peugeot-2008-2008-1-2-puretech-s-and-s-active-pack-100-100-suv-y-4x4-manual-2021-129814,"Peugeot 2008
        1.2 PureTech S&S Active Pack 100",13990,12690.0,2021,45.758 km,100 CV,Manual,Gasolina,Delantera,188km/h,"4,30m","1,77m","1,53m",1.192kg,44l
https://www.clicars.com/coches-segunda-mano-ocasion/comprar-audi-q2-q2-35-tfsi-advanced-s-tronic-110kw-150-suv-y-4x4-automatico-2023-126712,"Audi Q2
        35 TFSI Advanced S tronic",24490,22290.0,2023,67.982 km,150 CV,Automático,Gasolina,Delantera,218km/h,"4,21m","1,79m","1,51m",1.380kg,50l
https://www.clicars.com/coches-segunda-mano-ocasion/comprar-cupra-formentor-formentor-1-4-e-hybrid-245-vz-dsg-150-suv-y-4x4-automatico-2022-130134,"CUPRA Formentor
        1.4 e-Hybrid 245 VZ DSG",27490,24990.0,2022,52.307 km,245 CV,Automático,Híbrido enchufable,Delantera,210km/h,"4,45m","1,84m","1,51m",,55l
https://www.clicars.com/coches-segunda-mano-ocasion/comprar-peugeot-rifter-rifter-1-5bluehdi-s-and-s-standard-allure-100-100-monovolumen-manual-2021-129314,"Peugeot Rifter
        1.5BlueHDi S&S Standard Allure 100",19290,17590.0,2021,75.695 km,100 CV,Manual,Diésel,Delantera,172km/h,"4,40m","1,91m","1,87m",1.430kg,
https://www.clicars.com/coches-segunda-mano-ocasion/comprar-peugeot-2008-2008-1-2-puretech-s-and-s-active-pack-100-100-suv-y-4x4-manual-2021-128398,"Peugeot 2008
        1.2 PureTech S&S Active Pack 100",14990,13590.0,2021,23.252 km,100 CV,Manual,Gasolina,Delantera,188km/h,"4,30m","1,77m","1,53m",1.192kg,44l
https://www.clicars.com/coches-segunda-mano-ocasion/comprar-dacia-spring-spring-electric-comfort-45-33kw-45-suv-y-4x4-automatico-2022-128522,"Dacia Spring
        Electric Comfort 45",11890,10790.0,2022,15.082 km,45 CV,Automático,Eléctrico,Delantera,125km/h,"3,73m","1,58m","1,52m",,
https://www.clicars.com/coches-segunda-mano-ocasion/comprar-mercedes-clase-gla-gla-180-122-suv-y-4x4-manual-2019-130133,"Mercedes Clase GLA
        GLA 180",21690,20690.0,2019,77.164 km,122 CV,Manual,Gasolina,Delantera,200km/h,"4,42m","1,80m","1,49m",1.395kg,50l
https://www.clicars.com/coches-segunda-mano-ocasion/comprar-mercedes-clase-cla-cla-shooting-brake-200-7g-dct-163-familiar-automatico-2021-126858,"Mercedes Clase CLA
        CLA Shooting Brake 200 7G-DCT",24990,22690.0,2021,129.126 km,163 CV,Automático,Gasolina,Delantera,226km/h,"4,69m","1,83m","1,45m",1.465kg,43l
https://www.clicars.com/coches-segunda-mano-ocasion/comprar-peugeot-3008-suv-3008-1-5bluehdi-allure-pack-s-and-s-eat8-130-130-suv-y-4x4-automatico-2021-130241,"Peugeot 3008 SUV
        1.5BlueHDi Allure Pack S&S EAT8 130",17390,15790.0,2021,122.818 km,130 CV,Automático,Diésel,Delantera,189km/h,"4,45m","1,84m","1,62m",,53l
https://www.clicars.com/coches-segunda-mano-ocasion/comprar-volkswagen-id-4-id-4-pure-109kw-52kwh-149-suv-y-4x4-automatico-2021-130058,"Volkswagen ID.4
        Pure",20490,18590.0,2021,69.347 km,149 CV,Automático,Eléctrico,Trasera,160km/h,"4,58m","1,85m","1,61m",1.891kg,
https://www.clicars.com/coches-segunda-mano-ocasion/comprar-seat-leon-leon-1-4-tsi-e-hybrid-s-and-s-xcellence-dsg-6-204-205-compacto-automatico-2021-124873,"SEAT León
        1.4 TSI e-Hybrid S&S Xcellence DSG-6 204",20490,18590.0,2021,40.384 km,205 CV,Automático,Híbrido enchufable,Delantera,220km/h,"4,37m","1,80m","1,46m",1.614kg,40l
https://www.clicars.com/coches-segunda-mano-ocasion/comprar-citroen-berlingo-berlingo-van-bluehdi-s-and-s-talla-m-control-100-100-furgoneta-manual-2021-126996,"Citroen Berlingo
        Van BlueHDi S&S Talla M Control 100",11990,10890.0,2021,88.015 km,100 CV,Manual,Diésel,Delantera,166km/h,"4,40m","2,11m","1,80m",1.551kg,60l
https://www.clicars.com/coches-segunda-mano-ocasion/comprar-ford-fiesta-fiesta-1-0-ecoboost-s-s-trend-100-100-compacto-manual-2022-128682,"Ford Fiesta
        1.0 EcoBoost S/S Trend 100",13990,12690.0,2022,34.267 km,100 CV,Manual,Gasolina,Delantera,183km/h,"4,04m","1,74m","1,47m",1.091kg,42l
https://www.clicars.com/coches-segunda-mano-ocasion/comprar-toyota-c-hr-c-hr-125h-advance-98-suv-y-4x4-automatico-2019-129583,"Toyota C-HR
        125H Advance",20490,19490.0,2019,82.190 km,122 CV,Automático,Híbrido,Delantera,170km/h,"4,36m","1,80m","1,56m",1.420kg,43l
https://www.clicars.com/coches-segunda-mano-ocasion/comprar-opel-mokka-mokka-1-2t-s-and-s-gs-line-130-130-suv-y-4x4-manual-2022-127192,"Opel Mokka
        1.2T S&S GS Line 130",15990,14590.0,2022,48.473 km,130 CV,Manual,Gasolina,Delantera,202km/h,"4,15m","1,79m","1,53m",1.275kg,44l
https://www.clicars.com/coches-segunda-mano-ocasion/comprar-audi-a1-a1-1-2-tfsi-adrenalin-86-compacto-manual-2014-129893,"Audi A1
        1.2 TFSI Adrenalin",10990,10490.0,2014,117.936 km,86 CV,Manual,Gasolina,Delantera,180km/h,"3,95m","1,74m","1,42m",1.115kg,45l
https://www.clicars.com/coches-segunda-mano-ocasion/comprar-bmw-serie-1-118d-m-sport-edition-143-compacto-manual-2013-130199,"BMW Serie 1
        118d M Sport Edition",12190,11590.0,2013,152.905 km,143 CV,Manual,Diésel,Trasera,212km/h,"4,32m","1,77m","1,42m",1.320kg,50l
https://www.clicars.com/coches-segunda-mano-ocasion/comprar-renault-arkana-arkana-1-3-tce-zen-edc-103kw-140-suv-y-4x4-automatico-2022-129250,"Renault Arkana
        1.3 TCe Zen EDC",20990,19090.0,2022,62.543 km,140 CV,Automático,Mild hybrid,Delantera,205km/h,"4,57m","1,82m","1,58m",1.336kg,50l
https://www.clicars.com/coches-segunda-mano-ocasion/comprar-peugeot-2008-2008-1-5bluehdi-s-and-s-allure-110-110-suv-y-4x4-manual-2021-129015,"Peugeot 2008
        1.5BlueHDi S&S Allure 110",14990,13590.0,2021,66.039 km,110 CV,Manual,Diésel,Delantera,185km/h,"4,30m","1,77m","1,53m",1.205kg,41l
https://www.clicars.com/coches-segunda-mano-ocasion/comprar-citroen-c3-c3-1-2-puretech-s-and-s-feel-pack-83-83-compacto-manual-2021-129945,"Citroen C3
        1.2 PureTech S&S Feel Pack 83",10690,9690.0,2021,49.129 km,83 CV,Manual,Gasolina,Delantera,168km/h,"4,00m","1,75m","1,47m",1.055kg,42l
https://www.clicars.com/coches-segunda-mano-ocasion/comprar-cupra-leon-leon-sportstourer-1-5-etsi-dsg-110kw-150-familiar-automatico-2023-130172,"CUPRA León
        Sportstourer 1.5 ETSI DSG",22490,20490.0,2023,96.485 km,150 CV,Automático,Mild hybrid,Delantera,216km/h,"4,66m","1,80m","1,44m",,45l
https://www.clicars.com/coches-segunda-mano-ocasion/comprar-alfa-romeo-tonale-tonale-1-5-mhev-sprint-fwd-130-suv-y-4x4-automatico-2024-126759,"Alfa Romeo Tonale
        1.5 MHEV Sprint FWD",24990,22690.0,2024,33.222 km,130 CV,Automático,Mild hybrid,Delantera,195km/h,"4,53m","1,84m","1,60m",1.525kg,55l
https://www.clicars.com/coches-segunda-mano-ocasion/comprar-ford-fiesta-fiesta-1-1-pfi-glp-st-line-75-compacto-manual-2020-129878,"Ford Fiesta
        1.1 PFI GLP ST Line",13290,12090.0,2020,43.727 km,75 CV,Manual,Glp,Delantera,160km/h,"4,04m","1,74m","1,48m",1.091kg,42l
https://www.clicars.com/coches-segunda-mano-ocasion/comprar-peugeot-2008-2008-1-2-puretech-s-and-s-active-pack-100-100-suv-y-4x4-manual-2023-130165,"Peugeot 2008
        1.2 PureTech S&S Active Pack 100",14390,13690.0,2023,32.289 km,100 CV,Manual,Gasolina,Delantera,188km/h,"4,30m","1,77m","1,53m",1.192kg,44l
https://www.clicars.com/coches-segunda-mano-ocasion/comprar-peugeot-208-208-1-2-s-and-s-gt-eat8-130-130-compacto-automatico-2021-129743,"Peugeot 208
        1.2 S&S GT EAT8 130",16690,15190.0,2021,27.356 km,130 CV,Automático,Gasolina,Delantera,208km/h,"4,06m","1,75m","1,43m",1.158kg,44l
https://www.clicars.com/coches-segunda-mano-ocasion/comprar-peugeot-208-208-1-2-s-and-s-style-82-82-compacto-manual-2017-126361,"Peugeot 208
        1.2 S&S Style 82",7990,7590.0,2017,85.273 km,82 CV,Manual,Gasolina,Delantera,175km/h,"3,97m","1,74m","1,46m",1.035kg,50l
https://www.clicars.com/coches-segunda-mano-ocasion/comprar-nissan-qashqai-qashqai-1-6dci-n-connecta-4x2-130-suv-y-4x4-manual-2016-128040,"Nissan Qashqai
        1.6dCi N-Connecta 4x2",14990,14290.0,2016,58.361 km,130 CV,Manual,Diésel,Delantera,190km/h,"4,39m","1,81m","1,59m",1.429kg,55l
https://www.clicars.com/coches-segunda-mano-ocasion/comprar-peugeot-208-208-1-2-s-and-s-allure-100-100-compacto-manual-2025-129690,"Peugeot 208
        1.2 S&S Allure 100",15490,14090.0,2025,15.715 km,100 CV,Manual,Gasolina,Delantera,194km/h,"4,06m","1,75m","1,43m",1.090kg,40l
https://www.clicars.com/coches-segunda-mano-ocasion/comprar-peugeot-208-208-1-2-hybrid-allure-e-dcs6-100-101-compacto-automatico-2025-129536,"Peugeot 208
        1.2 Hybrid Allure e-DCS6 100",18390,16690.0,2025,13.729 km,101 CV,Automático,Mild hybrid,Delantera,193km/h,"4,06m","1,75m","1,43m",1.175kg,40l
https://www.clicars.com/coches-segunda-mano-ocasion/comprar-bmw-serie-3-318da-touring-150-familiar-automatico-2020-126853,"BMW Serie 3
        318dA Touring",21490,20490.0,2020,163.740 km,150 CV,Automático,Diésel,Trasera,230km/h,"4,71m","1,83m","1,44m",1.585kg,59l
https://www.clicars.com/coches-segunda-mano-ocasion/comprar-volkswagen-t-cross-t-cross-1-0-tsi-advance-95-suv-y-4x4-manual-2019-128036,"Volkswagen T-Cross
        1.0 TSI Advance",14690,13990.0,2019,86.737 km,95 CV,Manual,Gasolina,Delantera,180km/h,"4,11m","1,78m","1,56m",1.245kg,40l
https://www.clicars.com/coches-segunda-mano-ocasion/comprar-opel-corsa-corsa-1-2t-xhl-s-s-gs-line-100-100-compacto-manual-2022-127892,"Opel Corsa
        1.2T XHL S/S GS-Line 100",11790,10690.0,2022,89.958 km,100 CV,Manual,Gasolina,Delantera,188km/h,"4,06m","1,77m","1,44m",1.165kg,44l
https://www.clicars.com/coches-segunda-mano-ocasion/comprar-citroen-c3-aircross-c3-aircross-puretech-s-and-s-shine-eat6-110-110-suv-y-4x4-automatico-2019-127377,"Citroen C3 Aircross
        Puretech S&S Shine EAT6 110",10490,9990.0,2019,128.574 km,110 CV,Automático,Gasolina,Delantera,183km/h,"4,15m","1,82m","1,60m",1.203kg,45l
https://www.clicars.com/coches-segunda-mano-ocasion/comprar-citroen-c5-aircross-c5-aircross-bluehdi-s-and-s-plus-eat8-130-130-suv-y-4x4-automatico-2025-127582,"Citroen C5 Aircross
        BlueHDi S&S Plus EAT8 130",21990,19990.0,2025,27.717 km,130 CV,Automático,Diésel,Delantera,189km/h,"4,50m","1,97m","1,65m",,53l
https://www.clicars.com/coches-segunda-mano-ocasion/comprar-subaru-forester-forester-2-0i-hybrid-executive-cvt-150-suv-y-4x4-automatico-2021-124036,"Subaru Forester
        2.0i Hybrid Executive CVT",22990,20890.0,2021,103.380 km,150 CV,Automático,Híbrido,4x4,188km/h,"4,64m","1,82m","1,73m",1.502kg,48l
https://www.clicars.com/coches-segunda-mano-ocasion/comprar-mercedes-sprinter-sprinter-furgon-317cdi-largo-t-e-tt-170-furgoneta-manual-2023-129800,"Mercedes Sprinter
        Furgón 317CDI Largo T.E. tT",39490,37590.0,2022,43.025 km,170 CV,Manual,Diésel,Trasera,-km/h,,"2,18m","2,62m",2.275kg,71l
https://www.clicars.com/coches-segunda-mano-ocasion/comprar-skoda-kodiaq-kodiaq-2-0tdi-ab-tech-ambition-4x4-dsg-110kw-150-suv-y-4x4-automatico-2022-129040,"Skoda Kodiaq
        2.0TDI AB tech Ambition 4x4 DSG",25790,23490.0,2022,83.186 km,150 CV,Automático,Diésel,4x4,194km/h,"4,70m","1,88m","1,68m",1.752kg,60l
https://www.clicars.com/coches-segunda-mano-ocasion/comprar-mercedes-clase-gle-gle-500-e-4matic-333-suv-y-4x4-automatico-2018-127844,"Mercedes Clase GLE
        GLE 500 e 4Matic",34990,33290.0,2018,139.266 km,449 CV,Automático,Híbrido enchufable,4x4,245km/h,"4,82m","1,94m","1,80m",2.130kg,70l
https://www.clicars.com/coches-segunda-mano-ocasion/comprar-peugeot-5008-suv-5008-hybrid-136-allure-edcs6-136-suv-y-4x4-automatico-2025-129721,"Peugeot 5008 SUV
        Hybrid 136 Allure eDCS6",28490,25890.0,2025,14.075 km,136 CV,Automático,Mild hybrid,Delantera,200km/h,"4,79m","1,90m","1,69m",1.705kg,67l
https://www.clicars.com/coches-segunda-mano-ocasion/comprar-audi-q2-q2-35-tfsi-advanced-s-tronic-110kw-150-suv-y-4x4-automatico-2022-126714,"Audi Q2
        35 TFSI Advanced S tronic",24490,22290.0,2023,70.628 km,150 CV,Automático,Gasolina,Delantera,218km/h,"4,21m","1,79m","1,51m",1.380kg,50l
https://www.clicars.com/coches-segunda-mano-ocasion/comprar-opel-combo-n1-combo-life-1-5td-s-and-s-l-business-edition-plus-100-100-furgoneta-manual-2022-126977,"Opel Combo N1
        Life 1.5TD S&S L Business Edition Plus 100",16990,15490.0,2022,67.579 km,100 CV,Manual,Diésel,Delantera,175km/h,"4,40m","1,85m","1,80m",1.473kg,50l
https://www.clicars.com/coches-segunda-mano-ocasion/comprar-omoda-5-5-1-6-confort-185-185-suv-y-4x4-automatico-2024-129909,"Omoda 5
        1.6 Confort 185",22990,20890.0,2024,20.839 km,185 CV,Automático,Gasolina,Delantera,206km/h,"4,42m","1,83m","1,59m",1.498kg,51l
https://www.clicars.com/coches-segunda-mano-ocasion/comprar-volkswagen-t-roc-t-roc-1-5-tsi-life-dsg7-110kw-150-suv-y-4x4-automatico-2022-128244,"Volkswagen T-Roc
        1.5 TSI Life DSG7",22990,20890.0,2022,76.151 km,150 CV,Automático,Gasolina,Delantera,207km/h,"4,23m","1,82m","1,57m",1.355kg,50l
https://www.clicars.com/coches-segunda-mano-ocasion/comprar-volvo-xc90-xc90-b5-momentum-pro-7pl-awd-aut-235-suv-y-4x4-automatico-2021-116173,"Volvo XC90
        B5 Momentum Pro 7pl. AWD Aut.",37490,34090.0,2021,126.023 km,235 CV,Automático,Mild hybrid,4x4,220km/h,"4,95m","2,00m","1,78m",2.101kg,71l
https://www.clicars.com/coches-segunda-mano-ocasion/comprar-mercedes-clase-b-b-200d-7g-dct-136-monovolumen-automatico-2016-129885,"Mercedes Clase B
        B 200d 7G-DCT",16990,16190.0,2016,82.669 km,136 CV,Automático,Diésel,Delantera,210km/h,"4,39m","1,79m","1,56m",1.505kg,50l
https://www.clicars.com/coches-segunda-mano-ocasion/comprar-dacia-duster-duster-1-6-glp-gpf-prestige-4x2-84kw-115-suv-y-4x4-manual-2020-130138,"Dacia Duster
        1.6 GLP GPF Prestige 4x2",15990,15190.0,2020,55.470 km,115 CV,Manual,Glp,Delantera,172km/h,"4,34m","1,80m","1,69m",1.179kg,50l
https://www.clicars.com/coches-segunda-mano-ocasion/comprar-peugeot-208-208-1-2-s-and-s-allure-pack-100-100-compacto-manual-2021-129537,"Peugeot 208
        1.2 S&S Allure Pack 100",13490,12290.0,2021,23.933 km,100 CV,Manual,Gasolina,Delantera,188km/h,"4,06m","1,75m","1,43m",1.090kg,44l
https://www.clicars.com/coches-segunda-mano-ocasion/comprar-peugeot-2008-2008-1-2-puretech-s-and-s-active-pack-100-100-suv-y-4x4-manual-2021-129482,"Peugeot 2008
        1.2 PureTech S&S Active Pack 100",14990,13590.0,2021,24.890 km,100 CV,Manual,Gasolina,Delantera,188km/h,"4,30m","1,77m","1,53m",1.192kg,44l
https://www.clicars.com/coches-segunda-mano-ocasion/comprar-peugeot-308-308-1-2-hybrid-allure-136-e-dcs6-136-compacto-automatico-2025-129705,"Peugeot 308
        1.2 Hybrid Allure 136 e-DCS6",23990,21790.0,2025,10.795 km,136 CV,Automático,Mild hybrid,Delantera,210km/h,"4,37m","1,85m","1,44m",1.370kg,53l
https://www.clicars.com/coches-segunda-mano-ocasion/comprar-citroen-c4-c4-1-5-bluehdi-s-and-s-max-eat8-130-130-compacto-automatico-2024-129542,"Citroen C4
        1.5 BlueHDI S&S Max EAT8 130",20490,18590.0,2024,22.819 km,130 CV,Automático,Diésel,Delantera,192km/h,"4,36m","1,83m","1,52m",1.399kg,60l
https://www.clicars.com/coches-segunda-mano-ocasion/comprar-peugeot-rifter-n1-rifter-1-5bluehdi-s-and-s-active-pack-business-standard-100-100-furgoneta-manual-2022-129313,"Peugeot Rifter N1
        1.5BlueHDI S&S Active Pack Business Standard 100",15990,14590.0,2022,72.151 km,100 CV,Manual,Diésel,Delantera,165km/h,"4,40m","1,85m","1,88m",1.486kg,50l
https://www.clicars.com/coches-segunda-mano-ocasion/comprar-jeep-avenger-avenger-1-2-ehybrid-altitude-74kw-100-suv-y-4x4-automatico-2024-129874,"Jeep Avenger
        1.2 Ehybrid Altitude",22490,20490.0,2024,20.460 km,100 CV,Automático,Mild hybrid,Delantera,184km/h,"4,08m","1,78m","1,54m",,44l
https://www.clicars.com/coches-segunda-mano-ocasion/comprar-peugeot-3008-suv-3008-1-5bluehdi-active-pack-s-and-s-130-130-suv-y-4x4-manual-2021-129485,"Peugeot 3008 SUV
        1.5BlueHDi Active Pack S&S 130",17990,16390.0,2021,70.233 km,130 CV,Manual,Diésel,Delantera,192km/h,"4,45m","1,84m","1,62m",,53l
https://www.clicars.com/coches-segunda-mano-ocasion/comprar-mercedes-clase-a-a-180d-7g-dct-116-compacto-automatico-2019-126483,"Mercedes Clase A
        A 180d 7G-DCT",21990,20890.0,2019,99.626 km,116 CV,Automático,Diésel,Delantera,202km/h,"4,42m","1,80m","1,44m",1.445kg,43l
https://www.clicars.com/coches-segunda-mano-ocasion/comprar-volkswagen-golf-golf-1-0-tsi-life-81kw-110-compacto-manual-2023-129297,"Volkswagen Golf
        1.0 TSI Life",18990,17290.0,2023,64.845 km,110 CV,Manual,Gasolina,Delantera,202km/h,"4,28m","1,79m","1,46m",1.257kg,50l
https://www.clicars.com/coches-segunda-mano-ocasion/comprar-volkswagen-golf-golf-1-5-tsi-evo-advance-110kw-150-compacto-manual-2019-130038,"Volkswagen Golf
        1.5 TSI Evo Advance",18290,17390.0,2019,82.318 km,150 CV,Manual,Gasolina,Delantera,216km/h,"4,26m","1,79m","1,49m",1.294kg,50l
https://www.clicars.com/coches-segunda-mano-ocasion/comprar-mercedes-clase-b-b-200d-7g-dct-136-monovolumen-automatico-2018-127815,"Mercedes Clase B
        B 200d 7G-DCT",18890,17990.0,2018,63.913 km,136 CV,Automático,Diésel,Delantera,210km/h,"4,39m","1,79m","1,56m",1.505kg,50l
https://www.clicars.com/coches-segunda-mano-ocasion/comprar-skoda-kamiq-kamiq-1-5-tsi-ambition-150-suv-y-4x4-manual-2020-130125,"Skoda Kamiq
        1.5 TSI Ambition",16290,15490.0,2020,115.748 km,150 CV,Manual,Gasolina,Delantera,213km/h,"4,24m","1,79m","1,55m",1.231kg,50l
https://www.clicars.com/coches-segunda-mano-ocasion/comprar-nissan-qashqai-qashqai-1-3-dig-t-n-connecta-4x2-dct-117kw-160-suv-y-4x4-automatico-2019-129568,"Nissan Qashqai
        1.3 DIG-T N-Connecta 4x2 DCT",15490,14790.0,2019,114.934 km,160 CV,Automático,Gasolina,Delantera,198km/h,"4,39m","1,81m","1,59m",,55l
https://www.clicars.com/coches-segunda-mano-ocasion/comprar-opel-astra-astra-sedan-1-6cdti-s-s-elegance-110-110-berlina-manual-2017-126670,"Opel Astra
        Sedán 1.6CDTi S/S Elegance 110",8690,8290.0,2017,134.738 km,110 CV,Manual,Diésel,Delantera,184km/h,"4,66m","1,81m","1,50m",1.503kg,56l
https://www.clicars.com/coches-segunda-mano-ocasion/comprar-peugeot-208-208-1-2-s-and-s-allure-100-100-compacto-manual-2025-129696,"Peugeot 208
        1.2 S&S Allure 100",15490,14090.0,2025,10.282 km,100 CV,Manual,Gasolina,Delantera,194km/h,"4,06m","1,75m","1,43m",1.090kg,40l
https://www.clicars.com/coches-segunda-mano-ocasion/comprar-renault-megane-megane-s-t-1-3-tce-gpf-zen-103kw-4-75-140-familiar-automatico-2019-129873,"Renault Mégane
        S.T. 1.3 TCe GPF Zen (4.75)",14990,14290.0,2019,92.381 km,140 CV,Automático,Gasolina,Delantera,205km/h,"4,63m","1,81m","1,45m",1.287kg,49l
https://www.clicars.com/coches-segunda-mano-ocasion/comprar-citroen-c3-c3-1-2-puretech-s-and-s-plus-83-83-compacto-manual-2024-130192,"Citroen C3
        1.2 PureTech S&S Plus 83",11990,10890.0,2024,36.811 km,83 CV,Manual,Gasolina,Delantera,168km/h,"4,00m","1,75m","1,47m",1.055kg,42l
https://www.clicars.com/coches-segunda-mano-ocasion/comprar-renault-megane-megane-s-t-1-3-tce-gpf-limited-103kw-140-familiar-manual-2018-130145,"Renault Mégane
        S.T. 1.3 TCe GPF Limited",13490,12790.0,2018,75.691 km,140 CV,Manual,Gasolina,Delantera,205km/h,"4,63m","1,81m","1,45m",1.291kg,47l
https://www.clicars.com/coches-segunda-mano-ocasion/comprar-citroen-c4-c4-1-2-puretech-feel-pack-s-and-s-130-130-compacto-manual-2022-129787,"Citroen C4
        1.2 PureTech Feel Pack S&S 130",13990,12690.0,2022,75.334 km,130 CV,Manual,Gasolina,Delantera,210km/h,"4,36m","1,83m","1,52m",1.322kg,60l
https://www.clicars.com/coches-segunda-mano-ocasion/comprar-opel-corsa-corsa-1-2t-xhl-s-s-elegance-100-100-compacto-manual-2021-129455,"Opel Corsa
        1.2T XHL S/S Elegance 100",11290,10290.0,2021,70.033 km,100 CV,Manual,Gasolina,Delantera,188km/h,"4,06m","1,77m","1,44m",1.165kg,44l
https://www.clicars.com/coches-segunda-mano-ocasion/comprar-peugeot-rifter-n1-rifter-1-5bluehdi-s-and-s-active-pack-business-standard-100-100-furgoneta-manual-2022-128840,"Peugeot Rifter N1
        1.5BlueHDI S&S Active Pack Business Standard 100",14490,13190.0,2022,114.399 km,100 CV,Manual,Diésel,Delantera,165km/h,"4,40m","1,85m","1,88m",1.486kg,50l
https://www.clicars.com/coches-segunda-mano-ocasion/comprar-peugeot-2008-2008-1-2-puretech-s-and-s-gt-line-110-110-suv-y-4x4-manual-2017-129559,"Peugeot 2008
        1.2 PureTech S&S GT Line 110",8990,8590.0,2017,130.291 km,110 CV,Manual,Gasolina,Delantera,191km/h,"4,16m","1,74m","1,57m",1.165kg,50l
https://www.clicars.com/coches-segunda-mano-ocasion/comprar-bmw-x3-x3-xdrive-20da-business-190-suv-y-4x4-automatico-2018-129781,"BMW X3
        xDrive 20dA Business",26990,25690.0,2018,80.893 km,190 CV,Automático,Diésel,4x4,213km/h,"4,71m","1,89m","1,68m",1.750kg,60l
https://www.clicars.com/coches-segunda-mano-ocasion/comprar-mitsubishi-asx-asx-160-mpi-motion-117-suv-y-4x4-manual-2018-129051,"Mitsubishi ASX
        160 MPI Motion",12990,12390.0,2018,105.257 km,117 CV,Manual,Gasolina,Delantera,183km/h,"4,37m","1,81m","1,64m",1.285kg,63l
https://www.clicars.com/coches-segunda-mano-ocasion/comprar-mini-mini-mini-cooper-136-compacto-manual-2017-128319,"MINI Mini
        Cooper",13290,12690.0,2017,109.453 km,136 CV,Manual,Gasolina,Delantera,207km/h,"3,98m","1,73m","1,43m",1.145kg,40l
https://www.clicars.com/coches-segunda-mano-ocasion/comprar-renault-clio-clio-sport-tourer-tce-energy-zen-66kw-90-familiar-manual-2019-128800,"Renault Clio
        Sport Tourer TCe Energy Zen",10490,9990.0,2019,91.447 km,90 CV,Manual,Gasolina,Delantera,182km/h,"4,27m","1,73m","1,45m",1.055kg,45l
https://www.clicars.com/coches-segunda-mano-ocasion/comprar-citroen-c5-aircross-c5-aircross-hybrid-plus-e-dcs6-136-136-suv-y-4x4-automatico-2025-127586,"Citroen C5 Aircross
        Hybrid Plus e-DCS6 136",22490,20490.0,2025,11.695 km,136 CV,Automático,Mild hybrid,Delantera,225km/h,"4,50m","1,97m","1,65m",,43l
https://www.clicars.com/coches-segunda-mano-ocasion/comprar-mazda-cx-3-cx-3-1-5d-style-2wd-105-suv-y-4x4-manual-2016-128567,"Mazda CX-3
        1.5D Style 2WD",13490,12790.0,2016,140.763 km,105 CV,Manual,Diésel,Delantera,177km/h,"4,28m","1,77m","1,54m",1.259kg,48l
https://www.clicars.com/coches-segunda-mano-ocasion/comprar-citroen-c5-aircross-c5-aircross-bluehdi-s-and-s-plus-eat8-130-130-suv-y-4x4-automatico-2025-127574,"Citroen C5 Aircross
        BlueHDi S&S Plus EAT8 130",19990,18190.0,2025,29.204 km,130 CV,Automático,Diésel,Delantera,189km/h,"4,50m","1,97m","1,65m",,53l
https://www.clicars.com/coches-segunda-mano-ocasion/comprar-audi-q4-e-tron-q4-e-tron-40-s-line-82kwh-204-suv-y-4x4-automatico-2023-129666,"Audi Q4 e-tron
        40 S Line",33490,31890.0,2023,31.559 km,204 CV,Automático,Eléctrico,Trasera,160km/h,"4,59m","1,87m","1,63m",2.125kg,
https://www.clicars.com/coches-segunda-mano-ocasion/comprar-audi-q3-q3-35-tfsi-advanced-s-tronic-150-suv-y-4x4-automatico-2019-129124,"Audi Q3
        35 TFSI Advanced S tronic",21990,20890.0,2019,132.214 km,150 CV,Automático,Gasolina,Delantera,207km/h,"4,48m","1,86m","1,62m",1.460kg,60l
https://www.clicars.com/coches-segunda-mano-ocasion/comprar-ford-transit-courier-transit-courier-van-1-5tdci-trend-75-100-furgoneta-manual-2022-128987,"Ford Transit Courier
        Van 1.5TDCi Trend 75",14990,13590.0,2023,84.668 km,100 CV,Manual,Diésel,Delantera,157km/h,"4,16m","1,98m","1,75m",1.135kg,47l
https://www.clicars.com/coches-segunda-mano-ocasion/comprar-skoda-kodiaq-kodiaq-2-0tdi-ab-tech-ambition-4x4-dsg-110kw-150-suv-y-4x4-automatico-2021-129045,"Skoda Kodiaq
        2.0TDI AB tech Ambition 4x4 DSG",24490,22290.0,2021,84.182 km,150 CV,Automático,Diésel,4x4,194km/h,"4,70m","1,88m","1,68m",1.752kg,60l
https://www.clicars.com/coches-segunda-mano-ocasion/comprar-mercedes-clase-c-c-220d-9g-tronic-170-berlina-automatico-2017-129908,"Mercedes Clase C
        C 220d 9G-Tronic",21990,20890.0,2017,137.410 km,170 CV,Automático,Diésel,Trasera,235km/h,"4,69m","1,81m","1,44m",1.570kg,66l
https://www.clicars.com/coches-segunda-mano-ocasion/comprar-volkswagen-tiguan-tiguan-2-0tdi-r-line-dsg-110kw-150-suv-y-4x4-automatico-2022-129261,"Volkswagen Tiguan
        2.0TDI R-Line DSG",33490,31890.0,2023,64.904 km,150 CV,Automático,Diésel,Delantera,200km/h,"4,51m","1,84m","1,68m",1.640kg,58l
https://www.clicars.com/coches-segunda-mano-ocasion/comprar-alfa-romeo-stelvio-stelvio-2-2-veloce-q4-210-aut-210-suv-y-4x4-automatico-2021-129217,"Alfa Romeo Stelvio
        2.2 Veloce Q4 210 Aut.",23990,21790.0,2021,105.123 km,210 CV,Automático,Diésel,4x4,215km/h,"4,69m","1,90m","1,63m",1.745kg,58l
https://www.clicars.com/coches-segunda-mano-ocasion/comprar-hyundai-ioniq-ioniq-hev-1-6-gdi-klass-105-compacto-automatico-2020-128458,"Hyundai Ioniq
        HEV 1.6 GDI Klass",16490,14990.0,2021,110.836 km,141 CV,Automático,Híbrido,Delantera,185km/h,"4,47m","1,82m","1,45m",1.361kg,45l
https://www.clicars.com/coches-segunda-mano-ocasion/comprar-volkswagen-tiguan-tiguan-2-0tdi-r-line-dsg-110kw-150-suv-y-4x4-automatico-2022-129258,"Volkswagen Tiguan
        2.0TDI R-Line DSG",28990,26390.0,2022,50.703 km,150 CV,Automático,Diésel,Delantera,200km/h,"4,51m","1,84m","1,68m",1.640kg,58l
https://www.clicars.com/coches-segunda-mano-ocasion/comprar-ford-transit-courier-transit-courier-van-1-0-ecob-trend-100-furgoneta-manual-2021-126056,"Ford Transit Courier
        Van 1.0 Ecob. Trend",11490,10490.0,2021,91.950 km,100 CV,Manual,Gasolina,Delantera,173km/h,"4,16m","1,98m","1,75m",1.185kg,47l
https://www.clicars.com/coches-segunda-mano-ocasion/comprar-toyota-c-hr-c-hr-125h-active-98-suv-y-4x4-automatico-2019-129041,"Toyota C-HR
        125H Active",18490,17590.0,2019,101.671 km,122 CV,Automático,Híbrido,Delantera,170km/h,"4,40m","1,80m","1,56m",1.485kg,43l
https://www.clicars.com/coches-segunda-mano-ocasion/comprar-volkswagen-t-roc-t-roc-2-0tdi-life-85kw-115-suv-y-4x4-manual-2022-129262,"Volkswagen T-Roc
        2.0TDI Life",21490,19590.0,2022,53.041 km,115 CV,Manual,Diésel,Delantera,190km/h,"4,23m","1,82m","1,57m",1.419kg,50l
https://www.clicars.com/coches-segunda-mano-ocasion/comprar-peugeot-2008-2008-1-2-puretech-s-and-s-allure-eat8-130-130-suv-y-4x4-automatico-2024-128826,"Peugeot 2008
        1.2 PureTech S&S Allure EAT8 130",18990,17290.0,2024,34.993 km,130 CV,Automático,Gasolina,Delantera,203km/h,"4,30m","1,82m","1,52m",1.205kg,44l
https://www.clicars.com/coches-segunda-mano-ocasion/comprar-toyota-yaris-yaris-120h-1-5-style-75-compacto-automatico-2021-128709,"Toyota Yaris
        120H 1.5 Style",17990,16390.0,2021,90.722 km,116 CV,Automático,Híbrido,Delantera,175km/h,"3,94m","1,75m","1,50m",1.065kg,36l
https://www.clicars.com/coches-segunda-mano-ocasion/comprar-hyundai-ioniq-ioniq-hev-1-6-gdi-klass-105-compacto-automatico-2021-127468,"Hyundai Ioniq
        HEV 1.6 GDI Klass",18490,16790.0,2022,58.628 km,141 CV,Automático,Híbrido,Delantera,185km/h,"4,47m","1,82m","1,45m",1.361kg,45l
https://www.clicars.com/coches-segunda-mano-ocasion/comprar-peugeot-408-408-hybrid-136-allure-e-dcs6-136-compacto-automatico-2025-128220,"Peugeot 408
        Hybrid 136 Allure e-DCS6",24490,22290.0,2025,24.803 km,136 CV,Automático,Mild hybrid,Delantera,205km/h,"4,69m","1,85m","1,48m",1.469kg,52l
https://www.clicars.com/coches-segunda-mano-ocasion/comprar-mercedes-clase-gla-gla-200-7g-dct-163-suv-y-4x4-automatico-2022-129336,"Mercedes Clase GLA
        GLA 200 7G-DCT",30490,27690.0,2022,85.073 km,163 CV,Automático,Gasolina,Delantera,210km/h,"4,41m","1,83m","1,61m",1.500kg,43l
https://www.clicars.com/coches-segunda-mano-ocasion/comprar-alfa-romeo-tonale-tonale-1-5-mhev-sprint-fwd-130-suv-y-4x4-automatico-2024-128366,"Alfa Romeo Tonale
        1.5 MHEV Sprint FWD",24990,22690.0,2024,15.756 km,130 CV,Automático,Mild hybrid,Delantera,195km/h,"4,53m","1,84m","1,60m",1.525kg,55l
https://www.clicars.com/coches-segunda-mano-ocasion/comprar-hyundai-tucson-tucson-1-6-tgdi-48v-maxx-sky-4x2-150-suv-y-4x4-manual-2021-128622,"Hyundai Tucson
        1.6 TGDI 48V Maxx Sky 4x2",22990,20890.0,2021,87.425 km,150 CV,Manual,Mild hybrid,Delantera,189km/h,"4,50m","1,87m","1,65m",1.538kg,54l
https://www.clicars.com/coches-segunda-mano-ocasion/comprar-volvo-xc60-xc60-d3-kinetic-aut-150-150-suv-y-4x4-automatico-2017-129330,"Volvo XC60
        D3 Kinetic Aut. 150",15990,15190.0,2017,149.797 km,150 CV,Automático,Diésel,Delantera,190km/h,"4,64m","1,89m","1,71m",1.727kg,70l
https://www.clicars.com/coches-segunda-mano-ocasion/comprar-citroen-berlingo-m1-berlingo-bluehdi-s-and-s-talla-xl-plus-130-eat8-130-furgoneta-automatico-2025-129712,"Citroen Berlingo M1
        BlueHDi S&S Talla XL Plus 130 EAT8",25990,23690.0,2025,17.324 km,130 CV,Automático,Diésel,Delantera,185km/h,"4,75m","1,85m","1,85m",1.520kg,50l
https://www.clicars.com/coches-segunda-mano-ocasion/comprar-mercedes-clase-c-c-coupe-220d-170-coupe-manual-2016-129920,"Mercedes Clase C
        C Coupé 220d",21990,20890.0,2016,73.431 km,170 CV,Manual,Diésel,Trasera,234km/h,"4,69m","1,81m","1,41m",1.605kg,66l
https://www.clicars.com/coches-segunda-mano-ocasion/comprar-nissan-micra-micra-ig-t-acenta-100-100-compacto-manual-2019-128667,"Nissan Micra
        IG-T Acenta 100",10990,10490.0,2019,97.799 km,100 CV,Manual,Gasolina,Delantera,184km/h,"4,00m","1,94m","1,46m",1.076kg,41l
https://www.clicars.com/coches-segunda-mano-ocasion/comprar-toyota-c-hr-c-hr-140h-advance-140-suv-y-4x4-automatico-2024-126575,"Toyota C-HR
        140H Advance",28690,26090.0,2024,38.281 km,140 CV,Automático,Híbrido,Delantera,175km/h,"4,36m","1,83m","1,56m",1.485kg,43l
https://www.clicars.com/coches-segunda-mano-ocasion/comprar-ford-focus-focus-1-0-ecoboost-active-125-124-compacto-manual-2019-127367,"Ford Focus
        1.0 Ecoboost Active 125",14990,14290.0,2019,74.387 km,124 CV,Manual,Gasolina,Delantera,-km/h,"4,38m","1,83m","1,45m",1.201kg,52l
https://www.clicars.com/coches-segunda-mano-ocasion/comprar-fiat-tipo-tipo-sedan-1-3-multijet-ii-easy-95-berlina-manual-2016-128874,"Fiat Tipo
        Sedán 1.3 Multijet II Easy",8290,7890.0,2016,117.686 km,95 CV,Manual,Diésel,Delantera,181km/h,"4,53m","1,79m","1,50m",1.260kg,45l
https://www.clicars.com/coches-segunda-mano-ocasion/comprar-opel-combo-n1-combo-life-1-5td-s-and-s-l-business-edition-100-100-furgoneta-manual-2024-128177,"Opel Combo N1
        Life 1.5TD S&S L Business Edition 100",18990,17290.0,2023,42.388 km,100 CV,Manual,Diésel,Delantera,175km/h,"4,40m","1,85m","1,80m",1.473kg,50l
https://www.clicars.com/coches-segunda-mano-ocasion/comprar-opel-crossland-crossland-x-1-2t-s-and-s-design-line-120-aniversario-110-110-suv-y-4x4-manual-2019-129385,"Opel Crossland
        X 1.2T S&S Design Line - 120 Aniversario 110",10990,10490.0,2019,65.092 km,110 CV,Manual,Gasolina,Delantera,187km/h,"4,21m","1,77m","1,61m",1.159kg,45l
https://www.clicars.com/coches-segunda-mano-ocasion/comprar-peugeot-5008-5008-1-2-puretech-s-and-s-style-7-pl-130-130-monovolumen-manual-2016-128671,"Peugeot 5008
        1.2 PureTech S&S Style 7 pl. 130",9990,9490.0,2016,114.820 km,130 CV,Manual,Gasolina,Delantera,201km/h,"4,53m","1,84m","1,65m",1.495kg,60l
https://www.clicars.com/coches-segunda-mano-ocasion/comprar-citroen-c4-c4-1-5-bluehdi-s-and-s-feel-pack-eat8-130-130-compacto-automatico-2021-129486,"Citroen C4
        1.5 BlueHDI S&S Feel Pack EAT8 130",15990,14590.0,2021,26.122 km,130 CV,Automático,Diésel,Delantera,192km/h,"4,36m","1,83m","1,52m",1.399kg,60l
https://www.clicars.com/coches-segunda-mano-ocasion/comprar-peugeot-2008-2008-1-2-puretech-s-and-s-allure-100-100-suv-y-4x4-manual-2025-129531,"Peugeot 2008
        1.2 PureTech S&S Allure 100",17490,15890.0,2025,19.318 km,100 CV,Manual,Gasolina,Delantera,183km/h,"4,30m","1,82m","1,52m",1.200kg,44l
https://www.clicars.com/coches-segunda-mano-ocasion/comprar-renault-megane-megane-s-t-1-5dci-blue-business-85kw-115-familiar-manual-2022-129251,"Renault Mégane
        S.T. 1.5dCi Blue Business",14990,13590.0,2022,90.181 km,115 CV,Manual,Diésel,Delantera,191km/h,"4,63m","1,81m","1,45m",1.373kg,45l
https://www.clicars.com/coches-segunda-mano-ocasion/comprar-opel-astra-astra-1-2t-xht-s-s-gs-130-130-compacto-manual-2025-128843,"Opel Astra
        1.2T XHT S/S GS 130",18990,17290.0,2025,12.220 km,130 CV,Manual,Gasolina,Delantera,210km/h,"4,37m","1,86m","1,47m",,52l
https://www.clicars.com/coches-segunda-mano-ocasion/comprar-peugeot-208-208-1-2-s-and-s-allure-pack-100-100-compacto-manual-2021-129484,"Peugeot 208
        1.2 S&S Allure Pack 100",12990,11790.0,2021,34.272 km,100 CV,Manual,Gasolina,Delantera,188km/h,"4,06m","1,75m","1,43m",1.090kg,44l
https://www.clicars.com/coches-segunda-mano-ocasion/comprar-volkswagen-passat-passat-gte-1-4-tsi-156-berlina-automatico-2018-129740,"Volkswagen Passat
        GTE 1.4 TSI",17490,16690.0,2018,106.060 km,218 CV,Automático,Híbrido enchufable,Delantera,225km/h,"4,77m","1,83m","1,46m",1.722kg,50l
https://www.clicars.com/coches-segunda-mano-ocasion/comprar-peugeot-2008-2008-1-2-puretech-s-and-s-allure-pack-100-100-suv-y-4x4-manual-2021-129817,"Peugeot 2008
        1.2 PureTech S&S Allure Pack 100",15290,13890.0,2021,31.035 km,100 CV,Manual,Gasolina,Delantera,188km/h,"4,30m","1,77m","1,53m",1.192kg,44l
https://www.clicars.com/coches-segunda-mano-ocasion/comprar-renault-clio-clio-tce-evolution-67kw-90-compacto-manual-2022-129774,"Renault Clio
        TCe Evolution",13990,12690.0,2022,57.026 km,90 CV,Manual,Gasolina,Delantera,180km/h,"4,05m","1,80m","1,44m",1.178kg,42l
https://www.clicars.com/coches-segunda-mano-ocasion/comprar-citroen-berlingo-berlingo-multispace-1-6bluehdi-live-ed-75-75-furgoneta-manual-2017-129132,"Citroen Berlingo
        Multispace 1.6BlueHDi Live Ed.75",10990,10490.0,2017,139.379 km,75 CV,Manual,Diésel,Delantera,156km/h,"4,38m","1,81m","1,80m",1.374kg,60l
https://www.clicars.com/coches-segunda-mano-ocasion/comprar-ford-c-max-c-max-1-0-ecoboost-auto-s-and-s-titanium-125-125-monovolumen-manual-2015-129782,"Ford C-Max
        1.0 Ecoboost Auto-S&S Titanium 125",9990,9490.0,2015,78.983 km,125 CV,Manual,Gasolina,Delantera,187km/h,"4,38m","1,83m","1,61m",1.316kg,55l
https://www.clicars.com/coches-segunda-mano-ocasion/comprar-toyota-corolla-corolla-touring-sports-140h-style-edition-140-familiar-automatico-2023-126566,"Toyota Corolla
        Touring Sports 140H Style Edition",25490,23190.0,2023,65.373 km,140 CV,Automático,Híbrido,Delantera,180km/h,"4,65m","1,79m","1,44m",1.375kg,43l
https://www.clicars.com/coches-segunda-mano-ocasion/comprar-volkswagen-t-roc-t-roc-1-6tdi-advance-115-suv-y-4x4-manual-2020-126270,"Volkswagen T-Roc
        1.6TDI Advance",17490,15890.0,2020,108.877 km,115 CV,Manual,Diésel,Delantera,187km/h,"4,23m","1,82m","1,57m",1.395kg,55l
https://www.clicars.com/coches-segunda-mano-ocasion/comprar-opel-crossland-crossland-1-2-s-and-s-gs-line-130-130-suv-y-4x4-manual-2022-129806,"Opel Crossland
        1.2 S&S GS Line 130",12990,11790.0,2022,64.750 km,130 CV,Manual,Gasolina,Delantera,198km/h,"4,22m","1,83m","1,61m",1.259kg,45l
https://www.clicars.com/coches-segunda-mano-ocasion/comprar-bmw-x5-x5-xdrive-30da-258-suv-y-4x4-automatico-2017-128214,"BMW X5
        xDrive 30dA",30990,29490.0,2017,147.514 km,258 CV,Automático,Diésel,4x4,230km/h,"4,89m","1,94m","1,76m",2.070kg,85l
https://www.clicars.com/coches-segunda-mano-ocasion/comprar-mini-mini-mini-cooper-136-compacto-manual-2018-129639,"MINI Mini
        Cooper",16390,15590.0,2018,60.866 km,136 CV,Manual,Gasolina,Delantera,207km/h,"3,98m","1,73m","1,43m",1.145kg,40l
https://www.clicars.com/coches-segunda-mano-ocasion/comprar-citroen-berlingo-berlingo-van-diesel-s-talla-m-100-100-furgoneta-manual-2024-129094,"Citroen Berlingo
        Van Diesel S Talla M 100",18490,16790.0,2024,15.473 km,100 CV,Manual,Diésel,Delantera,172km/h,"4,40m","1,85m","1,80m",1.405kg,60l
https://www.clicars.com/coches-segunda-mano-ocasion/comprar-peugeot-3008-suv-3008-1-2-s-and-s-puretech-gt-line-eat8-130-130-suv-y-4x4-automatico-2020-129274,"Peugeot 3008 SUV
        1.2 S&S PureTech GT Line EAT8 130",15990,15190.0,2020,136.734 km,130 CV,Automático,Gasolina,Delantera,188km/h,"4,45m","1,84m","1,62m",1.325kg,53l
https://www.clicars.com/coches-segunda-mano-ocasion/comprar-ford-fiesta-fiesta-1-5tdci-trend-85-85-compacto-manual-2018-129601,"Ford Fiesta
        1.5TDCi Trend 85",9990,9490.0,2018,88.176 km,85 CV,Manual,Diésel,Delantera,175km/h,"4,04m","1,74m","1,48m",1.091kg,42l
https://www.clicars.com/coches-segunda-mano-ocasion/comprar-renault-megane-megane-1-6dci-energy-zen-96kw-130-compacto-manual-2016-129494,"Renault Mégane
        1.6dCi Energy Zen",11990,11390.0,2016,96.339 km,130 CV,Manual,Diésel,Delantera,198km/h,"4,36m","1,81m","1,44m",1.318kg,47l
https://www.clicars.com/coches-segunda-mano-ocasion/comprar-volkswagen-polo-polo-1-0-advance-59kw-80-compacto-manual-2019-129661,"Volkswagen Polo
        1.0 Advance",13290,12690.0,2019,54.194 km,80 CV,Manual,Gasolina,Delantera,171km/h,"4,05m","1,75m","1,46m",1.105kg,40l
https://www.clicars.com/coches-segunda-mano-ocasion/comprar-ford-fiesta-fiesta-1-0-ecoboost-st-line-100-compacto-manual-2017-129334,"Ford Fiesta
        1.0 EcoBoost ST-Line",10290,9790.0,2017,97.402 km,100 CV,Manual,Gasolina,Delantera,180km/h,"3,97m","1,72m","1,47m",1.101kg,42l
https://www.clicars.com/coches-segunda-mano-ocasion/comprar-toyota-aygo-aygo-70-x-play-72-compacto-manual-2019-124462,"Toyota Aygo
        70 x-play",10690,10190.0,2019,44.624 km,72 CV,Manual,Gasolina,Delantera,160km/h,"3,47m","1,62m","1,46m",855kg,35l
https://www.clicars.com/coches-segunda-mano-ocasion/comprar-land-rover-range-rover-evoque-range-rover-evoque-2-0d-mhev-s-awd-aut-150-150-suv-y-4x4-automatico-2020-109083,"Land Rover Range Rover Evoque
        2.0D MHEV S AWD Aut. 150",19690,17890.0,2020,141.218 km,150 CV,Automático,Mild hybrid,4x4,196km/h,"4,37m","2,00m","1,65m",1.891kg,67l
https://www.clicars.com/coches-segunda-mano-ocasion/comprar-opel-corsa-corsa-1-4-design-line-90-90-compacto-manual-2018-129201,"Opel Corsa
        1.4 Design Line 90",9790,9290.0,2018,114.011 km,90 CV,Manual,Gasolina,Delantera,175km/h,"4,02m","1,75m","1,48m",1.163kg,45l
https://www.clicars.com/coches-segunda-mano-ocasion/comprar-seat-leon-leon-st-2-0tdi-cr-s-and-s-fr-150-150-familiar-manual-2017-129588,"SEAT León
        ST 2.0TDI CR S&S FR 150",14990,14290.0,2017,138.561 km,150 CV,Manual,Diésel,Delantera,215km/h,"4,55m","1,82m","1,45m",1.385kg,50l
https://www.clicars.com/coches-segunda-mano-ocasion/comprar-mercedes-clase-b-b-180d-8g-dct-116-monovolumen-automatico-2021-124956,"Mercedes Clase B
        B 180d 8G-DCT",20490,18590.0,2021,89.520 km,116 CV,Automático,Diésel,Delantera,200km/h,"4,42m","1,80m","1,56m",,43l
https://www.clicars.com/coches-segunda-mano-ocasion/comprar-citroen-c3-aircross-c3-aircross-bluehdi-s-and-s-plus-110-110-suv-y-4x4-manual-2024-127571,"Citroen C3 Aircross
        BlueHDi S&S Plus 110",14990,13590.0,2024,49.258 km,110 CV,Manual,Diésel,Delantera,184km/h,"4,16m","1,82m","1,60m",1.205kg,45l
https://www.clicars.com/coches-segunda-mano-ocasion/comprar-mg-zs-suv-zs-1-0-t-gdi-luxury-82kw-111-suv-y-4x4-manual-2023-126077,"MG ZS SUV
        1.0 T-GDI Luxury",15990,14590.0,2023,29.040 km,111 CV,Manual,Gasolina,Delantera,180km/h,"4,32m","1,81m","1,64m",,48l
https://www.clicars.com/coches-segunda-mano-ocasion/comprar-opel-mokka-mokka-1-2t-s-and-s-edition-100-suv-y-4x4-manual-2021-126310,"Opel Mokka
        1.2T S&S Edition",13190,11990.0,2021,83.928 km,100 CV,Manual,Gasolina,Delantera,188km/h,"4,15m","1,79m","1,53m",1.270kg,44l
https://www.clicars.com/coches-segunda-mano-ocasion/comprar-bmw-x3-x3-xdrive-30e-185-suv-y-4x4-automatico-2021-128691,"BMW X3
        xDrive 30e",27990,25490.0,2021,101.041 km,292 CV,Automático,Híbrido enchufable,4x4,205km/h,"4,71m","1,89m","1,68m",1.990kg,50l
https://www.clicars.com/coches-segunda-mano-ocasion/comprar-mercedes-clase-a-a-180-progressive-line-advanced-7g-dct-136-compacto-automatico-2023-117645,"Mercedes Clase A
        A 180 Progressive Line Advanced 7G-DCT",26290,23890.0,2023,64.462 km,136 CV,Automático,Mild hybrid,Delantera,215km/h,"4,43m","1,80m","1,44m",,43l
https://www.clicars.com/coches-segunda-mano-ocasion/comprar-bmw-x4-x4-xdrive-20da-xline-m-sport-163-suv-y-4x4-automatico-2023-129400,"BMW X4
        xDrive 20dA xLine M Sport",47990,47990.0,2023,36.147 km,190 CV,Automático,Mild hybrid,4x4,205km/h,"4,75m","1,92m","1,62m",1.870kg,68l
https://www.clicars.com/coches-segunda-mano-ocasion/comprar-mercedes-clase-gla-gla-200d-8g-dct-150-suv-y-4x4-automatico-2022-128049,"Mercedes Clase GLA
        GLA 200d 8G-DCT",32990,31390.0,2023,58.831 km,150 CV,Automático,Diésel,Delantera,208km/h,"4,41m","1,83m","1,61m",1.630kg,43l
https://www.clicars.com/coches-segunda-mano-ocasion/comprar-volvo-xc90-xc90-t8-recharge-inscription-expression-awd-aut-310-suv-y-4x4-automatico-2021-129216,"Volvo XC90
        T8 Recharge Inscription Expression AWD Aut.",41490,39490.0,2021,106.554 km,455 CV,Automático,Híbrido enchufable,4x4,230km/h,"4,95m","2,00m","1,78m",2.227kg,71l
https://www.clicars.com/coches-segunda-mano-ocasion/comprar-volkswagen-golf-golf-2-0-tsi-gti-clubsport-dsg-221kw-300-compacto-automatico-2025-129566,"Volkswagen Golf
        2.0 TSI GTI Clubsport DSG",46490,44290.0,2025,19.415 km,300 CV,Automático,Gasolina,Delantera,250km/h,"4,28m","1,79m","1,46m",1.466kg,50l
https://www.clicars.com/coches-segunda-mano-ocasion/comprar-volvo-xc40-xc40-t5-twin-business-plus-aut-179-suv-y-4x4-automatico-2020-129754,"Volvo XC40
        T5 Twin Business Plus Aut.",24490,22290.0,2020,93.589 km,261 CV,Automático,Híbrido enchufable,Delantera,205km/h,"4,43m","1,86m","1,65m",1.800kg,49l
https://www.clicars.com/coches-segunda-mano-ocasion/comprar-ford-kuga-kuga-2-5-duratec-fhev-st-line-x-4x2-aut-191-suv-y-4x4-automatico-2022-128060,"Ford Kuga
        2.5 Duratec FHEV ST-Line X 4x2 Aut.",22990,20890.0,2022,69.689 km,190 CV,Automático,Híbrido,Delantera,196km/h,"4,61m","1,88m","1,68m",1.773kg,45l
https://www.clicars.com/coches-segunda-mano-ocasion/comprar-ford-transit-custom-ft-320-l1-kombi-trend-ecoblue-150-150-furgoneta-manual-2023-127161,"Ford Transit Custom
        FT 320 L1 Kombi Trend EcoBlue 150",28790,26190.0,2023,97.072 km,150 CV,Manual,Diésel,Delantera,-km/h,"4,97m","2,08m","2,02m",2.224kg,80l
https://www.clicars.com/coches-segunda-mano-ocasion/comprar-mazda-cx-5-cx-5-2-2-skyactiv-d-evolution-2wd-aut-110kw-150-suv-y-4x4-automatico-2021-128986,"Mazda CX-5
        2.2 Skyactiv-D Evolution 2WD Aut.",24490,22290.0,2021,57.913 km,150 CV,Automático,Diésel,Delantera,200km/h,"4,55m","1,84m","1,68m",1.620kg,56l
https://www.clicars.com/coches-segunda-mano-ocasion/comprar-volkswagen-tiguan-tiguan-1-5-tsi-edition-96kw-130-suv-y-4x4-manual-2019-128161,"Volkswagen Tiguan
        1.5 TSI Edition",17990,17090.0,2019,126.096 km,130 CV,Manual,Gasolina,Delantera,192km/h,"4,49m","1,84m","1,63m",1.520kg,58l
https://www.clicars.com/coches-segunda-mano-ocasion/comprar-peugeot-508-508-1-5bluehdi-s-and-s-allure-pack-eat8-130-130-berlina-automatico-2021-129242,"Peugeot 508
        1.5BlueHDi S&S Allure Pack EAT8 130",16990,15490.0,2022,53.203 km,130 CV,Automático,Diésel,Delantera,208km/h,"4,75m","1,86m","1,41m",1.420kg,45l
https://www.clicars.com/coches-segunda-mano-ocasion/comprar-opel-astra-astra-1-2t-s-s-design-and-tech-110-110-compacto-manual-2021-129656,"Opel Astra
        1.2T S/S Design & Tech 110",11490,10490.0,2021,80.350 km,110 CV,Manual,Gasolina,Delantera,200km/h,"4,37m","1,81m","1,49m",1.205kg,48l
https://www.clicars.com/coches-segunda-mano-ocasion/comprar-citroen-c4-c4-picasso-1-2-puretech-s-and-s-live-edition-130-monovolumen-manual-2016-129886,"Citroen C4
        Picasso 1.2 PureTech S&S Live Edition",8690,8290.0,2016,102.045 km,130 CV,Manual,Gasolina,Delantera,201km/h,"4,43m","1,83m","1,61m",1.355kg,57l
https://www.clicars.com/coches-segunda-mano-ocasion/comprar-peugeot-rifter-n1-rifter-1-5bluehdi-s-and-s-active-pack-business-standard-100-100-furgoneta-manual-2022-129243,"Peugeot Rifter N1
        1.5BlueHDI S&S Active Pack Business Standard 100",14490,13190.0,2023,109.929 km,100 CV,Manual,Diésel,Delantera,165km/h,"4,40m","1,85m","1,88m",1.486kg,50l
https://www.clicars.com/coches-segunda-mano-ocasion/comprar-audi-q2-q2-35-tfsi-design-s-tronic-110kw-150-suv-y-4x4-automatico-2019-129928,"Audi Q2
        35 TFSI Design S tronic",18890,17990.0,2019,109.260 km,150 CV,Automático,Gasolina,Delantera,212km/h,"4,19m","1,79m","1,51m",1.205kg,50l
https://www.clicars.com/coches-segunda-mano-ocasion/comprar-mg-zs-suv-zs-1-0-t-gdi-luxury-82kw-111-suv-y-4x4-manual-2024-129380,"MG ZS SUV
        1.0 T-GDI Luxury",16990,15490.0,2024,14.785 km,111 CV,Manual,Gasolina,Delantera,180km/h,"4,32m","1,81m","1,64m",,48l
https://www.clicars.com/coches-segunda-mano-ocasion/comprar-hyundai-tucson-tucson-1-6crdi-48v-sle-4x2-116-suv-y-4x4-manual-2021-129761,"Hyundai Tucson
        1.6CRDI 48V SLE 4x2",20190,18390.0,2021,76.256 km,116 CV,Manual,Mild hybrid,Delantera,175km/h,"4,48m","1,85m","1,66m",1.425kg,62l
https://www.clicars.com/coches-segunda-mano-ocasion/comprar-volkswagen-taigo-taigo-1-0-tsi-life-81kw-110-suv-y-4x4-manual-2024-129808,"Volkswagen Taigo
        1.0 TSI Life",21990,19990.0,2024,10.427 km,110 CV,Manual,Gasolina,Delantera,191km/h,"4,27m","1,76m","1,52m",1.270kg,40l
https://www.clicars.com/coches-segunda-mano-ocasion/comprar-ford-puma-puma-1-0-ecoboost-mhev-st-line-x-aut-125-125-suv-y-4x4-automatico-2022-129376,"Ford Puma
        1.0 EcoBoost MHEV ST-Line X Aut. 125",17690,16090.0,2022,69.135 km,125 CV,Automático,Mild hybrid,Delantera,191km/h,"4,21m","1,81m","1,53m",1.280kg,42l
https://www.clicars.com/coches-segunda-mano-ocasion/comprar-ford-focus-focus-sportbreak-1-0-ecoboost-mhev-st-line-155-155-familiar-manual-2022-127737,"Ford Focus
        Sportbreak 1.0 Ecoboost MHEV ST-Line 155",16490,14990.0,2023,84.656 km,155 CV,Manual,Mild hybrid,Delantera,209km/h,"4,67m","1,83m","1,50m",,52l
https://www.clicars.com/coches-segunda-mano-ocasion/comprar-mg-zs-suv-zs-1-5-vti-tech-comfort-78kw-106-suv-y-4x4-manual-2023-129617,"MG ZS SUV
        1.5 VTi-Tech Comfort",14690,13390.0,2023,21.563 km,106 CV,Manual,Gasolina,Delantera,175km/h,"4,32m","1,81m","1,64m",,48l
https://www.clicars.com/coches-segunda-mano-ocasion/comprar-skoda-octavia-octavia-1-0-tsi-ambition-dsg-115-compacto-automatico-2019-129604,"Skoda Octavia
        1.0 TSI Ambition DSG",15990,15190.0,2019,56.700 km,115 CV,Automático,Gasolina,Delantera,202km/h,"4,67m","1,81m","1,46m",1.247kg,50l
https://www.clicars.com/coches-segunda-mano-ocasion/comprar-citroen-c3-aircross-c3-aircross-puretech-s-and-s-plus-110-110-suv-y-4x4-manual-2024-128323,"Citroen C3 Aircross
        Puretech S&S Plus 110",13990,12690.0,2024,30.220 km,110 CV,Manual,Gasolina,Delantera,195km/h,"4,16m","1,82m","1,60m",1.179kg,45l
https://www.clicars.com/coches-segunda-mano-ocasion/comprar-peugeot-208-208-1-5-bluehdi-s-and-s-allure-pack-100-100-compacto-manual-2023-119422,"Peugeot 208
        1.5 BlueHDi S&S Allure Pack 100",15490,14090.0,2023,53.211 km,100 CV,Manual,Diésel,Delantera,188km/h,"4,06m","1,75m","1,43m",1.090kg,41l
https://www.clicars.com/coches-segunda-mano-ocasion/comprar-toyota-c-hr-c-hr-125h-active-98-suv-y-4x4-automatico-2019-129374,"Toyota C-HR
        125H Active",18290,17390.0,2019,83.067 km,122 CV,Automático,Híbrido,Delantera,170km/h,"4,36m","1,80m","1,56m",1.420kg,43l
https://www.clicars.com/coches-segunda-mano-ocasion/comprar-peugeot-2008-2008-1-2-puretech-s-and-s-allure-100-100-suv-y-4x4-manual-2023-129894,"Peugeot 2008
        1.2 PureTech S&S Allure 100",14490,13190.0,2023,82.880 km,100 CV,Manual,Gasolina,Delantera,188km/h,"4,30m","1,77m","1,53m",1.192kg,44l
https://www.clicars.com/coches-segunda-mano-ocasion/comprar-citroen-c3-c3-1-2-puretech-s-and-s-elle-82-82-compacto-manual-2019-129925,"Citroen C3
        1.2 PureTech S&S Elle 82",9990,9490.0,2019,70.331 km,82 CV,Manual,Gasolina,Delantera,168km/h,"4,00m","1,75m","1,47m",1.055kg,45l
https://www.clicars.com/coches-segunda-mano-ocasion/comprar-citroen-c3-c3-1-5bluehdi-s-and-s-feel-100-100-compacto-manual-2022-128353,"Citroen C3
        1.5BlueHDi S&S Feel 100",10490,9490.0,2022,104.073 km,100 CV,Manual,Diésel,Delantera,185km/h,"4,00m","1,75m","1,47m",1.165kg,42l
https://www.clicars.com/coches-segunda-mano-ocasion/comprar-kia-niro-e-niro-drive-136-suv-y-4x4-automatico-2020-129404,"Kia Niro
        E-Niro Drive",15290,13890.0,2020,92.675 km,136 CV,Automático,Eléctrico,Delantera,155km/h,"4,38m","1,81m","1,56m",1.667kg,
https://www.clicars.com/coches-segunda-mano-ocasion/comprar-audi-a1-a1-sportback-30-tfsi-adrenalin-110-compacto-manual-2021-125763,"Audi A1
        Sportback 30 TFSI Adrenalin",18490,16790.0,2021,59.971 km,110 CV,Manual,Gasolina,Delantera,203km/h,"4,03m","1,74m","1,43m",1.180kg,40l
https://www.clicars.com/coches-segunda-mano-ocasion/comprar-volkswagen-golf-golf-1-5-tsi-evo-advance-dsg7-110kw-150-compacto-automatico-2020-129517,"Volkswagen Golf
        1.5 TSI Evo Advance DSG7",18990,17290.0,2020,104.757 km,150 CV,Automático,Gasolina,Delantera,216km/h,"4,26m","1,79m","1,49m",1.317kg,50l
https://www.clicars.com/coches-segunda-mano-ocasion/comprar-dacia-lodgy-lodgy-1-5dci-sl-nomada-5pl-81kw-110-monovolumen-manual-2018-129340,"Dacia Lodgy
        1.5dCi SL Nómada 5pl.",12590,11990.0,2018,141.380 km,110 CV,Manual,Diésel,Delantera,175km/h,"4,52m","1,77m","1,68m",1.262kg,50l
https://www.clicars.com/coches-segunda-mano-ocasion/comprar-hyundai-i30-i30-1-0-tgdi-klass-lr-48v-120-120-familiar-manual-2021-123838,"Hyundai i30
        1.0 TGDI Klass LR 48V 120",15690,14290.0,2022,117.438 km,120 CV,Manual,Mild hybrid,Delantera,196km/h,"4,34m","1,80m","1,46m",1.220kg,50l
https://www.clicars.com/coches-segunda-mano-ocasion/comprar-peugeot-rifter-n1-rifter-1-5bluehdi-s-and-s-allure-business-standard-100-100-furgoneta-manual-2022-129366,"Peugeot Rifter N1
        1.5BlueHDI S&S Allure Business Standard 100",16490,14990.0,2022,124.313 km,100 CV,Manual,Diésel,Delantera,165km/h,"4,40m","1,85m","1,88m",1.486kg,50l
https://www.clicars.com/coches-segunda-mano-ocasion/comprar-peugeot-208-208-1-2-style-82-82-compacto-manual-2017-125992,"Peugeot 208
        1.2 Style 82",7690,7290.0,2017,98.269 km,82 CV,Manual,Gasolina,Delantera,175km/h,"3,97m","1,74m","1,46m",1.040kg,50l
https://www.clicars.com/coches-segunda-mano-ocasion/comprar-peugeot-208-208-1-6bluehdi-style-100-100-compacto-manual-2017-125158,"Peugeot 208
        1.6BlueHDi Style 100",9990,9490.0,2017,69.417 km,100 CV,Manual,Diésel,Delantera,187km/h,"3,97m","1,74m","1,46m",1.150kg,50l
https://www.clicars.com/coches-segunda-mano-ocasion/comprar-smart-fortwo-fortwo-coupe-52-passion-71-compacto-manual-2015-127839,"Smart Fortwo
        Coupé 52 Passion",9790,9290.0,2015,31.679 km,71 CV,Manual,Gasolina,Trasera,151km/h,"2,70m","1,66m","1,56m",880kg,28l
https://www.clicars.com/coches-segunda-mano-ocasion/comprar-ford-fiesta-fiesta-1-0-ecoboost-s-s-trend-100-100-compacto-manual-2019-124755,"Ford Fiesta
        1.0 EcoBoost S/S Trend 100",11490,10890.0,2019,43.138 km,100 CV,Manual,Gasolina,Delantera,183km/h,"4,04m","1,74m","1,47m",1.091kg,42l
https://www.clicars.com/coches-segunda-mano-ocasion/comprar-volvo-xc90-xc90-t8-recharge-inscription-expression-awd-aut-310-suv-y-4x4-automatico-2021-129284,"Volvo XC90
        T8 Recharge Inscription Expression AWD Aut.",41990,39990.0,2021,96.575 km,455 CV,Automático,Híbrido enchufable,4x4,230km/h,"4,95m","2,00m","1,78m",2.227kg,71l
https://www.clicars.com/coches-segunda-mano-ocasion/comprar-subaru-brz-brz-2-4l-sport-d-4s-234-coupe-manual-2023-129456,"Subaru BRZ
        2.4L Sport D-4S",37490,34090.0,2023,25.198 km,234 CV,Manual,Gasolina,Trasera,226km/h,"4,27m","1,78m","1,31m",,50l
https://www.clicars.com/coches-segunda-mano-ocasion/comprar-mercedes-clase-cla-cla-200d-150-coupe-automatico-2021-129590,"Mercedes Clase CLA
        CLA 200d",30490,27690.0,2021,85.316 km,150 CV,Automático,Diésel,Delantera,226km/h,"4,69m","1,83m","1,44m",1.560kg,43l
https://www.clicars.com/coches-segunda-mano-ocasion/comprar-opel-mokka-mokka-e-gs-line-e-136-suv-y-4x4-automatico-2021-129196,"Opel Mokka
        -e GS Line-e",16390,14890.0,2021,72.553 km,136 CV,Automático,Eléctrico,Delantera,150km/h,"4,15m","1,79m","1,53m",1.598kg,
https://www.clicars.com/coches-segunda-mano-ocasion/comprar-skoda-octavia-octavia-2-0-tsi-rs-dsg7-195kw-265-compacto-automatico-2025-129645,"Skoda Octavia
        2.0 TSI RS DSG7",36490,34790.0,2025,19.349 km,265 CV,Automático,Gasolina,Delantera,229km/h,"4,70m","1,83m","1,47m",1.372kg,45l
https://www.clicars.com/coches-segunda-mano-ocasion/comprar-peugeot-5008-suv-5008-1-2-puretech-s-and-s-allure-pack-130-130-suv-y-4x4-manual-2024-128471,"Peugeot 5008 SUV
        1.2 PureTech S&S Allure Pack 130",25490,23190.0,2024,10.198 km,130 CV,Manual,Gasolina,Delantera,188km/h,"4,64m","1,84m","1,65m",1.430kg,56l
https://www.clicars.com/coches-segunda-mano-ocasion/comprar-toyota-rav4-rav4-2-5-hybrid-2wd-advance-218-suv-y-4x4-automatico-2021-129211,"Toyota Rav4
        2.5 hybrid 2WD Advance",31490,29990.0,2021,55.218 km,218 CV,Automático,Híbrido,Delantera,180km/h,"4,60m","1,86m","1,69m",1.645kg,55l
https://www.clicars.com/coches-segunda-mano-ocasion/comprar-peugeot-2008-2008-1-2-puretech-s-and-s-allure-eat8-130-130-suv-y-4x4-automatico-2024-128827,"Peugeot 2008
        1.2 PureTech S&S Allure EAT8 130",18990,17290.0,2024,28.050 km,130 CV,Automático,Gasolina,Delantera,203km/h,"4,30m","1,82m","1,52m",1.205kg,44l
https://www.clicars.com/coches-segunda-mano-ocasion/comprar-mitsubishi-eclipse-cross-eclipse-cross-phev-kaiteki-4wd-98-suv-y-4x4-automatico-2021-128605,"Mitsubishi Eclipse Cross
        PHEV Kaiteki 4WD",18990,17290.0,2021,80.013 km,188 CV,Automático,Híbrido enchufable,4x4,162km/h,"4,55m","1,81m","1,69m",1.910kg,43l
https://www.clicars.com/coches-segunda-mano-ocasion/comprar-peugeot-3008-suv-3008-1-5bluehdi-allure-s-and-s-130-130-suv-y-4x4-manual-2020-128094,"Peugeot 3008 SUV
        1.5BlueHDi Allure S&S 130",15990,14590.0,2020,64.576 km,130 CV,Manual,Diésel,Delantera,192km/h,"4,45m","1,84m","1,62m",1.492kg,53l
https://www.clicars.com/coches-segunda-mano-ocasion/comprar-volkswagen-t-cross-t-cross-1-5-tsi-sport-dsg7-110kw-150-suv-y-4x4-automatico-2021-127265,"Volkswagen T-Cross
        1.5 TSI Sport DSG7",19990,18190.0,2021,77.023 km,150 CV,Automático,Gasolina,Delantera,193km/h,"4,11m","1,78m","1,56m",1.270kg,40l
https://www.clicars.com/coches-segunda-mano-ocasion/comprar-peugeot-rifter-rifter-1-5bluehdi-s-and-s-standard-active-pack-100-100-monovolumen-manual-2022-128614,"Peugeot Rifter
        1.5BlueHDi S&S Standard Active Pack 100",15990,14590.0,2022,59.579 km,100 CV,Manual,Diésel,Delantera,172km/h,"4,40m","1,91m","1,87m",1.430kg,
https://www.clicars.com/coches-segunda-mano-ocasion/comprar-hyundai-i40-i40-cw-1-7crdi-bd-tecno-141-141-familiar-manual-2016-129478,"Hyundai i40
        CW 1.7CRDI BD Tecno 141",10490,9990.0,2016,148.974 km,141 CV,Manual,Diésel,Delantera,200km/h,"4,78m","1,82m","1,47m",1.524kg,70l
https://www.clicars.com/coches-segunda-mano-ocasion/comprar-kia-sportage-sportage-1-6-t-gdi-gt-line-dct-4x4-177-177-suv-y-4x4-automatico-2016-129642,"Kia Sportage
        1.6 T-GDi GT Line DCT 4x4 177",18490,17590.0,2016,74.540 km,177 CV,Automático,Gasolina,4x4,201km/h,"4,48m","1,86m","1,64m",1.534kg,62l
https://www.clicars.com/coches-segunda-mano-ocasion/comprar-mazda-cx-5-cx-5-2-0-skyactiv-g-evolution-2wd-aut-121kw-165-suv-y-4x4-automatico-2022-126316,"Mazda CX-5
        2.0 Skyactiv-G Evolution 2WD Aut.",24990,22690.0,2022,96.615 km,165 CV,Automático,Gasolina,Delantera,201km/h,"4,55m","1,84m","1,68m",1.360kg,56l
https://www.clicars.com/coches-segunda-mano-ocasion/comprar-mercedes-clase-gla-gla-220d-4matic-7g-dct-170-170-suv-y-4x4-automatico-2019-129571,"Mercedes Clase GLA
        GLA 220d 4Matic 7G-DCT 170",24490,23290.0,2019,92.922 km,170 CV,Automático,Diésel,4x4,218km/h,"4,42m","1,80m","1,49m",1.595kg,56l
https://www.clicars.com/coches-segunda-mano-ocasion/comprar-peugeot-2008-2008-1-2-puretech-s-and-s-allure-eat8-130-130-suv-y-4x4-automatico-2024-128824,"Peugeot 2008
        1.2 PureTech S&S Allure EAT8 130",18690,16990.0,2024,35.223 km,130 CV,Automático,Gasolina,Delantera,203km/h,"4,30m","1,82m","1,52m",1.205kg,44l
https://www.clicars.com/coches-segunda-mano-ocasion/comprar-peugeot-2008-2008-1-5bluehdi-s-and-s-active-pack-110-110-suv-y-4x4-manual-2021-129014,"Peugeot 2008
        1.5BlueHDi S&S Active Pack 110",14790,13490.0,2021,68.614 km,110 CV,Manual,Diésel,Delantera,185km/h,"4,30m","1,77m","1,53m",1.205kg,41l
https://www.clicars.com/coches-segunda-mano-ocasion/comprar-peugeot-2008-2008-1-5bluehdi-s-and-s-active-110-110-suv-y-4x4-manual-2022-129240,"Peugeot 2008
        1.5BlueHDi S&S Active 110",14990,13590.0,2022,49.912 km,110 CV,Manual,Diésel,Delantera,185km/h,"4,30m","1,77m","1,53m",1.205kg,41l
https://www.clicars.com/coches-segunda-mano-ocasion/comprar-mercedes-clase-cla-cla-180-7g-dct-122-coupe-automatico-2018-127385,"Mercedes Clase CLA
        CLA 180 7G-DCT",25390,24190.0,2018,69.400 km,122 CV,Automático,Gasolina,Delantera,210km/h,"4,64m","1,78m","1,43m",1.430kg,50l
https://www.clicars.com/coches-segunda-mano-ocasion/comprar-dacia-duster-duster-1-6-prestige-4x2-85kw-115-suv-y-4x4-manual-2019-129598,"Dacia Duster
        1.6 Prestige 4x2",13290,12690.0,2019,128.330 km,115 CV,Manual,Gasolina,Delantera,172km/h,"4,34m","1,80m","1,69m",1.179kg,50l
https://www.clicars.com/coches-segunda-mano-ocasion/comprar-peugeot-rifter-rifter-1-5bluehdi-s-and-s-standard-active-pack-100-100-monovolumen-manual-2022-129244,"Peugeot Rifter
        1.5BlueHDi S&S Standard Active Pack 100",15490,14090.0,2022,96.533 km,100 CV,Manual,Diésel,Delantera,172km/h,"4,40m","1,91m","1,87m",1.430kg,
https://www.clicars.com/coches-segunda-mano-ocasion/comprar-skoda-karoq-karoq-1-0-tsi-ambition-81kw-110-suv-y-4x4-manual-2022-128807,"Skoda Karoq
        1.0 TSI Ambition",20690,18790.0,2022,46.587 km,110 CV,Manual,Gasolina,Delantera,187km/h,"4,39m","1,84m","1,54m",1.265kg,50l
https://www.clicars.com/coches-segunda-mano-ocasion/comprar-kia-carens-carens-1-7crdi-eco-dynamics-drive-115-115-monovolumen-manual-2015-129798,"Kia Carens
        1.7CRDi Eco-Dynamics Drive 115",10290,9790.0,2015,142.528 km,115 CV,Manual,Diésel,Delantera,181km/h,"4,53m","1,81m","1,61m",1.482kg,58l
https://www.clicars.com/coches-segunda-mano-ocasion/comprar-opel-mokka-mokka-x-1-4t-s-and-s-design-line-4x2-140-suv-y-4x4-manual-2019-129032,"Opel Mokka
        X 1.4T S&S Design Line 4x2",12590,11990.0,2019,47.522 km,140 CV,Manual,Gasolina,Delantera,196km/h,"4,27m","1,78m","1,66m",1.355kg,52l
https://www.clicars.com/coches-segunda-mano-ocasion/comprar-volkswagen-t-roc-t-roc-2-0tdi-life-85kw-115-suv-y-4x4-manual-2022-129215,"Volkswagen T-Roc
        2.0TDI Life",19490,17690.0,2022,103.731 km,115 CV,Manual,Diésel,Delantera,190km/h,"4,23m","1,82m","1,57m",1.419kg,50l
https://www.clicars.com/coches-segunda-mano-ocasion/comprar-peugeot-308-308-sw-1-2-puretech-s-and-s-style-110-110-familiar-manual-2019-129182,"Peugeot 308
        SW 1.2 PureTech S&S Style 110",10990,10490.0,2019,58.084 km,110 CV,Manual,Gasolina,Delantera,188km/h,"4,59m","1,80m","1,47m",1.279kg,53l
https://www.clicars.com/coches-segunda-mano-ocasion/comprar-citroen-c3-aircross-c3-aircross-puretech-s-and-s-plus-110-110-suv-y-4x4-manual-2024-128816,"Citroen C3 Aircross
        Puretech S&S Plus 110",14390,13090.0,2024,36.032 km,110 CV,Manual,Gasolina,Delantera,195km/h,"4,16m","1,82m","1,60m",1.179kg,45l
https://www.clicars.com/coches-segunda-mano-ocasion/comprar-citroen-c4-c4-1-2-puretech-shine-s-and-s-eat8-130-130-compacto-automatico-2020-128766,"Citroen C4
        1.2 PureTech Shine S&S EAT8 130",12990,11790.0,2020,102.388 km,130 CV,Automático,Gasolina,Delantera,210km/h,"4,36m","1,83m","1,52m",1.353kg,50l
https://www.clicars.com/coches-segunda-mano-ocasion/comprar-ford-ka-ka-plus-1-19-ti-vct-ultimate-85-compacto-manual-2019-128935,"Ford Ka
        + 1.19 Ti-VCT Ultimate",9990,9490.0,2019,65.436 km,85 CV,Manual,Gasolina,Delantera,168km/h,"3,93m","1,70m","1,52m",1.055kg,42l
https://www.clicars.com/coches-segunda-mano-ocasion/comprar-kia-sportage-sportage-1-7crdi-vgt-eco-dynamics-drive-4x2-115-suv-y-4x4-manual-2016-128464,"Kia Sportage
        1.7CRDi VGT Eco-Dynamics Drive 4x2",14390,13690.0,2016,90.586 km,115 CV,Manual,Diésel,Delantera,176km/h,"4,48m","1,86m","1,64m",1.425kg,62l
https://www.clicars.com/coches-segunda-mano-ocasion/comprar-citroen-berlingo-berlingo-van-bluehdi-s-and-s-talla-m-100-100-furgoneta-manual-2022-129309,"Citroen Berlingo
        Van BlueHDi S&S Talla M 100",14790,13490.0,2022,106.295 km,100 CV,Manual,Diésel,Delantera,172km/h,"4,40m","1,85m","1,80m",,60l
https://www.clicars.com/coches-segunda-mano-ocasion/comprar-bmw-serie-5-520da-190-berlina-automatico-2021-129224,"BMW Serie 5
        520dA",35990,34290.0,2021,79.569 km,190 CV,Automático,Mild hybrid,Trasera,235km/h,"4,96m","1,87m","1,48m",1.675kg,66l
https://www.clicars.com/coches-segunda-mano-ocasion/comprar-nissan-qashqai-qashqai-e-power-n-connecta-4x2-140kw-190-suv-y-4x4-automatico-2024-128367,"Nissan Qashqai
        E-POWER N-Connecta 4x2",27990,25490.0,2024,33.491 km,190 CV,Automático,Híbrido,Delantera,170km/h,"4,43m","1,85m","1,63m",1.637kg,55l
https://www.clicars.com/coches-segunda-mano-ocasion/comprar-peugeot-5008-suv-5008-hybrid-136-allure-edcs6-136-suv-y-4x4-automatico-2025-129089,"Peugeot 5008 SUV
        Hybrid 136 Allure eDCS6",27990,25490.0,2025,28.505 km,136 CV,Automático,Mild hybrid,Delantera,200km/h,"4,79m","1,90m","1,69m",1.705kg,67l
https://www.clicars.com/coches-segunda-mano-ocasion/comprar-volkswagen-golf-golf-2-0tdi-life-dsg-85kw-115-compacto-automatico-2021-129255,"Volkswagen Golf
        2.0TDI Life DSG",19990,18190.0,2021,106.206 km,115 CV,Automático,Diésel,Delantera,202km/h,"4,28m","1,79m","1,46m",1.380kg,50l
https://www.clicars.com/coches-segunda-mano-ocasion/comprar-ford-kuga-kuga-1-5-ecoboost-st-line-fwd-150-150-suv-y-4x4-manual-2022-127804,"Ford Kuga
        1.5 EcoBoost ST-Line FWD 150",17990,16390.0,2022,83.145 km,150 CV,Manual,Gasolina,Delantera,195km/h,"4,61m","1,88m","1,68m",1.493kg,60l
https://www.clicars.com/coches-segunda-mano-ocasion/comprar-mini-countryman-countryman-cooper-se-all4-aut-125-suv-y-4x4-automatico-2021-128097,"MINI Countryman
        COOPER SE ALL4 AUT.",24990,22690.0,2021,50.155 km,220 CV,Automático,Híbrido enchufable,4x4,196km/h,"4,30m","1,82m","1,56m",1.715kg,36l
https://www.clicars.com/coches-segunda-mano-ocasion/comprar-citroen-c1-c1-1-0-vti-origins-72-72-compacto-manual-2019-129199,"Citroen C1
        1.0 VTi Origins 72",9390,8890.0,2019,78.401 km,72 CV,Manual,Gasolina,Delantera,160km/h,"3,47m","1,62m","1,46m",883kg,35l
https://www.clicars.com/coches-segunda-mano-ocasion/comprar-peugeot-3008-suv-3008-1-2-s-and-s-puretech-allure-130-130-suv-y-4x4-manual-2020-129194,"Peugeot 3008 SUV
        1.2 S&S PureTech Allure 130",13490,12790.0,2020,86.068 km,130 CV,Manual,Gasolina,Delantera,188km/h,"4,45m","1,84m","1,62m",1.250kg,53l
https://www.clicars.com/coches-segunda-mano-ocasion/comprar-peugeot-3008-suv-3008-hybrid-136-allure-edcs6-136-suv-y-4x4-automatico-2024-128829,"Peugeot 3008 SUV
        Hybrid 136 Allure eDCS6",25990,23690.0,2025,20.623 km,136 CV,Automático,Mild hybrid,Delantera,201km/h,"4,54m","1,90m","1,64m",1.573kg,55l
https://www.clicars.com/coches-segunda-mano-ocasion/comprar-mercedes-clase-gle-gle-coupe-350de-4matic-aut-195-suv-y-4x4-automatico-2020-129235,"Mercedes Clase GLE
        GLE Coupé 350de 4Matic Aut.",63990,60990.0,2021,53.645 km,320 CV,Automático,Híbrido enchufable,4x4,210km/h,"4,94m","2,00m","1,73m",2.690kg,65l
https://www.clicars.com/coches-segunda-mano-ocasion/comprar-mercedes-clase-gla-gla-250e-218-suv-y-4x4-automatico-2021-128989,"Mercedes Clase GLA
        GLA 250e",33490,31890.0,2022,76.774 km,218 CV,Automático,Híbrido enchufable,Delantera,220km/h,"4,41m","1,83m","1,61m",1.780kg,35l
https://www.clicars.com/coches-segunda-mano-ocasion/comprar-audi-q8-sq8-tfsi-plus-quattro-tiptronic-507-suv-y-4x4-automatico-2022-128611,"Audi Q8
        SQ8 TFSI plus quattro tiptronic",75990,72390.0,2022,68.994 km,507 CV,Automático,Gasolina,4x4,250km/h,"5,00m","2,00m","1,71m",2.345kg,85l
https://www.clicars.com/coches-segunda-mano-ocasion/comprar-skoda-kodiaq-kodiaq-2-0tdi-ab-tech-ambition-4x4-dsg-110kw-150-suv-y-4x4-automatico-2022-128649,"Skoda Kodiaq
        2.0TDI AB tech Ambition 4x4 DSG",25990,23690.0,2022,78.990 km,150 CV,Automático,Diésel,4x4,194km/h,"4,70m","1,88m","1,68m",1.752kg,60l
https://www.clicars.com/coches-segunda-mano-ocasion/comprar-toyota-bz4x-bz4x-200e-4x2-advance-204-suv-y-4x4-automatico-2023-129479,"Toyota bZ4X
        200E 4X2 Advance",29990,27290.0,2023,40.932 km,204 CV,Automático,Eléctrico,Delantera,160km/h,"4,69m","1,86m","1,65m",,
https://www.clicars.com/coches-segunda-mano-ocasion/comprar-nissan-qashqai-qashqai-1-3-dig-t-mhev-12v-acenta-4x2-aut-116kw-158-suv-y-4x4-automatico-2021-127439,"Nissan Qashqai
        1.3 DIG-T mHEV 12V Acenta 4x2 Aut.",21990,19990.0,2021,40.973 km,158 CV,Automático,Mild hybrid,Delantera,199km/h,"4,43m","1,85m","1,63m",1.393kg,55l
https://www.clicars.com/coches-segunda-mano-ocasion/comprar-hyundai-ioniq-ioniq-hev-1-6-gdi-tecno-105-compacto-automatico-2020-128653,"Hyundai Ioniq
        HEV 1.6 GDI Tecno",15990,14590.0,2020,113.516 km,141 CV,Automático,Híbrido,Delantera,185km/h,"4,47m","1,82m","1,45m",1.361kg,45l
https://www.clicars.com/coches-segunda-mano-ocasion/comprar-volkswagen-t-cross-t-cross-1-0-tsi-sport-81kw-110-suv-y-4x4-manual-2022-126942,"Volkswagen T-Cross
        1.0 TSI Sport",18990,17290.0,2022,42.945 km,110 CV,Manual,Gasolina,Delantera,189km/h,"4,11m","1,78m","1,56m",1.277kg,40l
https://www.clicars.com/coches-segunda-mano-ocasion/comprar-fiat-ducato-ducato-fg-35-2-2bluehdi-l2-h2-103kw-140-furgoneta-manual-2024-123152,"Fiat Ducato
        Fg. 35 2.2BlueHDi L2 H2",27490,24990.0,2024,22.663 km,140 CV,Manual,Diésel,Delantera,-km/h,"5,41m","2,05m","2,52m",1.475kg,90l
https://www.clicars.com/coches-segunda-mano-ocasion/comprar-renault-megane-megane-1-2-tce-energy-zen-97kw-130-compacto-manual-2017-128764,"Renault Mégane
        1.2 TCe Energy Zen",12490,11890.0,2017,103.030 km,130 CV,Manual,Gasolina,Delantera,197km/h,"4,36m","1,81m","1,44m",1.205kg,47l
https://www.clicars.com/coches-segunda-mano-ocasion/comprar-mercedes-clase-b-b-180-7g-dct-122-monovolumen-automatico-2016-129280,"Mercedes Clase B
        B 180 7G-DCT",15990,15190.0,2016,118.828 km,122 CV,Automático,Gasolina,Delantera,200km/h,"4,39m","1,79m","1,56m",1.425kg,50l
https://www.clicars.com/coches-segunda-mano-ocasion/comprar-peugeot-208-208-allure-electrico-156-156-compacto-automatico-2025-128822,"Peugeot 208
        Allure Eléctrico 156",24490,22290.0,2025,10.445 km,156 CV,Automático,Eléctrico,Delantera,150km/h,"4,06m","1,75m","1,43m",1.455kg,
https://www.clicars.com/coches-segunda-mano-ocasion/comprar-peugeot-traveller-m1-traveller-1-6bluehdi-active-standard-115-115-monovolumen-manual-2018-129075,"Peugeot Traveller M1
        1.6BlueHDI Active Standard 115",21990,20890.0,2018,70.692 km,115 CV,Manual,Diésel,Delantera,160km/h,"4,96m","1,93m","1,90m",1.646kg,70l
https://www.clicars.com/coches-segunda-mano-ocasion/comprar-ford-transit-courier-transit-courier-van-1-0-ecob-ambiente-100-furgoneta-manual-2017-128658,"Ford Transit Courier
        Van 1.0 Ecob. Ambiente",11490,10890.0,2017,26.353 km,100 CV,Manual,Gasolina,Delantera,173km/h,"4,16m","1,98m","1,75m",1.185kg,47l
https://www.clicars.com/coches-segunda-mano-ocasion/comprar-peugeot-2008-2008-1-5bluehdi-s-and-s-active-pack-110-110-suv-y-4x4-manual-2022-129012,"Peugeot 2008
        1.5BlueHDi S&S Active Pack 110",14790,13490.0,2022,78.273 km,110 CV,Manual,Diésel,Delantera,185km/h,"4,30m","1,77m","1,53m",1.205kg,41l
https://www.clicars.com/coches-segunda-mano-ocasion/comprar-opel-crossland-crossland-1-2-s-and-s-gs-line-130-130-suv-y-4x4-manual-2021-129497,"Opel Crossland
        1.2 S&S GS Line 130",13390,12190.0,2021,26.102 km,130 CV,Manual,Gasolina,Delantera,198km/h,"4,22m","1,83m","1,61m",1.259kg,45l
https://www.clicars.com/coches-segunda-mano-ocasion/comprar-opel-corsa-corsa-1-3cdti-business-75-75-compacto-manual-2018-128549,"Opel Corsa
        1.3CDTI Business 75",8290,7890.0,2018,100.284 km,75 CV,Manual,Diésel,Delantera,164km/h,"4,02m","1,74m","1,48m",1.199kg,45l
https://www.clicars.com/coches-segunda-mano-ocasion/comprar-dacia-sandero-sandero-1-0-tce-glp-stepway-serie-limitada-aniversario-74kw-100-compacto-manual-2020-129563,"Dacia Sandero
        1.0 TCE GLP Stepway Serie Limitada Aniversario",11290,10290.0,2020,107.590 km,100 CV,Manual,Glp,Delantera,175km/h,"4,07m","1,73m","1,52m",1.063kg,50l
https://www.clicars.com/coches-segunda-mano-ocasion/comprar-audi-a1-a1-1-0-tfsi-adrenalin-95-compacto-manual-2016-129607,"Audi A1
        1.0 TFSI Adrenalin",12390,11790.0,2016,132.132 km,95 CV,Manual,Gasolina,Delantera,186km/h,"3,97m","1,74m","1,42m",1.110kg,45l
https://www.clicars.com/coches-segunda-mano-ocasion/comprar-citroen-c4-cactus-c4-cactus-1-2-puretech-s-and-s-shine-110-110-compacto-manual-2018-129651,"Citroen C4 Cactus
        1.2 PureTech S&S Shine 110",9790,9290.0,2018,100.628 km,110 CV,Manual,Gasolina,Delantera,188km/h,"4,17m","1,71m","1,48m",1.105kg,50l
https://www.clicars.com/coches-segunda-mano-ocasion/comprar-ford-focus-focus-1-0-ecoboost-auto-s-and-s-trend-plus-125-125-compacto-manual-2018-129327,"Ford Focus
        1.0 Ecoboost Auto-S&S Trend+ 125",10690,10190.0,2018,94.659 km,125 CV,Manual,Gasolina,Delantera,-km/h,"4,36m","1,82m","1,48m",1.205kg,55l
https://www.clicars.com/coches-segunda-mano-ocasion/comprar-peugeot-208-208-1-2-s-and-s-allure-100-100-compacto-manual-2025-129535,"Peugeot 208
        1.2 S&S Allure 100",15490,14090.0,2025,11.289 km,100 CV,Manual,Gasolina,Delantera,194km/h,"4,06m","1,75m","1,43m",1.090kg,40l
https://www.clicars.com/coches-segunda-mano-ocasion/comprar-seat-leon-leon-st-1-5-tgi-gnc-s-and-s-xcellence-dsg7-130-130-familiar-automatico-2020-129439,"SEAT León
        ST 1.5 TGI GNC S&S Xcellence DSG7 130",11790,10690.0,2020,148.934 km,130 CV,Automático,Gnc,Delantera,206km/h,"4,55m","1,82m","1,45m",1.374kg,
https://www.clicars.com/coches-segunda-mano-ocasion/comprar-fiat-500-500-1-0-hybrid-dolcevita-52kw-70-compacto-manual-2022-119412,"Fiat 500
        1.0 Hybrid Dolcevita",12490,11390.0,2022,29.604 km,70 CV,Manual,Mild hybrid,Delantera,167km/h,"3,57m","1,63m","1,49m",,35l
https://www.clicars.com/coches-segunda-mano-ocasion/comprar-mitsubishi-space-star-space-star-120-mpi-kaiteki-71-compacto-manual-2021-127506,"Mitsubishi Space Star
        120 MPI Kaiteki",8990,8190.0,2021,125.984 km,71 CV,Manual,Gasolina,Delantera,180km/h,"3,85m","1,67m","1,51m",875kg,35l
https://www.clicars.com/coches-segunda-mano-ocasion/comprar-mini-mini-mini-cooper-se-184-compacto-automatico-2021-127827,"MINI Mini
        Cooper SE",17990,16390.0,2021,69.523 km,184 CV,Automático,Eléctrico,Delantera,150km/h,"3,85m","1,73m","1,43m",1.365kg,
https://www.clicars.com/coches-segunda-mano-ocasion/comprar-peugeot-2008-2008-allure-electrico-115kw-156-suv-y-4x4-automatico-2025-128821,"Peugeot 2008
        Allure Eléctrico",24990,22690.0,2025,14.987 km,156 CV,Automático,Eléctrico,Delantera,150km/h,"4,30m","1,82m","1,52m",1.548kg,
https://www.clicars.com/coches-segunda-mano-ocasion/comprar-mini-countryman-mini-countryman-john-cooper-works-all4-aut-300-suv-y-4x4-automatico-2024-129281,"MINI Countryman
        Mini Countryman John Cooper Works ALL4 Aut.",42390,40390.0,2024,41.926 km,300 CV,Automático,Gasolina,4x4,250km/h,"4,45m","1,84m","1,65m",1.660kg,54l
https://www.clicars.com/coches-segunda-mano-ocasion/comprar-peugeot-5008-suv-5008-hybrid-136-allure-edcs6-136-suv-y-4x4-automatico-2025-129093,"Peugeot 5008 SUV
        Hybrid 136 Allure eDCS6",28490,25890.0,2025,31.385 km,136 CV,Automático,Mild hybrid,Delantera,200km/h,"4,79m","1,90m","1,69m",1.705kg,67l
https://www.clicars.com/coches-segunda-mano-ocasion/comprar-peugeot-208-208-1-2-s-and-s-allure-100-100-compacto-manual-2024-129088,"Peugeot 208
        1.2 S&S Allure 100",13590,12390.0,2024,30.660 km,100 CV,Manual,Gasolina,Delantera,194km/h,"4,06m","1,75m","1,43m",1.090kg,40l
https://www.clicars.com/coches-segunda-mano-ocasion/comprar-byd-seal-u-seal-u-dm-i-boost-160kw-98-suv-y-4x4-automatico-2024-128685,"BYD Seal U
        DM-i Boost",32990,29990.0,2024,19.791 km,217 CV,Automático,Híbrido enchufable,Delantera,170km/h,"4,78m","1,89m","1,67m",,60l
https://www.clicars.com/coches-segunda-mano-ocasion/comprar-opel-antara-antara-2-2cdti-selective-s-and-s-4x2-163-suv-y-4x4-manual-2013-128894,"Opel Antara
        2.2CDTI Selective S&S 4x2",8590,8190.0,2013,130.514 km,163 CV,Manual,Diésel,Delantera,189km/h,"4,60m","1,85m","1,72m",1.885kg,65l
https://www.clicars.com/coches-segunda-mano-ocasion/comprar-volkswagen-arteon-arteon-shooting-brake-2-0tdi-r-line-dsg7-110kw-150-familiar-automatico-2021-128601,"Volkswagen Arteon
        Shooting Brake 2.0TDI R-Line DSG7",26490,24090.0,2021,118.736 km,150 CV,Automático,Diésel,Delantera,220km/h,"4,87m","1,87m","1,46m",1.643kg,66l
https://www.clicars.com/coches-segunda-mano-ocasion/comprar-peugeot-2008-2008-1-2-puretech-s-and-s-allure-eat8-130-130-suv-y-4x4-automatico-2024-128828,"Peugeot 2008
        1.2 PureTech S&S Allure EAT8 130",18990,17290.0,2024,33.570 km,130 CV,Automático,Gasolina,Delantera,203km/h,"4,30m","1,82m","1,52m",1.205kg,44l
https://www.clicars.com/coches-segunda-mano-ocasion/comprar-toyota-corolla-corolla-125h-active-tech-122-compacto-automatico-2021-125675,"Toyota Corolla
        125H Active Tech",18990,17290.0,2021,81.768 km,122 CV,Automático,Híbrido,Delantera,180km/h,"4,37m","1,79m","1,44m",1.360kg,43l
https://www.clicars.com/coches-segunda-mano-ocasion/comprar-jeep-avenger-avenger-1-2-ehybrid-altitude-74kw-100-suv-y-4x4-automatico-2025-128846,"Jeep Avenger
        1.2 Ehybrid Altitude",24490,22290.0,2025,22.756 km,100 CV,Automático,Mild hybrid,Delantera,184km/h,"4,08m","1,78m","1,54m",,44l
https://www.clicars.com/coches-segunda-mano-ocasion/comprar-volvo-xc60-xc60-t8-twin-business-plus-303-suv-y-4x4-automatico-2019-128246,"Volvo XC60
        T8 Twin Business Plus",29290,27890.0,2019,89.912 km,390 CV,Automático,Híbrido enchufable,4x4,230km/h,"4,69m","1,90m","1,66m",2.349kg,70l
https://www.clicars.com/coches-segunda-mano-ocasion/comprar-peugeot-2008-2008-hybrid-136-allure-edcs6-136-suv-y-4x4-automatico-2025-127553,"Peugeot 2008
        Hybrid 136 Allure eDCS6",20790,18890.0,2025,17.931 km,136 CV,Automático,Mild hybrid,Delantera,206km/h,"4,30m","1,82m","1,52m",1.297kg,44l
https://www.clicars.com/coches-segunda-mano-ocasion/comprar-jeep-renegade-renegade-1-5-mhev-limited-130-suv-y-4x4-automatico-2024-128844,"Jeep Renegade
        1.5 MHEV Limited",22990,20890.0,2024,22.010 km,130 CV,Automático,Mild hybrid,Delantera,188km/h,"4,24m","1,81m","1,68m",1.420kg,48l
https://www.clicars.com/coches-segunda-mano-ocasion/comprar-citroen-c4-c4-1-2-puretech-max-s-and-s-130-aut-130-compacto-automatico-2025-128835,"Citroen C4
        1.2 PureTech Max S&S 130 Aut.",19490,17690.0,2025,16.102 km,130 CV,Automático,Gasolina,Delantera,210km/h,"4,35m","1,83m","1,52m",1.322kg,50l
https://www.clicars.com/coches-segunda-mano-ocasion/comprar-renault-kadjar-kadjar-1-5dci-blue-limited-edc-85kw-115-suv-y-4x4-automatico-2021-129252,"Renault Kadjar
        1.5dCi Blue Limited EDC",16490,14990.0,2021,118.464 km,115 CV,Automático,Diésel,Delantera,189km/h,"4,49m","1,84m","1,61m",1.547kg,55l
https://www.clicars.com/coches-segunda-mano-ocasion/comprar-volkswagen-golf-golf-1-4-tsi-advance-92kw-125-compacto-manual-2018-126765,"Volkswagen Golf
        1.4 TSI Advance",16990,16190.0,2018,80.696 km,125 CV,Manual,Gasolina,Delantera,204km/h,"4,26m","1,79m","1,49m",1.246kg,50l
https://www.clicars.com/coches-segunda-mano-ocasion/comprar-jeep-avenger-avenger-1-2-ehybrid-altitude-74kw-100-suv-y-4x4-automatico-2025-128845,"Jeep Avenger
        1.2 Ehybrid Altitude",23990,21790.0,2025,19.446 km,100 CV,Automático,Mild hybrid,Delantera,184km/h,"4,08m","1,78m","1,54m",,44l
https://www.clicars.com/coches-segunda-mano-ocasion/comprar-opel-corsa-corsa-1-5d-dt-s-s-edition-100-102-compacto-manual-2021-127779,"Opel Corsa
        1.5D DT S/S Edition 100",9890,8990.0,2021,93.766 km,102 CV,Manual,Diésel,Delantera,188km/h,"4,06m","1,77m","1,44m",1.165kg,41l
https://www.clicars.com/coches-segunda-mano-ocasion/comprar-citroen-c4-c4-spacetourer-1-5bluehdi-feel-eat8-130-130-monovolumen-automatico-2018-128316,"Citroen C4
        Spacetourer 1.5BlueHDI Feel EAT8 130",13390,12790.0,2018,113.094 km,130 CV,Automático,Diésel,Delantera,198km/h,"4,44m","1,83m","1,61m",1.395kg,55l
https://www.clicars.com/coches-segunda-mano-ocasion/comprar-opel-crossland-crossland-1-2-s-and-s-gs-line-110-110-suv-y-4x4-manual-2022-128955,"Opel Crossland
        1.2 S&S GS Line 110",11690,10590.0,2022,92.928 km,110 CV,Manual,Gasolina,Delantera,187km/h,"4,22m","1,83m","1,61m",1.245kg,45l
https://www.clicars.com/coches-segunda-mano-ocasion/comprar-citroen-c4-c4-1-2-puretech-max-s-and-s-130-aut-130-compacto-automatico-2025-128838,"Citroen C4
        1.2 PureTech Max S&S 130 Aut.",18990,17290.0,2025,18.138 km,130 CV,Automático,Gasolina,Delantera,210km/h,"4,35m","1,83m","1,52m",1.322kg,50l
https://www.clicars.com/coches-segunda-mano-ocasion/comprar-citroen-c3-aircross-c3-aircross-puretech-s-and-s-plus-110-110-suv-y-4x4-manual-2024-128817,"Citroen C3 Aircross
        Puretech S&S Plus 110",13990,12690.0,2024,32.040 km,110 CV,Manual,Gasolina,Delantera,195km/h,"4,16m","1,82m","1,60m",1.179kg,45l
https://www.clicars.com/coches-segunda-mano-ocasion/comprar-lancia-ypsilon-ypsilon-ibrida-1-2-100-compacto-automatico-2025-129104,"Lancia Ypsilon
        Ibrida 1.2",19490,17690.0,2025,17.074 km,100 CV,Automático,Mild hybrid,Delantera,190km/h,"4,08m","1,76m","1,44m",1.207kg,44l
https://www.clicars.com/coches-segunda-mano-ocasion/comprar-mini-mini-mini-cooper-136-compacto-manual-2015-129421,"MINI Mini
        Cooper",10990,10490.0,2015,96.743 km,136 CV,Manual,Gasolina,Delantera,210km/h,"3,82m","1,73m","1,41m",1.085kg,40l
https://www.clicars.com/coches-segunda-mano-ocasion/comprar-citroen-c3-aircross-c3-aircross-bluehdi-s-and-s-feel-pack-110-110-suv-y-4x4-manual-2021-128346,"Citroen C3 Aircross
        BlueHDi S&S Feel Pack 110",11390,10390.0,2021,106.127 km,110 CV,Manual,Diésel,Delantera,184km/h,"4,16m","1,82m","1,60m",1.205kg,45l
https://www.clicars.com/coches-segunda-mano-ocasion/comprar-peugeot-208-208-1-2-s-and-s-allure-100-100-compacto-manual-2019-128280,"Peugeot 208
        1.2 S&S Allure 100",10390,9890.0,2019,105.653 km,100 CV,Manual,Gasolina,Delantera,188km/h,"4,06m","1,75m","1,43m",1.090kg,44l
https://www.clicars.com/coches-segunda-mano-ocasion/comprar-audi-a6-a6-40-tdi-s-tronic-sport-204-berlina-automatico-2019-126034,"Audi A6
        40 TDI S tronic Sport",31990,30490.0,2019,56.819 km,204 CV,Automático,Mild hybrid,Delantera,246km/h,"4,94m","1,89m","1,46m",1.720kg,63l
https://www.clicars.com/coches-segunda-mano-ocasion/comprar-volkswagen-id-4-id-4-pure-109kw-52kwh-149-suv-y-4x4-automatico-2021-128590,"Volkswagen ID.4
        Pure",20490,18590.0,2021,87.405 km,149 CV,Automático,Eléctrico,Trasera,160km/h,"4,58m","1,85m","1,61m",1.891kg,
https://www.clicars.com/coches-segunda-mano-ocasion/comprar-jeep-wrangler-wrangler-unlimited-2-8crd-jk-edition-aut-200-suv-y-4x4-automatico-2018-128861,"Jeep Wrangler
        Unlimited 2.8CRD JK Edition Aut.",38490,36690.0,2018,41.448 km,200 CV,Automático,Diésel,4x4,172km/h,"4,75m","1,88m","1,84m",2.073kg,85l
https://www.clicars.com/coches-segunda-mano-ocasion/comprar-mercedes-eqa-eqa-250-190-suv-y-4x4-automatico-2021-129149,"Mercedes EQA
        250",29990,27290.0,2021,58.135 km,190 CV,Automático,Eléctrico,Delantera,160km/h,"4,46m","1,83m","1,61m",2.040kg,
https://www.clicars.com/coches-segunda-mano-ocasion/comprar-bmw-serie-1-118da-business-150-compacto-automatico-2024-129160,"BMW Serie 1
        118dA Business",28690,26090.0,2024,19.141 km,150 CV,Automático,Diésel,Delantera,216km/h,"4,32m","1,80m","1,43m",1.430kg,42l
https://www.clicars.com/coches-segunda-mano-ocasion/comprar-audi-a6-a6-35-tdi-s-tronic-sport-163-berlina-automatico-2020-127379,"Audi A6
        35 TDI S tronic Sport",29990,28590.0,2020,51.370 km,163 CV,Automático,Mild hybrid,Delantera,224km/h,"4,94m","1,89m","1,46m",1.720kg,63l
https://www.clicars.com/coches-segunda-mano-ocasion/comprar-renault-austral-austral-1-2-e-tech-hibrido-evolution-146kw-131-suv-y-4x4-automatico-2024-129277,"Renault Austral
        1.2 E-Tech Híbrido Evolution",27490,24990.0,2024,26.762 km,200 CV,Automático,Híbrido,Delantera,175km/h,"4,51m","1,83m","1,62m",1.517kg,55l
https://www.clicars.com/coches-segunda-mano-ocasion/comprar-peugeot-308-308-1-6-hybrid-gt-pack-eat8-225-179-compacto-automatico-2022-129480,"Peugeot 308
        1.6 Hybrid GT Pack EAT8 225",22290,20290.0,2022,50.064 km,225 CV,Automático,Híbrido enchufable,Delantera,225km/h,"4,37m","1,85m","1,44m",1.633kg,53l
https://www.clicars.com/coches-segunda-mano-ocasion/comprar-ford-focus-focus-1-0-ecoboost-auto-s-and-s-st-line-125-125-compacto-manual-2017-129337,"Ford Focus
        1.0 Ecoboost Auto-S&S ST-Line 125",11390,10790.0,2017,98.507 km,125 CV,Manual,Gasolina,Delantera,-km/h,"4,36m","1,82m","1,48m",1.205kg,55l
https://www.clicars.com/coches-segunda-mano-ocasion/comprar-peugeot-508-508-1-6bluehdi-allure-120-120-berlina-manual-2016-129428,"Peugeot 508
        1.6BlueHDI Allure 120",11990,11390.0,2016,96.629 km,120 CV,Manual,Diésel,Delantera,202km/h,"4,83m","1,83m","1,46m",1.485kg,72l
https://www.clicars.com/coches-segunda-mano-ocasion/comprar-citroen-c5-aircross-c5-aircross-bluehdi-s-and-s-shine-130-130-suv-y-4x4-manual-2020-129445,"Citroen C5 Aircross
        BlueHDi S&S Shine 130",14990,14290.0,2020,106.664 km,130 CV,Manual,Diésel,Delantera,189km/h,"4,50m","1,97m","1,65m",1.505kg,53l
https://www.clicars.com/coches-segunda-mano-ocasion/comprar-nissan-qashqai-qashqai-1-3-dig-t-n-connecta-4x2-103kw-140-suv-y-4x4-manual-2020-129121,"Nissan Qashqai
        1.3 DIG-T N-Connecta 4x2",16590,15790.0,2020,68.622 km,140 CV,Manual,Gasolina,Delantera,193km/h,"4,39m","1,81m","1,59m",,55l
https://www.clicars.com/coches-segunda-mano-ocasion/comprar-mazda-mazda2-mazda2-1-5-e-skyactiv-g-exclusive-line-66kw-90-compacto-manual-2023-123193,"Mazda Mazda2
        1.5 e-Skyactiv G Exclusive-Line",16590,15090.0,2023,53.338 km,90 CV,Manual,Mild hybrid,Delantera,183km/h,"4,08m","1,70m","1,50m",,44l
https://www.clicars.com/coches-segunda-mano-ocasion/comprar-alfa-romeo-tonale-tonale-1-5-mhev-sprint-fwd-130-suv-y-4x4-automatico-2024-128365,"Alfa Romeo Tonale
        1.5 MHEV Sprint FWD",24990,22690.0,2024,18.285 km,130 CV,Automático,Mild hybrid,Delantera,195km/h,"4,53m","1,84m","1,60m",1.525kg,55l
https://www.clicars.com/coches-segunda-mano-ocasion/comprar-toyota-c-hr-c-hr-125h-active-98-suv-y-4x4-automatico-2021-129427,"Toyota C-HR
        125H Active",19990,18190.0,2021,120.336 km,122 CV,Automático,Híbrido,Delantera,170km/h,"4,40m","1,80m","1,56m",1.485kg,43l
https://www.clicars.com/coches-segunda-mano-ocasion/comprar-peugeot-2008-2008-1-2-puretech-s-and-s-allure-100-100-suv-y-4x4-manual-2022-129434,"Peugeot 2008
        1.2 PureTech S&S Allure 100",13990,12690.0,2022,49.286 km,100 CV,Manual,Gasolina,Delantera,188km/h,"4,30m","1,77m","1,53m",1.192kg,44l
https://www.clicars.com/coches-segunda-mano-ocasion/comprar-citroen-berlingo-berlingo-van-bluehdi-s-and-s-talla-m-control-75-75-furgoneta-manual-2020-128432,"Citroen Berlingo
        Van BlueHDi S&S Talla M Control 75",10990,9990.0,2020,110.881 km,75 CV,Manual,Diésel,Delantera,151km/h,"4,40m","2,11m","1,80m",1.551kg,60l
https://www.clicars.com/coches-segunda-mano-ocasion/comprar-peugeot-208-208-1-2-s-and-s-allure-100-100-compacto-manual-2025-127996,"Peugeot 208
        1.2 S&S Allure 100",15490,14090.0,2025,19.873 km,100 CV,Manual,Gasolina,Delantera,194km/h,"4,06m","1,75m","1,43m",1.090kg,40l
https://www.clicars.com/coches-segunda-mano-ocasion/comprar-citroen-c3-c3-1-2-puretech-s-and-s-feel-83-83-compacto-manual-2021-128354,"Citroen C3
        1.2 PureTech S&S Feel 83",9290,8490.0,2021,118.953 km,83 CV,Manual,Gasolina,Delantera,168km/h,"4,00m","1,75m","1,47m",1.055kg,42l
https://www.clicars.com/coches-segunda-mano-ocasion/comprar-renault-r5-renault-5-e-tech-iconic-cinq-autonomia-confort-110-kw-150-compacto-automatico-2025-128953,"Renault R5
        Renault 5 E-Tech Iconic cinq autonomía confort",27790,25290.0,2025,23.512 km,150 CV,Automático,Eléctrico,Delantera,150km/h,"3,92m","1,81m","1,50m",1.469kg,
https://www.clicars.com/coches-segunda-mano-ocasion/comprar-mazda-cx-5-cx-5-2-0-skyactiv-g-signature-2wd-aut-121kw-165-suv-y-4x4-automatico-2019-129493,"Mazda CX-5
        2.0 Skyactiv-G Signature 2WD Aut.",21490,20490.0,2019,69.490 km,165 CV,Automático,Gasolina,Delantera,201km/h,"4,55m","1,84m","1,68m",1.360kg,56l
https://www.clicars.com/coches-segunda-mano-ocasion/comprar-bmw-serie-1-118da-m-sport-150-compacto-automatico-2021-128294,"BMW Serie 1
        118dA M Sport",24290,22090.0,2021,70.616 km,150 CV,Automático,Diésel,Delantera,216km/h,"4,32m","1,80m","1,43m",1.430kg,42l
https://www.clicars.com/coches-segunda-mano-ocasion/comprar-peugeot-3008-suv-3008-hyb-phev-225-allure-pack-e-eat8-180-suv-y-4x4-automatico-2023-129549,"Peugeot 3008 SUV
        HYB PHEV 225 Allure Pack e-EAT8",22390,20390.0,2023,20.689 km,224 CV,Automático,Híbrido enchufable,Delantera,225km/h,"4,45m","1,84m","1,62m",,53l
https://www.clicars.com/coches-segunda-mano-ocasion/comprar-toyota-rav4-rav4-2-5-hybrid-2wd-advance-218-suv-y-4x4-automatico-2019-127371,"Toyota Rav4
        2.5 hybrid 2WD Advance",25690,24490.0,2019,130.168 km,218 CV,Automático,Híbrido,Delantera,180km/h,"4,60m","1,86m","1,69m",1.645kg,55l
https://www.clicars.com/coches-segunda-mano-ocasion/comprar-seat-leon-leon-1-5-tsi-s-and-s-style-130-130-compacto-manual-2020-125125,"SEAT León
        1.5 TSI S&S Style 130",15590,14190.0,2020,117.528 km,130 CV,Manual,Gasolina,Delantera,208km/h,"4,37m","1,80m","1,46m",,45l
https://www.clicars.com/coches-segunda-mano-ocasion/comprar-kia-sportage-sportage-1-6-gdi-x-tech18-4x2-132-suv-y-4x4-manual-2018-128493,"Kia Sportage
        1.6 GDi x-Tech18 4x2",14990,14290.0,2018,76.272 km,132 CV,Manual,Gasolina,Delantera,182km/h,"4,48m","1,86m","1,64m",1.379kg,62l
https://www.clicars.com/coches-segunda-mano-ocasion/comprar-peugeot-208-208-1-2-s-and-s-allure-100-100-compacto-manual-2024-128390,"Peugeot 208
        1.2 S&S Allure 100",13990,12690.0,2024,21.846 km,100 CV,Manual,Gasolina,Delantera,194km/h,"4,06m","1,75m","1,43m",1.090kg,40l
https://www.clicars.com/coches-segunda-mano-ocasion/comprar-toyota-c-hr-c-hr-125h-advance-98-suv-y-4x4-automatico-2018-128848,"Toyota C-HR
        125H Advance",17690,16890.0,2018,128.517 km,122 CV,Automático,Híbrido,Delantera,170km/h,"4,36m","1,80m","1,56m",1.420kg,43l
https://www.clicars.com/coches-segunda-mano-ocasion/comprar-fiat-500l-500l-1-3mjt-ii-s-and-s-pop-star-85-85-monovolumen-manual-2014-128914,"Fiat 500L
        1.3Mjt II S&S Pop Star 85",8290,7890.0,2014,91.646 km,85 CV,Manual,Diésel,Delantera,165km/h,"4,15m","1,78m","1,67m",1.315kg,50l
https://www.clicars.com/coches-segunda-mano-ocasion/comprar-kia-picanto-picanto-1-0-dpi-concept-67-compacto-manual-2024-128204,"Kia Picanto
        1.0 DPi Concept",11690,10590.0,2022,18.457 km,67 CV,Manual,Gasolina,Delantera,161km/h,"3,60m","1,60m","1,49m",978kg,35l
https://www.clicars.com/coches-segunda-mano-ocasion/comprar-volkswagen-golf-golf-1-4-tsi-advance-dsg7-92kw-125-compacto-automatico-2018-129324,"Volkswagen Golf
        1.4 TSI Advance DSG7",15990,15190.0,2018,101.197 km,125 CV,Automático,Gasolina,Delantera,204km/h,"4,26m","1,79m","1,49m",1.270kg,50l
https://www.clicars.com/coches-segunda-mano-ocasion/comprar-peugeot-308-308-1-2-puretech-s-and-s-style-eat6-130-130-compacto-automatico-2016-128178,"Peugeot 308
        1.2 PureTech S&S Style EAT6 130",9690,9190.0,2016,104.247 km,130 CV,Automático,Gasolina,Delantera,206km/h,"4,25m","1,80m","1,46m",1.225kg,53l
https://www.clicars.com/coches-segunda-mano-ocasion/comprar-peugeot-partner-partner-furgon-electric-confort-l1-67-furgoneta-manual-2020-128596,"Peugeot Partner
        Furgón Electric Confort L1",12990,11790.0,2020,54.895 km,67 CV,Automático,Eléctrico,Delantera,110km/h,"4,38m","1,81m","1,80m",1.530kg,
https://www.clicars.com/coches-segunda-mano-ocasion/comprar-kia-sorento-sorento-1-6-t-gdi-hev-drive-4x2-180-suv-y-4x4-automatico-2023-128749,"Kia Sorento
        1.6 T-GDi HEV Drive 4x2",34990,33290.0,2023,66.831 km,233 CV,Automático,Híbrido,Delantera,193km/h,"4,81m","1,90m","1,70m",1.783kg,67l
https://www.clicars.com/coches-segunda-mano-ocasion/comprar-ds-ds-7-crossback-ds-7-crossback-e-tense-performance-line-plus-aut-4x4-200-suv-y-4x4-automatico-2021-128350,"DS DS 7 Crossback
        E-Tense Performance Line + Aut. 4x4",23490,21390.0,2021,57.974 km,299 CV,Automático,Híbrido enchufable,4x4,235km/h,"4,60m","1,90m","1,63m",1.825kg,43l
https://www.clicars.com/coches-segunda-mano-ocasion/comprar-audi-q5-q5-sportback-40-tdi-quattro-ultra-s-line-s-tronic-150kw-204-suv-y-4x4-automatico-2022-128610,"Audi Q5
        Sportback 40 TDI quattro-ultra S line S tronic",39290,37390.0,2022,128.224 km,204 CV,Automático,Mild hybrid,4x4,222km/h,"4,69m","1,89m","1,66m",1.900kg,65l
https://www.clicars.com/coches-segunda-mano-ocasion/comprar-fiat-doblo-doblo-combi-1-3mjt-sx-70kw-n1-95-furgoneta-manual-2020-128744,"Fiat Doblò
        Doblò Combi 1.3Mjt SX N1",11990,10890.0,2020,109.720 km,95 CV,Manual,Diésel,Delantera,145km/h,"4,41m","1,83m","1,85m",1.434kg,60l
https://www.clicars.com/coches-segunda-mano-ocasion/comprar-mercedes-clase-c-c-220d-9g-tronic-0-0-194-berlina-automatico-2020-127701,"Mercedes Clase C
        C 220d 9G-Tronic (0.0)",28990,26390.0,2020,64.446 km,194 CV,Automático,Diésel,Trasera,240km/h,"4,69m","1,81m","1,44m",1.585kg,66l
https://www.clicars.com/coches-segunda-mano-ocasion/comprar-skoda-karoq-karoq-2-0tdi-adblue-ambition-4x4-dsg-110kw-150-suv-y-4x4-automatico-2022-127775,"Skoda Karoq
        2.0TDI AdBlue Ambition 4x4 DSG",22490,20490.0,2022,90.627 km,150 CV,Automático,Diésel,4x4,196km/h,"4,39m","1,84m","1,54m",1.486kg,50l
https://www.clicars.com/coches-segunda-mano-ocasion/comprar-peugeot-208-208-1-5-bluehdi-s-and-s-active-100-100-compacto-manual-2021-127988,"Peugeot 208
        1.5 BlueHDi S&S Active 100",10490,9490.0,2021,123.593 km,100 CV,Manual,Diésel,Delantera,188km/h,"4,06m","1,75m","1,43m",1.090kg,41l
https://www.clicars.com/coches-segunda-mano-ocasion/comprar-audi-a3-a3-sportback-30-tfsi-s-line-s-tronic-85kw-116-compacto-automatico-2019-129168,"Audi A3
        Sportback 30 TFSI S Line S tronic",20490,19490.0,2019,74.634 km,116 CV,Automático,Gasolina,Delantera,206km/h,"4,31m","1,79m","1,43m",1.200kg,50l
https://www.clicars.com/coches-segunda-mano-ocasion/comprar-citroen-c4-x-c4-x-1-2-puretech-plus-s-and-s-eat8-130-130-compacto-automatico-2024-128852,"Citroen C4 X
        1.2 PureTech Plus S&S EAT8 130",16390,14890.0,2024,41.000 km,130 CV,Automático,Gasolina,Delantera,210km/h,"4,60m","1,80m","1,52m",,50l
https://www.clicars.com/coches-segunda-mano-ocasion/comprar-opel-corsa-corsa-1-2t-xhl-s-s-gs-100-100-compacto-manual-2024-127624,"Opel Corsa
        1.2T XHL S/S GS 100",13490,12290.0,2024,43.369 km,100 CV,Manual,Gasolina,Delantera,194km/h,"4,06m","1,77m","1,43m",1.180kg,44l
https://www.clicars.com/coches-segunda-mano-ocasion/comprar-renault-express-express-1-5-blue-dci-confort-70kw-95-furgoneta-manual-2022-128747,"Renault Express
        1.5 Blue dCi Confort",13490,12290.0,2022,67.005 km,95 CV,Manual,Diésel,Delantera,161km/h,"4,39m","1,78m","1,81m",1.304kg,50l
https://www.clicars.com/coches-segunda-mano-ocasion/comprar-renault-clio-clio-tce-energy-glp-business-66kw-90-compacto-manual-2020-129033,"Renault Clio
        TCe Energy GLP Business",11890,11290.0,2020,53.100 km,90 CV,Manual,Glp,Delantera,167km/h,"4,06m","1,73m","1,45m",1.082kg,45l
https://www.clicars.com/coches-segunda-mano-ocasion/comprar-peugeot-2008-2008-1-2-puretech-s-and-s-active-pack-100-100-suv-y-4x4-manual-2021-126963,"Peugeot 2008
        1.2 PureTech S&S Active Pack 100",12990,11790.0,2021,90.183 km,100 CV,Manual,Gasolina,Delantera,188km/h,"4,30m","1,77m","1,53m",1.192kg,44l
https://www.clicars.com/coches-segunda-mano-ocasion/comprar-mercedes-clase-cla-cla-shooting-brake-200d-7g-dct-136-familiar-automatico-2017-129129,"Mercedes Clase CLA
        CLA Shooting Brake 200d 7G-DCT",20990,19990.0,2017,68.580 km,136 CV,Automático,Diésel,Delantera,215km/h,"4,64m","1,78m","1,44m",1.555kg,50l
https://www.clicars.com/coches-segunda-mano-ocasion/comprar-seat-leon-leon-1-4-tsi-s-and-s-style-125-125-compacto-manual-2016-128964,"SEAT León
        1.4 TSI S&S Style 125",12490,11890.0,2016,95.420 km,125 CV,Manual,Gasolina,Delantera,203km/h,"4,28m","1,82m","1,46m",1.233kg,50l
https://www.clicars.com/coches-segunda-mano-ocasion/comprar-citroen-c4-c4-1-2-puretech-feel-pack-s-and-s-130-130-compacto-manual-2021-128228,"Citroen C4
        1.2 PureTech Feel Pack S&S 130",15990,14590.0,2021,65.331 km,130 CV,Manual,Gasolina,Delantera,210km/h,"4,36m","1,83m","1,52m",1.322kg,60l
https://www.clicars.com/coches-segunda-mano-ocasion/comprar-peugeot-308-308-sw-1-2-puretech-s-and-s-allure-pack-eat8-130-130-familiar-automatico-2023-129422,"Peugeot 308
        SW 1.2 PureTech S&S Allure Pack EAT8 130",17490,15890.0,2023,41.561 km,130 CV,Automático,Gasolina,Delantera,210km/h,"4,64m","1,85m","1,44m",,53l
https://www.clicars.com/coches-segunda-mano-ocasion/comprar-subaru-forester-forester-2-0i-hybrid-executive-plus-cvt-150-suv-y-4x4-automatico-2020-127880,"Subaru Forester
        2.0i Hybrid Executive Plus CVT",20890,19890.0,2020,128.842 km,150 CV,Automático,Híbrido,4x4,192km/h,"4,63m","1,82m","1,73m",1.502kg,60l
https://www.clicars.com/coches-segunda-mano-ocasion/comprar-seat-leon-leon-1-4-tgi-gnc-s-and-s-style-110-110-compacto-manual-2018-128536,"SEAT León
        1.4 TGI GNC S&S Style 110",11490,10890.0,2018,130.286 km,110 CV,Manual,Gnc,Delantera,194km/h,"4,28m","1,82m","1,46m",1.359kg,50l
https://www.clicars.com/coches-segunda-mano-ocasion/comprar-citroen-c3-aircross-c3-aircross-bluehdi-shine-120-120-suv-y-4x4-manual-2018-128965,"Citroen C3 Aircross
        BlueHDi Shine 120",11990,11390.0,2018,70.219 km,120 CV,Manual,Diésel,Delantera,183km/h,"4,15m","1,82m","1,60m",1.233kg,45l
https://www.clicars.com/coches-segunda-mano-ocasion/comprar-kia-picanto-picanto-1-0-cvvteco-dynamics-concept-67-compacto-manual-2019-128920,"Kia Picanto
        1.0 CVVTEco-Dynamics Concept",8990,8590.0,2019,59.186 km,67 CV,Manual,Gasolina,Delantera,161km/h,"3,60m","1,60m","1,49m",860kg,35l
https://www.clicars.com/coches-segunda-mano-ocasion/comprar-volkswagen-t-roc-t-roc-1-5-tsi-sport-150-suv-y-4x4-manual-2021-126029,"Volkswagen T-Roc
        1.5 TSI Sport",20990,19090.0,2022,112.794 km,150 CV,Manual,Gasolina,Delantera,205km/h,"4,23m","1,82m","1,57m",1.330kg,50l
https://www.clicars.com/coches-segunda-mano-ocasion/comprar-mini-mini-mini-cooper-136-compacto-manual-2021-128636,"MINI Mini
        Cooper",18490,16790.0,2021,81.428 km,136 CV,Manual,Gasolina,Delantera,207km/h,"4,02m","1,73m","1,43m",1.200kg,40l
https://www.clicars.com/coches-segunda-mano-ocasion/comprar-peugeot-3008-3008-1-6-bluehdi-style-120-121-monovolumen-manual-2016-128644,"Peugeot 3008
        1.6 BlueHDi Style 120",9690,9190.0,2016,117.429 km,121 CV,Manual,Diésel,Delantera,183km/h,"4,37m","1,84m","1,63m",1.420kg,60l
https://www.clicars.com/coches-segunda-mano-ocasion/comprar-nissan-juke-juke-1-5dci-acenta-4x2-110-suv-y-4x4-manual-2018-128508,"Nissan Juke
        1.5dCi Acenta 4x2",10990,10490.0,2018,120.100 km,110 CV,Manual,Diésel,Delantera,175km/h,"4,14m","1,77m","1,57m",1.305kg,46l
https://www.clicars.com/coches-segunda-mano-ocasion/comprar-peugeot-3008-suv-3008-1-5bluehdi-allure-pack-s-and-s-eat8-130-130-suv-y-4x4-automatico-2023-128470,"Peugeot 3008 SUV
        1.5BlueHDi Allure Pack S&S EAT8 130",21990,19990.0,2023,34.240 km,130 CV,Automático,Diésel,Delantera,189km/h,"4,45m","1,84m","1,62m",,53l
https://www.clicars.com/coches-segunda-mano-ocasion/comprar-bmw-x4-x4-xdrive-20da-xline-m-sport-163-suv-y-4x4-automatico-2024-128949,"BMW X4
        xDrive 20dA xLine M Sport",51490,48990.0,2024,38.883 km,190 CV,Automático,Mild hybrid,4x4,205km/h,"4,75m","1,92m","1,62m",1.870kg,68l
https://www.clicars.com/coches-segunda-mano-ocasion/comprar-bmw-x2-x2-sdrive-20ia-m-sport-150-suv-y-4x4-automatico-2024-128457,"BMW X2
        sDrive 20iA M Sport",40990,38990.0,2024,23.711 km,170 CV,Automático,Mild hybrid,Delantera,213km/h,"4,55m","1,85m","1,59m",1.570kg,45l
https://www.clicars.com/coches-segunda-mano-ocasion/comprar-mercedes-clase-glc-glc-200d-4matic-9g-tronic-163-suv-y-4x4-automatico-2020-129279,"Mercedes Clase GLC
        GLC 200d 4Matic 9G-Tronic",34390,32790.0,2020,73.291 km,163 CV,Automático,Diésel,4x4,205km/h,"4,66m","1,89m","1,64m",1.835kg,66l
https://www.clicars.com/coches-segunda-mano-ocasion/comprar-citroen-c3-c3-1-2-puretech-live-edition-82-82-compacto-manual-2016-128488,"Citroen C3
        1.2 PureTech Live Edition 82",7290,6890.0,2016,99.600 km,82 CV,Manual,Gasolina,Delantera,174km/h,"3,94m","1,73m","1,52m",980kg,50l
https://www.clicars.com/coches-segunda-mano-ocasion/comprar-peugeot-5008-suv-5008-1-2-puretech-s-and-s-gt-line-130-130-suv-y-4x4-manual-2020-128677,"Peugeot 5008 SUV
        1.2 PureTech S&S GT Line 130",16990,15490.0,2020,82.667 km,130 CV,Manual,Gasolina,Delantera,188km/h,"4,64m","1,84m","1,65m",1.385kg,56l
https://www.clicars.com/coches-segunda-mano-ocasion/comprar-renault-clio-clio-tce-energy-glp-business-66kw-90-compacto-manual-2019-128743,"Renault Clio
        TCe Energy GLP Business",10990,10490.0,2019,85.391 km,90 CV,Manual,Glp,Delantera,167km/h,"4,06m","1,73m","1,45m",1.082kg,45l
https://www.clicars.com/coches-segunda-mano-ocasion/comprar-volvo-xc40-xc40-t3-momentum-aut-163-suv-y-4x4-automatico-2019-129285,"Volvo XC40
        T3 Momentum Aut.",19990,18990.0,2019,130.191 km,163 CV,Automático,Gasolina,Delantera,200km/h,"4,43m","1,86m","1,65m",1.568kg,54l
https://www.clicars.com/coches-segunda-mano-ocasion/comprar-jeep-renegade-renegade-1-5-mhev-longitude-130-suv-y-4x4-automatico-2023-127807,"Jeep Renegade
        1.5 MHEV Longitude",18990,17290.0,2023,19.816 km,130 CV,Automático,Mild hybrid,Delantera,188km/h,"4,24m","1,81m","1,68m",1.420kg,48l
https://www.clicars.com/coches-segunda-mano-ocasion/comprar-toyota-proace-city-proace-city-combi-l1-1-5d-gx-100-100-furgoneta-manual-2021-129073,"Toyota Proace City
        Combi L1 1.5D GX 100",14590,13290.0,2021,113.948 km,100 CV,Manual,Diésel,Delantera,172km/h,"4,40m","1,85m","1,88m",1.487kg,60l
https://www.clicars.com/coches-segunda-mano-ocasion/comprar-audi-tt-tt-coupe-2-0-tfsi-s-tronic-230-coupe-automatico-2018-129058,"Audi TT
        Coupé 2.0 TFSI S-Tronic",27990,26690.0,2018,88.494 km,230 CV,Automático,Gasolina,Delantera,250km/h,"4,18m","1,83m","1,35m",1.335kg,50l
https://www.clicars.com/coches-segunda-mano-ocasion/comprar-volkswagen-t-roc-t-roc-1-5-tsi-advance-dsg7-150-suv-y-4x4-automatico-2020-127854,"Volkswagen T-Roc
        1.5 TSI Advance DSG7",18590,16890.0,2020,106.207 km,150 CV,Automático,Gasolina,Delantera,205km/h,"4,23m","1,82m","1,57m",1.330kg,50l
https://www.clicars.com/coches-segunda-mano-ocasion/comprar-fiat-doblo-doblo-cargo-1-3mjt-base-plus-70kw-95-furgoneta-manual-2021-128875,"Fiat Doblò
        Doblò Cargo 1.3Mjt Base Plus",10990,9990.0,2021,68.021 km,95 CV,Manual,Diésel,Delantera,158km/h,"4,41m","1,83m","1,85m",1.320kg,60l
https://www.clicars.com/coches-segunda-mano-ocasion/comprar-ford-kuga-kuga-2-5-duratec-phev-titanium-4x2-225-suv-y-4x4-automatico-2022-126509,"Ford Kuga
        2.5 Duratec PHEV Titanium 4x2",21990,19990.0,2022,43.503 km,225 CV,Automático,Híbrido enchufable,Delantera,200km/h,"4,61m","1,88m","1,68m",1.773kg,45l
https://www.clicars.com/coches-segunda-mano-ocasion/comprar-citroen-c3-c3-1-5bluehdi-s-and-s-shine-100-100-compacto-manual-2022-128145,"Citroen C3
        1.5BlueHDi S&S Shine 100",13490,12290.0,2022,24.962 km,100 CV,Manual,Diésel,Delantera,185km/h,"4,00m","1,75m","1,47m",1.165kg,42l
https://www.clicars.com/coches-segunda-mano-ocasion/comprar-seat-arona-arona-1-0-tgi-s-and-s-reference-90-90-suv-y-4x4-manual-2019-129023,"SEAT Arona
        1.0 TGI S&S Reference 90",12490,11890.0,2019,80.179 km,90 CV,Manual,Gnc,Delantera,178km/h,"4,14m","1,78m","1,55m",1.305kg,40l
https://www.clicars.com/coches-segunda-mano-ocasion/comprar-renault-captur-captur-tce-energy-zen-66kw-90-suv-y-4x4-manual-2019-129098,"Renault Captur
        TCe Energy Zen",13990,13290.0,2019,44.386 km,90 CV,Manual,Gasolina,Delantera,171km/h,"4,12m","1,78m","1,57m",1.173kg,45l
https://www.clicars.com/coches-segunda-mano-ocasion/comprar-dacia-spring-spring-electric-comfort-45-33kw-45-suv-y-4x4-automatico-2022-128635,"Dacia Spring
        Electric Comfort 45",10990,9990.0,2022,28.485 km,45 CV,Automático,Eléctrico,Delantera,125km/h,"3,73m","1,58m","1,52m",,
https://www.clicars.com/coches-segunda-mano-ocasion/comprar-mercedes-clase-glc-glc-220d-4matic-aut-170-suv-y-4x4-automatico-2016-128790,"Mercedes Clase GLC
        GLC 220d 4Matic Aut.",24590,23390.0,2016,138.578 km,170 CV,Automático,Diésel,4x4,210km/h,"4,66m","1,89m","1,64m",1.845kg,57l
https://www.clicars.com/coches-segunda-mano-ocasion/comprar-citroen-c3-aircross-c3-aircross-bluehdi-s-and-s-feel-110-110-suv-y-4x4-manual-2022-128344,"Citroen C3 Aircross
        BlueHDi S&S Feel 110",11990,10890.0,2022,80.125 km,110 CV,Manual,Diésel,Delantera,184km/h,"4,16m","1,82m","1,60m",1.205kg,45l
https://www.clicars.com/coches-segunda-mano-ocasion/comprar-skoda-fabia-fabia-1-0-mpi-urban-44kw-60-compacto-manual-2020-128437,"Skoda Fabia
        1.0 MPI Urban",10690,10190.0,2020,41.486 km,60 CV,Manual,Gasolina,Delantera,160km/h,"4,00m","1,73m","1,47m",1.055kg,45l
https://www.clicars.com/coches-segunda-mano-ocasion/comprar-peugeot-208-208-1-2-s-and-s-allure-100-100-compacto-manual-2023-129056,"Peugeot 208
        1.2 S&S Allure 100",12290,11190.0,2023,61.009 km,100 CV,Manual,Gasolina,Delantera,188km/h,"4,06m","1,75m","1,43m",1.090kg,44l
https://www.clicars.com/coches-segunda-mano-ocasion/comprar-citroen-c5-aircross-c5-aircross-puretech-s-and-s-plus-130-130-suv-y-4x4-manual-2024-127999,"Citroen C5 Aircross
        PureTech S&S Plus 130",17690,16090.0,2024,14.741 km,130 CV,Manual,Gasolina,Delantera,195km/h,"4,50m","1,97m","1,65m",,53l
https://www.clicars.com/coches-segunda-mano-ocasion/comprar-dacia-sandero-sandero-1-5dci-stepway-90-90-compacto-manual-2013-128870,"Dacia Sandero
        1.5dCi Stepway 90",8290,7890.0,2013,117.014 km,90 CV,Manual,Diésel,Delantera,167km/h,"4,08m","1,73m","1,52m",1.033kg,50l
https://www.clicars.com/coches-segunda-mano-ocasion/comprar-volvo-v40-v40-d2-momentum-120-120-compacto-manual-2018-128876,"Volvo V40
        D2 Momentum 120",13990,13290.0,2018,83.718 km,120 CV,Manual,Diésel,Delantera,190km/h,"4,37m","1,80m","1,42m",1.423kg,62l
https://www.clicars.com/coches-segunda-mano-ocasion/comprar-audi-a3-a3-sb-2-0tdi-cd-advanced-s-t-150-4-75-150-compacto-automatico-2016-128967,"Audi A3
        SB 2.0TDI CD Advanced S-T 150 (4.75)",15990,15190.0,2016,129.317 km,150 CV,Automático,Diésel,Delantera,213km/h,"4,31m","1,79m","1,43m",1.395kg,50l
https://www.clicars.com/coches-segunda-mano-ocasion/comprar-ds-ds-7-crossback-ds-7-crossback-e-tense-ligne-noire-aut-4x2-225-suv-y-4x4-automatico-2022-122314,"DS DS 7 Crossback
        E-Tense Ligne Noire Aut. 4x2",22490,20490.0,2022,75.674 km,225 CV,Automático,Híbrido enchufable,Delantera,212km/h,"4,60m","1,90m","1,63m",1.760kg,43l
https://www.clicars.com/coches-segunda-mano-ocasion/comprar-renault-kadjar-kadjar-1-5dci-blue-zen-85kw-115-suv-y-4x4-manual-2019-128285,"Renault Kadjar
        1.5dCi Blue Zen",13990,13290.0,2019,109.897 km,115 CV,Manual,Diésel,Delantera,189km/h,"4,49m","1,84m","1,61m",1.531kg,55l
https://www.clicars.com/coches-segunda-mano-ocasion/comprar-mini-mini-mini-one-d-95-compacto-manual-2018-126378,"MINI Mini
        One D",12490,11890.0,2018,138.475 km,95 CV,Manual,Diésel,Delantera,187km/h,"3,98m","1,73m","1,43m",1.205kg,44l
https://www.clicars.com/coches-segunda-mano-ocasion/comprar-mercedes-clase-glc-glc-300d-4matic-9g-tronic-245-suv-y-4x4-automatico-2020-128096,"Mercedes Clase GLC
        GLC 300d 4Matic 9G-Tronic",38990,37090.0,2020,75.366 km,245 CV,Automático,Diésel,4x4,231km/h,"4,66m","1,89m","1,64m",1.845kg,66l
https://www.clicars.com/coches-segunda-mano-ocasion/comprar-volkswagen-t-cross-t-cross-1-0-tsi-advance-81kw-110-suv-y-4x4-manual-2022-128091,"Volkswagen T-Cross
        1.0 TSI Advance",15990,14590.0,2022,90.319 km,110 CV,Manual,Gasolina,Delantera,189km/h,"4,11m","1,78m","1,56m",1.277kg,40l
https://www.clicars.com/coches-segunda-mano-ocasion/comprar-opel-mokka-mokka-1-2t-s-and-s-ultimate-136-136-suv-y-4x4-manual-2024-127636,"Opel Mokka
        1.2T S&S Ultimate 136",16790,15290.0,2024,29.966 km,136 CV,Manual,Gasolina,Delantera,202km/h,"4,15m","1,79m","1,53m",1.275kg,44l
https://www.clicars.com/coches-segunda-mano-ocasion/comprar-citroen-c3-c3-origin-1-5bluehdi-s-and-s-plus-100-100-compacto-manual-2024-128818,"Citroen C3
        Origin 1.5BlueHDi S&S Plus 100",14890,13590.0,2024,16.141 km,100 CV,Manual,Diésel,Delantera,185km/h,"4,00m","1,75m","1,47m",1.165kg,42l
https://www.clicars.com/coches-segunda-mano-ocasion/comprar-bmw-serie-1-116d-116-compacto-manual-2018-128805,"BMW Serie 1
        116d",13490,12790.0,2018,146.153 km,116 CV,Manual,Diésel,Trasera,200km/h,"4,33m","1,77m","1,42m",1.365kg,52l
https://www.clicars.com/coches-segunda-mano-ocasion/comprar-volkswagen-t-roc-t-roc-2-0tdi-edition-85kw-115-suv-y-4x4-manual-2021-128093,"Volkswagen T-Roc
        2.0TDI Edition",17490,15890.0,2021,102.535 km,115 CV,Manual,Diésel,Delantera,187km/h,"4,23m","1,82m","1,57m",1.395kg,55l
https://www.clicars.com/coches-segunda-mano-ocasion/comprar-ford-puma-puma-1-0-ecoboost-mhev-st-line-125-125-suv-y-4x4-manual-2021-128084,"Ford Puma
        1.0 EcoBoost MHEV ST-Line 125",16990,15490.0,2021,38.795 km,125 CV,Manual,Mild hybrid,Delantera,191km/h,"4,21m","1,81m","1,53m",1.280kg,42l
https://www.clicars.com/coches-segunda-mano-ocasion/comprar-mg-zs-suv-zs-1-5-vti-tech-luxury-78kw-106-suv-y-4x4-manual-2022-128465,"MG ZS SUV
        1.5 VTi-Tech Luxury",14490,13190.0,2022,56.716 km,106 CV,Manual,Gasolina,Delantera,175km/h,"4,32m","1,81m","1,64m",,48l
https://www.clicars.com/coches-segunda-mano-ocasion/comprar-nissan-qashqai-qashqai-1-5dci-360-4x2-110-suv-y-4x4-manual-2015-128740,"Nissan Qashqai
        1.5dCi 360 4x2",13490,12790.0,2015,89.939 km,110 CV,Manual,Diésel,Delantera,182km/h,"4,38m","1,81m","1,59m",1.365kg,55l
https://www.clicars.com/coches-segunda-mano-ocasion/comprar-ford-kuga-kuga-2-5-duratec-phev-titanium-4x2-225-suv-y-4x4-automatico-2022-126508,"Ford Kuga
        2.5 Duratec PHEV Titanium 4x2",21490,19590.0,2022,40.743 km,225 CV,Automático,Híbrido enchufable,Delantera,200km/h,"4,61m","1,88m","1,68m",1.773kg,45l
https://www.clicars.com/coches-segunda-mano-ocasion/comprar-volkswagen-tiguan-tiguan-2-0tdi-sport-dsg-110kw-150-suv-y-4x4-automatico-2018-128557,"Volkswagen Tiguan
        2.0TDI Sport DSG",21990,20890.0,2018,140.442 km,150 CV,Automático,Diésel,Delantera,202km/h,"4,49m","1,84m","1,63m",1.615kg,58l
https://www.clicars.com/coches-segunda-mano-ocasion/comprar-audi-a1-a1-sportback-25-tfsi-95-compacto-manual-2022-128773,"Audi A1
        Sportback 25 TFSI",16990,15490.0,2022,77.195 km,95 CV,Manual,Gasolina,Delantera,191km/h,"4,03m","1,74m","1,43m",1.165kg,40l
https://www.clicars.com/coches-segunda-mano-ocasion/comprar-peugeot-5008-suv-5008-1-5bluehdi-s-and-s-allure-130-130-suv-y-4x4-manual-2020-125962,"Peugeot 5008 SUV
        1.5BlueHDi S&S Allure 130",17990,16390.0,2020,111.484 km,130 CV,Manual,Diésel,Delantera,191km/h,"4,64m","1,84m","1,65m",1.430kg,56l
https://www.clicars.com/coches-segunda-mano-ocasion/comprar-renault-austral-austral-1-3-tce-mild-hybrid-techno-esprit-alpine-cvt-116kw-160-suv-y-4x4-automatico-2024-126265,"Renault Austral
        1.3 TCe Mild Hybrid Techno Esprit Alpine CVT",25490,23190.0,2024,87.858 km,160 CV,Automático,Mild hybrid,Delantera,175km/h,"4,51m","1,83m","1,62m",1.464kg,55l
https://www.clicars.com/coches-segunda-mano-ocasion/comprar-opel-crossland-crossland-x-1-2t-s-and-s-edition-110-110-suv-y-4x4-manual-2020-127486,"Opel Crossland
        X 1.2T S&S Edition 110",9890,8990.0,2020,107.035 km,110 CV,Manual,Gasolina,Delantera,187km/h,"4,21m","1,77m","1,61m",1.159kg,45l
https://www.clicars.com/coches-segunda-mano-ocasion/comprar-citroen-berlingo-b-multispace-1-2-puretech-s-and-s-20-aniversario-110-110-furgoneta-manual-2018-127813,"Citroen Berlingo
        B. Multispace 1.2 PureTech S&S 20 Aniversario 110",11490,10890.0,2018,130.809 km,110 CV,Manual,Gasolina,Delantera,180km/h,"4,38m","1,81m","1,80m",1.320kg,60l
https://www.clicars.com/coches-segunda-mano-ocasion/comprar-alfa-romeo-junior-junior-ibrida-1-2-107kw-edct6-136-suv-y-4x4-automatico-2025-128481,"Alfa Romeo Junior
        Ibrida 1.2 eDCT6",23490,21390.0,2025,14.265 km,145 CV,Automático,Mild hybrid,Delantera,206km/h,"4,17m","1,78m","1,54m",1.305kg,44l
https://www.clicars.com/coches-segunda-mano-ocasion/comprar-citroen-c5-aircross-c5-aircross-bluehdi-s-and-s-plus-eat8-130-130-suv-y-4x4-automatico-2025-127576,"Citroen C5 Aircross
        BlueHDi S&S Plus EAT8 130",21490,19590.0,2025,29.006 km,130 CV,Automático,Diésel,Delantera,189km/h,"4,50m","1,97m","1,65m",,53l
https://www.clicars.com/coches-segunda-mano-ocasion/comprar-citroen-c5-aircross-c5-aircross-puretech-s-and-s-plus-130-130-suv-y-4x4-manual-2024-127998,"Citroen C5 Aircross
        PureTech S&S Plus 130",17290,15690.0,2024,19.742 km,130 CV,Manual,Gasolina,Delantera,195km/h,"4,50m","1,97m","1,65m",,53l
https://www.clicars.com/coches-segunda-mano-ocasion/comprar-fiat-500-500-1-2-lounge-69-compacto-manual-2015-126808,"Fiat 500
        1.2 Lounge",7390,6990.0,2015,100.356 km,69 CV,Manual,Gasolina,Delantera,160km/h,"3,55m","1,63m","1,49m",865kg,35l
https://www.clicars.com/coches-segunda-mano-ocasion/comprar-peugeot-3008-suv-3008-hyb-phev-225-gt-e-eat8-224-suv-y-4x4-automatico-2023-126513,"Peugeot 3008 SUV
        HYB PHEV 225 GT e-EAT8",23290,21190.0,2023,40.073 km,224 CV,Automático,Híbrido enchufable,Delantera,225km/h,"4,45m","1,84m","1,62m",,53l
https://www.clicars.com/coches-segunda-mano-ocasion/comprar-kia-ev6-ev6-long-range-gt-line-rwd-168kw-229-suv-y-4x4-automatico-2023-128099,"Kia EV6
        Long Range GT-Line RWD",31990,30490.0,2023,47.811 km,229 CV,Automático,Eléctrico,Trasera,185km/h,"4,70m","1,89m","1,55m",1.910kg,
https://www.clicars.com/coches-segunda-mano-ocasion/comprar-seat-leon-leon-st-1-5-tgi-gnc-s-and-s-xcellence-dsg7-130-130-familiar-automatico-2020-128058,"SEAT León
        ST 1.5 TGI GNC S&S Xcellence DSG7 130",12990,11790.0,2020,74.406 km,130 CV,Automático,Gnc,Delantera,206km/h,"4,55m","1,82m","1,45m",1.374kg,
https://www.clicars.com/coches-segunda-mano-ocasion/comprar-tesla-model-3-model-3-long-range-dual-motor-performance-awd-513-berlina-automatico-2019-128770,"Tesla Model 3
        Long-Range Dual Motor Performance AWD",28990,26390.0,2020,84.821 km,513 CV,Automático,Eléctrico,4x4,250km/h,"4,69m","1,93m","1,44m",1.931kg,
https://www.clicars.com/coches-segunda-mano-ocasion/comprar-citroen-c3-c3-1-5bluehdi-s-and-s-feel-100-100-compacto-manual-2021-128143,"Citroen C3
        1.5BlueHDi S&S Feel 100",10490,9490.0,2021,91.293 km,100 CV,Manual,Diésel,Delantera,185km/h,"4,00m","1,75m","1,47m",1.165kg,42l
https://www.clicars.com/coches-segunda-mano-ocasion/comprar-peugeot-rifter-rifter-1-5bluehdi-s-and-s-standard-active-pack-100-100-monovolumen-manual-2022-127667,"Peugeot Rifter
        1.5BlueHDi S&S Standard Active Pack 100",15990,14590.0,2022,80.938 km,100 CV,Manual,Diésel,Delantera,172km/h,"4,40m","1,91m","1,87m",1.430kg,
https://www.clicars.com/coches-segunda-mano-ocasion/comprar-peugeot-rifter-n1-rifter-1-5bluehdi-s-and-s-active-pack-business-standard-100-100-furgoneta-manual-2022-128613,"Peugeot Rifter N1
        1.5BlueHDI S&S Active Pack Business Standard 100",15990,14590.0,2022,88.294 km,100 CV,Manual,Diésel,Delantera,165km/h,"4,40m","1,85m","1,88m",1.486kg,50l
https://www.clicars.com/coches-segunda-mano-ocasion/comprar-opel-corsa-corsa-1-4-glp-120-aniversario-90-90-compacto-manual-2019-128929,"Opel Corsa
        1.4 GLP 120 Aniversario 90",9390,8890.0,2019,111.264 km,90 CV,Manual,Glp,Delantera,-km/h,"4,02m","1,75m","1,48m",1.163kg,45l
https://www.clicars.com/coches-segunda-mano-ocasion/comprar-seat-leon-leon-st-1-5-tgi-gnc-s-and-s-xcellence-dsg7-130-130-familiar-automatico-2020-128051,"SEAT León
        ST 1.5 TGI GNC S&S Xcellence DSG7 130",11990,10890.0,2020,111.075 km,130 CV,Automático,Gnc,Delantera,206km/h,"4,55m","1,82m","1,45m",1.374kg,
https://www.clicars.com/coches-segunda-mano-ocasion/comprar-bmw-serie-1-118d-150-compacto-manual-2020-127668,"BMW Serie 1
        118d",20990,19090.0,2020,62.900 km,150 CV,Manual,Diésel,Delantera,211km/h,"4,32m","1,80m","1,43m",1.405kg,42l
https://www.clicars.com/coches-segunda-mano-ocasion/comprar-audi-q2-q2-30-tfsi-advanced-81kw-110-suv-y-4x4-manual-2021-129059,"Audi Q2
        30 TFSI Advanced",20890,18990.0,2021,81.546 km,110 CV,Manual,Gasolina,Delantera,197km/h,"4,21m","1,79m","1,51m",1.325kg,50l
https://www.clicars.com/coches-segunda-mano-ocasion/comprar-hyundai-tucson-tucson-1-6-gdi-bd-klass-4x2-132-suv-y-4x4-manual-2019-128176,"Hyundai Tucson
        1.6 GDI BD Klass 4x2",15490,14790.0,2019,134.300 km,132 CV,Manual,Gasolina,Delantera,182km/h,"4,48m","1,85m","1,66m",1.379kg,62l
https://www.clicars.com/coches-segunda-mano-ocasion/comprar-renault-symbioz-symbioz-e-tech-full-hybrid-iconic-105kw-145-suv-y-4x4-automatico-2025-126704,"Renault Symbioz
        E-TECH Full Hybrid Iconic",26990,24590.0,2025,11.306 km,145 CV,Automático,Híbrido,Delantera,170km/h,"4,41m","1,80m","1,58m",1.423kg,48l
https://www.clicars.com/coches-segunda-mano-ocasion/comprar-citroen-c4-cactus-c4-cactus-1-2-puretech-s-and-s-feel-110-110-compacto-manual-2019-128533,"Citroen C4 Cactus
        1.2 PureTech S&S Feel 110",9990,9490.0,2019,51.651 km,110 CV,Manual,Gasolina,Delantera,196km/h,"4,17m","1,71m","1,48m",1.140kg,50l
https://www.clicars.com/coches-segunda-mano-ocasion/comprar-citroen-c3-aircross-c3-aircross-puretech-s-and-s-plus-110-110-suv-y-4x4-manual-2024-128221,"Citroen C3 Aircross
        Puretech S&S Plus 110",14390,13090.0,2024,35.171 km,110 CV,Manual,Gasolina,Delantera,195km/h,"4,16m","1,82m","1,60m",1.179kg,45l
https://www.clicars.com/coches-segunda-mano-ocasion/comprar-citroen-c4-c4-g-picasso-1-6bluehdi-s-and-s-live-ed-120-120-monovolumen-manual-2016-128311,"Citroen C4
        G.Picasso 1.6BlueHDi S&S Live Ed. 120",9990,9490.0,2016,120.623 km,120 CV,Manual,Diésel,Delantera,189km/h,"4,60m","1,83m","1,64m",1.422kg,55l
https://www.clicars.com/coches-segunda-mano-ocasion/comprar-ds-ds-3-ds-3-1-2-puretech-s-and-s-sport-130-130-compacto-manual-2016-126762,"DS DS 3
        1.2 PureTech S&S Sport 130",7990,7590.0,2016,131.448 km,130 CV,Manual,Gasolina,Delantera,204km/h,"3,95m","1,72m","1,46m",1.090kg,50l
https://www.clicars.com/coches-segunda-mano-ocasion/comprar-citroen-c3-c3-1-5bluehdi-s-and-s-feel-100-100-compacto-manual-2022-128144,"Citroen C3
        1.5BlueHDi S&S Feel 100",10790,9790.0,2022,91.311 km,100 CV,Manual,Diésel,Delantera,185km/h,"4,00m","1,75m","1,47m",1.165kg,42l
https://www.clicars.com/coches-segunda-mano-ocasion/comprar-citroen-c3-c3-origin-1-2-puretech-s-and-s-plus-83-83-compacto-manual-2024-128328,"Citroen C3
        Origin 1.2 PureTech S&S Plus 83",11690,10590.0,2024,28.380 km,83 CV,Manual,Gasolina,Delantera,168km/h,"4,00m","1,75m","1,47m",1.055kg,42l
https://www.clicars.com/coches-segunda-mano-ocasion/comprar-mg-hs-ehs-1-5-t-gdi-luxury-339-suv-y-4x4-automatico-2025-123810,"MG HS
        eHS 1.5 T-GDI Luxury",27990,25490.0,2025,16.018 km,339 CV,Automático,Híbrido enchufable,Delantera,200km/h,"4,67m","1,89m","1,66m",1.855kg,55l
https://www.clicars.com/coches-segunda-mano-ocasion/comprar-porsche-macan-macan-gts-aut-440-suv-y-4x4-automatico-2021-128082,"Porsche Macan
        GTS Aut.",85990,81890.0,2021,47.628 km,440 CV,Automático,Gasolina,4x4,272km/h,"4,73m","1,93m","1,60m",,65l
https://www.clicars.com/coches-segunda-mano-ocasion/comprar-audi-q7-q7-50-tdi-black-line-edition-quattro-286-suv-y-4x4-automatico-2021-128085,"Audi Q7
        50 TDI Black line edition quattro",57990,55190.0,2022,118.790 km,286 CV,Automático,Mild hybrid,4x4,241km/h,"5,06m","1,97m","1,47m",2.240kg,70l
https://www.clicars.com/coches-segunda-mano-ocasion/comprar-bmw-x3-x3-xdrive-20da-xline-190-suv-y-4x4-automatico-2022-128118,"BMW X3
        xDrive 20dA xLine",34490,32890.0,2022,100.737 km,190 CV,Automático,Mild hybrid,4x4,213km/h,"4,71m","1,89m","1,68m",1.840kg,68l
https://www.clicars.com/coches-segunda-mano-ocasion/comprar-volkswagen-caravelle-comercial-caravelle-2-0tdi-bmt-origin-batalla-corta-81kw-110-furgoneta-manual-2021-128318,"Volkswagen Caravelle Comercial
        2.0TDI BMT Origin Batalla Corta",26990,24590.0,2021,133.800 km,110 CV,Manual,Diésel,Delantera,164km/h,"4,90m","1,90m","2,00m",2.086kg,70l
https://www.clicars.com/coches-segunda-mano-ocasion/comprar-tesla-model-3-model-3-long-range-dual-motor-awd-441-berlina-automatico-2023-128624,"Tesla Model 3
        Long-Range Dual Motor AWD",31490,29990.0,2023,68.204 km,441 CV,Automático,Eléctrico,4x4,233km/h,"4,69m","1,93m","1,44m",1.844kg,
https://www.clicars.com/coches-segunda-mano-ocasion/comprar-ford-kuga-kuga-1-5-ecoboost-st-line-fwd-150-150-suv-y-4x4-manual-2022-127290,"Ford Kuga
        1.5 EcoBoost ST-Line FWD 150",18490,16790.0,2022,63.236 km,150 CV,Manual,Gasolina,Delantera,195km/h,"4,61m","1,88m","1,68m",1.493kg,60l
https://www.clicars.com/coches-segunda-mano-ocasion/comprar-bmw-x3-x3-xdrive-20da-190-suv-y-4x4-automatico-2021-128117,"BMW X3
        xDrive 20dA",31990,30490.0,2021,90.231 km,190 CV,Automático,Mild hybrid,4x4,213km/h,"4,71m","1,89m","1,68m",1.835kg,60l
https://www.clicars.com/coches-segunda-mano-ocasion/comprar-alfa-romeo-giulia-giulia-2-2-diesel-veloce-atx-210-210-berlina-automatico-2022-128775,"Alfa Romeo Giulia
        2.2 Diesel Veloce ATX 210",31490,28690.0,2022,39.899 km,210 CV,Automático,Diésel,4x4,235km/h,"4,65m","1,86m","1,41m",1.540kg,52l
https://www.clicars.com/coches-segunda-mano-ocasion/comprar-volkswagen-polo-polo-1-0-tsi-life-dsg-70kw-95-compacto-automatico-2024-128760,"Volkswagen Polo
        1.0 TSI Life DSG",19490,17690.0,2024,33.106 km,95 CV,Automático,Gasolina,Delantera,187km/h,"4,07m","1,75m","1,45m",1.145kg,40l
https://www.clicars.com/coches-segunda-mano-ocasion/comprar-renault-kadjar-kadjar-1-5dci-blue-intens-85kw-115-suv-y-4x4-manual-2020-128783,"Renault Kadjar
        1.5dCi Blue Intens",14190,13490.0,2020,124.828 km,115 CV,Manual,Diésel,Delantera,189km/h,"4,49m","1,84m","1,61m",1.531kg,55l
https://www.clicars.com/coches-segunda-mano-ocasion/comprar-volvo-xc60-xc60-b4-momentum-pro-fwd-aut-197-suv-y-4x4-automatico-2021-124742,"Volvo XC60
        B4 Momentum Pro FWD Aut.",31990,30490.0,2021,96.834 km,197 CV,Automático,Mild hybrid,Delantera,205km/h,"4,69m","1,90m","1,66m",1.843kg,60l
https://www.clicars.com/coches-segunda-mano-ocasion/comprar-mini-mini-mini-cooper-aut-136-compacto-automatico-2016-128896,"MINI Mini
        Cooper Aut.",12490,11890.0,2016,131.381 km,136 CV,Automático,Gasolina,Delantera,207km/h,"3,98m","1,73m","1,43m",1.175kg,40l
https://www.clicars.com/coches-segunda-mano-ocasion/comprar-mini-mini-mini-cabrio-cooper-aut-136-cabrio-automatico-2022-128304,"MINI Mini
        Cabrio Cooper Aut.",23290,21190.0,2022,46.734 km,136 CV,Automático,Gasolina,Delantera,205km/h,"3,86m","1,73m","1,42m",1.285kg,40l
https://www.clicars.com/coches-segunda-mano-ocasion/comprar-renault-symbioz-symbioz-e-tech-full-hybrid-iconic-105kw-145-suv-y-4x4-automatico-2025-126706,"Renault Symbioz
        E-TECH Full Hybrid Iconic",27490,24990.0,2025,20.460 km,145 CV,Automático,Híbrido,Delantera,170km/h,"4,41m","1,80m","1,58m",1.423kg,48l
https://www.clicars.com/coches-segunda-mano-ocasion/comprar-toyota-yaris-yaris-120h-1-5-business-plus-75-compacto-automatico-2023-128245,"Toyota Yaris
        120H 1.5 Business Plus",18990,17290.0,2023,25.550 km,116 CV,Automático,Híbrido,Delantera,175km/h,"3,94m","1,75m","1,50m",1.065kg,36l
https://www.clicars.com/coches-segunda-mano-ocasion/comprar-audi-a3-a3-sportback-40-tfsie-advanced-s-tronic-204-compacto-automatico-2022-126271,"Audi A3
        Sportback 40 TFSIe Advanced S tronic",24490,22290.0,2022,40.641 km,204 CV,Automático,Híbrido enchufable,Delantera,227km/h,"4,34m","1,82m","1,46m",1.635kg,40l
https://www.clicars.com/coches-segunda-mano-ocasion/comprar-renault-clio-clio-blue-dci-business-74kw-100-compacto-manual-2021-128077,"Renault Clio
        Blue dCi Business",11990,10890.0,2021,100.877 km,100 CV,Manual,Diésel,Delantera,-km/h,"4,05m","1,80m","1,44m",1.189kg,39l
https://www.clicars.com/coches-segunda-mano-ocasion/comprar-ford-ecosport-ecosport-1-0-ecoboost-st-line-black-edition-125-125-suv-y-4x4-manual-2019-128857,"Ford EcoSport
        1.0 EcoBoost ST Line Black Edition 125",9990,9490.0,2019,145.561 km,125 CV,Manual,Gasolina,Delantera,180km/h,"4,10m","1,77m","1,65m",1.280kg,52l
https://www.clicars.com/coches-segunda-mano-ocasion/comprar-renault-kadjar-kadjar-1-3-tce-gpf-zen-103kw-140-suv-y-4x4-manual-2019-128727,"Renault Kadjar
        1.3 TCe GPF Zen",14990,14290.0,2019,113.327 km,140 CV,Manual,Gasolina,Delantera,203km/h,"4,49m","1,84m","1,61m",1.442kg,55l
https://www.clicars.com/coches-segunda-mano-ocasion/comprar-citroen-berlingo-berlingo-van-bluehdi-s-and-s-talla-m-control-100-100-furgoneta-manual-2022-126796,"Citroen Berlingo
        Van BlueHDi S&S Talla M Control 100",11490,10490.0,2022,120.590 km,100 CV,Manual,Diésel,Delantera,166km/h,"4,40m","2,11m","1,80m",1.551kg,60l
https://www.clicars.com/coches-segunda-mano-ocasion/comprar-volkswagen-t-roc-t-roc-1-0-tsi-advance-style-81kw-109-suv-y-4x4-manual-2021-128594,"Volkswagen T-Roc
        1.0 TSI Advance Style",16490,14990.0,2022,103.458 km,109 CV,Manual,Gasolina,Delantera,187km/h,"4,23m","1,82m","1,57m",1.270kg,50l
https://www.clicars.com/coches-segunda-mano-ocasion/comprar-peugeot-308-308-1-2-puretech-s-and-s-style-130-130-compacto-manual-2024-127531,"Peugeot 308
        1.2 PureTech S&S Style 130",16690,15190.0,2024,50.241 km,130 CV,Manual,Gasolina,Delantera,210km/h,"4,37m","1,85m","1,44m",1.258kg,53l
https://www.clicars.com/coches-segunda-mano-ocasion/comprar-audi-q2-q2-30-tdi-advanced-85kw-116-suv-y-4x4-manual-2021-128106,"Audi Q2
        30 TDI Advanced",21490,19590.0,2021,69.075 km,116 CV,Manual,Diésel,Delantera,197km/h,"4,21m","1,79m","1,51m",,50l
https://www.clicars.com/coches-segunda-mano-ocasion/comprar-dacia-spring-spring-electric-comfort-plus-45-33kw-45-suv-y-4x4-automatico-2023-128463,"Dacia Spring
        Electric Comfort Plus 45",11990,10890.0,2023,34.108 km,45 CV,Automático,Eléctrico,Delantera,125km/h,"3,73m","1,58m","1,52m",,
https://www.clicars.com/coches-segunda-mano-ocasion/comprar-skoda-rapid-rapid-1-4tdi-cr-active-90-compacto-manual-2017-128867,"Skoda Rapid
        1.4TDI CR Active",8990,8590.0,2017,120.960 km,90 CV,Manual,Diésel,Delantera,185km/h,"4,48m","1,71m","1,46m",1.234kg,55l
https://www.clicars.com/coches-segunda-mano-ocasion/comprar-opel-mokka-mokka-1-2t-s-and-s-ultimate-136-136-suv-y-4x4-manual-2024-121696,"Opel Mokka
        1.2T S&S Ultimate 136",16690,15190.0,2024,25.787 km,136 CV,Manual,Gasolina,Delantera,202km/h,"4,15m","1,79m","1,53m",1.275kg,44l
https://www.clicars.com/coches-segunda-mano-ocasion/comprar-bmw-serie-1-118ia-140-compacto-automatico-2020-128879,"BMW Serie 1
        118iA",22990,21890.0,2020,77.362 km,140 CV,Automático,Gasolina,Delantera,213km/h,"4,32m","1,80m","1,43m",1.320kg,42l
https://www.clicars.com/coches-segunda-mano-ocasion/comprar-ford-fiesta-fiesta-1-0-ecoboost-st-line-120-120-compacto-manual-2017-128492,"Ford Fiesta
        1.0 EcoBoost ST-Line 120",9990,9490.0,2017,87.852 km,120 CV,Manual,Gasolina,Delantera,196km/h,"3,97m","1,71m","1,47m",1.091kg,42l
https://www.clicars.com/coches-segunda-mano-ocasion/comprar-renault-espace-espace-1-6dci-tt-en-initiale-paris-edc-118kw-160-monovolumen-automatico-2017-128527,"Renault Espace
        1.6dCi TT En. Initiale Paris EDC",16290,15490.0,2017,150.587 km,160 CV,Automático,Diésel,Delantera,200km/h,"4,86m","1,89m","1,68m",1.659kg,58l
https://www.clicars.com/coches-segunda-mano-ocasion/comprar-bmw-serie-1-116d-116-compacto-manual-2016-128500,"BMW Serie 1
        116d",12590,11990.0,2016,141.568 km,116 CV,Manual,Diésel,Trasera,200km/h,"4,33m","1,77m","1,42m",1.320kg,52l
https://www.clicars.com/coches-segunda-mano-ocasion/comprar-skoda-karoq-karoq-2-0tdi-adblue-ambition-4x4-dsg-110kw-150-suv-y-4x4-automatico-2022-127898,"Skoda Karoq
        2.0TDI AdBlue Ambition 4x4 DSG",23490,21390.0,2022,76.835 km,150 CV,Automático,Diésel,4x4,196km/h,"4,39m","1,84m","1,54m",1.486kg,50l
https://www.clicars.com/coches-segunda-mano-ocasion/comprar-lexus-nx-nx-350h-business-city-2wd-190-suv-y-4x4-automatico-2022-128129,"Lexus NX
        350h Business City 2WD",38490,36690.0,2022,97.379 km,240 CV,Automático,Híbrido,Delantera,-km/h,"4,66m","1,87m","1,64m",1.715kg,55l
https://www.clicars.com/coches-segunda-mano-ocasion/comprar-seat-leon-leon-st-1-5-tgi-gnc-s-and-s-xcellence-dsg7-130-130-familiar-automatico-2020-128057,"SEAT León
        ST 1.5 TGI GNC S&S Xcellence DSG7 130",11990,10890.0,2020,118.701 km,130 CV,Automático,Gnc,Delantera,206km/h,"4,55m","1,82m","1,45m",1.374kg,
https://www.clicars.com/coches-segunda-mano-ocasion/comprar-toyota-c-hr-c-hr-200h-advance-152-suv-y-4x4-automatico-2024-127781,"Toyota C-HR
        200H Advance",32490,30890.0,2024,11.534 km,196 CV,Automático,Híbrido,Delantera,180km/h,"4,36m","1,83m","1,56m",1.485kg,43l
https://www.clicars.com/coches-segunda-mano-ocasion/comprar-volkswagen-golf-golf-2-0-tsi-gti-dsg6-169kw-230-compacto-automatico-2017-128408,"Volkswagen Golf
        2.0 TSI GTI DSG6",20690,19690.0,2017,147.695 km,230 CV,Automático,Gasolina,Delantera,248km/h,"4,27m","1,79m","1,48m",1.386kg,50l
https://www.clicars.com/coches-segunda-mano-ocasion/comprar-renault-clio-clio-tce-energy-glp-business-66kw-90-compacto-manual-2019-127693,"Renault Clio
        TCe Energy GLP Business",10990,10490.0,2019,110.428 km,90 CV,Manual,Glp,Delantera,167km/h,"4,06m","1,73m","1,45m",1.082kg,45l
https://www.clicars.com/coches-segunda-mano-ocasion/comprar-volkswagen-tiguan-tiguan-2-0tdi-life-90kw-123-suv-y-4x4-manual-2022-127698,"Volkswagen Tiguan
        2.0TDI Life",25490,23190.0,2022,81.435 km,123 CV,Manual,Diésel,Delantera,191km/h,"4,51m","1,84m","1,68m",1.598kg,58l
https://www.clicars.com/coches-segunda-mano-ocasion/comprar-nissan-x-trail-x-trail-1-3-dig-t-n-connecta-4x2-dct-160-suv-y-4x4-automatico-2020-128792,"Nissan X-Trail
        1.3 DIG-T N-Connecta 4x2 DCT",18490,17590.0,2020,99.693 km,160 CV,Automático,Gasolina,Delantera,198km/h,"4,69m","1,82m","1,71m",1.485kg,60l
https://www.clicars.com/coches-segunda-mano-ocasion/comprar-mercedes-eqc-eqc-400-4matic-408-suv-y-4x4-automatico-2020-128742,"Mercedes EQC
        400 4MATIC",36990,33690.0,2020,38.535 km,408 CV,Automático,Eléctrico,4x4,180km/h,"4,76m","1,88m","1,62m",,
https://www.clicars.com/coches-segunda-mano-ocasion/comprar-peugeot-208-208-1-2-s-and-s-active-100-100-compacto-manual-2024-126733,"Peugeot 208
        1.2 S&S Active 100",13990,12690.0,2024,27.105 km,100 CV,Manual,Gasolina,Delantera,194km/h,"4,06m","1,75m","1,43m",1.090kg,40l
https://www.clicars.com/coches-segunda-mano-ocasion/comprar-skoda-karoq-karoq-2-0tdi-adblue-ambition-4x4-dsg-110kw-150-suv-y-4x4-automatico-2023-128758,"Skoda Karoq
        2.0TDI AdBlue Ambition 4x4 DSG",23990,21790.0,2023,88.718 km,150 CV,Automático,Diésel,4x4,196km/h,"4,39m","1,84m","1,54m",1.486kg,50l
https://www.clicars.com/coches-segunda-mano-ocasion/comprar-mini-countryman-countryman-cooper-aut-136-suv-y-4x4-automatico-2018-128516,"MINI Countryman
        COOPER AUT.",17490,16690.0,2018,87.469 km,136 CV,Automático,Gasolina,Delantera,200km/h,"4,30m","1,82m","1,56m",1.390kg,51l
https://www.clicars.com/coches-segunda-mano-ocasion/comprar-kia-sportage-sportage-1-6-t-gdi-concept-150-150-suv-y-4x4-manual-2022-128696,"Kia Sportage
        1.6 T-GDi Concept 150",21690,19690.0,2022,44.500 km,150 CV,Manual,Gasolina,Delantera,189km/h,"4,52m","1,87m","1,65m",1.451kg,54l
https://www.clicars.com/coches-segunda-mano-ocasion/comprar-toyota-c-hr-c-hr-125h-advance-98-suv-y-4x4-automatico-2022-128915,"Toyota C-HR
        125H Advance",23490,21390.0,2021,63.113 km,122 CV,Automático,Híbrido,Delantera,170km/h,"4,40m","1,80m","1,56m",1.485kg,43l
https://www.clicars.com/coches-segunda-mano-ocasion/comprar-toyota-yaris-yaris-120h-1-5-style-plus-75-compacto-automatico-2022-128893,"Toyota Yaris
        120H 1.5 Style Plus",19990,18190.0,2022,48.080 km,116 CV,Automático,Híbrido,Delantera,175km/h,"3,94m","1,75m","1,50m",1.065kg,36l
https://www.clicars.com/coches-segunda-mano-ocasion/comprar-seat-leon-leon-1-0-ecotsi-s-and-s-reference-115-115-compacto-manual-2020-128902,"SEAT León
        1.0 EcoTSI S&S Reference 115",13690,12990.0,2020,91.058 km,115 CV,Manual,Gasolina,Delantera,195km/h,"4,28m","1,82m","1,46m",1.197kg,50l
https://www.clicars.com/coches-segunda-mano-ocasion/comprar-volkswagen-golf-golf-2-0tdi-85kw-115-compacto-manual-2021-128663,"Volkswagen Golf
        2.0TDI",19290,17590.0,2021,59.667 km,115 CV,Manual,Diésel,Delantera,202km/h,"4,28m","1,79m","1,46m",1.380kg,50l
https://www.clicars.com/coches-segunda-mano-ocasion/comprar-audi-a1-a1-sportback-1-6tdi-attraction-116-compacto-manual-2018-128943,"Audi A1
        Sportback 1.6TDI Attraction",12990,12390.0,2018,127.904 km,116 CV,Manual,Diésel,Delantera,200km/h,"3,97m","1,75m","1,42m",1.250kg,45l
https://www.clicars.com/coches-segunda-mano-ocasion/comprar-opel-crossland-crossland-x-1-2t-s-and-s-ecotec-selective-110-110-suv-y-4x4-manual-2019-128540,"Opel Crossland
        X 1.2T S&S ecoTEC Selective 110",10990,10490.0,2019,32.710 km,110 CV,Manual,Gasolina,Delantera,188km/h,"4,21m","1,77m","1,61m",1.245kg,45l
https://www.clicars.com/coches-segunda-mano-ocasion/comprar-renault-kadjar-kadjar-1-5dci-energy-tech-road-edc-81kw-110-suv-y-4x4-automatico-2017-128564,"Renault Kadjar
        1.5dCi Energy Tech Road EDC",13990,13290.0,2017,112.024 km,110 CV,Automático,Diésel,Delantera,181km/h,"4,45m","1,84m","1,61m",1.407kg,55l
https://www.clicars.com/coches-segunda-mano-ocasion/comprar-kia-stonic-stonic-1-2-cvvt-eco-dynamic-concept-84-84-suv-y-4x4-manual-2017-128681,"Kia Stonic
        1.2 CVVT Eco-Dynamic Concept 84",10290,9790.0,2017,134.360 km,84 CV,Manual,Gasolina,Delantera,165km/h,"4,14m","1,76m","1,50m",1.145kg,45l
https://www.clicars.com/coches-segunda-mano-ocasion/comprar-toyota-aygo-x-cross-aygo-x-cross-chic-72-suv-y-4x4-manual-2023-128724,"Toyota Aygo X Cross
        Chic",13990,12690.0,2022,40.167 km,72 CV,Manual,Gasolina,Delantera,160km/h,"3,70m","1,74m","1,51m",,35l
https://www.clicars.com/coches-segunda-mano-ocasion/comprar-citroen-spacetourer-m1-spacetourer-bluehdi-m-plus-eat8-180-179-furgoneta-automatico-2025-128670,"Citroen SpaceTourer M1
        BlueHDI M Plus EAT8 180",35490,33790.0,2025,15.789 km,179 CV,Automático,Diésel,Delantera,185km/h,"4,96m","1,92m","1,89m",1.878kg,70l
https://www.clicars.com/coches-segunda-mano-ocasion/comprar-volvo-xc40-xc40-t4-momentum-aut-190-suv-y-4x4-automatico-2018-128918,"Volvo XC40
        T4 Momentum Aut.",19490,18590.0,2018,150.044 km,190 CV,Automático,Gasolina,Delantera,210km/h,"4,43m","1,86m","1,65m",1.658kg,54l
https://www.clicars.com/coches-segunda-mano-ocasion/comprar-suzuki-ignis-ignis-1-2-mild-hybrid-cvt-glx-83-suv-y-4x4-automatico-2021-127765,"Suzuki Ignis
        1.2 Mild Hybrid CVT GLX",15490,14090.0,2021,26.114 km,83 CV,Automático,Mild hybrid,Delantera,155km/h,"3,70m","1,69m","1,61m",890kg,32l
https://www.clicars.com/coches-segunda-mano-ocasion/comprar-renault-clio-clio-blue-dci-zen-85kw-115-compacto-manual-2020-127241,"Renault Clio
        Blue dCi Zen",12590,11490.0,2020,110.860 km,115 CV,Manual,Diésel,Delantera,197km/h,"4,05m","1,80m","1,44m",1.189kg,39l
https://www.clicars.com/coches-segunda-mano-ocasion/comprar-volkswagen-polo-polo-1-0-tsi-advance-70kw-95-compacto-manual-2018-127440,"Volkswagen Polo
        1.0 TSI Advance",11290,10790.0,2018,104.969 km,95 CV,Manual,Gasolina,Delantera,187km/h,"4,05m","1,75m","1,46m",1.145kg,40l
https://www.clicars.com/coches-segunda-mano-ocasion/comprar-citroen-c3-c3-origin-1-2-puretech-s-and-s-plus-83-83-compacto-manual-2024-128325,"Citroen C3
        Origin 1.2 PureTech S&S Plus 83",11990,10890.0,2024,20.417 km,83 CV,Manual,Gasolina,Delantera,168km/h,"4,00m","1,75m","1,47m",1.055kg,42l
https://www.clicars.com/coches-segunda-mano-ocasion/comprar-volkswagen-id-4-id-4-pro-128kw-77kwh-174-suv-y-4x4-automatico-2023-127752,"Volkswagen ID.4
        Pro",25490,23190.0,2023,73.019 km,174 CV,Automático,Eléctrico,Trasera,160km/h,"4,58m","1,85m","1,61m",2.049kg,
https://www.clicars.com/coches-segunda-mano-ocasion/comprar-toyota-rav4-rav4-2-5-plug-in-hybrid-4wd-advance-306-suv-y-4x4-automatico-2021-126551,"Toyota Rav4
        2.5 Plug-in hybrid 4WD Advance",36490,34790.0,2021,44.169 km,306 CV,Automático,Híbrido enchufable,4x4,180km/h,"4,60m","1,86m","1,69m",1.910kg,55l
https://www.clicars.com/coches-segunda-mano-ocasion/comprar-audi-q5-q5-40-tdi-quattro-ultra-black-line-s-tronic-150kw-204-suv-y-4x4-automatico-2024-128856,"Audi Q5
        40 TDI quattro-ultra Black line S tronic",46990,44790.0,2024,29.740 km,204 CV,Automático,Mild hybrid,4x4,222km/h,"4,68m","1,89m","1,66m",1.880kg,70l
https://www.clicars.com/coches-segunda-mano-ocasion/comprar-volvo-xc40-xc40-t2-momentum-pro-aut-129-suv-y-4x4-automatico-2021-128858,"Volvo XC40
        T2 Momentum Pro Aut.",22990,20890.0,2021,96.704 km,129 CV,Automático,Gasolina,Delantera,200km/h,"4,43m","1,86m","1,65m",1.554kg,54l
https://www.clicars.com/coches-segunda-mano-ocasion/comprar-mini-countryman-countryman-cooper-se-all4-aut-125-suv-y-4x4-automatico-2023-127197,"MINI Countryman
        COOPER SE ALL4 AUT.",25290,22990.0,2023,52.871 km,220 CV,Automático,Híbrido enchufable,4x4,196km/h,"4,30m","1,82m","1,56m",1.715kg,36l
https://www.clicars.com/coches-segunda-mano-ocasion/comprar-cupra-ateca-ateca-2-0-tsi-300-dsg-4drive-300-suv-y-4x4-automatico-2021-127944,"CUPRA Ateca
        2.0 TSI 300 DSG 4Drive",30690,29190.0,2021,72.285 km,300 CV,Automático,Gasolina,4x4,250km/h,"4,39m","1,84m","1,60m",1.628kg,55l
https://www.clicars.com/coches-segunda-mano-ocasion/comprar-audi-a1-a1-sportback-25-tfsi-advanced-70kw-95-compacto-manual-2019-127987,"Audi A1
        Sportback 25 TFSI Advanced",16590,15790.0,2019,56.549 km,95 CV,Manual,Gasolina,Delantera,191km/h,"4,03m","1,74m","1,43m",1.165kg,40l
https://www.clicars.com/coches-segunda-mano-ocasion/comprar-peugeot-rifter-n1-rifter-1-5bluehdi-s-and-s-active-pack-business-standard-100-100-furgoneta-manual-2023-128110,"Peugeot Rifter N1
        1.5BlueHDI S&S Active Pack Business Standard 100",16990,15490.0,2023,60.856 km,100 CV,Manual,Diésel,Delantera,165km/h,"4,40m","1,85m","1,88m",1.486kg,50l
https://www.clicars.com/coches-segunda-mano-ocasion/comprar-citroen-c4-c4-1-5-bluehdi-s-and-s-live-pack-110-110-compacto-manual-2021-128146,"Citroen C4
        1.5 BlueHDI S&S Live Pack 110",13990,12690.0,2022,73.657 km,110 CV,Manual,Diésel,Delantera,192km/h,"4,36m","1,83m","1,52m",1.399kg,60l
https://www.clicars.com/coches-segunda-mano-ocasion/comprar-hyundai-bayon-bayon-1-2-mpi-essence-84-suv-y-4x4-manual-2023-128407,"Hyundai Bayon
        1.2 MPI Essence",14990,13590.0,2023,32.487 km,84 CV,Manual,Gasolina,Delantera,165km/h,"4,18m","1,78m","1,50m",,40l
https://www.clicars.com/coches-segunda-mano-ocasion/comprar-hyundai-i20-i20-1-2-mpi-essence-le-75-compacto-manual-2018-128543,"Hyundai i20
        1.2 MPI Essence LE",9690,9190.0,2018,103.905 km,75 CV,Manual,Gasolina,Delantera,160km/h,"4,04m","1,73m","1,47m",1.040kg,50l
https://www.clicars.com/coches-segunda-mano-ocasion/comprar-citroen-c4-cactus-c4-cactus-1-2-puretech-feel-82-82-compacto-manual-2018-125821,"Citroen C4 Cactus
        1.2 PureTech Feel 82",8390,7990.0,2018,125.291 km,82 CV,Manual,Gasolina,Delantera,169km/h,"4,16m","1,73m","1,48m",1.095kg,50l
https://www.clicars.com/coches-segunda-mano-ocasion/comprar-peugeot-208-208-1-2-style-82-82-compacto-manual-2018-128523,"Peugeot 208
        1.2 Style 82",7390,6990.0,2018,126.502 km,82 CV,Manual,Gasolina,Delantera,175km/h,"3,97m","1,74m","1,46m",1.040kg,50l
https://www.clicars.com/coches-segunda-mano-ocasion/comprar-bmw-serie-1-120da-190-compacto-automatico-2022-126467,"BMW Serie 1
        120dA",26990,24590.0,2022,85.050 km,190 CV,Automático,Diésel,Delantera,231km/h,"4,32m","1,80m","1,43m",1.450kg,50l
https://www.clicars.com/coches-segunda-mano-ocasion/comprar-renault-scenic-scenic-1-3-tce-gpf-limited-103kw-140-monovolumen-manual-2019-128767,"Renault Scénic
        1.3 TCe GPF Limited",14290,13590.0,2019,98.915 km,140 CV,Manual,Gasolina,Delantera,196km/h,"4,41m","1,87m","1,65m",1.529kg,52l
https://www.clicars.com/coches-segunda-mano-ocasion/comprar-mercedes-clase-c-c-estate-220d-7g-plus-170-familiar-automatico-2015-128637,"Mercedes Clase C
        C Estate 220d 7G Plus",19690,18790.0,2015,110.773 km,170 CV,Automático,Diésel,Trasera,229km/h,"4,70m","1,81m","1,46m",1.615kg,66l
https://www.clicars.com/coches-segunda-mano-ocasion/comprar-kia-sportage-sportage-1-6-t-gdi-mhev-drive-150-150-suv-y-4x4-manual-2022-128439,"Kia Sportage
        1.6 T-GDi MHEV Drive 150",21490,19590.0,2022,89.598 km,150 CV,Manual,Mild hybrid,Delantera,189km/h,"4,52m","1,87m","1,65m",1.486kg,54l
https://www.clicars.com/coches-segunda-mano-ocasion/comprar-hyundai-i20-i20-1-0-tgdi-tecno-100-100-compacto-manual-2021-127968,"Hyundai i20
        1.0 TGDI Tecno 100",14690,13390.0,2021,69.109 km,100 CV,Manual,Gasolina,Delantera,188km/h,"4,04m","1,78m","1,45m",1.065kg,40l
https://www.clicars.com/coches-segunda-mano-ocasion/comprar-citroen-c4-c4-picasso-1-6thp-s-and-s-intensive-plus-165-aut-165-monovolumen-automatico-2016-127416,"Citroen C4
        Picasso 1.6THP S&S Intensive Plus 165 Aut.",10490,9990.0,2016,118.988 km,165 CV,Automático,Gasolina,Delantera,210km/h,"4,43m","1,83m","1,61m",1.385kg,57l
https://www.clicars.com/coches-segunda-mano-ocasion/comprar-jeep-compass-compass-1-5-mhev-longitude-fwd-dct-130-suv-y-4x4-automatico-2023-123412,"Jeep Compass
        1.5 MHEV Longitude FWD DCT",25490,23190.0,2024,10.521 km,130 CV,Automático,Mild hybrid,Delantera,192km/h,"4,39m","1,87m","1,62m",1.505kg,55l
https://www.clicars.com/coches-segunda-mano-ocasion/comprar-jeep-compass-compass-1-3-phev-trailhawk-eawd-aut-240-240-suv-y-4x4-automatico-2024-120262,"Jeep Compass
        1.3 PHEV Trailhawk EAWD Aut. 240",27490,24990.0,2024,20.995 km,240 CV,Automático,Híbrido enchufable,4x4,200km/h,"4,40m","1,87m","1,66m",1.935kg,36l
https://www.clicars.com/coches-segunda-mano-ocasion/comprar-mercedes-clase-a-a-200d-8g-dct-150-berlina-automatico-2023-128538,"Mercedes Clase A
        A 200d 8G-DCT",30490,28990.0,2023,25.791 km,150 CV,Automático,Diésel,Delantera,220km/h,"4,42m","1,80m","1,44m",1.490kg,43l
https://www.clicars.com/coches-segunda-mano-ocasion/comprar-dacia-lodgy-lodgy-1-5blue-dci-serie-limitada-xplore-7pl-85kw-115-monovolumen-manual-2019-128211,"Dacia Lodgy
        1.5Blue dCi Serie Limitada Xplore 7pl.",11790,11190.0,2019,165.780 km,115 CV,Manual,Diésel,Delantera,185km/h,"4,50m","1,75m","1,68m",1.313kg,50l
https://www.clicars.com/coches-segunda-mano-ocasion/comprar-opel-corsa-corsa-1-2t-xhl-s-s-gs-100-100-compacto-manual-2025-127626,"Opel Corsa
        1.2T XHL S/S GS 100",14490,13190.0,2025,21.241 km,100 CV,Manual,Gasolina,Delantera,194km/h,"4,06m","1,77m","1,43m",1.180kg,44l
https://www.clicars.com/coches-segunda-mano-ocasion/comprar-peugeot-3008-suv-3008-1-5bluehdi-allure-s-and-s-130-130-suv-y-4x4-manual-2022-128515,"Peugeot 3008 SUV
        1.5BlueHDi Allure S&S 130",18490,16790.0,2022,78.323 km,130 CV,Manual,Diésel,Delantera,192km/h,"4,45m","1,84m","1,62m",,53l
https://www.clicars.com/coches-segunda-mano-ocasion/comprar-citroen-c4-c4-picasso-1-2-puretech-s-and-s-live-130-130-monovolumen-manual-2017-128785,"Citroen C4
        Picasso 1.2 PureTech S&S Live 130",8990,8590.0,2017,137.820 km,130 CV,Manual,Gasolina,Delantera,201km/h,"4,44m","1,83m","1,61m",1.355kg,57l
https://www.clicars.com/coches-segunda-mano-ocasion/comprar-bmw-x1-x1-sdrive-18d-150-suv-y-4x4-manual-2017-128202,"BMW X1
        sDrive 18d",18890,17990.0,2017,73.467 km,150 CV,Manual,Diésel,Delantera,205km/h,"4,44m","1,82m","1,60m",1.505kg,51l
https://www.clicars.com/coches-segunda-mano-ocasion/comprar-seat-leon-leon-st-1-6tdi-cr-s-and-s-style-115-115-familiar-manual-2019-128672,"SEAT León
        ST 1.6TDI CR S&S Style 115",11990,11390.0,2019,136.594 km,115 CV,Manual,Diésel,Delantera,194km/h,"4,55m","1,82m","1,45m",1.352kg,50l
https://www.clicars.com/coches-segunda-mano-ocasion/comprar-ford-ka-ka-plus-1-19-ti-vct-ultimate-85-compacto-manual-2018-128548,"Ford Ka
        + 1.19 Ti-VCT Ultimate",9490,8990.0,2018,85.925 km,85 CV,Manual,Gasolina,Delantera,168km/h,"3,93m","1,70m","1,52m",1.055kg,42l
https://www.clicars.com/coches-segunda-mano-ocasion/comprar-peugeot-208-208-1-2-s-and-s-active-pack-100-100-compacto-manual-2021-127995,"Peugeot 208
        1.2 S&S Active Pack 100",11490,10490.0,2021,46.242 km,100 CV,Manual,Gasolina,Delantera,188km/h,"4,06m","1,75m","1,43m",,44l
https://www.clicars.com/coches-segunda-mano-ocasion/comprar-peugeot-rifter-n1-rifter-1-5bluehdi-s-and-s-active-pack-business-standard-100-100-furgoneta-manual-2023-128087,"Peugeot Rifter N1
        1.5BlueHDI S&S Active Pack Business Standard 100",16490,14990.0,2023,63.239 km,100 CV,Manual,Diésel,Delantera,165km/h,"4,40m","1,85m","1,88m",1.486kg,50l
https://www.clicars.com/coches-segunda-mano-ocasion/comprar-ford-focus-focus-1-0-ecoboost-mhev-st-line-125-125-compacto-manual-2022-127803,"Ford Focus
        1.0 Ecoboost MHEV ST-Line 125",16990,15490.0,2022,40.601 km,125 CV,Manual,Gasolina,Delantera,200km/h,"4,38m","1,83m","1,46m",,52l
https://www.clicars.com/coches-segunda-mano-ocasion/comprar-toyota-yaris-cross-yaris-cross-120h-style-91-suv-y-4x4-automatico-2022-127507,"Toyota Yaris Cross
        120H Style",23990,21790.0,2022,78.564 km,116 CV,Automático,Híbrido,Delantera,170km/h,"4,18m","1,77m","1,56m",1.485kg,43l
https://www.clicars.com/coches-segunda-mano-ocasion/comprar-ford-kuga-kuga-2-0-ecoblue-st-line-fwd-120-aut-120-suv-y-4x4-automatico-2023-126682,"Ford Kuga
        2.0 EcoBlue ST-Line FWD 120 Aut.",20290,18490.0,2023,96.676 km,120 CV,Automático,Diésel,Delantera,177km/h,"4,61m","1,88m","1,68m",1.529kg,60l
https://www.clicars.com/coches-segunda-mano-ocasion/comprar-volkswagen-polo-polo-1-0-tsi-life-70kw-95-compacto-manual-2022-125887,"Volkswagen Polo
        1.0 TSI Life",15990,14590.0,2022,49.917 km,95 CV,Manual,Gasolina,Delantera,187km/h,"4,07m","1,75m","1,45m",1.145kg,40l
https://www.clicars.com/coches-segunda-mano-ocasion/comprar-renault-kadjar-kadjar-1-3-tce-gpf-zen-103kw-140-suv-y-4x4-manual-2021-128521,"Renault Kadjar
        1.3 TCe GPF Zen",15690,14290.0,2021,96.153 km,140 CV,Manual,Gasolina,Delantera,200km/h,"4,49m","1,84m","1,61m",1.320kg,55l
https://www.clicars.com/coches-segunda-mano-ocasion/comprar-seat-leon-x-perience-leon-x-perience-2-0tdi-cr-s-and-s-4d-dsg6-184-184-suv-y-4x4-automatico-2015-127939,"SEAT León X-perience
        2.0TDI CR S&S 4D DSG6 184",13490,12790.0,2015,149.509 km,184 CV,Automático,Diésel,4x4,224km/h,"4,54m","1,82m","1,48m",1.529kg,55l
https://www.clicars.com/coches-segunda-mano-ocasion/comprar-kia-carens-carens-1-6-gdi-concept-135-monovolumen-manual-2015-126042,"Kia Carens
        1.6 GDi Concept",9390,8890.0,2015,117.509 km,135 CV,Manual,Gasolina,Delantera,185km/h,"4,53m","1,81m","1,61m",1.383kg,58l
https://www.clicars.com/coches-segunda-mano-ocasion/comprar-citroen-jumper-jumper-chasis-cb-2-0bluehdi-35-l3-heavy-160-161-furgoneta-manual-2019-127196,"Citroen Jumper
        Chasis Cb. 2.0BlueHDi 35 L3 Heavy 160",20490,19490.0,2019,133.049 km,161 CV,Manual,Diésel,Delantera,-km/h,"5,94m","2,51m","2,15m",1.720kg,90l
https://www.clicars.com/coches-segunda-mano-ocasion/comprar-volvo-xc60-xc60-t6-twin-recharge-inscription-expression-340-suv-y-4x4-automatico-2021-127434,"Volvo XC60
        T6 Twin Recharge Inscription Expression",29990,27290.0,2021,105.388 km,340 CV,Automático,Híbrido enchufable,4x4,230km/h,"4,69m","1,90m","1,66m",2.099kg,70l
https://www.clicars.com/coches-segunda-mano-ocasion/comprar-volkswagen-california-california-2-0tdi-bmt-beach-dsg-110kw-150-monovolumen-automatico-2019-127828,"Volkswagen California
        2.0TDI BMT Beach DSG",47990,45690.0,2019,56.454 km,150 CV,Automático,Diésel,Delantera,178km/h,"4,90m","1,90m","2,00m",2.370kg,80l
https://www.clicars.com/coches-segunda-mano-ocasion/comprar-mazda-cx-30-cx-30-2-0-skyactiv-g-zenith-2wd-aut-90kw-122-suv-y-4x4-automatico-2021-126803,"Mazda CX-30
        2.0 Skyactiv-G Zenith 2WD Aut.",21990,19990.0,2021,72.659 km,122 CV,Automático,Mild hybrid,Delantera,182km/h,"4,40m","1,80m","1,54m",1.424kg,51l
https://www.clicars.com/coches-segunda-mano-ocasion/comprar-volkswagen-tiguan-tiguan-2-0tdi-r-line-dsg-110kw-150-suv-y-4x4-automatico-2021-128113,"Volkswagen Tiguan
        2.0TDI R-Line DSG",29990,27290.0,2021,52.588 km,150 CV,Automático,Diésel,Delantera,200km/h,"4,51m","1,84m","1,68m",1.640kg,58l
https://www.clicars.com/coches-segunda-mano-ocasion/comprar-toyota-proace-verso-shuttle-medio-2-0d-9pl-active-plus-2pl-aut-180-177-monovolumen-automatico-2018-127967,"Toyota Proace Verso
        Shuttle Medio 2.0D 9pl. Active+ 2PL Aut. 180",28990,27590.0,2018,94.920 km,177 CV,Automático,Diésel,Delantera,170km/h,"5,31m","1,92m","1,91m",1.655kg,70l
https://www.clicars.com/coches-segunda-mano-ocasion/comprar-volvo-v60-v60-b4-momentum-pro-aut-197-familiar-automatico-2021-128114,"Volvo V60
        B4 Momentum Pro Aut.",25990,23690.0,2021,58.200 km,197 CV,Automático,Mild hybrid,Delantera,220km/h,"4,76m","1,85m","1,42m",1.733kg,60l
https://www.clicars.com/coches-segunda-mano-ocasion/comprar-peugeot-2008-2008-1-2-puretech-s-and-s-style-82-82-suv-y-4x4-manual-2018-128159,"Peugeot 2008
        1.2 PureTech S&S Style 82",9990,9490.0,2018,62.083 km,82 CV,Manual,Gasolina,Delantera,168km/h,"4,16m","1,74m","1,57m",1.120kg,50l
https://www.clicars.com/coches-segunda-mano-ocasion/comprar-skoda-scala-scala-1-0-tsi-selection-85kw-116-familiar-manual-2023-128111,"Skoda Scala
        1.0 TSI Selection",15390,13990.0,2023,80.487 km,116 CV,Manual,Gasolina,Delantera,201km/h,"4,36m","1,79m","1,47m",1.240kg,50l
https://www.clicars.com/coches-segunda-mano-ocasion/comprar-dacia-duster-duster-1-6-glp-gpf-prestige-4x2-84kw-115-suv-y-4x4-manual-2019-128418,"Dacia Duster
        1.6 GLP GPF Prestige 4x2",13990,13290.0,2019,108.786 km,115 CV,Manual,Glp,Delantera,172km/h,"4,34m","1,80m","1,69m",1.179kg,50l
https://www.clicars.com/coches-segunda-mano-ocasion/comprar-renault-scenic-grand-scenic-1-3-tce-gpf-limited-edc-103kw-140-monovolumen-automatico-2020-128101,"Renault Scénic
        Grand Scénic 1.3 TCe GPF Limited EDC",17390,16590.0,2020,84.537 km,140 CV,Automático,Gasolina,Delantera,194km/h,"4,63m","1,87m","1,66m",1.519kg,53l
https://www.clicars.com/coches-segunda-mano-ocasion/comprar-citroen-c5-aircross-c5-aircross-puretech-s-and-s-shine-130-130-suv-y-4x4-manual-2019-128419,"Citroen C5 Aircross
        PureTech S&S Shine 130",15290,14590.0,2019,43.697 km,130 CV,Manual,Gasolina,Delantera,195km/h,"4,50m","1,97m","1,65m",1.479kg,53l
https://www.clicars.com/coches-segunda-mano-ocasion/comprar-opel-corsa-corsa-1-2t-xhl-s-s-gs-100-100-compacto-manual-2025-127620,"Opel Corsa
        1.2T XHL S/S GS 100",14590,13290.0,2025,19.952 km,100 CV,Manual,Gasolina,Delantera,194km/h,"4,06m","1,77m","1,43m",1.180kg,44l
https://www.clicars.com/coches-segunda-mano-ocasion/comprar-fiat-ducato-ducato-fg-35-2-3mjt-l2-h2-140cv-140-furgoneta-manual-2021-124908,"Fiat Ducato
        Fg. 35 2.3Mjt L2 H2",23290,21190.0,2021,113.716 km,140 CV,Manual,Diésel,Delantera,155km/h,"5,41m","2,05m","2,52m",1.925kg,90l
https://www.clicars.com/coches-segunda-mano-ocasion/comprar-renault-megane-megane-1-2-tce-energy-tech-road-74kw-100-compacto-manual-2018-128441,"Renault Mégane
        1.2 TCe Energy Tech Road",10990,10490.0,2018,106.261 km,100 CV,Manual,Gasolina,Delantera,179km/h,"4,36m","1,81m","1,44m",1.205kg,47l
https://www.clicars.com/coches-segunda-mano-ocasion/comprar-mg-zs-suv-zs-1-5-vti-tech-luxury-78kw-106-suv-y-4x4-manual-2022-127426,"MG ZS SUV
        1.5 VTi-Tech Luxury",13990,12690.0,2022,75.495 km,106 CV,Manual,Gasolina,Delantera,175km/h,"4,32m","1,81m","1,64m",,48l
https://www.clicars.com/coches-segunda-mano-ocasion/comprar-opel-combo-n1-combo-cargo-1-5td-s-and-s-l-650-100-100-furgoneta-manual-2024-127639,"Opel Combo N1
        Cargo 1.5TD S&S L 650 100",18990,17290.0,2024,22.569 km,100 CV,Manual,Diésel,Delantera,166km/h,"4,40m","1,82m","1,80m",,50l
https://www.clicars.com/coches-segunda-mano-ocasion/comprar-citroen-c3-aircross-c3-aircross-puretech-s-and-s-feel-110-110-suv-y-4x4-manual-2021-128288,"Citroen C3 Aircross
        Puretech S&S Feel 110",9890,8990.0,2021,140.948 km,110 CV,Manual,Gasolina,Delantera,195km/h,"4,16m","1,82m","1,60m",1.179kg,45l
https://www.clicars.com/coches-segunda-mano-ocasion/comprar-opel-mokka-mokka-1-2t-s-and-s-business-elegance-100-suv-y-4x4-manual-2021-127770,"Opel Mokka
        1.2T S&S Business Elegance",13390,12190.0,2021,100.477 km,100 CV,Manual,Gasolina,Delantera,188km/h,"4,15m","1,79m","1,53m",1.270kg,44l
https://www.clicars.com/coches-segunda-mano-ocasion/comprar-kia-ceed-ceed-tourer-1-0-t-gdi-eco-dynamics-tech-120-120-familiar-manual-2019-128274,"Kia Ceed
        Tourer 1.0 T-GDi Eco-Dynamics Tech 120",13690,12990.0,2019,78.283 km,120 CV,Manual,Gasolina,Delantera,190km/h,"4,60m","1,80m","1,47m",1.349kg,50l
https://www.clicars.com/coches-segunda-mano-ocasion/comprar-mg-zs-suv-zs-1-5-vti-tech-luxury-78kw-106-suv-y-4x4-manual-2022-127427,"MG ZS SUV
        1.5 VTi-Tech Luxury",13990,12690.0,2022,72.509 km,106 CV,Manual,Gasolina,Delantera,175km/h,"4,32m","1,81m","1,64m",,48l
https://www.clicars.com/coches-segunda-mano-ocasion/comprar-seat-leon-leon-1-4-tgi-gnc-s-and-s-style-dsg-110-110-compacto-automatico-2018-126889,"SEAT León
        1.4 TGI GNC S&S Style DSG 110",11590,10990.0,2018,100.336 km,110 CV,Automático,Gnc,Delantera,194km/h,"4,28m","1,82m","1,46m",1.388kg,50l
https://www.clicars.com/coches-segunda-mano-ocasion/comprar-citroen-berlingo-berlingo-van-bluehdi-s-and-s-talla-m-control-100-100-furgoneta-manual-2021-127700,"Citroen Berlingo
        Van BlueHDi S&S Talla M Control 100",12990,11790.0,2021,107.005 km,100 CV,Manual,Diésel,Delantera,166km/h,"4,40m","2,11m","1,80m",1.551kg,60l
https://www.clicars.com/coches-segunda-mano-ocasion/comprar-fiat-ducato-ducato-fg-35-2-2mjt-l2-h2-panelado-140cv-140-furgoneta-manual-2022-127797,"Fiat Ducato
        Fg. 35 2.2Mjt L2 H2 Panelado",23990,21790.0,2022,89.938 km,140 CV,Manual,Diésel,Delantera,155km/h,"5,41m","2,05m","2,52m",1.925kg,90l
https://www.clicars.com/coches-segunda-mano-ocasion/comprar-nissan-qashqai-qashqai-e-power-n-connecta-4x2-140kw-190-suv-y-4x4-automatico-2024-127308,"Nissan Qashqai
        E-POWER N-Connecta 4x2",27590,25090.0,2024,36.473 km,190 CV,Automático,Híbrido,Delantera,170km/h,"4,43m","1,85m","1,63m",1.637kg,55l
https://www.clicars.com/coches-segunda-mano-ocasion/comprar-volvo-xc40-xc40-t2-momentum-core-129-suv-y-4x4-manual-2021-127782,"Volvo XC40
        T2 Momentum Core",19490,17690.0,2021,105.994 km,129 CV,Manual,Gasolina,Delantera,200km/h,"4,43m","1,86m","1,65m",1.509kg,54l
https://www.clicars.com/coches-segunda-mano-ocasion/comprar-bmw-x3-x3-xdrive-20da-190-suv-y-4x4-automatico-2020-128116,"BMW X3
        xDrive 20dA",30990,29490.0,2020,77.011 km,190 CV,Automático,Mild hybrid,4x4,213km/h,"4,71m","1,89m","1,68m",1.835kg,60l
https://www.clicars.com/coches-segunda-mano-ocasion/comprar-citroen-c3-c3-1-2-puretech-s-and-s-feel-pack-eat6-110-110-compacto-automatico-2019-127913,"Citroen C3
        1.2 PureTech S&S Feel Pack EAT6 110",9690,9190.0,2019,135.990 km,110 CV,Automático,Gasolina,Delantera,188km/h,"4,00m","1,75m","1,47m",1.165kg,42l
https://www.clicars.com/coches-segunda-mano-ocasion/comprar-toyota-rav4-rav4-2-5-plug-in-hybrid-4wd-advance-306-suv-y-4x4-automatico-2021-125832,"Toyota Rav4
        2.5 Plug-in hybrid 4WD Advance",35490,33790.0,2021,65.602 km,306 CV,Automático,Híbrido enchufable,4x4,180km/h,"4,60m","1,86m","1,69m",1.910kg,55l
https://www.clicars.com/coches-segunda-mano-ocasion/comprar-volvo-xc40-xc40-d3-momentum-aut-150-suv-y-4x4-automatico-2019-127721,"Volvo XC40
        D3 Momentum Aut.",20990,19990.0,2019,109.765 km,150 CV,Automático,Diésel,Delantera,200km/h,"4,43m","1,86m","1,65m",1.698kg,54l
https://www.clicars.com/coches-segunda-mano-ocasion/comprar-fiat-doblo-m1-doblo-1-5-talla-m-75kw-100-furgoneta-manual-2025-127129,"Fiat Doblò M1
        Doblò 1.5 Talla M",22990,20890.0,2025,12.932 km,100 CV,Manual,Diésel,Delantera,173km/h,"4,41m","1,85m","1,78m",1.430kg,60l
https://www.clicars.com/coches-segunda-mano-ocasion/comprar-ford-focus-focus-sportbreak-1-5ecoblue-titanium-120-familiar-manual-2020-128193,"Ford Focus
        Sportbreak 1.5Ecoblue Titanium",11690,10590.0,2020,129.573 km,120 CV,Manual,Diésel,Delantera,-km/h,"4,67m","1,83m","1,47m",1.293kg,47l
https://www.clicars.com/coches-segunda-mano-ocasion/comprar-renault-megane-megane-1-8-tce-gpf-rs-edc-205kw-280-compacto-automatico-2019-128284,"Renault Mégane
        1.8 TCe GPF RS EDC",29390,27990.0,2019,59.545 km,280 CV,Automático,Gasolina,Delantera,250km/h,"4,36m","1,81m","1,44m",1.430kg,50l
https://www.clicars.com/coches-segunda-mano-ocasion/comprar-audi-a1-a1-sportback-25-tfsi-adrenalin-95-compacto-manual-2020-127254,"Audi A1
        Sportback 25 TFSI Adrenalin",16990,15490.0,2020,97.680 km,95 CV,Manual,Gasolina,Delantera,191km/h,"4,03m","1,74m","1,43m",1.165kg,40l
https://www.clicars.com/coches-segunda-mano-ocasion/comprar-mg-zs-suv-zs-1-5-vti-tech-comfort-78kw-106-suv-y-4x4-manual-2023-128510,"MG ZS SUV
        1.5 VTi-Tech Comfort",14690,13390.0,2023,16.896 km,106 CV,Manual,Gasolina,Delantera,175km/h,"4,32m","1,81m","1,64m",,48l
https://www.clicars.com/coches-segunda-mano-ocasion/comprar-toyota-corolla-corolla-touring-sports-125h-active-tech-122-familiar-automatico-2021-123473,"Toyota Corolla
        Touring Sports 125H Active Tech",19990,18190.0,2021,76.804 km,122 CV,Automático,Híbrido,Delantera,180km/h,"4,65m","1,79m","1,44m",1.365kg,43l
https://www.clicars.com/coches-segunda-mano-ocasion/comprar-volvo-v40-v40-d2-kinetic-aut-115-115-compacto-automatico-2015-127739,"Volvo V40
        D2 Kinetic Aut. 115",12290,11690.0,2015,83.325 km,115 CV,Automático,Diésel,Delantera,190km/h,"4,37m","1,80m","1,42m",1.472kg,52l
https://www.clicars.com/coches-segunda-mano-ocasion/comprar-ds-ds-7-crossback-ds-7-crossback-e-tense-bastille-plus-aut-4x2-225-suv-y-4x4-automatico-2021-126298,"DS DS 7 Crossback
        E-Tense Bastille + Aut. 4x2",21490,19590.0,2021,73.547 km,225 CV,Automático,Híbrido enchufable,Delantera,212km/h,"4,60m","1,90m","1,63m",1.760kg,43l
https://www.clicars.com/coches-segunda-mano-ocasion/comprar-citroen-c5-aircross-c5-aircross-bluehdi-s-and-s-plus-eat8-130-130-suv-y-4x4-automatico-2025-127573,"Citroen C5 Aircross
        BlueHDi S&S Plus EAT8 130",21490,19590.0,2025,26.437 km,130 CV,Automático,Diésel,Delantera,189km/h,"4,50m","1,97m","1,65m",,53l
https://www.clicars.com/coches-segunda-mano-ocasion/comprar-ford-c-max-c-max-1-0-ecoboost-auto-s-and-s-trend-plus-125-125-monovolumen-manual-2019-124228,"Ford C-Max
        1.0 Ecoboost Auto-S&S Trend+ 125",13590,12890.0,2019,43.475 km,125 CV,Manual,Gasolina,Delantera,187km/h,"4,38m","1,83m","1,61m",1.316kg,55l
https://www.clicars.com/coches-segunda-mano-ocasion/comprar-mercedes-clase-cla-cla-shooting-brake-200d-7g-dct-136-familiar-automatico-2019-128496,"Mercedes Clase CLA
        CLA Shooting Brake 200d 7G-DCT",18890,17990.0,2019,131.017 km,136 CV,Automático,Diésel,Delantera,215km/h,"4,64m","1,78m","1,44m",1.555kg,50l
https://www.clicars.com/coches-segunda-mano-ocasion/comprar-porsche-macan-macan-s-diesel-aut-258-suv-y-4x4-automatico-2014-128597,"Porsche Macan
        S Diesel Aut.",33990,32390.0,2014,99.735 km,258 CV,Automático,Diésel,4x4,230km/h,"4,68m","1,92m","1,62m",1.880kg,65l
https://www.clicars.com/coches-segunda-mano-ocasion/comprar-audi-q5-q5-sportback-40-tdi-quattro-ultra-s-line-s-tronic-150kw-204-suv-y-4x4-automatico-2022-128108,"Audi Q5
        Sportback 40 TDI quattro-ultra S line S tronic",41490,39490.0,2023,62.640 km,204 CV,Automático,Mild hybrid,4x4,222km/h,"4,69m","1,89m","1,66m",1.900kg,65l
https://www.clicars.com/coches-segunda-mano-ocasion/comprar-volkswagen-touareg-touareg-3-0tdi-v6-r-line-tiptronic-4motion-170kw-231-suv-y-4x4-automatico-2021-127673,"Volkswagen Touareg
        3.0TDI V6 R-Line Tiptronic 4Motion",42490,40490.0,2021,111.885 km,231 CV,Automático,Diésel,4x4,221km/h,"4,88m","1,98m","1,70m",2.070kg,75l
https://www.clicars.com/coches-segunda-mano-ocasion/comprar-volvo-c40-c40-recharge-twin-electrico-ultimate-408-suv-y-4x4-automatico-2022-128417,"Volvo C40
        Recharge Twin Eléctrico Ultimate",33490,30490.0,2022,36.100 km,408 CV,Automático,Eléctrico,4x4,180km/h,"4,43m","1,85m","1,58m",2.132kg,
https://www.clicars.com/coches-segunda-mano-ocasion/comprar-mercedes-clase-cla-cla-180-7g-dct-136-coupe-automatico-2023-127952,"Mercedes Clase CLA
        CLA 180 7G-DCT",31490,28690.0,2023,60.230 km,136 CV,Automático,Gasolina,Delantera,216km/h,"4,69m","1,83m","1,44m",1.425kg,43l
https://www.clicars.com/coches-segunda-mano-ocasion/comprar-audi-q3-q3-35-tdi-advanced-s-tronic-110kw-150-suv-y-4x4-automatico-2021-128107,"Audi Q3
        35 TDI Advanced S tronic",25490,23190.0,2022,125.468 km,150 CV,Automático,Diésel,Delantera,207km/h,"4,48m","1,85m","1,62m",1.560kg,64l
https://www.clicars.com/coches-segunda-mano-ocasion/comprar-toyota-corolla-corolla-125h-active-tech-98-compacto-automatico-2021-127269,"Toyota Corolla
        125H Active Tech",18990,17290.0,2021,73.578 km,122 CV,Automático,Híbrido,Delantera,180km/h,"4,37m","1,79m","1,44m",1.360kg,43l
https://www.clicars.com/coches-segunda-mano-ocasion/comprar-fiat-fiorino-comercial-fiorino-cargo-1-3mjt-sx-70kw-95-furgoneta-manual-2022-127798,"Fiat Fiorino Comercial
        Cargo 1.3Mjt SX",11690,10590.0,2022,83.489 km,95 CV,Manual,Diésel,Delantera,157km/h,"3,86m","1,72m","1,72m",1.070kg,45l
https://www.clicars.com/coches-segunda-mano-ocasion/comprar-audi-a5-a5-sportback-35-tfsi-s-line-s-tronic-149-compacto-automatico-2019-128133,"Audi A5
        Sportback 35 TFSI S line S tronic",27490,26190.0,2019,86.281 km,149 CV,Automático,Mild hybrid,Delantera,210km/h,"4,76m","1,84m","1,40m",1.585kg,54l
https://www.clicars.com/coches-segunda-mano-ocasion/comprar-hyundai-kona-kona-hev-1-6-gdi-dt-klass-105-suv-y-4x4-automatico-2019-127751,"Hyundai Kona
        HEV 1.6 GDI DT Klass",16990,15490.0,2020,94.544 km,141 CV,Automático,Híbrido,Delantera,160km/h,"4,17m","1,80m","1,57m",1.376kg,38l
https://www.clicars.com/coches-segunda-mano-ocasion/comprar-peugeot-3008-suv-3008-hybrid-136-allure-edcs6-136-suv-y-4x4-automatico-2025-128225,"Peugeot 3008 SUV
        Hybrid 136 Allure eDCS6",26490,24090.0,2025,15.066 km,136 CV,Automático,Mild hybrid,Delantera,201km/h,"4,54m","1,90m","1,64m",1.573kg,55l
https://www.clicars.com/coches-segunda-mano-ocasion/comprar-renault-scenic-scenic-1-2-tce-energy-zen-collection-96kw-130-monovolumen-manual-2017-128560,"Renault Scénic
        1.2 TCe Energy Zen Collection",11990,11390.0,2017,123.204 km,130 CV,Manual,Gasolina,Delantera,185km/h,"4,41m","1,87m","1,65m",1.430kg,52l
https://www.clicars.com/coches-segunda-mano-ocasion/comprar-peugeot-208-208-1-2-s-and-s-active-pack-100-100-compacto-manual-2022-128499,"Peugeot 208
        1.2 S&S Active Pack 100",12290,11190.0,2022,37.022 km,100 CV,Manual,Gasolina,Delantera,188km/h,"4,06m","1,75m","1,43m",,44l
https://www.clicars.com/coches-segunda-mano-ocasion/comprar-citroen-c5-aircross-c5-aircross-puretech-s-and-s-feel-130-130-suv-y-4x4-manual-2020-128530,"Citroen C5 Aircross
        PureTech S&S Feel 130",13690,12990.0,2020,83.685 km,130 CV,Manual,Gasolina,Delantera,195km/h,"4,50m","1,97m","1,65m",1.479kg,53l
https://www.clicars.com/coches-segunda-mano-ocasion/comprar-hyundai-ioniq-ioniq-hev-1-6-gdi-klass-105-compacto-automatico-2021-127695,"Hyundai Ioniq
        HEV 1.6 GDI Klass",16290,14790.0,2021,99.229 km,141 CV,Automático,Híbrido,Delantera,185km/h,"4,47m","1,82m","1,45m",1.361kg,45l
https://www.clicars.com/coches-segunda-mano-ocasion/comprar-audi-a3-a3-sportback-30-tfsi-s-tronic-110-compacto-automatico-2022-127047,"Audi A3
        Sportback 30 TFSI S tronic",19990,18190.0,2022,89.561 km,110 CV,Automático,Mild hybrid,Delantera,204km/h,"4,34m","1,82m","1,45m",1.355kg,45l
https://www.clicars.com/coches-segunda-mano-ocasion/comprar-toyota-auris-auris-hybrid-140h-feel-99-compacto-automatico-2017-128666,"Toyota Auris
        hybrid 140H Feel!",14490,13790.0,2017,151.319 km,136 CV,Automático,Híbrido,Delantera,180km/h,"4,33m","1,76m","1,48m",1.310kg,45l
https://www.clicars.com/coches-segunda-mano-ocasion/comprar-kia-sportage-sportage-1-6-gdi-black-edition-4x2-132-132-suv-y-4x4-manual-2021-126082,"Kia Sportage
        1.6 GDi Black Edition 4x2 132",18990,17290.0,2021,64.835 km,132 CV,Manual,Gasolina,Delantera,182km/h,"4,49m","1,86m","1,64m",1.490kg,
https://www.clicars.com/coches-segunda-mano-ocasion/comprar-opel-insignia-insignia-1-6cdti-s-and-s-innovation-136-136-compacto-manual-2020-127897,"Opel Insignia
        1.6CDTI S&S Innovation 136",12690,12090.0,2020,102.817 km,136 CV,Manual,Diésel,Delantera,211km/h,"4,90m","1,94m","1,46m",1.441kg,62l
https://www.clicars.com/coches-segunda-mano-ocasion/comprar-mazda-cx-3-cx-3-1-5d-luxury-2wd-105-suv-y-4x4-manual-2016-127138,"Mazda CX-3
        1.5D Luxury 2WD",12990,12390.0,2016,118.348 km,105 CV,Manual,Diésel,Delantera,177km/h,"4,28m","1,77m","1,54m",1.259kg,48l
https://www.clicars.com/coches-segunda-mano-ocasion/comprar-renault-kadjar-kadjar-1-2-tce-energy-tech-road-97kw-130-suv-y-4x4-manual-2018-128238,"Renault Kadjar
        1.2 TCe Energy Tech Road",13490,12790.0,2018,60.879 km,130 CV,Manual,Gasolina,Delantera,192km/h,"4,45m","1,84m","1,61m",1.306kg,55l
https://www.clicars.com/coches-segunda-mano-ocasion/comprar-peugeot-308-308-1-2-puretech-s-and-s-gt-line-130-130-compacto-manual-2018-127410,"Peugeot 308
        1.2 PureTech S&S GT Line 130",9490,8990.0,2018,135.000 km,130 CV,Manual,Gasolina,Delantera,210km/h,"4,25m","1,80m","1,47m",1.165kg,53l
https://www.clicars.com/coches-segunda-mano-ocasion/comprar-renault-clio-clio-1-5dci-energy-limited-66kw-90-compacto-manual-2019-127212,"Renault Clio
        1.5dCi Energy Limited",10990,10490.0,2019,98.390 km,90 CV,Manual,Diésel,Delantera,168km/h,"4,06m","1,73m","1,45m",1.071kg,45l
https://www.clicars.com/coches-segunda-mano-ocasion/comprar-audi-a3-a3-sportback-35-tfsi-advanced-s-tronic-150-compacto-automatico-2021-126781,"Audi A3
        Sportback 35 TFSI Advanced S tronic",24990,22690.0,2021,57.102 km,150 CV,Automático,Mild hybrid,Delantera,224km/h,"4,34m","1,82m","1,45m",1.395kg,50l
https://www.clicars.com/coches-segunda-mano-ocasion/comprar-mercedes-clase-v-v-200d-marco-polo-horizon-7g-tronic-136-monovolumen-automatico-2019-120979,"Mercedes Clase V
        V 200d Marco Polo Horizon 7G-Tronic",42990,40890.0,2019,140.246 km,136 CV,Automático,Diésel,Trasera,183km/h,"5,14m","1,93m","1,98m",2.390kg,57l
https://www.clicars.com/coches-segunda-mano-ocasion/comprar-bmw-x1-x1-sdrive-18da-corporate-150-suv-y-4x4-automatico-2022-127678,"BMW X1
        sDrive 18dA Corporate",27490,24990.0,2022,66.759 km,150 CV,Automático,Diésel,Delantera,200km/h,"4,45m","1,82m","1,60m",1.540kg,51l
https://www.clicars.com/coches-segunda-mano-ocasion/comprar-volvo-v90-cross-country-v90-cross-country-b4-pro-awd-aut-197-familiar-automatico-2021-126929,"Volvo V90 Cross Country
        B4 Pro AWD Aut.",31990,30490.0,2021,93.107 km,197 CV,Automático,Mild hybrid,4x4,210km/h,"4,94m","1,88m","1,54m",,71l
https://www.clicars.com/coches-segunda-mano-ocasion/comprar-bmw-x1-x1-sdrive-18ia-136-suv-y-4x4-automatico-2022-123585,"BMW X1
        sDrive 18iA",24490,22290.0,2022,101.835 km,136 CV,Automático,Gasolina,Delantera,208km/h,"4,50m","1,85m","1,64m",1.500kg,45l
https://www.clicars.com/coches-segunda-mano-ocasion/comprar-volvo-xc40-xc40-t4-recharge-r-design-expression-aut-129-suv-y-4x4-automatico-2020-127347,"Volvo XC40
        T4 Recharge R-Design Expression Aut.",25990,23690.0,2020,61.910 km,211 CV,Automático,Híbrido enchufable,Delantera,180km/h,"4,43m","1,86m","1,65m",1.800kg,49l
https://www.clicars.com/coches-segunda-mano-ocasion/comprar-dacia-sandero-sandero-eco-g-expresion-74kw-100-compacto-manual-2025-126016,"Dacia Sandero
        ECO-G Expresion",16390,14890.0,2025,11.690 km,100 CV,Manual,Glp,Delantera,183km/h,"4,09m","1,85m","1,50m",1.130kg,50l
https://www.clicars.com/coches-segunda-mano-ocasion/comprar-jeep-compass-compass-1-3-phev-limited-eawd-aut-190-190-suv-y-4x4-automatico-2023-123414,"Jeep Compass
        1.3 PHEV Limited EAWD Aut. 190",26490,24090.0,2023,25.963 km,190 CV,Automático,Híbrido enchufable,4x4,183km/h,"4,39m","1,87m","1,65m",1.935kg,36l
https://www.clicars.com/coches-segunda-mano-ocasion/comprar-mercedes-clase-c-c-220d-9g-tronic-197-berlina-automatico-2023-128201,"Mercedes Clase C
        C 220d 9G-Tronic",39490,37590.0,2023,51.178 km,197 CV,Automático,Mild hybrid,Trasera,245km/h,"4,75m","1,82m","1,44m",1.730kg,66l
https://www.clicars.com/coches-segunda-mano-ocasion/comprar-nissan-juke-juke-1-0-dig-t-tekna-4x2-84kw-114-suv-y-4x4-manual-2024-128135,"Nissan Juke
        1.0 DIG-T Tekna 4x2",20890,18990.0,2024,18.626 km,114 CV,Manual,Gasolina,Delantera,180km/h,"4,21m","1,83m","1,60m",1.186kg,46l
https://www.clicars.com/coches-segunda-mano-ocasion/comprar-bmw-serie-1-116d-116-compacto-manual-2016-128163,"BMW Serie 1
        116d",12990,12390.0,2016,139.193 km,116 CV,Manual,Diésel,Trasera,200km/h,"4,33m","1,77m","1,42m",1.320kg,52l
https://www.clicars.com/coches-segunda-mano-ocasion/comprar-hyundai-i20-i20-1-6t-n-204-compacto-manual-2024-127885,"Hyundai i20
        1.6T N",27990,25490.0,2024,53.341 km,204 CV,Manual,Gasolina,Delantera,230km/h,"4,08m","1,78m","1,44m",1.190kg,40l
https://www.clicars.com/coches-segunda-mano-ocasion/comprar-volkswagen-t-roc-t-roc-1-5-tsi-advance-r-line-dsg7-150-suv-y-4x4-automatico-2022-127425,"Volkswagen T-Roc
        1.5 TSI Advance R-Line DSG7",21990,19990.0,2021,49.833 km,150 CV,Automático,Gasolina,Delantera,205km/h,"4,23m","1,82m","1,57m",1.330kg,50l
https://www.clicars.com/coches-segunda-mano-ocasion/comprar-renault-austral-austral-1-2-e-tech-hibrido-techno-146kw-131-suv-y-4x4-automatico-2024-128268,"Renault Austral
        1.2 E-Tech Híbrido Techno",28990,26390.0,2024,10.764 km,200 CV,Automático,Híbrido,Delantera,175km/h,"4,51m","1,83m","1,62m",1.517kg,55l
https://www.clicars.com/coches-segunda-mano-ocasion/comprar-toyota-yaris-yaris-120h-1-5-style-75-compacto-automatico-2022-127227,"Toyota Yaris
        120H 1.5 Style",19990,18190.0,2022,16.460 km,116 CV,Automático,Híbrido,Delantera,175km/h,"3,94m","1,75m","1,50m",1.065kg,36l
https://www.clicars.com/coches-segunda-mano-ocasion/comprar-mercedes-clase-b-b-250e-8g-dct-160-monovolumen-automatico-2023-128167,"Mercedes Clase B
        B 250e 8G-DCT",25990,23690.0,2022,75.353 km,218 CV,Automático,Híbrido enchufable,Delantera,235km/h,"4,42m","1,80m","1,57m",1.725kg,35l
https://www.clicars.com/coches-segunda-mano-ocasion/comprar-toyota-auris-auris-120t-active-116-compacto-manual-2017-128063,"Toyota Auris
        120T Active",11990,11390.0,2017,128.749 km,116 CV,Manual,Gasolina,Delantera,200km/h,"4,33m","1,76m","1,48m",1.190kg,50l
https://www.clicars.com/coches-segunda-mano-ocasion/comprar-hyundai-i20-i20-1-2-essence-85-compacto-manual-2016-127793,"Hyundai i20
        1.2 Essence",8690,8290.0,2016,119.385 km,85 CV,Manual,Gasolina,Delantera,170km/h,"4,04m","1,73m","1,47m",1.040kg,50l
https://www.clicars.com/coches-segunda-mano-ocasion/comprar-volkswagen-t-cross-t-cross-1-5-tsi-sport-dsg7-110kw-150-suv-y-4x4-automatico-2022-128074,"Volkswagen T-Cross
        1.5 TSI Sport DSG7",21290,19390.0,2022,74.320 km,150 CV,Automático,Gasolina,Delantera,193km/h,"4,11m","1,78m","1,56m",1.270kg,40l
https://www.clicars.com/coches-segunda-mano-ocasion/comprar-opel-corsa-corsa-1-2t-xhl-s-s-gs-line-100-100-compacto-manual-2019-127820,"Opel Corsa
        1.2T XHL S/S GS-Line 100",10290,9790.0,2019,80.734 km,100 CV,Manual,Gasolina,Delantera,188km/h,"4,06m","1,77m","1,44m",1.165kg,44l
https://www.clicars.com/coches-segunda-mano-ocasion/comprar-volkswagen-caravelle-comercial-caravelle-2-0tdi-bmt-origin-batalla-corta-81kw-110-furgoneta-manual-2020-127907,"Volkswagen Caravelle Comercial
        2.0TDI BMT Origin Batalla Corta",32490,30890.0,2020,47.422 km,110 CV,Manual,Diésel,Delantera,164km/h,"4,90m","1,90m","2,00m",2.086kg,70l
https://www.clicars.com/coches-segunda-mano-ocasion/comprar-volkswagen-t-roc-t-roc-2-0tdi-edition-85kw-115-suv-y-4x4-manual-2021-127675,"Volkswagen T-Roc
        2.0TDI Edition",18290,16590.0,2021,128.971 km,115 CV,Manual,Diésel,Delantera,187km/h,"4,23m","1,82m","1,57m",1.395kg,55l
https://www.clicars.com/coches-segunda-mano-ocasion/comprar-mercedes-clase-a-a-220-7g-dct-190-compacto-automatico-2019-128070,"Mercedes Clase A
        A 220 7G-DCT",24490,23290.0,2019,139.474 km,190 CV,Automático,Gasolina,Delantera,240km/h,"4,42m","1,80m","1,45m",1.450kg,51l
https://www.clicars.com/coches-segunda-mano-ocasion/comprar-kia-niro-niro-1-6-hev-concept-141-suv-y-4x4-automatico-2019-125744,"Kia Niro
        1.6 HEV Concept",15990,14590.0,2020,122.044 km,141 CV,Automático,Híbrido,Delantera,164km/h,"4,36m","1,81m","1,54m",1.490kg,45l
https://www.clicars.com/coches-segunda-mano-ocasion/comprar-nissan-qashqai-qashqai-1-3-dig-t-mhev-12v-acenta-4x2-aut-116kw-158-suv-y-4x4-automatico-2021-127441,"Nissan Qashqai
        1.3 DIG-T mHEV 12V Acenta 4x2 Aut.",20890,18990.0,2021,49.459 km,158 CV,Automático,Mild hybrid,Delantera,199km/h,"4,43m","1,85m","1,63m",1.393kg,55l
https://www.clicars.com/coches-segunda-mano-ocasion/comprar-ford-transit-custom-ft-320-l1-kombi-trend-ecoblue-hybrid-130-130-furgoneta-manual-2022-126960,"Ford Transit Custom
        FT 320 L1 Kombi Trend EcoBlue Hybrid 130",29990,27290.0,2023,80.575 km,130 CV,Manual,Mild hybrid,Delantera,-km/h,"4,97m","2,08m","2,02m",2.224kg,80l
https://www.clicars.com/coches-segunda-mano-ocasion/comprar-opel-corsa-corsa-1-2-xel-s-s-elegance-75-75-compacto-manual-2020-127862,"Opel Corsa
        1.2 XEL S/S Elegance 75",9690,9190.0,2020,82.171 km,75 CV,Manual,Gasolina,Delantera,174km/h,"4,06m","1,77m","1,44m",1.055kg,40l
https://www.clicars.com/coches-segunda-mano-ocasion/comprar-ford-s-max-s-max-2-0tdci-bi-turbo-st-line-ps-210-210-monovolumen-automatico-2018-127336,"Ford S-Max
        2.0TDCi Bi-turbo ST-Line PS 210",15490,14790.0,2018,149.116 km,210 CV,Automático,Diésel,Delantera,218km/h,"4,80m","1,92m","1,66m",1.765kg,70l
https://www.clicars.com/coches-segunda-mano-ocasion/comprar-renault-scenic-grand-scenic-1-2-tce-zen-96kw-130-monovolumen-manual-2017-128072,"Renault Scénic
        Grand Scénic 1.2 TCe Zen",14990,14290.0,2017,90.657 km,130 CV,Manual,Gasolina,Delantera,-km/h,"4,63m","1,87m","1,66m",1.485kg,53l
https://www.clicars.com/coches-segunda-mano-ocasion/comprar-byd-seal-u-seal-u-dm-i-boost-160kw-98-suv-y-4x4-automatico-2024-127372,"BYD Seal U
        DM-i Boost",30490,28990.0,2024,37.467 km,217 CV,Automático,Híbrido enchufable,Delantera,170km/h,"4,78m","1,89m","1,67m",,60l
https://www.clicars.com/coches-segunda-mano-ocasion/comprar-dacia-duster-duster-1-0-tce-glp-serie-limitada-aniversario-4x2-75kw-100-suv-y-4x4-manual-2021-127791,"Dacia Duster
        1.0 TCe GLP Serie Limitada Aniversario 4x2",15990,14590.0,2021,58.315 km,100 CV,Manual,Glp,Delantera,172km/h,"4,34m","1,80m","1,69m",1.179kg,50l
https://www.clicars.com/coches-segunda-mano-ocasion/comprar-opel-mokka-mokka-x-1-4t-s-and-s-excellence-4x2-140-suv-y-4x4-manual-2018-127744,"Opel Mokka
        X 1.4T S&S Excellence 4x2",10990,10490.0,2018,143.863 km,140 CV,Manual,Gasolina,Delantera,196km/h,"4,27m","1,78m","1,66m",1.355kg,52l
https://www.clicars.com/coches-segunda-mano-ocasion/comprar-toyota-corolla-corolla-touring-sports-125h-active-98-familiar-automatico-2019-127942,"Toyota Corolla
        Touring Sports 125H Active",16490,15690.0,2019,132.986 km,122 CV,Automático,Híbrido,Delantera,180km/h,"4,65m","1,79m","1,44m",1.365kg,43l
https://www.clicars.com/coches-segunda-mano-ocasion/comprar-toyota-c-hr-c-hr-220ph-advance-151-suv-y-4x4-automatico-2024-127887,"Toyota C-HR
        220PH Advance",30490,28990.0,2024,29.416 km,223 CV,Automático,Híbrido enchufable,Delantera,180km/h,"4,36m","1,83m","1,56m",1.485kg,43l
https://www.clicars.com/coches-segunda-mano-ocasion/comprar-ford-kuga-kuga-2-5-duratec-fhev-titanium-4x2-aut-191-suv-y-4x4-automatico-2022-127788,"Ford Kuga
        2.5 Duratec FHEV Titanium 4x2 Aut.",21990,19990.0,2022,50.919 km,191 CV,Automático,Híbrido,Delantera,196km/h,"4,61m","1,88m","1,68m",1.773kg,45l
https://www.clicars.com/coches-segunda-mano-ocasion/comprar-renault-express-express-1-5-blue-dci-confort-70kw-95-furgoneta-manual-2022-127270,"Renault Express
        1.5 Blue dCi Confort",12990,11790.0,2022,92.306 km,95 CV,Manual,Diésel,Delantera,161km/h,"4,39m","1,78m","1,81m",1.304kg,50l
https://www.clicars.com/coches-segunda-mano-ocasion/comprar-volkswagen-golf-golf-1-0-tsi-advance-85kw-115-compacto-manual-2019-126976,"Volkswagen Golf
        1.0 TSI Advance",14490,13790.0,2019,99.073 km,115 CV,Manual,Gasolina,Delantera,196km/h,"4,26m","1,79m","1,49m",1.216kg,50l
https://www.clicars.com/coches-segunda-mano-ocasion/comprar-renault-captur-captur-1-5dci-energy-eco2-zen-66kw-90-suv-y-4x4-manual-2018-127682,"Renault Captur
        1.5dCi Energy eco2 Zen",10290,9790.0,2018,123.604 km,90 CV,Manual,Diésel,Delantera,171km/h,"4,12m","1,78m","1,57m",1.205kg,45l
https://www.clicars.com/coches-segunda-mano-ocasion/comprar-peugeot-rifter-n1-rifter-1-5bluehdi-s-and-s-active-pack-business-standard-100-100-furgoneta-manual-2022-126926,"Peugeot Rifter N1
        1.5BlueHDI S&S Active Pack Business Standard 100",16990,15490.0,2022,58.721 km,100 CV,Manual,Diésel,Delantera,165km/h,"4,40m","1,85m","1,88m",1.486kg,50l
https://www.clicars.com/coches-segunda-mano-ocasion/comprar-kia-carens-carens-1-6-gdi-concept-135-135-monovolumen-manual-2018-127740,"Kia Carens
        1.6 GDi Concept 135",13290,12690.0,2018,82.116 km,135 CV,Manual,Gasolina,Delantera,185km/h,"4,53m","1,81m","1,61m",1.383kg,58l
https://www.clicars.com/coches-segunda-mano-ocasion/comprar-renault-twingo-twingo-sce-energy-s-and-s-limited-52kw-70-compacto-manual-2018-127882,"Renault Twingo
        SCe Energy S&S Limited",9990,9490.0,2018,13.883 km,70 CV,Manual,Gasolina,Trasera,151km/h,"3,60m","1,65m","1,55m",865kg,35l
https://www.clicars.com/coches-segunda-mano-ocasion/comprar-renault-kangoo-kangoo-fg-e-tech-l1-start-ev45-90kw-22kwh-120-furgoneta-automatico-2023-126933,"Renault Kangoo
        Fg. E-Tech L1 Start EV45",21490,19590.0,2023,17.612 km,120 CV,Automático,Eléctrico,Delantera,130km/h,"4,49m","1,86m","1,80m",,
https://www.clicars.com/coches-segunda-mano-ocasion/comprar-seat-arona-arona-1-6tdi-cr-s-and-s-style-95-95-suv-y-4x4-manual-2020-125142,"SEAT Arona
        1.6TDI CR S&S Style 95",13990,12690.0,2020,83.310 km,95 CV,Manual,Diésel,Delantera,178km/h,"4,14m","1,78m","1,55m",1.288kg,40l
https://www.clicars.com/coches-segunda-mano-ocasion/comprar-citroen-c4-c4-1-2-puretech-plus-s-and-s-130-aut-130-compacto-automatico-2025-126122,"Citroen C4
        1.2 PureTech Plus S&S 130 Aut.",17990,16390.0,2025,11.569 km,130 CV,Automático,Gasolina,Delantera,210km/h,"4,35m","1,83m","1,52m",1.322kg,50l
https://www.clicars.com/coches-segunda-mano-ocasion/comprar-toyota-prius-prius-1-8-advance-98-compacto-automatico-2017-128185,"Toyota Prius
        1.8 Advance",14990,14290.0,2017,121.136 km,122 CV,Automático,Híbrido,Delantera,180km/h,"4,54m","1,76m","1,47m",1.450kg,43l
https://www.clicars.com/coches-segunda-mano-ocasion/comprar-citroen-c5-aircross-c5-aircross-puretech-s-and-s-shine-130-130-suv-y-4x4-manual-2020-127369,"Citroen C5 Aircross
        PureTech S&S Shine 130",13290,12090.0,2020,99.107 km,130 CV,Manual,Gasolina,Delantera,195km/h,"4,50m","1,97m","1,65m",1.479kg,53l
https://www.clicars.com/coches-segunda-mano-ocasion/comprar-peugeot-3008-suv-3008-1-2-s-and-s-puretech-gt-line-eat8-130-130-suv-y-4x4-automatico-2019-126482,"Peugeot 3008 SUV
        1.2 S&S PureTech GT Line EAT8 130",14990,14290.0,2019,121.575 km,130 CV,Automático,Gasolina,Delantera,188km/h,"4,45m","1,84m","1,62m",1.325kg,53l
https://www.clicars.com/coches-segunda-mano-ocasion/comprar-renault-kadjar-kadjar-1-3-tce-gpf-zen-103kw-140-suv-y-4x4-manual-2019-128066,"Renault Kadjar
        1.3 TCe GPF Zen",14690,13390.0,2020,86.790 km,140 CV,Manual,Gasolina,Delantera,203km/h,"4,49m","1,84m","1,61m",1.442kg,55l
https://www.clicars.com/coches-segunda-mano-ocasion/comprar-renault-espace-suv-espace-1-2-e-tech-hibrido-techno-146kw-5p-200-suv-y-4x4-automatico-2024-126640,"Renault Espace SUV
        1.2 E-Tech Híbrido Techno 5p",31490,29990.0,2024,20.685 km,200 CV,Automático,Híbrido,Delantera,175km/h,"4,72m","1,58m","1,65m",1.547kg,58l
https://www.clicars.com/coches-segunda-mano-ocasion/comprar-volkswagen-t-cross-t-cross-1-0-tsi-sport-85kw-115-suv-y-4x4-manual-2020-127893,"Volkswagen T-Cross
        1.0 TSI Sport",14490,13790.0,2020,91.564 km,115 CV,Manual,Gasolina,Delantera,193km/h,"4,11m","1,78m","1,56m",1.250kg,40l
https://www.clicars.com/coches-segunda-mano-ocasion/comprar-toyota-corolla-corolla-180h-feel-180-compacto-automatico-2019-125500,"Toyota Corolla
        180H Feel!",18990,18090.0,2019,92.995 km,180 CV,Automático,Híbrido,Delantera,180km/h,"4,37m","1,79m","1,44m",1.415kg,43l
https://www.clicars.com/coches-segunda-mano-ocasion/comprar-citroen-c5-aircross-c5-aircross-hybrid-plus-e-dcs6-136-136-suv-y-4x4-automatico-2025-127588,"Citroen C5 Aircross
        Hybrid Plus e-DCS6 136",21990,19990.0,2025,15.688 km,136 CV,Automático,Mild hybrid,Delantera,225km/h,"4,50m","1,97m","1,65m",,43l
https://www.clicars.com/coches-segunda-mano-ocasion/comprar-opel-crossland-crossland-1-2-s-and-s-gs-line-110-110-suv-y-4x4-manual-2021-125126,"Opel Crossland
        1.2 S&S GS Line 110",8990,8190.0,2021,141.738 km,110 CV,Manual,Gasolina,Delantera,187km/h,"4,22m","1,83m","1,61m",1.245kg,45l
https://www.clicars.com/coches-segunda-mano-ocasion/comprar-kia-sportage-sportage-1-6-t-gdi-hev-drive-230-suv-y-4x4-automatico-2022-126665,"Kia Sportage
        1.6 T-GDi HEV Drive",24490,22290.0,2022,89.515 km,230 CV,Automático,Híbrido,Delantera,193km/h,"4,52m","1,87m","1,65m",1.574kg,52l
https://www.clicars.com/coches-segunda-mano-ocasion/comprar-opel-mokka-mokka-e-gs-line-plus-e-136-suv-y-4x4-automatico-2021-126818,"Opel Mokka
        -e GS Line Plus-e",14490,13190.0,2021,104.443 km,136 CV,Automático,Eléctrico,Delantera,150km/h,"4,15m","1,79m","1,53m",1.598kg,
https://www.clicars.com/coches-segunda-mano-ocasion/comprar-volvo-v90-cross-country-v90-cross-country-b4-pro-awd-aut-197-familiar-automatico-2021-127677,"Volvo V90 Cross Country
        B4 Pro AWD Aut.",31490,29990.0,2021,103.812 km,197 CV,Automático,Mild hybrid,4x4,210km/h,"4,94m","1,88m","1,54m",,71l
https://www.clicars.com/coches-segunda-mano-ocasion/comprar-hyundai-santa-fe-santa-fe-1-6tgdi-phev-tecno-7pl-4wd-6at-265-suv-y-4x4-automatico-2021-126824,"Hyundai Santa Fe
        1.6TGDI PHEV Tecno 7pl 4WD 6AT",32490,30890.0,2021,57.549 km,265 CV,Automático,Híbrido enchufable,4x4,187km/h,"4,79m","1,90m","1,71m",,47l
https://www.clicars.com/coches-segunda-mano-ocasion/comprar-cupra-born-born-launch-edition-150kw-62kwh-204-compacto-automatico-2021-127726,"CUPRA Born
        Launch Edition",20490,18590.0,2022,82.954 km,204 CV,Automático,Eléctrico,Trasera,160km/h,"4,32m","1,81m","1,54m",1.736kg,
https://www.clicars.com/coches-segunda-mano-ocasion/comprar-mazda-cx-30-cx-30-2-0-e-skyactiv-g-homura-fwd-aut-110kw-150-suv-y-4x4-automatico-2023-126788,"Mazda CX-30
        2.0 e-Skyactiv-G Homura FWD Aut.",22990,20890.0,2023,92.365 km,150 CV,Automático,Mild hybrid,Delantera,182km/h,"4,40m","1,80m","1,54m",1.424kg,51l
https://www.clicars.com/coches-segunda-mano-ocasion/comprar-kia-sportage-sportage-1-6-mhev-business-4x2-115-115-suv-y-4x4-manual-2020-127262,"Kia Sportage
        1.6 MHEV Business 4x2 115",13990,13290.0,2020,150.809 km,115 CV,Manual,Mild hybrid,Delantera,175km/h,"4,49m","1,86m","1,64m",1.609kg,
https://www.clicars.com/coches-segunda-mano-ocasion/comprar-toyota-corolla-corolla-180h-feel-152-compacto-automatico-2019-127986,"Toyota Corolla
        180H Feel!",19990,18990.0,2019,82.882 km,184 CV,Automático,Híbrido,Delantera,180km/h,"4,37m","1,79m","1,44m",1.415kg,43l
https://www.clicars.com/coches-segunda-mano-ocasion/comprar-citroen-c5-aircross-c5-aircross-hybrid-plus-e-dcs6-136-136-suv-y-4x4-automatico-2025-127589,"Citroen C5 Aircross
        Hybrid Plus e-DCS6 136",22490,20490.0,2025,10.503 km,136 CV,Automático,Mild hybrid,Delantera,225km/h,"4,50m","1,97m","1,65m",,43l
https://www.clicars.com/coches-segunda-mano-ocasion/comprar-renault-captur-captur-1-5dci-energy-eco2-zen-90-90-suv-y-4x4-manual-2016-125303,"Renault Captur
        1.5dCi Energy eco2 Zen 90",9690,9190.0,2015,121.776 km,90 CV,Manual,Diésel,Delantera,171km/h,"4,12m","1,78m","1,57m",1.170kg,45l
https://www.clicars.com/coches-segunda-mano-ocasion/comprar-peugeot-expert-expert-fg-long-1-5bluehdi-s-and-s-premium-100-100-furgoneta-manual-2022-127273,"Peugeot Expert
        Fg. Long 1.5BlueHDi S&S Premium 100",18490,16790.0,2022,68.006 km,100 CV,Manual,Diésel,Delantera,145km/h,"5,31m","1,92m","1,94m",1.770kg,70l
https://www.clicars.com/coches-segunda-mano-ocasion/comprar-audi-q3-q3-sportback-35-tdi-black-line-s-tronic-150-suv-y-4x4-automatico-2023-125503,"Audi Q3
        Sportback 35 TDI Black line S tronic",37490,35690.0,2023,63.427 km,150 CV,Automático,Diésel,Delantera,205km/h,"4,50m","1,84m","1,56m",1.655kg,58l
https://www.clicars.com/coches-segunda-mano-ocasion/comprar-volkswagen-t-roc-t-roc-1-5-tsi-advance-style-dsg7-150-suv-y-4x4-automatico-2021-127699,"Volkswagen T-Roc
        1.5 TSI Advance Style DSG7",23990,21790.0,2022,54.903 km,150 CV,Automático,Gasolina,Delantera,205km/h,"4,23m","1,82m","1,57m",1.330kg,50l
https://www.clicars.com/coches-segunda-mano-ocasion/comprar-volvo-v90-cross-country-v90-cross-country-d4-awd-aut-190-familiar-automatico-2019-122768,"Volvo V90 Cross Country
        D4 AWD Aut.",29990,27290.0,2020,124.204 km,190 CV,Automático,Diésel,4x4,210km/h,"4,94m","1,88m","1,54m",1.826kg,60l
https://www.clicars.com/coches-segunda-mano-ocasion/comprar-toyota-rav4-rav4-2-5-hybrid-2wd-advance-218-suv-y-4x4-automatico-2021-127313,"Toyota Rav4
        2.5 hybrid 2WD Advance",29990,27290.0,2021,85.595 km,218 CV,Automático,Híbrido,Delantera,180km/h,"4,60m","1,86m","1,69m",1.645kg,55l
https://www.clicars.com/coches-segunda-mano-ocasion/comprar-renault-captur-captur-e-tech-hibrido-enchufable-zen-117kw-160-suv-y-4x4-automatico-2022-126900,"Renault Captur
        E-TECH Híbrido Enchufable Zen",16590,15090.0,2022,117.144 km,160 CV,Automático,Híbrido enchufable,Delantera,173km/h,"4,23m","1,80m","1,57m",1.266kg,39l
https://www.clicars.com/coches-segunda-mano-ocasion/comprar-mercedes-clase-cla-cla-200d-7g-dct-136-coupe-automatico-2018-127961,"Mercedes Clase CLA
        CLA 200d 7G-DCT",23490,22390.0,2018,70.238 km,136 CV,Automático,Diésel,Delantera,220km/h,"4,64m","1,78m","1,43m",1.525kg,50l
https://www.clicars.com/coches-segunda-mano-ocasion/comprar-jeep-avenger-avenger-1-2-avenger-74kw-100-suv-y-4x4-manual-2023-127924,"Jeep Avenger
        1.2 Avenger",16990,15490.0,2023,26.509 km,100 CV,Manual,Gasolina,Delantera,184km/h,"4,08m","1,78m","1,54m",,44l
https://www.clicars.com/coches-segunda-mano-ocasion/comprar-toyota-c-hr-c-hr-125h-advance-98-suv-y-4x4-automatico-2018-127916,"Toyota C-HR
        125H Advance",18490,17590.0,2018,91.596 km,122 CV,Automático,Híbrido,Delantera,170km/h,"4,40m","1,80m","1,56m",1.485kg,43l
https://www.clicars.com/coches-segunda-mano-ocasion/comprar-audi-q2-q2-30-tfsi-design-85kw-116-suv-y-4x4-manual-2019-127306,"Audi Q2
        30 TFSI Design",17890,16990.0,2019,103.314 km,116 CV,Manual,Gasolina,Delantera,197km/h,"4,19m","1,79m","1,51m",1.205kg,50l
https://www.clicars.com/coches-segunda-mano-ocasion/comprar-toyota-bz4x-bz4x-200e-4x2-advance-204-suv-y-4x4-automatico-2023-127494,"Toyota bZ4X
        200E 4X2 Advance",28990,26390.0,2023,50.276 km,204 CV,Automático,Eléctrico,Delantera,160km/h,"4,69m","1,86m","1,65m",,
https://www.clicars.com/coches-segunda-mano-ocasion/comprar-hyundai-i20-i20-1-2-fresh-85-compacto-manual-2018-127358,"Hyundai i20
        1.2 Fresh",10490,9990.0,2018,95.008 km,85 CV,Manual,Gasolina,Delantera,170km/h,"4,04m","1,73m","1,47m",1.040kg,50l
https://www.clicars.com/coches-segunda-mano-ocasion/comprar-peugeot-expert-expert-fg-long-1-5bluehdi-s-and-s-premium-100-100-furgoneta-manual-2022-125765,"Peugeot Expert
        Fg. Long 1.5BlueHDi S&S Premium 100",17490,15890.0,2022,90.298 km,100 CV,Manual,Diésel,Delantera,145km/h,"5,31m","1,92m","1,94m",1.770kg,70l
https://www.clicars.com/coches-segunda-mano-ocasion/comprar-volvo-v60-v60-b4-momentum-pro-aut-197-familiar-automatico-2021-127676,"Volvo V60
        B4 Momentum Pro Aut.",27990,25490.0,2021,71.892 km,197 CV,Automático,Mild hybrid,Delantera,220km/h,"4,76m","1,85m","1,42m",1.733kg,60l
https://www.clicars.com/coches-segunda-mano-ocasion/comprar-kia-sorento-sorento-2-2crdi-emotion-4x4-dct-194-suv-y-4x4-automatico-2023-126237,"Kia Sorento
        2.2CRDi Emotion 4x4 DCT",32990,31390.0,2023,109.094 km,194 CV,Automático,Diésel,4x4,202km/h,"4,81m","1,90m","1,70m",1.819kg,67l
https://www.clicars.com/coches-segunda-mano-ocasion/comprar-fiat-doblo-m1-doblo-1-5-talla-m-75kw-100-furgoneta-manual-2025-127134,"Fiat Doblò M1
        Doblò 1.5 Talla M",20490,18590.0,2025,11.653 km,100 CV,Manual,Diésel,Delantera,173km/h,"4,41m","1,85m","1,78m",1.430kg,60l
https://www.clicars.com/coches-segunda-mano-ocasion/comprar-mercedes-clase-c-c-220d-9g-tronic-0-0-194-berlina-automatico-2020-126971,"Mercedes Clase C
        C 220d 9G-Tronic (0.0)",28990,27590.0,2020,105.185 km,194 CV,Automático,Diésel,Trasera,240km/h,"4,69m","1,81m","1,44m",1.585kg,66l
https://www.clicars.com/coches-segunda-mano-ocasion/comprar-kia-sportage-sportage-1-6-t-gdi-concept-150-150-suv-y-4x4-manual-2022-127021,"Kia Sportage
        1.6 T-GDi Concept 150",21990,19990.0,2022,49.618 km,150 CV,Manual,Gasolina,Delantera,189km/h,"4,52m","1,87m","1,65m",1.451kg,54l
https://www.clicars.com/coches-segunda-mano-ocasion/comprar-opel-vivaro-vivaro-furgon-1-5d-m-carga-standard-select-120-120-furgoneta-manual-2020-127320,"Opel Vivaro
        Furgón 1.5D M Carga Standard Select 120",16990,15490.0,2020,77.797 km,120 CV,Manual,Diésel,Delantera,170km/h,"4,96m","2,00m","1,90m",1.608kg,70l
https://www.clicars.com/coches-segunda-mano-ocasion/comprar-opel-corsa-corsa-1-5d-dt-s-s-edition-100-102-compacto-manual-2021-126550,"Opel Corsa
        1.5D DT S/S Edition 100",9790,8890.0,2021,94.722 km,102 CV,Manual,Diésel,Delantera,188km/h,"4,06m","1,77m","1,44m",1.165kg,41l
https://www.clicars.com/coches-segunda-mano-ocasion/comprar-audi-a3-a3-sportback-40-tfsie-advanced-s-tronic-150-compacto-automatico-2022-127899,"Audi A3
        Sportback 40 TFSIe Advanced S tronic",25490,23190.0,2022,45.174 km,204 CV,Automático,Híbrido enchufable,Delantera,227km/h,"4,34m","1,82m","1,46m",1.635kg,40l
https://www.clicars.com/coches-segunda-mano-ocasion/comprar-mercedes-clase-c-c-coupe-220d-9g-tronic-4-75-170-coupe-automatico-2017-126359,"Mercedes Clase C
        C Coupé 220d 9G-Tronic (4.75)",22490,21390.0,2017,168.621 km,170 CV,Automático,Diésel,Trasera,234km/h,"4,69m","1,81m","1,41m",1.615kg,66l
https://www.clicars.com/coches-segunda-mano-ocasion/comprar-mercedes-clase-c-c-coupe-43-amg-4matic-9g-tronic-367-coupe-automatico-2018-127245,"Mercedes Clase C
        C Coupé 43 AMG 4Matic 9G-Tronic",37490,35690.0,2018,66.630 km,367 CV,Automático,Gasolina,4x4,250km/h,"4,70m","1,81m","1,41m",1.735kg,66l
https://www.clicars.com/coches-segunda-mano-ocasion/comprar-nissan-qashqai-qashqai-1-6dci-acenta-4x4-i-130-suv-y-4x4-manual-2017-127485,"Nissan Qashqai
        1.6dCi Acenta 4x4-i",14490,13790.0,2017,105.955 km,130 CV,Manual,Diésel,4x4,190km/h,"4,38m","1,81m","1,60m",1.518kg,65l
https://www.clicars.com/coches-segunda-mano-ocasion/comprar-ford-kuga-kuga-2-0-ecoblue-st-line-fwd-120-aut-120-suv-y-4x4-automatico-2023-127160,"Ford Kuga
        2.0 EcoBlue ST-Line FWD 120 Aut.",19990,18190.0,2023,104.915 km,120 CV,Automático,Diésel,Delantera,177km/h,"4,61m","1,88m","1,68m",1.529kg,60l
https://www.clicars.com/coches-segunda-mano-ocasion/comprar-ford-transit-courier-transit-courier-van-1-5tdci-trend-75-100-furgoneta-manual-2022-125754,"Ford Transit Courier
        Van 1.5TDCi Trend 75",10990,9990.0,2022,100.872 km,100 CV,Manual,Diésel,Delantera,157km/h,"4,16m","1,98m","1,75m",1.135kg,47l
https://www.clicars.com/coches-segunda-mano-ocasion/comprar-ford-focus-focus-1-0-ecoboost-auto-s-and-s-trend-plus-125-125-compacto-manual-2018-126175,"Ford Focus
        1.0 Ecoboost Auto-S&S Trend+ 125",9990,9490.0,2018,78.638 km,125 CV,Manual,Gasolina,Delantera,-km/h,"4,36m","1,82m","1,48m",1.205kg,55l
https://www.clicars.com/coches-segunda-mano-ocasion/comprar-renault-captur-captur-tce-rs-line-edc-116kw-160-suv-y-4x4-automatico-2022-124951,"Renault Captur
        TCe RS Line EDC",20490,18590.0,2022,55.700 km,160 CV,Automático,Mild hybrid,Delantera,202km/h,"4,23m","1,80m","1,57m",1.266kg,48l
https://www.clicars.com/coches-segunda-mano-ocasion/comprar-fiat-doblo-m1-doblo-1-5-talla-m-75kw-100-furgoneta-manual-2025-127128,"Fiat Doblò M1
        Doblò 1.5 Talla M",21790,19790.0,2025,14.094 km,100 CV,Manual,Diésel,Delantera,173km/h,"4,41m","1,85m","1,78m",1.430kg,60l
https://www.clicars.com/coches-segunda-mano-ocasion/comprar-citroen-c4-c4-1-5-bluehdi-s-and-s-feel-pack-eat8-130-130-compacto-automatico-2022-126300,"Citroen C4
        1.5 BlueHDI S&S Feel Pack EAT8 130",14990,13590.0,2022,105.880 km,130 CV,Automático,Diésel,Delantera,192km/h,"4,36m","1,83m","1,52m",1.399kg,60l
https://www.clicars.com/coches-segunda-mano-ocasion/comprar-volkswagen-golf-golf-1-0-tsi-business-edition-85kw-115-compacto-manual-2019-126936,"Volkswagen Golf
        1.0 TSI Business Edition",14990,14290.0,2019,90.493 km,115 CV,Manual,Gasolina,Delantera,196km/h,"4,26m","1,79m","1,49m",1.216kg,50l
https://www.clicars.com/coches-segunda-mano-ocasion/comprar-audi-a5-a5-sportback-35-tdi-s-line-s-tronic-163-compacto-automatico-2020-127754,"Audi A5
        Sportback 35 TDI S line S tronic",32990,29990.0,2020,62.222 km,163 CV,Automático,Mild hybrid,Delantera,210km/h,"4,76m","1,84m","1,40m",1.565kg,54l
https://www.clicars.com/coches-segunda-mano-ocasion/comprar-volkswagen-touran-touran-2-0tdi-cr-bmt-advance-85kw-115-monovolumen-manual-2020-127003,"Volkswagen Touran
        2.0TDI CR BMT Advance",22990,20890.0,2020,66.007 km,115 CV,Manual,Diésel,Delantera,188km/h,"4,53m","1,83m","1,66m",1.615kg,58l
https://www.clicars.com/coches-segunda-mano-ocasion/comprar-citroen-jumpy-jumpy-fg-bluehdi-talla-m-s-and-s-control-100-100-furgoneta-manual-2022-127360,"Citroen Jumpy
        Fg. BlueHDI Talla M S&S Control 100",19690,17890.0,2022,61.532 km,100 CV,Manual,Diésel,Delantera,145km/h,"4,96m","1,92m","1,90m",1.748kg,69l
https://www.clicars.com/coches-segunda-mano-ocasion/comprar-smart-fortwo-fortwo-coupe-electric-drive-passion-82-compacto-automatico-2017-127454,"Smart Fortwo
        Coupé Electric Drive Passion",8690,8290.0,2017,74.817 km,82 CV,Automático,Eléctrico,Trasera,130km/h,"2,70m","1,66m","1,56m",1.085kg,
https://www.clicars.com/coches-segunda-mano-ocasion/comprar-peugeot-208-208-1-2-s-and-s-gt-pack-100-100-compacto-manual-2021-126897,"Peugeot 208
        1.2 S&S GT Pack 100",12990,11790.0,2021,38.233 km,100 CV,Manual,Gasolina,Delantera,188km/h,"4,06m","1,75m","1,43m",1.090kg,44l
https://www.clicars.com/coches-segunda-mano-ocasion/comprar-toyota-corolla-corolla-125h-active-tech-98-compacto-automatico-2021-127487,"Toyota Corolla
        125H Active Tech",16990,15490.0,2021,131.603 km,122 CV,Automático,Híbrido,Delantera,180km/h,"4,37m","1,79m","1,44m",1.360kg,43l
https://www.clicars.com/coches-segunda-mano-ocasion/comprar-kia-xceed-xceed-1-6-phev-etech-aut-105-suv-y-4x4-automatico-2022-127412,"Kia XCeed
        1.6 PHEV eTech Aut.",17490,15890.0,2022,62.711 km,141 CV,Automático,Híbrido enchufable,Delantera,160km/h,"4,40m","1,83m","1,50m",1.519kg,37l
https://www.clicars.com/coches-segunda-mano-ocasion/comprar-renault-clio-clio-1-5dci-energy-limited-66kw-90-compacto-manual-2019-127211,"Renault Clio
        1.5dCi Energy Limited",9790,9290.0,2019,136.173 km,90 CV,Manual,Diésel,Delantera,168km/h,"4,06m","1,73m","1,45m",1.071kg,45l
https://www.clicars.com/coches-segunda-mano-ocasion/comprar-ds-ds-3-crossback-ds-3-crossback-puretech-performance-line-100-100-suv-y-4x4-manual-2021-127307,"DS DS 3 Crossback
        Puretech Performance Line 100",13290,12090.0,2021,97.316 km,100 CV,Manual,Gasolina,Delantera,185km/h,"4,12m","1,79m","1,53m",1.170kg,44l
https://www.clicars.com/coches-segunda-mano-ocasion/comprar-citroen-c3-c3-1-2-puretech-s-and-s-shine-83-82-compacto-manual-2018-127035,"Citroen C3
        1.2 PureTech S&S Shine 83",8490,8090.0,2018,100.137 km,82 CV,Manual,Gasolina,Delantera,168km/h,"4,00m","1,75m","1,47m",1.055kg,45l
https://www.clicars.com/coches-segunda-mano-ocasion/comprar-renault-clio-clio-e-tech-hibrido-equilibre-103kw-140-compacto-automatico-2023-126346,"Renault Clio
        E-TECH Híbrido Equilibre",15590,14190.0,2023,93.600 km,140 CV,Automático,Híbrido,Delantera,186km/h,"4,05m","1,80m","1,44m",1.758kg,39l
https://www.clicars.com/coches-segunda-mano-ocasion/comprar-dacia-sandero-sandero-tce-essential-67kw-90-compacto-manual-2022-125793,"Dacia Sandero
        TCe Essential",11890,10790.0,2022,31.383 km,90 CV,Manual,Gasolina,Delantera,178km/h,"4,09m","1,85m","1,50m",1.052kg,50l
https://www.clicars.com/coches-segunda-mano-ocasion/comprar-alfa-romeo-stelvio-stelvio-2-2-veloce-q4-210-aut-210-suv-y-4x4-automatico-2024-127213,"Alfa Romeo Stelvio
        2.2 Veloce Q4 210 Aut.",41290,39290.0,2024,18.878 km,210 CV,Automático,Diésel,4x4,215km/h,"4,69m","1,90m","1,63m",1.745kg,58l
https://www.clicars.com/coches-segunda-mano-ocasion/comprar-seat-tarraco-tarraco-2-0-tsi-s-and-s-xcellence-dsg-4drive-190-190-suv-y-4x4-automatico-2019-127199,"SEAT Tarraco
        2.0 TSI S&S Xcellence DSG 4Drive 190",25290,24090.0,2019,92.003 km,190 CV,Automático,Gasolina,4x4,210km/h,"4,74m","1,84m","1,67m",1.749kg,58l
https://www.clicars.com/coches-segunda-mano-ocasion/comprar-volvo-xc40-xc40-d3-inscription-150-suv-y-4x4-automatico-2019-126400,"Volvo XC40
        D3 Inscription",22690,21590.0,2019,101.109 km,150 CV,Manual,Diésel,Delantera,200km/h,"4,43m","1,86m","1,65m",1.698kg,54l
https://www.clicars.com/coches-segunda-mano-ocasion/comprar-volkswagen-golf-golf-1-5-etsi-life-dsg-96kw-130-compacto-automatico-2024-127207,"Volkswagen Golf
        1.5 eTSI Life DSG",25490,23190.0,2024,16.108 km,130 CV,Automático,Mild hybrid,Delantera,214km/h,"4,28m","1,79m","1,46m",1.315kg,50l
https://www.clicars.com/coches-segunda-mano-ocasion/comprar-mercedes-clase-gla-gla-200-7g-dct-156-suv-y-4x4-automatico-2019-127028,"Mercedes Clase GLA
        GLA 200 7G-DCT",22490,21390.0,2019,83.479 km,156 CV,Automático,Gasolina,Delantera,215km/h,"4,42m","1,80m","1,49m",1.435kg,50l
https://www.clicars.com/coches-segunda-mano-ocasion/comprar-ford-kuga-kuga-2-0-ecoblue-st-line-fwd-120-aut-120-suv-y-4x4-automatico-2023-126684,"Ford Kuga
        2.0 EcoBlue ST-Line FWD 120 Aut.",18990,17290.0,2023,99.755 km,120 CV,Automático,Diésel,Delantera,177km/h,"4,61m","1,88m","1,68m",1.529kg,60l
https://www.clicars.com/coches-segunda-mano-ocasion/comprar-ford-kuga-kuga-2-0-ecoblue-st-line-fwd-120-aut-120-suv-y-4x4-automatico-2023-126683,"Ford Kuga
        2.0 EcoBlue ST-Line FWD 120 Aut.",18490,16790.0,2023,101.436 km,120 CV,Automático,Diésel,Delantera,177km/h,"4,61m","1,88m","1,68m",1.529kg,60l
https://www.clicars.com/coches-segunda-mano-ocasion/comprar-kia-niro-niro-1-6-hev-concept-141-105-suv-y-4x4-automatico-2023-126912,"Kia Niro
        1.6 HEV Concept 141",22590,20590.0,2023,36.060 km,141 CV,Automático,Híbrido,Delantera,165km/h,"4,42m","1,83m","1,55m",1.399kg,42l
https://www.clicars.com/coches-segunda-mano-ocasion/comprar-opel-corsa-corsa-1-2t-xhl-s-s-edition-100-100-compacto-manual-2020-126339,"Opel Corsa
        1.2T XHL S/S Edition 100",9490,8590.0,2020,90.325 km,100 CV,Manual,Gasolina,Delantera,188km/h,"4,06m","1,77m","1,44m",1.165kg,44l
https://www.clicars.com/coches-segunda-mano-ocasion/comprar-hyundai-tucson-tucson-1-6-t-hev-klass-at-160-suv-y-4x4-automatico-2025-126248,"Hyundai Tucson
        1.6 T HEV Klass AT",30290,28890.0,2025,28.063 km,215 CV,Automático,Híbrido,Delantera,186km/h,"4,51m","1,87m","1,65m",1.575kg,52l
https://www.clicars.com/coches-segunda-mano-ocasion/comprar-volkswagen-polo-polo-1-0-tsi-70kw-95-compacto-manual-2021-125885,"Volkswagen Polo
        1.0 TSI",13590,12390.0,2022,119.955 km,95 CV,Manual,Gasolina,Delantera,187km/h,"4,07m","1,75m","1,45m",1.145kg,40l
https://www.clicars.com/coches-segunda-mano-ocasion/comprar-jeep-renegade-renegade-1-4-multiair-limited-4x2-ddct-103kw-140-suv-y-4x4-automatico-2017-127049,"Jeep Renegade
        1.4 Multiair Limited 4x2 DDCT",12190,11590.0,2017,146.007 km,140 CV,Automático,Gasolina,Delantera,181km/h,"4,24m","1,81m","1,67m",1.380kg,48l
https://www.clicars.com/coches-segunda-mano-ocasion/comprar-mitsubishi-outlander-outlander-phev-kaiteki-4wd-121-suv-y-4x4-automatico-2017-127300,"Mitsubishi Outlander
        PHEV Kaiteki 4WD",16790,15990.0,2017,97.740 km,203 CV,Automático,Híbrido enchufable,4x4,170km/h,"4,70m","1,80m","1,71m",1.845kg,45l
https://www.clicars.com/coches-segunda-mano-ocasion/comprar-audi-q2-q2-30-tdi-s-line-85kw-116-suv-y-4x4-manual-2022-126599,"Audi Q2
        30 TDI S line",22290,20290.0,2022,76.625 km,116 CV,Manual,Diésel,Delantera,197km/h,"4,21m","1,79m","1,51m",,50l
https://www.clicars.com/coches-segunda-mano-ocasion/comprar-nissan-x-trail-x-trail-1-6-dig-t-360-4x2-163-suv-y-4x4-manual-2016-127231,"Nissan X-Trail
        1.6 DIG-T 360 4x2",15990,15190.0,2016,92.358 km,163 CV,Manual,Gasolina,Delantera,200km/h,"4,63m","1,83m","1,72m",1.430kg,60l
https://www.clicars.com/coches-segunda-mano-ocasion/comprar-audi-a1-a1-sportback-30-tfsi-adrenalin-110-compacto-manual-2021-125612,"Audi A1
        Sportback 30 TFSI Adrenalin",19490,17690.0,2021,48.039 km,110 CV,Manual,Gasolina,Delantera,203km/h,"4,03m","1,74m","1,43m",1.180kg,40l
https://www.clicars.com/coches-segunda-mano-ocasion/comprar-jeep-compass-compass-1-6-mjt-longitude-fwd-130-suv-y-4x4-manual-2021-127182,"Jeep Compass
        1.6 Mjt Longitude FWD",18790,17090.0,2021,46.498 km,130 CV,Manual,Diésel,Delantera,187km/h,"4,39m","1,87m","1,62m",1.615kg,55l
https://www.clicars.com/coches-segunda-mano-ocasion/comprar-skoda-kamiq-kamiq-1-0-tsi-ambition-81kw-dsg-110-suv-y-4x4-automatico-2021-126546,"Skoda Kamiq
        1.0 TSI Ambition DSG",15490,14090.0,2021,100.365 km,110 CV,Automático,Gasolina,Delantera,193km/h,"4,24m","1,79m","1,55m",1.251kg,50l
https://www.clicars.com/coches-segunda-mano-ocasion/comprar-mercedes-clase-a-a-180d-7g-dct-116-compacto-automatico-2019-127346,"Mercedes Clase A
        A 180d 7G-DCT",20490,19490.0,2019,84.610 km,116 CV,Automático,Diésel,Delantera,202km/h,"4,42m","1,80m","1,44m",1.445kg,43l
https://www.clicars.com/coches-segunda-mano-ocasion/comprar-peugeot-3008-suv-3008-1-6bluehdi-gt-line-s-and-s-eat6-120-120-suv-y-4x4-automatico-2017-126914,"Peugeot 3008 SUV
        1.6BlueHDi GT Line S&S EAT6 120",13490,12790.0,2017,161.250 km,120 CV,Automático,Diésel,Delantera,185km/h,"4,45m","1,84m","1,62m",1.315kg,53l
https://www.clicars.com/coches-segunda-mano-ocasion/comprar-audi-q3-q3-35-tdi-advanced-s-tronic-110kw-150-suv-y-4x4-automatico-2022-126924,"Audi Q3
        35 TDI Advanced S tronic",29490,26790.0,2022,88.150 km,150 CV,Automático,Diésel,Delantera,207km/h,"4,48m","1,85m","1,62m",1.560kg,64l
https://www.clicars.com/coches-segunda-mano-ocasion/comprar-alfa-romeo-stelvio-stelvio-2-2-sprint-rwd-190-aut-190-suv-y-4x4-automatico-2021-126207,"Alfa Romeo Stelvio
        2.2 Sprint RWD 190 Aut.",24990,22690.0,2021,69.470 km,190 CV,Automático,Diésel,Trasera,210km/h,"4,69m","1,90m","1,63m",1.660kg,58l
https://www.clicars.com/coches-segunda-mano-ocasion/comprar-toyota-c-hr-c-hr-125h-active-98-suv-y-4x4-automatico-2019-126993,"Toyota C-HR
        125H Active",17890,16990.0,2019,123.242 km,122 CV,Automático,Híbrido,Delantera,170km/h,"4,40m","1,80m","1,56m",1.485kg,43l
https://www.clicars.com/coches-segunda-mano-ocasion/comprar-mercedes-clase-c-c-200d-9g-tronic-163-berlina-automatico-2023-127208,"Mercedes Clase C
        C 200d 9G-Tronic",37790,35990.0,2023,24.376 km,163 CV,Automático,Mild hybrid,Trasera,230km/h,"4,75m","1,82m","1,44m",1.725kg,66l
https://www.clicars.com/coches-segunda-mano-ocasion/comprar-skoda-scala-scala-1-0-tsi-selection-85kw-116-familiar-manual-2023-126927,"Skoda Scala
        1.0 TSI Selection",15790,14390.0,2023,90.854 km,116 CV,Manual,Gasolina,Delantera,201km/h,"4,36m","1,79m","1,47m",1.240kg,50l
https://www.clicars.com/coches-segunda-mano-ocasion/comprar-nissan-leaf-leaf-62-kwh-e-plus-n-connecta-160kw-218-compacto-automatico-2023-126920,"Nissan Leaf
        e+ N-Connecta",18990,17290.0,2023,46.051 km,218 CV,Automático,Eléctrico,Delantera,157km/h,"4,49m","1,79m","1,54m",1.558kg,
https://www.clicars.com/coches-segunda-mano-ocasion/comprar-skoda-karoq-karoq-2-0tdi-adblue-ambition-dsg-85kw-115-suv-y-4x4-automatico-2023-126658,"Skoda Karoq
        2.0TDI Adblue Ambition DSG",21990,19990.0,2023,60.271 km,115 CV,Automático,Diésel,Delantera,186km/h,"4,39m","1,84m","1,54m",1.386kg,50l
https://www.clicars.com/coches-segunda-mano-ocasion/comprar-tesla-model-3-model-3-standard-rwd-plus-325-berlina-automatico-2020-125487,"Tesla Model 3
        Standard RWD Plus",23890,22790.0,2020,89.396 km,325 CV,Automático,Eléctrico,Trasera,225km/h,"4,69m","1,93m","1,44m",1.684kg,
https://www.clicars.com/coches-segunda-mano-ocasion/comprar-nissan-qashqai-qashqai-1-3-dig-t-mhev-12v-n-connecta-4x2-103kw-140-suv-y-4x4-manual-2024-126834,"Nissan Qashqai
        1.3 DIG-T mHEV 12V N-Connecta 4x2",22490,20490.0,2023,64.604 km,140 CV,Manual,Mild hybrid,Delantera,196km/h,"4,43m","1,85m","1,63m",1.330kg,55l
https://www.clicars.com/coches-segunda-mano-ocasion/comprar-lexus-ux-ux-250h-business-navigation-2wd-184-suv-y-4x4-automatico-2020-126768,"Lexus UX
        250h Business Navigation 2WD",21790,20790.0,2020,82.852 km,184 CV,Automático,Híbrido,Delantera,177km/h,"4,50m","1,84m","1,54m",1.615kg,43l
https://www.clicars.com/coches-segunda-mano-ocasion/comprar-volkswagen-tiguan-tiguan-1-4-act-tsi-advance-dsg-110kw-150-suv-y-4x4-automatico-2017-127008,"Volkswagen Tiguan
        1.4 ACT TSI Advance DSG",18790,17890.0,2017,91.138 km,150 CV,Automático,Gasolina,Delantera,200km/h,"4,49m","1,84m","1,63m",1.490kg,58l
https://www.clicars.com/coches-segunda-mano-ocasion/comprar-renault-megane-megane-1-2-tce-energy-zen-97kw-130-compacto-manual-2018-127016,"Renault Mégane
        1.2 TCe Energy Zen",11990,11390.0,2018,93.626 km,130 CV,Manual,Gasolina,Delantera,197km/h,"4,36m","1,81m","1,44m",1.205kg,47l
https://www.clicars.com/coches-segunda-mano-ocasion/comprar-volkswagen-polo-polo-1-0-tsi-advance-70kw-95-compacto-manual-2019-127256,"Volkswagen Polo
        1.0 TSI Advance",11290,10790.0,2019,117.224 km,95 CV,Manual,Gasolina,Delantera,187km/h,"4,05m","1,75m","1,46m",1.145kg,40l
https://www.clicars.com/coches-segunda-mano-ocasion/comprar-ford-fiesta-fiesta-1-0-ecoboost-mhev-st-line-125-125-compacto-manual-2023-127143,"Ford Fiesta
        1.0 EcoBoost MHEV ST Line 125",15490,14090.0,2023,41.635 km,125 CV,Manual,Mild hybrid,Delantera,200km/h,"4,07m","1,74m","1,48m",1.136kg,42l
https://www.clicars.com/coches-segunda-mano-ocasion/comprar-volvo-xc40-xc40-t4-recharge-core-aut-211-suv-y-4x4-automatico-2022-125393,"Volvo XC40
        T4 Recharge Core Aut.",23490,21390.0,2022,114.283 km,211 CV,Automático,Híbrido enchufable,Delantera,180km/h,"4,44m","1,86m","1,65m",1.741kg,48l
https://www.clicars.com/coches-segunda-mano-ocasion/comprar-renault-kangoo-kangoo-fg-1-5blue-dci-profesional-abrete-sesamo-70kw-95-furgoneta-manual-2022-125361,"Renault Kangoo
        Fg. 1.5Blue dCi Profesional Ábrete Sésamo",14790,13490.0,2022,71.260 km,95 CV,Manual,Diésel,Delantera,164km/h,"4,49m","1,92m","1,80m",1.444kg,54l
https://www.clicars.com/coches-segunda-mano-ocasion/comprar-audi-a3-a3-sportback-30tdi-s-line-116-compacto-manual-2021-126229,"Audi A3
        Sportback 30TDI S line",24490,22290.0,2021,72.204 km,116 CV,Manual,Diésel,Delantera,206km/h,"4,34m","1,82m","1,45m",1.420kg,50l
https://www.clicars.com/coches-segunda-mano-ocasion/comprar-nissan-juke-juke-1-6-hybrid-n-n-design-black-auto-143-suv-y-4x4-automatico-2024-126543,"Nissan Juke
        1.6 Hybrid N-N-Design Black Auto",22790,20690.0,2024,20.631 km,143 CV,Automático,Híbrido,Delantera,166km/h,"4,21m","1,83m","1,60m",,46l
https://www.clicars.com/coches-segunda-mano-ocasion/comprar-volkswagen-tiguan-tiguan-2-0tdi-life-dsg-110kw-150-suv-y-4x4-automatico-2022-126667,"Volkswagen Tiguan
        2.0TDI Life DSG",24490,22290.0,2022,118.986 km,150 CV,Automático,Diésel,Delantera,200km/h,"4,51m","1,84m","1,68m",1.640kg,58l
https://www.clicars.com/coches-segunda-mano-ocasion/comprar-audi-a1-a1-sportback-1-6tdi-attraction-116-compacto-manual-2017-126874,"Audi A1
        Sportback 1.6TDI Attraction",13690,12990.0,2017,95.876 km,116 CV,Manual,Diésel,Delantera,200km/h,"3,97m","1,75m","1,42m",1.250kg,45l
https://www.clicars.com/coches-segunda-mano-ocasion/comprar-peugeot-rifter-n1-rifter-1-5bluehdi-s-and-s-active-pack-business-standard-100-100-furgoneta-manual-2023-126925,"Peugeot Rifter N1
        1.5BlueHDI S&S Active Pack Business Standard 100",17490,15890.0,2023,64.957 km,100 CV,Manual,Diésel,Delantera,165km/h,"4,40m","1,85m","1,88m",1.486kg,50l
https://www.clicars.com/coches-segunda-mano-ocasion/comprar-toyota-proace-city-proace-city-van-media-1-5d-gx-100-100-furgoneta-manual-2022-126479,"Toyota Proace City
        Van Media 1.5D GX 100",12990,11790.0,2022,99.797 km,100 CV,Manual,Diésel,Delantera,172km/h,"4,40m","1,85m","1,80m",1.422kg,50l
https://www.clicars.com/coches-segunda-mano-ocasion/comprar-peugeot-508-508-1-2-puretech-s-and-s-active-pack-eat8-130-130-compacto-automatico-2022-127343,"Peugeot 508
        1.2 PureTech S&S Active Pack EAT8 130",15990,14590.0,2022,44.480 km,130 CV,Automático,Gasolina,Delantera,213km/h,"4,75m","1,86m","1,41m",1.400kg,45l
https://www.clicars.com/coches-segunda-mano-ocasion/comprar-alfa-romeo-tonale-tonale-1-5-mhev-sprint-fwd-130-suv-y-4x4-automatico-2024-126760,"Alfa Romeo Tonale
        1.5 MHEV Sprint FWD",23990,21790.0,2024,22.332 km,130 CV,Automático,Mild hybrid,Delantera,195km/h,"4,53m","1,84m","1,60m",1.525kg,55l
https://www.clicars.com/coches-segunda-mano-ocasion/comprar-seat-ibiza-ibiza-st-1-6tdi-cr-style-105-105-familiar-manual-2014-126153,"SEAT Ibiza
        ST 1.6TDI CR Style 105",7990,7590.0,2014,138.446 km,105 CV,Manual,Diésel,Delantera,188km/h,"4,24m","1,69m","1,45m",1.225kg,45l
https://www.clicars.com/coches-segunda-mano-ocasion/comprar-bmw-serie-1-118ia-140-compacto-automatico-2019-125701,"BMW Serie 1
        118iA",19490,18590.0,2019,147.128 km,140 CV,Automático,Gasolina,Delantera,213km/h,"4,32m","1,80m","1,43m",1.320kg,42l
https://www.clicars.com/coches-segunda-mano-ocasion/comprar-citroen-jumpy-jumpy-fg-bluehdi-talla-m-s-and-s-control-120-118-furgoneta-manual-2021-126338,"Citroen Jumpy
        Fg. BlueHDI Talla M S&S Control 120",17490,15890.0,2022,112.829 km,118 CV,Manual,Diésel,Delantera,160km/h,"4,96m","1,92m","1,90m",1.789kg,69l
https://www.clicars.com/coches-segunda-mano-ocasion/comprar-opel-combo-n1-combo-life-1-5td-s-and-s-l-business-edition-plus-100-100-furgoneta-manual-2022-126336,"Opel Combo N1
        Life 1.5TD S&S L Business Edition Plus 100",16490,14990.0,2022,78.378 km,100 CV,Manual,Diésel,Delantera,175km/h,"4,40m","1,85m","1,80m",1.473kg,50l
https://www.clicars.com/coches-segunda-mano-ocasion/comprar-jaguar-e-pace-e-pace-2-0d-i4-s-163-163-suv-y-4x4-automatico-2022-126918,"Jaguar E-Pace
        2.0D I4 S 163",25990,23690.0,2022,41.411 km,163 CV,Automático,Diésel,Delantera,206km/h,"4,40m","1,98m","1,65m",1.809kg,65l
https://www.clicars.com/coches-segunda-mano-ocasion/comprar-renault-captur-captur-e-tech-hibrido-techno-105kw-140-suv-y-4x4-automatico-2023-126917,"Renault Captur
        E-TECH Híbrido Techno",22490,20490.0,2023,22.709 km,145 CV,Automático,Híbrido,Delantera,170km/h,"4,23m","1,80m","1,58m",1.346kg,48l
https://www.clicars.com/coches-segunda-mano-ocasion/comprar-audi-q3-q3-sportback-40-tdi-black-line-quattro-s-tronic-190-suv-y-4x4-automatico-2020-125855,"Audi Q3
        Sportback 40 TDI Black line quattro S tronic",31990,30490.0,2020,124.721 km,190 CV,Automático,Diésel,4x4,205km/h,"4,50m","1,84m","1,56m",1.655kg,58l
https://www.clicars.com/coches-segunda-mano-ocasion/comprar-seat-arona-arona-1-0-tsi-s-and-s-style-xm-110-110-suv-y-4x4-manual-2022-125523,"SEAT Arona
        1.0 TSI S&S Style XM 110",15490,14090.0,2022,54.918 km,110 CV,Manual,Gasolina,Delantera,190km/h,"4,15m","1,78m","1,55m",1.215kg,40l
https://www.clicars.com/coches-segunda-mano-ocasion/comprar-citroen-c4-cactus-c4-cactus-1-2-puretech-s-and-s-feel-110-110-compacto-manual-2020-126886,"Citroen C4 Cactus
        1.2 PureTech S&S Feel 110",9890,8990.0,2020,95.734 km,110 CV,Manual,Gasolina,Delantera,196km/h,"4,17m","1,71m","1,48m",1.140kg,50l
https://www.clicars.com/coches-segunda-mano-ocasion/comprar-volkswagen-golf-golf-1-5-tsi-evo-bm-last-edition-96kw-130-compacto-manual-2019-126950,"Volkswagen Golf
        1.5 TSI Evo BM Last Edition",16290,15490.0,2019,90.386 km,130 CV,Manual,Gasolina,Delantera,210km/h,"4,26m","1,79m","1,49m",1.280kg,50l
https://www.clicars.com/coches-segunda-mano-ocasion/comprar-seat-leon-leon-st-1-5-tgi-gnc-s-and-s-xcellence-130-130-familiar-manual-2020-126201,"SEAT León
        ST 1.5 TGI GNC S&S Xcellence 130",11290,10290.0,2020,141.284 km,130 CV,Manual,Gnc,Delantera,206km/h,"4,55m","1,82m","1,45m",1.342kg,
https://www.clicars.com/coches-segunda-mano-ocasion/comprar-jeep-compass-compass-1-6-mjt-limited-fwd-130-suv-y-4x4-manual-2021-126595,"Jeep Compass
        1.6 Mjt Limited FWD",20990,19090.0,2021,57.934 km,130 CV,Manual,Diésel,Delantera,187km/h,"4,39m","1,87m","1,62m",1.615kg,55l
https://www.clicars.com/coches-segunda-mano-ocasion/comprar-mercedes-clase-a-a-250e-8g-dct-218-compacto-automatico-2022-126592,"Mercedes Clase A
        A 250e 8G-DCT",25990,23690.0,2022,95.916 km,218 CV,Automático,Híbrido enchufable,Delantera,235km/h,"4,42m","1,80m","1,45m",1.680kg,35l
https://www.clicars.com/coches-segunda-mano-ocasion/comprar-bmw-x2-x2-sdrive-18d-150-suv-y-4x4-automatico-2021-126055,"BMW X2
        sDrive 18d",22990,20890.0,2021,75.634 km,150 CV,Automático,Diésel,Delantera,207km/h,"4,36m","1,82m","1,53m",1.510kg,51l
https://www.clicars.com/coches-segunda-mano-ocasion/comprar-fiat-ducato-ducato-fg-35-2-2mjt-l2-h2-easy-pro-140cv-140-furgoneta-manual-2023-125010,"Fiat Ducato
        Fg. 35 2.2Mjt L2 H2 Easy Pro",26790,24390.0,2023,31.105 km,140 CV,Manual,Diésel,Delantera,155km/h,"5,41m","2,05m","2,52m",1.925kg,90l
https://www.clicars.com/coches-segunda-mano-ocasion/comprar-skoda-kodiaq-kodiaq-2-0tdi-rs-4x4-dsg-176kw-240-suv-y-4x4-automatico-2020-126766,"Skoda Kodiaq
        2.0TDI RS 4x4 DSG",29390,27990.0,2020,102.468 km,240 CV,Automático,Diésel,4x4,210km/h,"4,70m","1,88m","1,68m",1.880kg,60l
https://www.clicars.com/coches-segunda-mano-ocasion/comprar-peugeot-expert-expert-fg-long-1-5bluehdi-s-and-s-premium-100-100-furgoneta-manual-2022-125767,"Peugeot Expert
        Fg. Long 1.5BlueHDi S&S Premium 100",18990,17290.0,2022,69.327 km,100 CV,Manual,Diésel,Delantera,145km/h,"5,31m","1,92m","1,94m",1.770kg,70l
https://www.clicars.com/coches-segunda-mano-ocasion/comprar-opel-zafira-zafira-tourer-2-0cdti-expression-130-130-monovolumen-manual-2014-126455,"Opel Zafira
        Tourer 2.0CDTi Expression 130",8390,7990.0,2014,128.359 km,130 CV,Manual,Diésel,Delantera,-km/h,"4,66m","1,88m","1,69m",1.658kg,58l
https://www.clicars.com/coches-segunda-mano-ocasion/comprar-opel-astra-astra-1-2t-xht-s-s-gs-130-130-compacto-manual-2025-126749,"Opel Astra
        1.2T XHT S/S GS 130",17490,15890.0,2025,22.390 km,130 CV,Manual,Gasolina,Delantera,210km/h,"4,37m","1,86m","1,47m",,52l
https://www.clicars.com/coches-segunda-mano-ocasion/comprar-peugeot-3008-suv-3008-1-5bluehdi-allure-pack-s-and-s-eat8-130-130-suv-y-4x4-automatico-2023-126910,"Peugeot 3008 SUV
        1.5BlueHDi Allure Pack S&S EAT8 130",19990,18190.0,2023,72.889 km,130 CV,Automático,Diésel,Delantera,189km/h,"4,45m","1,84m","1,62m",,53l
https://www.clicars.com/coches-segunda-mano-ocasion/comprar-skoda-scala-scala-1-0-tsi-selection-85kw-116-familiar-manual-2023-126601,"Skoda Scala
        1.0 TSI Selection",14490,13190.0,2023,97.608 km,116 CV,Manual,Gasolina,Delantera,201km/h,"4,36m","1,79m","1,47m",1.240kg,50l
https://www.clicars.com/coches-segunda-mano-ocasion/comprar-volkswagen-t-roc-t-roc-1-5-tsi-sport-150-suv-y-4x4-manual-2021-125880,"Volkswagen T-Roc
        1.5 TSI Sport",19890,18090.0,2021,73.743 km,150 CV,Manual,Gasolina,Delantera,205km/h,"4,23m","1,82m","1,57m",1.330kg,50l
https://www.clicars.com/coches-segunda-mano-ocasion/comprar-opel-astra-astra-1-6cdti-excellence-110-110-compacto-manual-2015-126681,"Opel Astra
        1.6CDTi Excellence 110",8490,8090.0,2015,132.826 km,110 CV,Manual,Diésel,Delantera,195km/h,"4,37m","1,81m","1,49m",1.350kg,47l
https://www.clicars.com/coches-segunda-mano-ocasion/comprar-toyota-auris-auris-hybrid-140h-active-99-compacto-automatico-2016-126961,"Toyota Auris
        hybrid 140H Active",12990,12390.0,2016,125.092 km,136 CV,Automático,Híbrido,Delantera,180km/h,"4,33m","1,76m","1,48m",1.310kg,45l
https://www.clicars.com/coches-segunda-mano-ocasion/comprar-ford-focus-focus-sb-1-5tdci-trend-plus-120-120-familiar-manual-2017-126039,"Ford Focus
        Sb. 1.5TDCi Trend+ 120",10490,9990.0,2017,73.751 km,120 CV,Manual,Diésel,Delantera,-km/h,"4,56m","1,82m","1,49m",1.293kg,53l
https://www.clicars.com/coches-segunda-mano-ocasion/comprar-land-rover-defender-defender-110-2-0-si4-phev-hse-awd-aut-404-404-suv-y-4x4-automatico-2021-126596,"Land Rover Defender
        110 2.0 Si4 PHEV HSE AWD Aut. 404",57490,54790.0,2021,112.704 km,404 CV,Automático,Híbrido enchufable,4x4,191km/h,"4,76m","2,00m","1,97m",2.600kg,90l
https://www.clicars.com/coches-segunda-mano-ocasion/comprar-mercedes-clase-cla-cla-shooting-brake-250e-8g-dct-218-familiar-automatico-2023-126591,"Mercedes Clase CLA
        CLA Shooting Brake 250e 8G-DCT",32990,31390.0,2023,51.503 km,218 CV,Automático,Híbrido enchufable,Delantera,235km/h,"4,69m","1,83m","1,45m",1.750kg,35l
https://www.clicars.com/coches-segunda-mano-ocasion/comprar-lexus-lbx-lbx-cool-plus-136-suv-y-4x4-automatico-2025-122748,"Lexus LBX
        Cool+",32790,31190.0,2024,24.777 km,136 CV,Automático,Híbrido,Delantera,170km/h,"4,19m","1,83m","1,56m",1.280kg,36l
https://www.clicars.com/coches-segunda-mano-ocasion/comprar-volkswagen-passat-passat-2-0tdi-evo-110kw-150-berlina-manual-2021-126323,"Volkswagen Passat
        2.0TDI EVO",18990,17290.0,2021,68.737 km,150 CV,Manual,Diésel,Delantera,223km/h,"4,87m","1,83m","1,48m",1.525kg,90l
https://www.clicars.com/coches-segunda-mano-ocasion/comprar-citroen-c4-c4-grand-picasso-1-2-pt-s-and-s-feel-eat6-130-130-monovolumen-automatico-2018-126518,"Citroen C4
        Grand Picasso 1.2 PT. S&S Feel EAT6 130",11990,11390.0,2018,55.768 km,130 CV,Automático,Gasolina,Delantera,206km/h,"4,60m","1,83m","1,64m",1.392kg,57l
https://www.clicars.com/coches-segunda-mano-ocasion/comprar-kia-ceed-ceed-1-6-mhev-imt-eco-dynamics-drive-136-136-compacto-manual-2022-125622,"Kia Ceed
        1.6 MHEV iMT Eco-Dynamics Drive 136",16790,15290.0,2022,59.013 km,136 CV,Manual,Mild hybrid,Delantera,200km/h,"4,32m","1,80m","1,45m",1.418kg,50l
https://www.clicars.com/coches-segunda-mano-ocasion/comprar-ford-ka-ka-plus-1-19-ti-vct-white-edition-85-compacto-manual-2018-126763,"Ford Ka
        + 1.19 Ti-VCT White Edition",9490,8990.0,2018,29.568 km,85 CV,Manual,Gasolina,Delantera,168km/h,"3,93m","1,70m","1,52m",1.055kg,42l
https://www.clicars.com/coches-segunda-mano-ocasion/comprar-nissan-micra-micra-ig-t-s-and-s-visia-plus-90-90-compacto-manual-2017-126252,"Nissan Micra
        IG-T S&S Visia+ 90",10190,9690.0,2017,31.294 km,90 CV,Manual,Gasolina,Delantera,175km/h,"4,00m","1,74m","1,46m",1.076kg,41l
https://www.clicars.com/coches-segunda-mano-ocasion/comprar-kia-stonic-stonic-1-0-t-gdi-mhev-dct-drive-120-120-suv-y-4x4-automatico-2021-124631,"Kia Stonic
        1.0 T-GDi MHEV DCT Drive 120",15990,14590.0,2021,87.470 km,120 CV,Automático,Mild hybrid,Delantera,185km/h,"4,14m","1,76m","1,50m",1.185kg,45l
https://www.clicars.com/coches-segunda-mano-ocasion/comprar-toyota-rav4-rav4-2-5-hybrid-2wd-advance-218-suv-y-4x4-automatico-2022-125984,"Toyota Rav4
        2.5 hybrid 2WD Advance",32490,30890.0,2022,78.007 km,218 CV,Automático,Híbrido,Delantera,180km/h,"4,60m","1,86m","1,69m",1.645kg,55l
https://www.clicars.com/coches-segunda-mano-ocasion/comprar-bmw-serie-2-218da-gran-coupe-150-coupe-automatico-2025-126462,"BMW Serie 2
        218dA Gran Coupé",32490,30890.0,2025,22.114 km,150 CV,Automático,Diésel,Delantera,226km/h,"4,55m","1,80m","1,45m",1.490kg,49l
https://www.clicars.com/coches-segunda-mano-ocasion/comprar-toyota-rav4-rav4-2-5-hybrid-2wd-style-218-suv-y-4x4-automatico-2020-125976,"Toyota Rav4
        2.5 hybrid 2WD Style",29990,27290.0,2020,118.754 km,218 CV,Automático,Híbrido,Delantera,180km/h,"4,60m","1,86m","1,69m",1.645kg,55l
https://www.clicars.com/coches-segunda-mano-ocasion/comprar-opel-grandland-x-grandland-x-1-5cdti-s-and-s-selective-130-130-suv-y-4x4-manual-2020-126830,"Opel Grandland X
        1.5CDTi S&S Selective 130",11490,10490.0,2020,131.409 km,130 CV,Manual,Diésel,Delantera,189km/h,"4,48m","1,86m","1,61m",1.350kg,52l
https://www.clicars.com/coches-segunda-mano-ocasion/comprar-citroen-c4-c4-picasso-1-2-puretech-s-and-s-seduction-130-monovolumen-manual-2015-126610,"Citroen C4
        Picasso 1.2 PureTech S&S Seduction",7990,7590.0,2015,142.229 km,130 CV,Manual,Gasolina,Delantera,201km/h,"4,43m","1,83m","1,61m",1.355kg,57l
https://www.clicars.com/coches-segunda-mano-ocasion/comprar-peugeot-2008-2008-1-2-puretech-s-and-s-allure-100-100-suv-y-4x4-manual-2025-125184,"Peugeot 2008
        1.2 PureTech S&S Allure 100",16990,15490.0,2025,22.691 km,100 CV,Manual,Gasolina,Delantera,183km/h,"4,30m","1,82m","1,52m",1.200kg,44l
https://www.clicars.com/coches-segunda-mano-ocasion/comprar-citroen-c4-c4-1-2-puretech-plus-s-and-s-130-aut-130-compacto-automatico-2025-126123,"Citroen C4
        1.2 PureTech Plus S&S 130 Aut.",17990,16390.0,2025,12.837 km,130 CV,Automático,Gasolina,Delantera,210km/h,"4,35m","1,83m","1,52m",1.322kg,50l
https://www.clicars.com/coches-segunda-mano-ocasion/comprar-mercedes-clase-b-b-250e-8g-dct-218-monovolumen-automatico-2021-126345,"Mercedes Clase B
        B 250e 8G-DCT",23490,21390.0,2021,95.499 km,218 CV,Automático,Híbrido enchufable,Delantera,235km/h,"4,42m","1,80m","1,57m",1.725kg,35l
https://www.clicars.com/coches-segunda-mano-ocasion/comprar-audi-a3-a3-sportback-30-g-tron-design-s-tronic-96kw-131-compacto-automatico-2019-126814,"Audi A3
        Sportback 30 g-tron Design S tronic",17490,16690.0,2019,53.163 km,131 CV,Automático,Gnc,Delantera,211km/h,"4,31m","1,79m","1,43m",1.385kg,50l
https://www.clicars.com/coches-segunda-mano-ocasion/comprar-audi-a1-a1-sportback-35-tfsi-advanced-s-tronic-150-compacto-automatico-2019-124608,"Audi A1
        Sportback 35 TFSI Advanced S tronic",16790,15990.0,2019,107.557 km,150 CV,Automático,Gasolina,Delantera,222km/h,"4,03m","1,74m","1,43m",1.180kg,40l
https://www.clicars.com/coches-segunda-mano-ocasion/comprar-citroen-jumper-jumper-fg-2-2bluehdi-33-l2h2-s-and-s-120-120-furgoneta-manual-2022-124907,"Citroen Jumper
        Fg. 2.2BlueHDi 33 L2H2 S&S 120",20790,18890.0,2022,105.598 km,120 CV,Manual,Diésel,Delantera,155km/h,"5,41m","2,05m","2,52m",1.910kg,90l
https://www.clicars.com/coches-segunda-mano-ocasion/comprar-renault-captur-captur-1-5dci-energy-zen-edc-66kw-90-suv-y-4x4-manual-2019-125943,"Renault Captur
        1.5dCi Energy Zen EDC",13490,12790.0,2019,92.969 km,90 CV,Manual,Diésel,Delantera,170km/h,"4,12m","1,78m","1,57m",1.290kg,45l
https://www.clicars.com/coches-segunda-mano-ocasion/comprar-kia-sorento-sorento-1-6-t-gdi-hev-drive-4x2-233-suv-y-4x4-automatico-2023-125372,"Kia Sorento
        1.6 T-GDi HEV Drive 4x2",30490,28990.0,2023,103.184 km,233 CV,Automático,Híbrido,Delantera,193km/h,"4,81m","1,90m","1,70m",1.783kg,67l
https://www.clicars.com/coches-segunda-mano-ocasion/comprar-opel-corsa-corsa-1-2t-xhl-s-s-edition-100-100-compacto-manual-2021-125757,"Opel Corsa
        1.2T XHL S/S Edition 100",9890,8990.0,2021,72.282 km,100 CV,Manual,Gasolina,Delantera,188km/h,"4,06m","1,77m","1,44m",1.165kg,44l
https://www.clicars.com/coches-segunda-mano-ocasion/comprar-ford-focus-focus-1-6-ti-vct-trend-plus-powershift-125-compacto-automatico-2017-125818,"Ford Focus
        1.6 TI-VCT Trend+ Powershift",10290,9790.0,2017,100.648 km,125 CV,Automático,Gasolina,Delantera,-km/h,"4,36m","1,82m","1,48m",1.235kg,55l
https://www.clicars.com/coches-segunda-mano-ocasion/comprar-land-rover-range-rover-evoque-range-rover-evoque-2-0d-mhev-s-awd-aut-150-150-suv-y-4x4-automatico-2020-124405,"Land Rover Range Rover Evoque
        2.0D MHEV S AWD Aut. 150",20590,18690.0,2020,118.899 km,150 CV,Automático,Mild hybrid,4x4,196km/h,"4,37m","2,00m","1,65m",1.891kg,67l
https://www.clicars.com/coches-segunda-mano-ocasion/comprar-dacia-sandero-sandero-1-0-stepway-essential-55kw-75-compacto-manual-2019-126392,"Dacia Sandero
        1.0 Stepway Essential",9690,9190.0,2019,64.355 km,75 CV,Manual,Gasolina,Delantera,-km/h,"4,06m","1,73m","1,52m",969kg,50l
https://www.clicars.com/coches-segunda-mano-ocasion/comprar-peugeot-partner-partner-1-5-bluehdi-s-and-s-standard-600kg-100-100-furgoneta-manual-2024-126569,"Peugeot Partner
        1.5 BlueHDI S&S Standard 600kg 100",17990,16390.0,2024,52.167 km,100 CV,Manual,Diésel,Delantera,164km/h,"4,40m","2,11m","1,86m",,50l
https://www.clicars.com/coches-segunda-mano-ocasion/comprar-volkswagen-golf-golf-1-5-tsi-mas-85kw-116-compacto-manual-2025-126247,"Volkswagen Golf
        1.5 TSI Más",22990,20890.0,2025,34.686 km,116 CV,Manual,Gasolina,Delantera,214km/h,"4,28m","1,79m","1,46m",1.315kg,50l
https://www.clicars.com/coches-segunda-mano-ocasion/comprar-citroen-c4-grand-c4-spacetourer-1-5bluehdi-s-and-s-live-130-130-monovolumen-manual-2018-126203,"Citroen C4
        Grand C4 Spacetourer 1.5BlueHDI S&S Live 130",11890,11290.0,2018,122.600 km,130 CV,Manual,Diésel,Delantera,198km/h,"4,60m","1,83m","1,64m",1.505kg,55l
https://www.clicars.com/coches-segunda-mano-ocasion/comprar-volkswagen-tiguan-tiguan-1-5-tsi-r-line-dsg-110kw-150-suv-y-4x4-automatico-2020-126014,"Volkswagen Tiguan
        1.5 TSI R-Line DSG",24990,22690.0,2020,105.578 km,150 CV,Automático,Gasolina,Delantera,203km/h,"4,51m","1,84m","1,68m",1.510kg,58l
https://www.clicars.com/coches-segunda-mano-ocasion/comprar-mercedes-clase-glc-glc-200d-4matic-9g-tronic-163-suv-y-4x4-automatico-2021-125938,"Mercedes Clase GLC
        GLC 200d 4Matic 9G-Tronic",38890,36990.0,2022,43.904 km,163 CV,Automático,Diésel,4x4,205km/h,"4,66m","1,89m","1,64m",1.835kg,66l
https://www.clicars.com/coches-segunda-mano-ocasion/comprar-bmw-serie-1-120da-163-compacto-automatico-2025-125525,"BMW Serie 1
        120dA",30490,28990.0,2025,31.124 km,150 CV,Automático,Diésel,Delantera,222km/h,"4,36m","1,80m","1,46m",1.495kg,49l
https://www.clicars.com/coches-segunda-mano-ocasion/comprar-dacia-sandero-sandero-stepway-tce-essential-67kw-91-compacto-manual-2023-126472,"Dacia Sandero
        Stepway TCe Essential",13490,12290.0,2023,45.714 km,91 CV,Manual,Gasolina,Delantera,172km/h,"4,10m","1,85m","1,54m",1.077kg,50l
https://www.clicars.com/coches-segunda-mano-ocasion/comprar-audi-q3-q3-2-0tdi-sport-edition-88kw-120-suv-y-4x4-manual-2018-126262,"Audi Q3
        2.0TDI Sport edition",20590,19590.0,2018,62.121 km,120 CV,Manual,Diésel,Delantera,190km/h,"4,39m","1,83m","1,59m",1.560kg,64l
https://www.clicars.com/coches-segunda-mano-ocasion/comprar-peugeot-boxer-boxer-plataforma-cabina-2-2bluehdi-435-l3-s-and-s-140-140-furgoneta-manual-2020-125250,"Peugeot Boxer
        Plataforma Cabina 2.2BlueHDI 435 L3 S&S 140",19990,18190.0,2020,129.459 km,140 CV,Manual,Diésel,Delantera,-km/h,"5,84m","2,05m","2,15m",1.835kg,90l
https://www.clicars.com/coches-segunda-mano-ocasion/comprar-mercedes-clase-glb-glb-200d-8g-dct-150-suv-y-4x4-automatico-2022-126013,"Mercedes Clase GLB
        GLB 200d 8G-DCT",35490,32290.0,2022,49.962 km,150 CV,Automático,Diésel,Delantera,204km/h,"4,63m","1,83m","1,66m",1.700kg,52l
https://www.clicars.com/coches-segunda-mano-ocasion/comprar-mercedes-clase-glb-glb-200d-8g-dct-150-suv-y-4x4-automatico-2022-126367,"Mercedes Clase GLB
        GLB 200d 8G-DCT",31490,29990.0,2022,111.946 km,150 CV,Automático,Diésel,Delantera,204km/h,"4,63m","1,83m","1,66m",1.700kg,52l
https://www.clicars.com/coches-segunda-mano-ocasion/comprar-audi-a1-a1-sportback-30-tfsi-adrenalin-s-tronic-110-compacto-automatico-2023-125827,"Audi A1
        Sportback 30 TFSI Adrenalin S tronic",21990,19990.0,2023,58.275 km,110 CV,Automático,Gasolina,Delantera,203km/h,"4,03m","1,74m","1,43m",1.200kg,40l
https://www.clicars.com/coches-segunda-mano-ocasion/comprar-volkswagen-caddy-caddy-furgon-2-0tdi-business-4m-90kw-122-furgoneta-manual-2020-125952,"Volkswagen Caddy
        Furgón 2.0TDI Business 4M",15990,14590.0,2020,100.650 km,122 CV,Manual,Diésel,4x4,178km/h,"4,41m","1,79m","1,91m",1.593kg,60l
https://www.clicars.com/coches-segunda-mano-ocasion/comprar-seat-arona-arona-1-0-tgi-s-and-s-fr-90-90-suv-y-4x4-manual-2019-123656,"SEAT Arona
        1.0 TGI S&S FR 90",11990,11390.0,2019,102.361 km,90 CV,Manual,Gnc,Delantera,178km/h,"4,14m","1,78m","1,55m",1.305kg,40l
https://www.clicars.com/coches-segunda-mano-ocasion/comprar-bmw-serie-2-218d-gran-coupe-150-coupe-automatico-2021-125905,"BMW Serie 2
        218d Gran Coupé",24990,22690.0,2021,48.511 km,150 CV,Automático,Diésel,Delantera,222km/h,"4,53m","1,80m","1,42m",1.425kg,42l
https://www.clicars.com/coches-segunda-mano-ocasion/comprar-tesla-model-s-model-s-long-range-awd-525-compacto-automatico-2020-125510,"Tesla Model S
        Long Range AWD",36990,35190.0,2020,97.834 km,525 CV,Automático,Eléctrico,4x4,250km/h,"4,97m","1,96m","1,45m",1.620kg,
https://www.clicars.com/coches-segunda-mano-ocasion/comprar-bmw-serie-2-216d-gran-tourer-116-monovolumen-automatico-2021-125642,"BMW Serie 2
        216d Gran Tourer",17490,15890.0,2021,97.122 km,116 CV,Automático,Diésel,Delantera,192km/h,"4,57m","1,80m","1,61m",1.490kg,51l
https://www.clicars.com/coches-segunda-mano-ocasion/comprar-opel-astra-astra-1-2t-s-s-gs-line-110-110-compacto-manual-2020-125165,"Opel Astra
        1.2T S/S GS Line 110",10490,9990.0,2020,92.778 km,110 CV,Manual,Gasolina,Delantera,200km/h,"4,37m","1,81m","1,49m",1.205kg,48l
https://www.clicars.com/coches-segunda-mano-ocasion/comprar-seat-ateca-ateca-1-0-tsi-s-and-s-ecomotive-style-115-suv-y-4x4-manual-2018-125640,"SEAT Ateca
        1.0 TSI S&S Ecomotive Style",13290,12690.0,2018,108.611 km,115 CV,Manual,Gasolina,Delantera,181km/h,"4,36m","1,84m","1,60m",1.313kg,50l
https://www.clicars.com/coches-segunda-mano-ocasion/comprar-volkswagen-touareg-touareg-3-0tdi-v6-premium-tiptronic-elegance-4m-210kw-286-suv-y-4x4-automatico-2021-125919,"Volkswagen Touareg
        3.0TDI V6 Premium Tiptronic Elegance 4M",49990,47590.0,2022,47.567 km,286 CV,Automático,Diésel,4x4,238km/h,"4,88m","1,98m","1,70m",2.070kg,75l
https://www.clicars.com/coches-segunda-mano-ocasion/comprar-peugeot-rifter-n1-rifter-1-5bluehdi-s-and-s-active-pack-business-standard-100-100-furgoneta-manual-2022-125916,"Peugeot Rifter N1
        1.5BlueHDI S&S Active Pack Business Standard 100",15990,14590.0,2022,86.085 km,100 CV,Manual,Diésel,Delantera,165km/h,"4,40m","1,85m","1,88m",1.486kg,50l
https://www.clicars.com/coches-segunda-mano-ocasion/comprar-peugeot-5008-suv-5008-1-5bluehdi-s-and-s-allure-eat8-130-130-suv-y-4x4-automatico-2019-123228,"Peugeot 5008 SUV
        1.5BlueHDi S&S Allure EAT8 130",18890,17990.0,2019,90.239 km,130 CV,Automático,Diésel,Delantera,191km/h,"4,64m","1,84m","1,65m",1.430kg,56l
https://www.clicars.com/coches-segunda-mano-ocasion/comprar-opel-corsa-corsa-1-5d-dt-s-s-edition-100-102-compacto-manual-2021-126177,"Opel Corsa
        1.5D DT S/S Edition 100",9890,8990.0,2021,100.735 km,102 CV,Manual,Diésel,Delantera,188km/h,"4,06m","1,77m","1,44m",1.165kg,41l
https://www.clicars.com/coches-segunda-mano-ocasion/comprar-skoda-kamiq-kamiq-1-0-tsi-selection-dsg-85kw-115-suv-y-4x4-automatico-2023-125826,"Skoda Kamiq
        1.0 TSI Selection DSG",17990,16390.0,2023,65.138 km,115 CV,Automático,Gasolina,Delantera,193km/h,"4,24m","1,79m","1,55m",1.251kg,50l
https://www.clicars.com/coches-segunda-mano-ocasion/comprar-hyundai-ioniq-ioniq-phev-1-6-gdi-klass-141-compacto-automatico-2019-125423,"Hyundai Ioniq
        PHEV 1.6 GDI Klass",15490,14790.0,2019,132.277 km,141 CV,Automático,Híbrido enchufable,Delantera,178km/h,"4,47m","1,82m","1,45m",1.495kg,43l
https://www.clicars.com/coches-segunda-mano-ocasion/comprar-volkswagen-touareg-touareg-3-0tdi-v6-premium-tiptronic-elegance-4m-210kw-286-suv-y-4x4-automatico-2022-125922,"Volkswagen Touareg
        3.0TDI V6 Premium Tiptronic Elegance 4M",49990,47590.0,2022,56.348 km,286 CV,Automático,Diésel,4x4,238km/h,"4,88m","1,98m","1,70m",2.070kg,75l
https://www.clicars.com/coches-segunda-mano-ocasion/comprar-mini-mini-mini-one-d-95-compacto-manual-2014-125817,"MINI Mini
        One D",10390,9890.0,2014,84.863 km,95 CV,Manual,Diésel,Delantera,190km/h,"3,82m","1,73m","1,41m",1.115kg,44l
https://www.clicars.com/coches-segunda-mano-ocasion/comprar-peugeot-rifter-rifter-1-5bluehdi-s-and-s-standard-active-pack-100-100-monovolumen-manual-2022-125900,"Peugeot Rifter
        1.5BlueHDi S&S Standard Active Pack 100",17490,15890.0,2023,73.033 km,100 CV,Manual,Diésel,Delantera,172km/h,"4,40m","1,91m","1,87m",1.430kg,
https://www.clicars.com/coches-segunda-mano-ocasion/comprar-kia-sorento-sorento-1-6-t-gdi-hev-drive-4x2-233-suv-y-4x4-automatico-2023-125254,"Kia Sorento
        1.6 T-GDi HEV Drive 4x2",30490,28990.0,2023,105.295 km,233 CV,Automático,Híbrido,Delantera,193km/h,"4,81m","1,90m","1,70m",1.783kg,67l
https://www.clicars.com/coches-segunda-mano-ocasion/comprar-peugeot-208-208-gt-electrico-100kw-136-compacto-automatico-2024-125528,"Peugeot 208
        GT Eléctrico",16990,16190.0,2020,40.627 km,136 CV,Automático,Eléctrico,Delantera,150km/h,"4,06m","1,75m","1,43m",,
https://www.clicars.com/coches-segunda-mano-ocasion/comprar-volkswagen-touareg-touareg-3-0tdi-v6-r-line-tiptronic-4motion-170kw-231-suv-y-4x4-automatico-2021-125425,"Volkswagen Touareg
        3.0TDI V6 R-Line Tiptronic 4Motion",45490,43290.0,2021,80.087 km,231 CV,Automático,Diésel,4x4,221km/h,"4,88m","1,98m","1,70m",2.070kg,75l
https://www.clicars.com/coches-segunda-mano-ocasion/comprar-renault-koleos-koleos-1-6dci-intens-96kw-130-suv-y-4x4-manual-2018-124799,"Renault Koleos
        1.6dCi Intens",15990,15190.0,2018,129.749 km,130 CV,Manual,Diésel,Delantera,185km/h,"4,67m","1,84m","1,67m",1.540kg,60l
https://www.clicars.com/coches-segunda-mano-ocasion/comprar-citroen-c4-x-c4-x-1-2-puretech-feel-s-and-s-100-100-berlina-manual-2023-125559,"Citroen C4 X
        1.2 PureTech Feel S&S 100",14990,13590.0,2025,22.505 km,100 CV,Manual,Gasolina,Delantera,194km/h,"4,60m","1,80m","1,52m",,50l
https://www.clicars.com/coches-segunda-mano-ocasion/comprar-volvo-c40-c40-recharge-single-extended-range-electrico-plus-252-suv-y-4x4-automatico-2024-124482,"Volvo C40
        Recharge Single Extended Range Eléctrico Plus",37990,36190.0,2024,14.314 km,252 CV,Automático,Eléctrico,Trasera,180km/h,"4,44m","1,87m","1,59m",2.021kg,
https://www.clicars.com/coches-segunda-mano-ocasion/comprar-jeep-compass-compass-1-5-mhev-longitude-fwd-dct-130-suv-y-4x4-manual-2023-123209,"Jeep Compass
        1.5 MHEV Longitude FWD DCT",24990,22690.0,2024,12.727 km,130 CV,Automático,Mild hybrid,Delantera,192km/h,"4,39m","1,87m","1,62m",1.505kg,55l
https://www.clicars.com/coches-segunda-mano-ocasion/comprar-audi-a4-a4-30-tdi-advanced-s-tronic-100kw-136-berlina-automatico-2021-125404,"Audi A4
        30 TDI Advanced S tronic",23990,21790.0,2021,86.613 km,136 CV,Automático,Mild hybrid,Delantera,214km/h,"4,76m","1,85m","1,43m",1.565kg,54l
https://www.clicars.com/coches-segunda-mano-ocasion/comprar-mazda-mazda2-mazda2-1-5-e-skyactiv-g-signature-pantalla-8-66kw-90-compacto-manual-2023-123206,"Mazda Mazda2
        1.5 e-Skyactiv-g Signature pantalla 8´´",15990,14590.0,2023,63.170 km,90 CV,Manual,Mild hybrid,Delantera,141km/h,"4,06m","1,70m","1,50m",970kg,44l
https://www.clicars.com/coches-segunda-mano-ocasion/comprar-audi-a5-a5-sportback-35-tfsi-advanced-s-tronic-149-compacto-automatico-2022-125607,"Audi A5
        Sportback 35 TFSI Advanced S tronic",30290,28890.0,2022,58.628 km,149 CV,Automático,Mild hybrid,Delantera,210km/h,"4,76m","1,84m","1,40m",1.585kg,54l
https://www.clicars.com/coches-segunda-mano-ocasion/comprar-citroen-c4-grand-c4-spacetourer-1-2-puretech-s-and-s-feel-130-130-monovolumen-manual-2021-125625,"Citroen C4
        Grand C4 Spacetourer 1.2 PureTech S&S Feel 130",11490,10490.0,2021,130.696 km,130 CV,Manual,Gasolina,Delantera,200km/h,"4,60m","1,83m","1,64m",1.395kg,57l
https://www.clicars.com/coches-segunda-mano-ocasion/comprar-volkswagen-tiguan-tiguan-2-0tdi-life-dsg-110kw-150-suv-y-4x4-automatico-2022-124981,"Volkswagen Tiguan
        2.0TDI Life DSG",24490,22290.0,2022,87.097 km,150 CV,Automático,Diésel,Delantera,200km/h,"4,51m","1,84m","1,68m",1.640kg,58l
https://www.clicars.com/coches-segunda-mano-ocasion/comprar-audi-a4-a4-avant-35-tdi-advanced-s-tronic-120kw-163-familiar-automatico-2023-125356,"Audi A4
        Avant 35 TDI Advanced S tronic",25390,24190.0,2019,84.455 km,163 CV,Automático,Mild hybrid,Delantera,223km/h,"4,76m","1,85m","1,44m",1.615kg,54l
https://www.clicars.com/coches-segunda-mano-ocasion/comprar-renault-clio-clio-blue-dci-business-74kw-100-compacto-manual-2021-125026,"Renault Clio
        Blue dCi Business",11690,10590.0,2021,120.446 km,100 CV,Manual,Diésel,Delantera,-km/h,"4,05m","1,80m","1,44m",1.189kg,39l
https://www.clicars.com/coches-segunda-mano-ocasion/comprar-lexus-rx-rx-450h-executive-313-suv-y-4x4-automatico-2021-125043,"Lexus RX
        450h Executive",48190,45890.0,2021,73.374 km,313 CV,Automático,Híbrido,4x4,200km/h,"4,89m","1,90m","1,64m",2.200kg,65l
https://www.clicars.com/coches-segunda-mano-ocasion/comprar-hyundai-santa-fe-santa-fe-1-6tgdi-hev-klass-7pl-2wd-6at-230-suv-y-4x4-automatico-2022-121213,"Hyundai Santa Fe
        1.6TGDI HEV Klass 7pl 2WD 6AT",30990,29490.0,2022,79.923 km,230 CV,Automático,Híbrido,Delantera,187km/h,"4,79m","1,90m","1,71m",1.855kg,67l
https://www.clicars.com/coches-segunda-mano-ocasion/comprar-mazda-cx-5-cx-5-2-2-skyactiv-d-evolution-2wd-aut-135kw-184-suv-y-4x4-automatico-2022-123257,"Mazda CX-5
        2.2 Skyactiv-D Evolution 2WD Aut.",26990,24590.0,2022,102.565 km,184 CV,Automático,Diésel,Delantera,210km/h,"4,55m","1,84m","1,68m",1.620kg,58l
https://www.clicars.com/coches-segunda-mano-ocasion/comprar-volkswagen-touareg-touareg-3-0tdi-v6-r-line-tiptronic-4motion-210kw-286-suv-y-4x4-automatico-2021-124734,"Volkswagen Touareg
        3.0TDI V6 R-Line Tiptronic 4Motion",45990,43790.0,2021,109.933 km,286 CV,Automático,Diésel,4x4,238km/h,"4,88m","1,98m","1,70m",2.070kg,75l
https://www.clicars.com/coches-segunda-mano-ocasion/comprar-porsche-cayenne-cayenne-e-hybrid-coupe-aut-462-suv-y-4x4-automatico-2021-125023,"Porsche Cayenne
        E-Hybrid Coupé Aut.",84990,80990.0,2021,32.305 km,462 CV,Automático,Híbrido enchufable,4x4,253km/h,"4,93m","1,98m","1,68m",2.360kg,75l
https://www.clicars.com/coches-segunda-mano-ocasion/comprar-audi-a6-a6-avant-40-tdi-sport-s-tronic-204-familiar-automatico-2020-124041,"Audi A6
        Avant 40 TDI Sport S tronic",32990,31390.0,2021,99.120 km,204 CV,Automático,Mild hybrid,Delantera,241km/h,"4,94m","1,89m","1,47m",1.785kg,63l
https://www.clicars.com/coches-segunda-mano-ocasion/comprar-volkswagen-t-cross-t-cross-1-6tdi-advance-95-suv-y-4x4-manual-2020-124409,"Volkswagen T-Cross
        1.6TDI Advance",16290,14790.0,2020,126.272 km,95 CV,Manual,Diésel,Delantera,180km/h,"4,11m","1,78m","1,56m",1.370kg,50l
https://www.clicars.com/coches-segunda-mano-ocasion/comprar-nissan-qashqai-qashqai-1-5dci-acenta-4x2-85kw-115-suv-y-4x4-manual-2019-123263,"Nissan Qashqai
        1.5dCi Acenta 4x2",16490,15690.0,2019,83.190 km,115 CV,Manual,Diésel,Delantera,181km/h,"4,39m","1,81m","1,59m",,55l
https://www.clicars.com/coches-segunda-mano-ocasion/comprar-bmw-serie-7-745e-394-berlina-automatico-2022-122240,"BMW Serie 7
        745e",49990,47590.0,2022,48.073 km,394 CV,Automático,Híbrido enchufable,Trasera,250km/h,"5,12m","1,90m","1,47m",2.000kg,46l
https://www.clicars.com/coches-segunda-mano-ocasion/comprar-lynk-and-co-01-01-1-5t-phev-261-suv-y-4x4-automatico-2023-121506,"Lynk & Co 01
        1.5T PHEV",22490,20490.0,2023,82.888 km,261 CV,Automático,Híbrido enchufable,Delantera,210km/h,"4,54m","1,95m","1,69m",,42l
https://www.clicars.com/coches-segunda-mano-ocasion/comprar-lynk-and-co-01-01-1-5t-phev-261-suv-y-4x4-automatico-2023-121508,"Lynk & Co 01
        1.5T PHEV",21490,19590.0,2023,90.935 km,261 CV,Automático,Híbrido enchufable,Delantera,210km/h,"4,54m","1,95m","1,69m",,42l
https://www.clicars.com/coches-segunda-mano-ocasion/comprar-opel-combo-n1-combo-cargo-1-5td-l-650-express-75-75-furgoneta-manual-2021-124169,"Opel Combo N1
        Cargo 1.5TD L 650 Express 75",12490,11390.0,2021,49.690 km,75 CV,Manual,Diésel,Delantera,166km/h,"4,40m","1,82m","1,80m",1.378kg,50l
https://www.clicars.com/coches-segunda-mano-ocasion/comprar-peugeot-rifter-rifter-1-5bluehdi-s-and-s-standard-active-100-100-monovolumen-manual-2021-125032,"Peugeot Rifter
        1.5BlueHDi S&S Standard Active 100",15390,13990.0,2021,94.130 km,100 CV,Manual,Diésel,Delantera,172km/h,"4,40m","1,91m","1,87m",1.430kg,
https://www.clicars.com/coches-segunda-mano-ocasion/comprar-seat-mii-mii-electric-plus-83-compacto-automatico-2020-124621,"SEAT Mii
        Electric Plus",10690,10190.0,2020,67.448 km,83 CV,Automático,Eléctrico,Delantera,130km/h,"3,56m","1,65m","1,48m",1.235kg,
https://www.clicars.com/coches-segunda-mano-ocasion/comprar-mini-countryman-countryman-cooper-s-192-suv-y-4x4-manual-2020-124905,"MINI Countryman
        COOPER S",17790,16890.0,2020,118.927 km,192 CV,Manual,Gasolina,Delantera,225km/h,"4,30m","1,82m","1,56m",1.430kg,51l
https://www.clicars.com/coches-segunda-mano-ocasion/comprar-citroen-c4-c4-1-5-bluehdi-s-and-s-feel-110-110-compacto-manual-2022-123933,"Citroen C4
        1.5 BlueHDI S&S Feel 110",13990,12690.0,2022,122.232 km,110 CV,Manual,Diésel,Delantera,192km/h,"4,36m","1,83m","1,52m",1.399kg,60l
https://www.clicars.com/coches-segunda-mano-ocasion/comprar-skoda-scala-scala-1-0-tsi-selection-85kw-116-familiar-manual-2023-124716,"Skoda Scala
        1.0 TSI Selection",16990,15490.0,2024,61.093 km,116 CV,Manual,Gasolina,Delantera,201km/h,"4,36m","1,79m","1,47m",1.240kg,50l
https://www.clicars.com/coches-segunda-mano-ocasion/comprar-volkswagen-touareg-touareg-3-0tdi-v6-r-line-tiptronic-4motion-210kw-286-suv-y-4x4-automatico-2020-124727,"Volkswagen Touareg
        3.0TDI V6 R-Line Tiptronic 4Motion",42990,40890.0,2020,94.005 km,286 CV,Automático,Diésel,4x4,238km/h,"4,88m","1,98m","1,70m",2.070kg,75l
https://www.clicars.com/coches-segunda-mano-ocasion/comprar-audi-q3-q3-35-tdi-advanced-s-tronic-110kw-150-suv-y-4x4-automatico-2022-124730,"Audi Q3
        35 TDI Advanced S tronic",27990,25490.0,2022,120.866 km,150 CV,Automático,Diésel,Delantera,207km/h,"4,48m","1,85m","1,62m",1.560kg,64l
https://www.clicars.com/coches-segunda-mano-ocasion/comprar-nissan-qashqai-qashqai-1-5dci-acenta-4x2-85kw-115-suv-y-4x4-manual-2021-116938,"Nissan Qashqai
        1.5dCi Acenta 4x2",14990,13590.0,2021,146.419 km,115 CV,Manual,Diésel,Delantera,181km/h,"4,39m","1,81m","1,59m",,55l
https://www.clicars.com/coches-segunda-mano-ocasion/comprar-mazda-cx-5-cx-5-2-2-skyactiv-d-evolution-2wd-aut-135kw-184-suv-y-4x4-automatico-2022-124401,"Mazda CX-5
        2.2 Skyactiv-D Evolution 2WD Aut.",26490,24090.0,2022,123.020 km,184 CV,Automático,Diésel,Delantera,210km/h,"4,55m","1,84m","1,68m",1.620kg,58l
https://www.clicars.com/coches-segunda-mano-ocasion/comprar-bmw-serie-4-420da-cabrio-190-cabrio-automatico-2022-123568,"BMW Serie 4
        420dA Cabrio",36990,35190.0,2022,48.597 km,190 CV,Automático,Mild hybrid,Trasera,225km/h,"4,77m","1,85m","1,38m",1.775kg,59l
https://www.clicars.com/coches-segunda-mano-ocasion/comprar-peugeot-rifter-rifter-1-5bluehdi-s-and-s-standard-active-pack-100-100-monovolumen-manual-2022-124407,"Peugeot Rifter
        1.5BlueHDi S&S Standard Active Pack 100",15990,14590.0,2022,77.217 km,100 CV,Manual,Diésel,Delantera,172km/h,"4,40m","1,91m","1,87m",1.430kg,
https://www.clicars.com/coches-segunda-mano-ocasion/comprar-volkswagen-arteon-arteon-1-5-tsi-evo-110kw-149-coupe-manual-2018-124652,"Volkswagen Arteon
        1.5 TSI EVO",17890,16990.0,2018,127.283 km,149 CV,Manual,Gasolina,Delantera,222km/h,"4,86m","1,87m","1,45m",1.504kg,66l
https://www.clicars.com/coches-segunda-mano-ocasion/comprar-audi-q2-q2-30-tdi-s-line-85kw-116-suv-y-4x4-manual-2022-123840,"Audi Q2
        30 TDI S line",21490,19590.0,2022,134.400 km,116 CV,Manual,Diésel,Delantera,197km/h,"4,21m","1,79m","1,51m",,50l
https://www.clicars.com/coches-segunda-mano-ocasion/comprar-volkswagen-t-roc-t-roc-1-5-tsi-advance-dsg7-150-suv-y-4x4-automatico-2021-124203,"Volkswagen T-Roc
        1.5 TSI Advance DSG7",21490,19590.0,2021,82.826 km,150 CV,Automático,Gasolina,Delantera,205km/h,"4,23m","1,82m","1,57m",1.330kg,50l
https://www.clicars.com/coches-segunda-mano-ocasion/comprar-tesla-model-s-model-s-long-range-awd-525-compacto-automatico-2020-123767,"Tesla Model S
        Long Range AWD",39990,38090.0,2020,72.074 km,525 CV,Automático,Eléctrico,4x4,250km/h,"4,97m","1,96m","1,45m",1.620kg,
https://www.clicars.com/coches-segunda-mano-ocasion/comprar-bmw-serie-2-218d-gran-coupe-150-coupe-automatico-2021-124408,"BMW Serie 2
        218d Gran Coupé",22990,20890.0,2021,83.388 km,150 CV,Automático,Diésel,Delantera,222km/h,"4,53m","1,80m","1,42m",1.425kg,42l
https://www.clicars.com/coches-segunda-mano-ocasion/comprar-volkswagen-t-roc-t-roc-2-0tdi-advance-85kw-115-suv-y-4x4-manual-2021-124412,"Volkswagen T-Roc
        2.0TDI Advance",18990,17290.0,2021,92.809 km,115 CV,Manual,Diésel,Delantera,187km/h,"4,23m","1,82m","1,57m",1.395kg,55l
https://www.clicars.com/coches-segunda-mano-ocasion/comprar-bmw-serie-4-430ia-cabrio-xdrive-245-cabrio-automatico-2022-123567,"BMW Serie 4
        430iA Cabrio xDrive",39890,37990.0,2022,64.359 km,245 CV,Automático,Gasolina,4x4,250km/h,"4,77m","1,85m","1,39m",1.765kg,59l
https://www.clicars.com/coches-segunda-mano-ocasion/comprar-audi-q2-q2-30-tdi-s-line-85kw-116-suv-y-4x4-manual-2022-124404,"Audi Q2
        30 TDI S line",23490,21390.0,2022,99.552 km,116 CV,Manual,Diésel,Delantera,197km/h,"4,21m","1,79m","1,51m",,50l
https://www.clicars.com/coches-segunda-mano-ocasion/comprar-volvo-xc90-xc90-d5-momentum-7pl-awd-235-aut-235-suv-y-4x4-automatico-2018-119907,"Volvo XC90
        D5 Momentum 7pl. AWD 235 Aut.",32990,31390.0,2018,87.091 km,235 CV,Automático,Diésel,4x4,220km/h,"4,95m","1,92m","1,78m",2.009kg,71l
https://www.clicars.com/coches-segunda-mano-ocasion/comprar-volkswagen-tiguan-tiguan-1-6tdi-edition-85kw-115-suv-y-4x4-manual-2020-124017,"Volkswagen Tiguan
        1.6TDI Edition",18990,17290.0,2020,91.822 km,115 CV,Manual,Diésel,Delantera,185km/h,"4,49m","1,84m","1,63m",1.568kg,58l
https://www.clicars.com/coches-segunda-mano-ocasion/comprar-opel-vivaro-vivaro-furgon-1-5d-l-carga-incrementada-select-100-102-furgoneta-manual-2022-123781,"Opel Vivaro
        Furgón 1.5D L Carga Incrementada Select 100",17290,15690.0,2022,92.608 km,102 CV,Manual,Diésel,Delantera,160km/h,"5,31m","2,00m","1,94m",1.572kg,70l
https://www.clicars.com/coches-segunda-mano-ocasion/comprar-volkswagen-touareg-touareg-3-0tsi-v6-r-4motion-tiptronic-340-suv-y-4x4-automatico-2020-122509,"Volkswagen Touareg
        3.0TSI V6 R 4Motion Tiptronic",48990,46690.0,2021,133.791 km,381 CV,Automático,Híbrido enchufable,4x4,240km/h,"4,88m","1,98m","1,70m",2.360kg,75l
https://www.clicars.com/coches-segunda-mano-ocasion/comprar-bmw-serie-5-i5-edrive40-m-sport-340-berlina-automatico-2024-122246,"BMW Serie 5
        i5 eDrive40 M Sport",51490,48990.0,2024,16.236 km,340 CV,Automático,Eléctrico,Trasera,193km/h,"5,06m","1,90m","1,52m",2.120kg,
https://www.clicars.com/coches-segunda-mano-ocasion/comprar-audi-q2-q2-30-tdi-s-line-85kw-116-suv-y-4x4-manual-2022-124048,"Audi Q2
        30 TDI S line",22490,20490.0,2022,119.579 km,116 CV,Manual,Diésel,Delantera,197km/h,"4,21m","1,79m","1,51m",,50l
https://www.clicars.com/coches-segunda-mano-ocasion/comprar-ford-fiesta-fiesta-1-1-ti-vct-trend-75-compacto-manual-2020-124044,"Ford Fiesta
        1.1 Ti-VCT Trend",13490,12290.0,2020,36.568 km,75 CV,Manual,Glp,Delantera,170km/h,"4,04m","1,74m","1,48m",1.091kg,42l
https://www.clicars.com/coches-segunda-mano-ocasion/comprar-kia-rio-rio-1-0-t-gdi-mhev-imt-concept-100-100-compacto-manual-2022-123702,"Kia Rio
        1.0 T-GDi MHEV iMT Concept 100",13990,12690.0,2022,37.881 km,100 CV,Manual,Mild hybrid,Delantera,188km/h,"4,07m","1,73m","1,45m",1.130kg,45l
https://www.clicars.com/coches-segunda-mano-ocasion/comprar-bmw-serie-2-216da-gran-coupe-116-coupe-automatico-2021-124053,"BMW Serie 2
        216dA Gran Coupé",22990,20890.0,2021,90.583 km,116 CV,Automático,Diésel,Delantera,200km/h,"4,53m","1,80m","1,42m",1.430kg,42l
https://www.clicars.com/coches-segunda-mano-ocasion/comprar-audi-q2-q2-30-tdi-s-line-85kw-116-suv-y-4x4-manual-2022-123503,"Audi Q2
        30 TDI S line",21990,19990.0,2022,112.251 km,116 CV,Manual,Diésel,Delantera,197km/h,"4,21m","1,79m","1,51m",,50l
https://www.clicars.com/coches-segunda-mano-ocasion/comprar-bmw-serie-2-218d-gran-coupe-150-coupe-automatico-2021-123260,"BMW Serie 2
        218d Gran Coupé",24990,22690.0,2021,63.172 km,150 CV,Automático,Diésel,Delantera,222km/h,"4,53m","1,80m","1,42m",1.425kg,42l
https://www.clicars.com/coches-segunda-mano-ocasion/comprar-audi-q4-e-tron-q4-e-tron-50-quattro-advanced-82kwh-299-suv-y-4x4-automatico-2022-122578,"Audi Q4 e-tron
        50 quattro Advanced",30190,28790.0,2022,63.341 km,299 CV,Automático,Eléctrico,4x4,180km/h,"4,59m","1,87m","1,63m",2.210kg,
https://www.clicars.com/coches-segunda-mano-ocasion/comprar-mercedes-clase-gle-gle-350d-4matic-aut-272-suv-y-4x4-automatico-2021-122173,"Mercedes Clase GLE
        GLE 350d 4Matic Aut.",58490,55690.0,2021,123.893 km,272 CV,Automático,Diésel,4x4,230km/h,"4,92m","1,95m","1,77m",2.235kg,85l
https://www.clicars.com/coches-segunda-mano-ocasion/comprar-volvo-v60-v60-b4-momentum-pro-aut-197-familiar-automatico-2021-123256,"Volvo V60
        B4 Momentum Pro Aut.",29490,26790.0,2021,47.709 km,197 CV,Automático,Mild hybrid,Delantera,220km/h,"4,76m","1,85m","1,42m",1.733kg,60l
https://www.clicars.com/coches-segunda-mano-ocasion/comprar-peugeot-rifter-n1-rifter-1-5bluehdi-s-and-s-active-pack-business-standard-100-100-furgoneta-manual-2023-123832,"Peugeot Rifter N1
        1.5BlueHDI S&S Active Pack Business Standard 100",18990,17290.0,2023,48.189 km,100 CV,Manual,Diésel,Delantera,165km/h,"4,40m","1,85m","1,88m",1.486kg,50l
https://www.clicars.com/coches-segunda-mano-ocasion/comprar-ford-puma-puma-1-5-ecoblue-titanium-120-120-suv-y-4x4-manual-2021-123553,"Ford Puma
        1.5 Ecoblue Titanium 120",16390,14890.0,2021,52.510 km,120 CV,Manual,Diésel,Delantera,-km/h,"4,19m","1,81m","1,54m",1.280kg,40l
https://www.clicars.com/coches-segunda-mano-ocasion/comprar-volvo-xc90-xc90-b5-momentum-pro-7pl-awd-aut-235-suv-y-4x4-automatico-2021-123249,"Volvo XC90
        B5 Momentum Pro 7pl. AWD Aut.",36990,35190.0,2021,123.750 km,235 CV,Automático,Mild hybrid,4x4,220km/h,"4,95m","2,00m","1,78m",2.101kg,71l
https://www.clicars.com/coches-segunda-mano-ocasion/comprar-volkswagen-arteon-arteon-e-hybrid-1-4-tsi-elegance-dsg6-218-coupe-automatico-2022-123389,"Volkswagen Arteon
        e-hybrid 1.4 TSI Elegance DSG6",24290,22090.0,2022,123.170 km,218 CV,Automático,Híbrido enchufable,Delantera,222km/h,"4,87m","1,87m","1,46m",1.808kg,50l
https://www.clicars.com/coches-segunda-mano-ocasion/comprar-volkswagen-touareg-touareg-3-0tdi-v6-premium-tiptronic-elegance-4m-210kw-286-suv-y-4x4-automatico-2022-123248,"Volkswagen Touareg
        3.0TDI V6 Premium Tiptronic Elegance 4M",41490,39490.0,2022,137.950 km,286 CV,Automático,Diésel,4x4,238km/h,"4,88m","1,98m","1,70m",2.070kg,75l
https://www.clicars.com/coches-segunda-mano-ocasion/comprar-volvo-v90-v90-t6-twin-recharge-r-design-awd-340-familiar-automatico-2021-123493,"Volvo V90
        T6 Twin Recharge R-Design AWD",39890,37990.0,2021,90.362 km,340 CV,Automático,Híbrido enchufable,4x4,250km/h,"4,94m","1,88m","1,48m",,60l
https://www.clicars.com/coches-segunda-mano-ocasion/comprar-audi-q2-q2-30-tdi-s-line-85kw-116-suv-y-4x4-manual-2022-123267,"Audi Q2
        30 TDI S line",22990,20890.0,2022,57.847 km,116 CV,Manual,Diésel,Delantera,197km/h,"4,21m","1,79m","1,51m",,50l
https://www.clicars.com/coches-segunda-mano-ocasion/comprar-bmw-serie-1-118d-150-compacto-automatico-2021-123254,"BMW Serie 1
        118d",21990,19990.0,2021,96.187 km,150 CV,Automático,Diésel,Delantera,211km/h,"4,32m","1,80m","1,43m",1.405kg,42l
https://www.clicars.com/coches-segunda-mano-ocasion/comprar-nissan-juke-juke-1-6-hybrid-n-connecta-auto-143-suv-y-4x4-automatico-2023-122896,"Nissan Juke
        1.6 Hybrid N-Connecta Auto",21290,19390.0,2023,39.265 km,143 CV,Automático,Híbrido,Delantera,166km/h,"4,21m","1,83m","1,60m",,46l
https://www.clicars.com/coches-segunda-mano-ocasion/comprar-citroen-c4-grand-c4-spacetourer-1-5bluehdi-shine-eat8-130-130-monovolumen-automatico-2020-123037,"Citroen C4
        Grand C4 Spacetourer 1.5BlueHDI Shine EAT8 130",15990,14590.0,2020,111.472 km,130 CV,Automático,Diésel,Delantera,198km/h,"4,60m","1,83m","1,64m",1.505kg,55l
https://www.clicars.com/coches-segunda-mano-ocasion/comprar-ds-ds-3-crossback-ds-3-crossback-bluehdi-chic-110-110-suv-y-4x4-manual-2021-122761,"DS DS 3 Crossback
        BlueHDi Chic 110",12990,11790.0,2021,92.451 km,110 CV,Manual,Diésel,Delantera,180km/h,"4,12m","1,79m","1,53m",1.205kg,41l
https://www.clicars.com/coches-segunda-mano-ocasion/comprar-volvo-v60-v60-b4-momentum-pro-aut-197-familiar-automatico-2021-122771,"Volvo V60
        B4 Momentum Pro Aut.",24990,22690.0,2021,91.890 km,197 CV,Automático,Mild hybrid,Delantera,220km/h,"4,76m","1,85m","1,42m",1.733kg,60l
https://www.clicars.com/coches-segunda-mano-ocasion/comprar-lexus-ux-ux-250h-business-2wd-184-suv-y-4x4-automatico-2023-123057,"Lexus UX
        250h Business 2WD",28490,25890.0,2023,45.294 km,184 CV,Automático,Híbrido,Delantera,177km/h,"4,50m","1,84m","1,54m",1.615kg,43l
https://www.clicars.com/coches-segunda-mano-ocasion/comprar-volkswagen-tiguan-tiguan-1-4-ehibrid-life-180kw-245-suv-y-4x4-automatico-2022-123043,"Volkswagen Tiguan
        1.4 eHibrid Life",24990,22690.0,2022,81.334 km,245 CV,Automático,Híbrido enchufable,Delantera,205km/h,"4,51m","1,84m","1,67m",1.811kg,45l
https://www.clicars.com/coches-segunda-mano-ocasion/comprar-mini-mini-mini-cabrio-cooper-aut-136-cabrio-automatico-2022-122249,"MINI Mini
        Cabrio Cooper Aut.",24390,22190.0,2022,62.816 km,136 CV,Automático,Gasolina,Delantera,205km/h,"3,86m","1,73m","1,42m",1.285kg,40l
https://www.clicars.com/coches-segunda-mano-ocasion/comprar-alfa-romeo-stelvio-stelvio-2-2-veloce-q4-210-aut-210-suv-y-4x4-automatico-2022-122762,"Alfa Romeo Stelvio
        2.2 Veloce Q4 210 Aut.",27990,25490.0,2022,90.699 km,210 CV,Automático,Diésel,4x4,215km/h,"4,69m","1,90m","1,63m",1.745kg,58l
https://www.clicars.com/coches-segunda-mano-ocasion/comprar-toyota-yaris-yaris-1-0-active-69-compacto-manual-2019-123506,"Toyota Yaris
        1.0 Active",12990,12390.0,2019,76.011 km,69 CV,Manual,Gasolina,Delantera,155km/h,"3,95m","1,70m","1,51m",980kg,42l
https://www.clicars.com/coches-segunda-mano-ocasion/comprar-volkswagen-touareg-touareg-3-0tdi-v6-premium-tiptronic-elegance-4m-210kw-286-suv-y-4x4-automatico-2021-122764,"Volkswagen Touareg
        3.0TDI V6 Premium Tiptronic Elegance 4M",48490,46190.0,2021,54.558 km,286 CV,Automático,Diésel,4x4,238km/h,"4,88m","1,98m","1,70m",2.070kg,75l
https://www.clicars.com/coches-segunda-mano-ocasion/comprar-jaguar-e-pace-e-pace-2-0d-i4-s-fwd-150-150-suv-y-4x4-manual-2019-123251,"Jaguar E-Pace
        2.0D I4 S FWD 150",17890,16990.0,2019,38.435 km,150 CV,Manual,Diésel,Delantera,199km/h,"4,40m","1,98m","1,65m",1.700kg,68l
https://www.clicars.com/coches-segunda-mano-ocasion/comprar-bmw-serie-7-745e-394-berlina-automatico-2022-122243,"BMW Serie 7
        745e",49990,47590.0,2022,41.775 km,394 CV,Automático,Híbrido enchufable,Trasera,250km/h,"5,12m","1,90m","1,47m",2.000kg,46l
https://www.clicars.com/coches-segunda-mano-ocasion/comprar-mitsubishi-outlander-outlander-phev-kaiteki-4wd-224-suv-y-4x4-automatico-2021-122760,"Mitsubishi Outlander
        PHEV Kaiteki 4WD",29990,27290.0,2021,19.153 km,230 CV,Automático,Híbrido enchufable,4x4,170km/h,"4,70m","1,80m","1,71m",1.880kg,45l
https://www.clicars.com/coches-segunda-mano-ocasion/comprar-ford-kuga-kuga-1-5-ecoblue-st-line-fwd-120-120-suv-y-4x4-manual-2021-122778,"Ford Kuga
        1.5 EcoBlue ST-Line FWD 120",16990,15490.0,2021,131.687 km,120 CV,Manual,Diésel,Delantera,180km/h,"4,61m","1,88m","1,68m",1.506kg,60l
https://www.clicars.com/coches-segunda-mano-ocasion/comprar-bmw-x6-x6-xdrive-40da-340-suv-y-4x4-automatico-2021-123264,"BMW X6
        xDrive 40dA",54490,51890.0,2021,137.515 km,340 CV,Automático,Mild hybrid,4x4,248km/h,"4,94m","2,00m","1,70m",2.290kg,80l
https://www.clicars.com/coches-segunda-mano-ocasion/comprar-bmw-serie-3-318d-touring-150-familiar-manual-2020-123083,"BMW Serie 3
        318d Touring",17290,16490.0,2020,146.059 km,150 CV,Manual,Diésel,Trasera,230km/h,"4,71m","1,83m","1,44m",1.585kg,59l
https://www.clicars.com/coches-segunda-mano-ocasion/comprar-ford-c-max-grand-c-max-1-0-ecob-auto-s-and-s-titanium-125-125-monovolumen-manual-2014-121648,"Ford C-Max
        Grand C-Max 1.0 Ecob. Auto-S&S Titanium 125",8690,8290.0,2014,131.720 km,125 CV,Manual,Gasolina,Delantera,185km/h,"4,52m","1,83m","1,68m",1.493kg,60l
https://www.clicars.com/coches-segunda-mano-ocasion/comprar-volkswagen-golf-golf-2-0tdi-85kw-115-compacto-manual-2022-121370,"Volkswagen Golf
        2.0TDI",17490,15890.0,2022,91.993 km,115 CV,Manual,Diésel,Delantera,202km/h,"4,28m","1,79m","1,46m",1.380kg,50l
https://www.clicars.com/coches-segunda-mano-ocasion/comprar-mercedes-clase-gls-gls-400d-4matic-330-suv-y-4x4-automatico-2021-121231,"Mercedes Clase GLS
        GLS 400d 4Matic",68990,65690.0,2021,140.066 km,330 CV,Automático,Diésel,4x4,238km/h,"5,21m","1,96m","1,82m",2.505kg,90l
https://www.clicars.com/coches-segunda-mano-ocasion/comprar-byd-seal-u-seal-u-dm-i-design-238kw-4x4-323-suv-y-4x4-automatico-2025-122332,"BYD Seal U
        DM-i Design 4x4",34990,33290.0,2025,11.659 km,323 CV,Automático,Híbrido enchufable,4x4,180km/h,"4,78m","1,89m","1,67m",,60l
https://www.clicars.com/coches-segunda-mano-ocasion/comprar-volkswagen-touareg-touareg-3-0tdi-v6-premium-tiptronic-atmosphere-4m-170kw-231-suv-y-4x4-automatico-2020-122767,"Volkswagen Touareg
        3.0TDI V6 Premium Tiptronic Atmosphere 4M",35990,34290.0,2020,84.929 km,231 CV,Automático,Diésel,4x4,221km/h,"4,88m","1,98m","1,70m",2.070kg,75l
https://www.clicars.com/coches-segunda-mano-ocasion/comprar-peugeot-508-508-1-5bluehdi-s-and-s-allure-pack-eat8-130-130-berlina-automatico-2022-122777,"Peugeot 508
        1.5BlueHDi S&S Allure Pack EAT8 130",17490,15890.0,2022,108.006 km,130 CV,Automático,Diésel,Delantera,208km/h,"4,75m","1,86m","1,41m",1.420kg,45l
https://www.clicars.com/coches-segunda-mano-ocasion/comprar-mercedes-clase-c-c-300-e-9g-tronic-320-berlina-automatico-2021-122723,"Mercedes Clase C
        C 300 e 9G-Tronic",26390,23990.0,2021,85.104 km,320 CV,Automático,Híbrido enchufable,Trasera,250km/h,"4,69m","1,81m","1,44m",1.815kg,50l
https://www.clicars.com/coches-segunda-mano-ocasion/comprar-volvo-s90-s90-t8-twin-recharge-r-design-awd-390-berlina-automatico-2021-122163,"Volvo S90
        T8 Twin Recharge R-Design AWD",28990,26390.0,2021,111.420 km,390 CV,Automático,Híbrido enchufable,4x4,250km/h,"4,96m","1,88m","1,44m",2.024kg,60l
https://www.clicars.com/coches-segunda-mano-ocasion/comprar-audi-q3-q3-35-tdi-advanced-s-tronic-110kw-150-suv-y-4x4-automatico-2022-122529,"Audi Q3
        35 TDI Advanced S tronic",27990,25490.0,2022,98.920 km,150 CV,Automático,Diésel,Delantera,207km/h,"4,48m","1,85m","1,62m",1.560kg,64l
https://www.clicars.com/coches-segunda-mano-ocasion/comprar-audi-q8-q8-45-tdi-quattro-tiptronic-231-suv-y-4x4-automatico-2020-122179,"Audi Q8
        45 TDI quattro tiptronic",45490,43290.0,2020,124.769 km,231 CV,Automático,Mild hybrid,4x4,233km/h,"5,00m","2,00m","1,71m",2.220kg,85l
https://www.clicars.com/coches-segunda-mano-ocasion/comprar-ford-fiesta-fiesta-1-5tdci-titanium-85-85-compacto-manual-2017-122255,"Ford Fiesta
        1.5TDCi Titanium 85",10290,9790.0,2017,84.176 km,85 CV,Manual,Diésel,Delantera,175km/h,"4,04m","1,74m","1,48m",1.091kg,42l
https://www.clicars.com/coches-segunda-mano-ocasion/comprar-skoda-karoq-karoq-2-0tdi-adblue-ambition-4x4-dsg-110kw-150-suv-y-4x4-automatico-2021-121918,"Skoda Karoq
        2.0TDI AdBlue Ambition 4x4 DSG",19490,17690.0,2021,106.139 km,150 CV,Automático,Diésel,4x4,196km/h,"4,38m","1,84m","1,54m",1.486kg,50l
https://www.clicars.com/coches-segunda-mano-ocasion/comprar-porsche-cayenne-cayenne-coupe-gts-460-suv-y-4x4-automatico-2022-122001,"Porsche Cayenne
        Coupé GTS",79990,76190.0,2022,132.060 km,460 CV,Automático,Gasolina,4x4,270km/h,"4,94m","2,00m","1,66m",2.175kg,90l
https://www.clicars.com/coches-segunda-mano-ocasion/comprar-bmw-x2-x2-xdrive-25ea-220-suv-y-4x4-automatico-2021-121996,"BMW X2
        xDrive 25eA",26990,24590.0,2021,14.429 km,220 CV,Automático,Híbrido enchufable,4x4,195km/h,"4,36m","1,82m","1,51m",1.730kg,36l
https://www.clicars.com/coches-segunda-mano-ocasion/comprar-peugeot-508-508-1-5bluehdi-s-and-s-allure-pack-eat8-130-130-berlina-automatico-2022-122152,"Peugeot 508
        1.5BlueHDi S&S Allure Pack EAT8 130",17990,16390.0,2022,97.959 km,130 CV,Automático,Diésel,Delantera,208km/h,"4,75m","1,86m","1,41m",1.420kg,45l
https://www.clicars.com/coches-segunda-mano-ocasion/comprar-bmw-x4-x4-m40i-360-suv-y-4x4-automatico-2021-121987,"BMW X4
        M40i",45990,41890.0,2021,140.194 km,360 CV,Automático,Gasolina,4x4,250km/h,"4,73m","1,94m","1,62m",1.825kg,65l
https://www.clicars.com/coches-segunda-mano-ocasion/comprar-bmw-x4-x4-xdrive-20da-190-suv-y-4x4-automatico-2021-122000,"BMW X4
        xDrive 20dA",32990,31390.0,2021,143.614 km,190 CV,Automático,Mild hybrid,4x4,205km/h,"4,75m","1,92m","1,62m",1.850kg,60l
https://www.clicars.com/coches-segunda-mano-ocasion/comprar-volkswagen-touareg-touareg-3-0tdi-v6-r-line-tiptronic-4motion-210kw-286-suv-y-4x4-automatico-2021-121725,"Volkswagen Touareg
        3.0TDI V6 R-Line Tiptronic 4Motion",37390,35590.0,2021,135.985 km,286 CV,Automático,Diésel,4x4,238km/h,"4,88m","1,98m","1,70m",2.070kg,75l
https://www.clicars.com/coches-segunda-mano-ocasion/comprar-nissan-nv200-e-nv200-combi-5-comfort-40kwh-109-furgoneta-automatico-2021-116882,"Nissan NV200
        e-NV200 Combi 5 Comfort",15790,14390.0,2021,67.743 km,109 CV,Automático,Eléctrico,Delantera,123km/h,"4,56m","1,76m","1,86m",1.637kg,
https://www.clicars.com/coches-segunda-mano-ocasion/comprar-toyota-corolla-corolla-125h-active-tech-122-compacto-automatico-2022-120677,"Toyota Corolla
        125H Active Tech",18490,16790.0,2022,93.089 km,122 CV,Automático,Híbrido,Delantera,180km/h,"4,37m","1,79m","1,44m",1.360kg,43l
https://www.clicars.com/coches-segunda-mano-ocasion/comprar-alfa-romeo-stelvio-stelvio-2-2-veloce-q4-210-aut-210-suv-y-4x4-automatico-2022-121244,"Alfa Romeo Stelvio
        2.2 Veloce Q4 210 Aut.",24490,22290.0,2022,104.684 km,210 CV,Automático,Diésel,4x4,215km/h,"4,69m","1,90m","1,63m",1.745kg,58l
https://www.clicars.com/coches-segunda-mano-ocasion/comprar-porsche-cayenne-cayenne-aut-340-suv-y-4x4-manual-2021-121397,"Porsche Cayenne
        Aut.",59890,56990.0,2021,74.838 km,340 CV,Manual,Gasolina,4x4,245km/h,"4,92m","1,98m","1,70m",1.985kg,75l
https://www.clicars.com/coches-segunda-mano-ocasion/comprar-bmw-serie-1-120da-190-compacto-automatico-2022-121981,"BMW Serie 1
        120dA",23290,21190.0,2022,97.445 km,190 CV,Automático,Diésel,Delantera,231km/h,"4,32m","1,80m","1,43m",1.450kg,50l
https://www.clicars.com/coches-segunda-mano-ocasion/comprar-volvo-xc60-xc60-d4-momemtum-pro-aut-190-suv-y-4x4-automatico-2020-122146,"Volvo XC60
        D4 Momemtum Pro Aut.",26290,23890.0,2020,103.289 km,190 CV,Automático,Diésel,Delantera,205km/h,"4,69m","1,90m","1,66m",1.791kg,60l
https://www.clicars.com/coches-segunda-mano-ocasion/comprar-peugeot-3008-suv-3008-hyb-phev-225-allure-e-eat8-224-suv-y-4x4-automatico-2022-121209,"Peugeot 3008 SUV
        HYB PHEV 225 Allure e-EAT8",19490,17690.0,2022,88.020 km,224 CV,Automático,Híbrido enchufable,Delantera,225km/h,"4,45m","1,84m","1,62m",,53l
https://www.clicars.com/coches-segunda-mano-ocasion/comprar-bmw-serie-4-420d-coupe-190-coupe-automatico-2017-121464,"BMW Serie 4
        420d Coupé",18490,17590.0,2017,84.157 km,190 CV,Automático,Diésel,Trasera,240km/h,"4,64m","1,83m","1,38m",1.475kg,57l
https://www.clicars.com/coches-segunda-mano-ocasion/comprar-mitsubishi-outlander-outlander-phev-kaiteki-4wd-224-suv-y-4x4-automatico-2021-121236,"Mitsubishi Outlander
        PHEV Kaiteki 4WD",24490,22290.0,2021,65.774 km,230 CV,Automático,Híbrido enchufable,4x4,170km/h,"4,70m","1,80m","1,71m",1.880kg,45l
https://www.clicars.com/coches-segunda-mano-ocasion/comprar-bmw-x1-x1-sdrive-18da-corporate-150-suv-y-4x4-automatico-2022-121412,"BMW X1
        sDrive 18dA Corporate",23490,21390.0,2022,125.626 km,150 CV,Automático,Diésel,Delantera,200km/h,"4,45m","1,82m","1,60m",1.540kg,51l
https://www.clicars.com/coches-segunda-mano-ocasion/comprar-volvo-v60-v60-d4-momentum-aut-190-familiar-automatico-2019-121410,"Volvo V60
        D4 Momentum Aut.",22490,20490.0,2021,109.173 km,190 CV,Automático,Diésel,Delantera,220km/h,"4,76m","1,85m","1,42m",1.669kg,60l
https://www.clicars.com/coches-segunda-mano-ocasion/comprar-mitsubishi-outlander-outlander-phev-kaiteki-4wd-224-suv-y-4x4-automatico-2021-121013,"Mitsubishi Outlander
        PHEV Kaiteki 4WD",24690,22490.0,2021,88.683 km,230 CV,Automático,Híbrido enchufable,4x4,170km/h,"4,70m","1,80m","1,71m",1.880kg,45l
https://www.clicars.com/coches-segunda-mano-ocasion/comprar-bmw-x1-x1-sdrive-18da-corporate-150-suv-y-4x4-automatico-2022-121028,"BMW X1
        sDrive 18dA Corporate",24490,22290.0,2022,115.284 km,150 CV,Automático,Diésel,Delantera,200km/h,"4,45m","1,82m","1,60m",1.540kg,51l
https://www.clicars.com/coches-segunda-mano-ocasion/comprar-hyundai-i10-i10-1-0-mpi-tecno-66-compacto-manual-2019-120971,"Hyundai i10
        1.0 MPI Tecno",8490,8090.0,2019,84.832 km,66 CV,Manual,Gasolina,Delantera,155km/h,"3,67m","1,66m","1,50m",933kg,40l
https://www.clicars.com/coches-segunda-mano-ocasion/comprar-peugeot-208-xad-208-xad-active-bluehdi-100-s-and-s-100-furgoneta-manual-2020-120494,"Peugeot 208 XAD
        Active BlueHDi 100 S&S",7990,7290.0,2020,111.418 km,100 CV,Manual,Diésel,Delantera,175km/h,"3,97m","1,74m","1,47m",1.155kg,50l
https://www.clicars.com/coches-segunda-mano-ocasion/comprar-porsche-macan-macan-aut-245-suv-y-4x4-automatico-2021-121234,"Porsche Macan
        Aut.",54490,51890.0,2021,46.295 km,245 CV,Automático,Gasolina,4x4,225km/h,"4,70m","1,92m","1,62m",,65l
https://www.clicars.com/coches-segunda-mano-ocasion/comprar-mercedes-clase-gle-gle-coupe-400d-4matic-aut-330-suv-y-4x4-automatico-2020-119523,"Mercedes Clase GLE
        GLE Coupé 400d 4Matic Aut.",61490,58590.0,2020,90.237 km,330 CV,Automático,Diésel,4x4,240km/h,"4,94m","2,00m","1,73m",2.295kg,85l
https://www.clicars.com/coches-segunda-mano-ocasion/comprar-seat-ateca-ateca-1-5-ecotsi-s-and-s-style-xm-dsg-150-suv-y-4x4-automatico-2024-120454,"SEAT Ateca
        1.5 EcoTSI S&S Style XM DSG",24990,22690.0,2024,27.450 km,150 CV,Automático,Gasolina,Delantera,202km/h,"4,38m","1,84m","1,60m",,50l
https://www.clicars.com/coches-segunda-mano-ocasion/comprar-audi-q8-q8-55-tfsie-quattro-381-suv-y-4x4-automatico-2021-121016,"Audi Q8
        55 TFSIe quattro",53990,51390.0,2021,68.608 km,381 CV,Automático,Híbrido enchufable,4x4,240km/h,"5,00m","2,00m","1,71m",2.505kg,75l
https://www.clicars.com/coches-segunda-mano-ocasion/comprar-volkswagen-touareg-touareg-3-0tdi-v6-r-line-tiptronic-4motion-210kw-286-suv-y-4x4-automatico-2020-120755,"Volkswagen Touareg
        3.0TDI V6 R-Line Tiptronic 4Motion",37390,35590.0,2020,124.282 km,286 CV,Automático,Diésel,4x4,238km/h,"4,88m","1,98m","1,70m",2.070kg,75l
https://www.clicars.com/coches-segunda-mano-ocasion/comprar-volvo-v60-v60-b4-plus-dark-aut-197-familiar-automatico-2023-119937,"Volvo V60
        B4 Plus Dark Aut.",28990,26390.0,2023,57.440 km,197 CV,Automático,Mild hybrid,Delantera,220km/h,"4,78m","1,85m","1,43m",1.733kg,60l
https://www.clicars.com/coches-segunda-mano-ocasion/comprar-kia-niro-niro-1-6-hev-drive-141-suv-y-4x4-automatico-2019-120196,"Kia Niro
        1.6 HEV Drive",15990,15190.0,2018,79.624 km,141 CV,Automático,Híbrido,Delantera,162km/h,"4,36m","1,81m","1,54m",1.490kg,45l
https://www.clicars.com/coches-segunda-mano-ocasion/comprar-audi-q5-q5-2-0tdi-ultra-150-150-suv-y-4x4-manual-2016-119031,"Audi Q5
        2.0TDI ultra 150",17490,16690.0,2016,127.191 km,150 CV,Manual,Diésel,Delantera,192km/h,"4,63m","1,90m","1,63m",1.755kg,75l
https://www.clicars.com/coches-segunda-mano-ocasion/comprar-bmw-x2-x2-xdrive-25ea-220-suv-y-4x4-automatico-2021-120048,"BMW X2
        xDrive 25eA",25490,23190.0,2021,46.518 km,220 CV,Automático,Híbrido enchufable,4x4,195km/h,"4,36m","1,82m","1,51m",1.730kg,36l
https://www.clicars.com/coches-segunda-mano-ocasion/comprar-bmw-serie-3-318da-touring-150-familiar-automatico-2022-119942,"BMW Serie 3
        318dA Touring",18490,16790.0,2022,156.030 km,150 CV,Automático,Mild hybrid,Trasera,215km/h,"4,71m","1,83m","1,44m",1.585kg,59l
https://www.clicars.com/coches-segunda-mano-ocasion/comprar-bmw-x3-x3-xdrive-20da-190-suv-y-4x4-automatico-2020-119521,"BMW X3
        xDrive 20dA",29490,26790.0,2020,111.562 km,190 CV,Automático,Mild hybrid,4x4,213km/h,"4,71m","1,89m","1,68m",1.835kg,60l
https://www.clicars.com/coches-segunda-mano-ocasion/comprar-lexus-ux-ux-300e-business-204-suv-y-4x4-automatico-2021-118133,"Lexus UX
        300e Business",21990,19990.0,2021,68.047 km,204 CV,Automático,Eléctrico,Delantera,160km/h,"4,50m","1,84m","1,55m",1.785kg,
https://www.clicars.com/coches-segunda-mano-ocasion/comprar-bmw-x2-x2-xdrive-25ea-220-suv-y-4x4-automatico-2021-119519,"BMW X2
        xDrive 25eA",24490,22290.0,2021,69.481 km,220 CV,Automático,Híbrido enchufable,4x4,195km/h,"4,36m","1,82m","1,51m",1.730kg,36l
https://www.clicars.com/coches-segunda-mano-ocasion/comprar-mini-mini-mini-cooper-se-184-compacto-automatico-2021-119518,"MINI Mini
        Cooper SE",23990,21790.0,2021,15.970 km,184 CV,Automático,Eléctrico,Delantera,150km/h,"3,85m","1,73m","1,43m",1.365kg,
https://www.clicars.com/coches-segunda-mano-ocasion/comprar-volkswagen-touareg-touareg-3-0tdi-v6-r-line-tiptronic-4motion-170kw-231-suv-y-4x4-automatico-2021-119344,"Volkswagen Touareg
        3.0TDI V6 R-Line Tiptronic 4Motion",36790,34990.0,2021,139.712 km,231 CV,Automático,Diésel,4x4,221km/h,"4,88m","1,98m","1,70m",2.070kg,75l
https://www.clicars.com/coches-segunda-mano-ocasion/comprar-volkswagen-touareg-touareg-3-0tdi-v6-r-line-tiptronic-4motion-170kw-231-suv-y-4x4-automatico-2021-119340,"Volkswagen Touareg
        3.0TDI V6 R-Line Tiptronic 4Motion",37390,35590.0,2021,112.573 km,231 CV,Automático,Diésel,4x4,221km/h,"4,88m","1,98m","1,70m",2.070kg,75l
https://www.clicars.com/coches-segunda-mano-ocasion/comprar-mercedes-clase-glc-glc-300d-4matic-9g-tronic-245-suv-y-4x4-automatico-2021-119083,"Mercedes Clase GLC
        GLC 300d 4Matic 9G-Tronic",36990,35190.0,2021,125.306 km,245 CV,Automático,Diésel,4x4,231km/h,"4,66m","1,89m","1,64m",1.845kg,66l
https://www.clicars.com/coches-segunda-mano-ocasion/comprar-cupra-formentor-formentor-2-0-tdi-150-dsg-4drive-150-suv-y-4x4-automatico-2022-118817,"CUPRA Formentor
        2.0 TDI 150 DSG 4Drive",23490,21390.0,2022,125.040 km,150 CV,Automático,Diésel,4x4,203km/h,"4,45m","1,84m","1,51m",,55l
https://www.clicars.com/coches-segunda-mano-ocasion/comprar-peugeot-308-308-sw-1-5bluehdi-s-and-s-allure-130-130-familiar-manual-2019-117517,"Peugeot 308
        SW 1.5BlueHDi S&S Allure 130",10490,9990.0,2019,128.198 km,130 CV,Manual,Diésel,Delantera,203km/h,"4,59m","1,80m","1,47m",1.295kg,53l
https://www.clicars.com/coches-segunda-mano-ocasion/comprar-audi-q3-q3-sportback-35-tfsi-s-line-s-tronic-150-suv-y-4x4-automatico-2021-118823,"Audi Q3
        Sportback 35 TFSI S line S tronic",29490,26790.0,2021,112.826 km,150 CV,Automático,Mild hybrid,Delantera,220km/h,"4,50m","1,84m","1,56m",1.345kg,58l
https://www.clicars.com/coches-segunda-mano-ocasion/comprar-audi-q2-q2-30-tdi-s-line-85kw-116-suv-y-4x4-manual-2022-118451,"Audi Q2
        30 TDI S line",19990,18190.0,2022,117.806 km,116 CV,Manual,Diésel,Delantera,197km/h,"4,21m","1,79m","1,51m",,50l
https://www.clicars.com/coches-segunda-mano-ocasion/comprar-land-rover-discovery-discovery-2-0sd4-hse-aut-240-suv-y-4x4-automatico-2020-117534,"Land Rover Discovery
        2.0SD4 HSE Aut.",32990,31390.0,2021,142.323 km,240 CV,Automático,Diésel,4x4,207km/h,"4,97m","2,07m","1,85m",2.115kg,89l
https://www.clicars.com/coches-segunda-mano-ocasion/comprar-volkswagen-tiguan-tiguan-2-0tdi-life-110kw-150-suv-y-4x4-manual-2022-118156,"Volkswagen Tiguan
        2.0TDI Life",22490,20490.0,2022,102.426 km,150 CV,Manual,Diésel,Delantera,200km/h,"4,51m","1,84m","1,68m",1.640kg,58l
https://www.clicars.com/coches-segunda-mano-ocasion/comprar-nissan-navara-navara-2-3dci-doble-cabina-acenta-161-suv-y-4x4-manual-2021-115499,"Nissan Navara
        2.3dCi Doble Cabina Acenta",27990,25490.0,2021,125.995 km,161 CV,Manual,Diésel,4x4,172km/h,"5,33m","1,85m","1,81m",2.001kg,73l
https://www.clicars.com/coches-segunda-mano-ocasion/comprar-mini-mini-mini-one-102-compacto-manual-2020-116663,"MINI Mini
        One",13290,12090.0,2020,133.986 km,102 CV,Manual,Gasolina,Delantera,195km/h,"3,82m","1,73m","1,41m",1.090kg,40l
https://www.clicars.com/coches-segunda-mano-ocasion/comprar-porsche-cayenne-cayenne-coupe-aut-340-suv-y-4x4-automatico-2019-115141,"Porsche Cayenne
        Coupé Aut.",58990,56190.0,2019,141.183 km,340 CV,Automático,Gasolina,4x4,243km/h,"4,93m","1,98m","1,68m",2.030kg,75l
https://www.clicars.com/coches-segunda-mano-ocasion/comprar-audi-e-tron-e-tron-55-quattro-advanced-408-suv-y-4x4-automatico-2022-116673,"Audi e-tron
        55 quattro Advanced",28990,26390.0,2022,43.590 km,408 CV,Automático,Eléctrico,4x4,200km/h,"4,90m","1,94m","1,63m",2.565kg,
https://www.clicars.com/coches-segunda-mano-ocasion/comprar-bmw-x6-x6-xdrive-40ia-333-suv-y-4x4-automatico-2021-116933,"BMW X6
        xDrive 40iA",51490,48990.0,2021,113.347 km,333 CV,Automático,Mild hybrid,4x4,248km/h,"4,94m","2,00m","1,70m",2.095kg,83l
https://www.clicars.com/coches-segunda-mano-ocasion/comprar-bmw-x6-x6-xdrive-40da-340-suv-y-4x4-automatico-2022-116657,"BMW X6
        xDrive 40dA",57990,55190.0,2022,136.849 km,340 CV,Automático,Mild hybrid,4x4,248km/h,"4,94m","2,00m","1,70m",2.290kg,80l
https://www.clicars.com/coches-segunda-mano-ocasion/comprar-volkswagen-touareg-touareg-3-0tdi-v6-r-line-tiptronic-4motion-170kw-231-suv-y-4x4-automatico-2021-114626,"Volkswagen Touareg
        3.0TDI V6 R-Line Tiptronic 4Motion",35490,33790.0,2021,128.101 km,231 CV,Automático,Diésel,4x4,221km/h,"4,88m","1,98m","1,70m",2.070kg,75l
https://www.clicars.com/coches-segunda-mano-ocasion/comprar-volvo-v90-cross-country-v90-cross-country-d4-awd-aut-190-familiar-automatico-2019-114627,"Volvo V90 Cross Country
        D4 AWD Aut.",21990,20890.0,2019,136.626 km,190 CV,Automático,Diésel,4x4,210km/h,"4,94m","1,88m","1,54m",1.826kg,60l
https://www.clicars.com/coches-segunda-mano-ocasion/comprar-audi-q5-q5-sportback-50-tfsie-advanced-quattro-ultra-s-tronic-299-suv-y-4x4-automatico-2021-115350,"Audi Q5
        Sportback 50 TFSIe Advanced quattro-ultra S tronic",32990,31390.0,2021,113.170 km,299 CV,Automático,Híbrido enchufable,4x4,239km/h,"4,69m","1,89m","1,66m",2.150kg,54l
https://www.clicars.com/coches-segunda-mano-ocasion/comprar-audi-q5-q5-40-tdi-quattro-ultra-s-line-s-tronic-150kw-204-suv-y-4x4-automatico-2020-109590,"Audi Q5
        40 TDI quattro-ultra S line S tronic",28990,26390.0,2020,107.221 km,204 CV,Automático,Mild hybrid,4x4,222km/h,"4,68m","1,89m","1,66m",1.880kg,70l
https://www.clicars.com/coches-segunda-mano-ocasion/comprar-bmw-serie-2-218da-active-tourer-business-150-monovolumen-automatico-2019-114538,"BMW Serie 2
        218dA Active Tourer Business",19690,18790.0,2019,25.004 km,150 CV,Automático,Diésel,Delantera,210km/h,"4,35m","1,80m","1,56m",1.490kg,51l
https://www.clicars.com/coches-segunda-mano-ocasion/comprar-toyota-corolla-corolla-125h-business-122-compacto-automatico-2022-113418,"Toyota Corolla
        125H Business",18490,16790.0,2022,82.719 km,122 CV,Automático,Híbrido,Delantera,180km/h,"4,37m","1,79m","1,44m",1.370kg,43l
https://www.clicars.com/coches-segunda-mano-ocasion/comprar-peugeot-308-308-1-5bluehdi-s-and-s-allure-pack-130-130-compacto-manual-2021-108027,"Peugeot 308
        1.5BlueHDi S&S Allure Pack 130",13990,12690.0,2021,86.159 km,130 CV,Manual,Diésel,Delantera,204km/h,"4,25m","1,80m","1,47m",1.255kg,53l
https://www.clicars.com/coches-segunda-mano-ocasion/comprar-maserati-ghibli-ghibli-diesel-aut-275-275-coupe-automatico-2016-108237,"Maserati Ghibli
        Diesel Aut. 275",24990,23790.0,2016,82.163 km,275 CV,Automático,Diésel,Trasera,250km/h,"4,97m","1,95m","1,46m",1.950kg,70l
https://www.clicars.com/coches-segunda-mano-ocasion/comprar-audi-q2-q2-30-tdi-s-line-85kw-116-suv-y-4x4-manual-2022-111909,"Audi Q2
        30 TDI S line",22490,20490.0,2022,116.582 km,116 CV,Manual,Diésel,Delantera,197km/h,"4,21m","1,79m","1,51m",,50l
https://www.clicars.com/coches-segunda-mano-ocasion/comprar-peugeot-2008-2008-1-5bluehdi-s-and-s-active-110-110-suv-y-4x4-manual-2022-111031,"Peugeot 2008
        1.5BlueHDi S&S Active 110",12990,11790.0,2022,156.130 km,110 CV,Manual,Diésel,Delantera,185km/h,"4,30m","1,77m","1,53m",1.205kg,41l
https://www.clicars.com/coches-segunda-mano-ocasion/comprar-jeep-renegade-renegade-1-0-night-eagle-ii-4x2-120-suv-y-4x4-manual-2021-111060,"Jeep Renegade
        1.0 Night Eagle II 4x2",14290,12990.0,2021,146.168 km,120 CV,Manual,Gasolina,Delantera,185km/h,"4,24m","1,81m","1,67m",1.320kg,48l
https://www.clicars.com/coches-segunda-mano-ocasion/comprar-bmw-x3-x3-xdrive-20da-190-suv-y-4x4-automatico-2020-109786,"BMW X3
        xDrive 20dA",29490,26790.0,2020,96.788 km,190 CV,Automático,Mild hybrid,4x4,213km/h,"4,71m","1,89m","1,68m",1.760kg,60l
https://www.clicars.com/coches-segunda-mano-ocasion/comprar-peugeot-3008-suv-3008-1-5bluehdi-gt-line-s-and-s-eat8-130-130-suv-y-4x4-automatico-2018-109209,"Peugeot 3008 SUV
        1.5BlueHDi GT Line S&S EAT8 130",15490,14790.0,2018,136.495 km,130 CV,Automático,Diésel,Delantera,192km/h,"4,45m","1,84m","1,62m",1.505kg,53l
https://www.clicars.com/coches-segunda-mano-ocasion/comprar-audi-q3-q3-35-tdi-quattro-s-tronic-110kw-150-suv-y-4x4-automatico-2020-107561,"Audi Q3
        35 TDI quattro S tronic",23990,21790.0,2020,130.080 km,150 CV,Automático,Diésel,4x4,204km/h,"4,48m","1,86m","1,62m",1.735kg,60l
https://www.clicars.com/coches-segunda-mano-ocasion/comprar-volkswagen-t-cross-t-cross-1-0-tsi-advance-81kw-110-suv-y-4x4-manual-2021-107495,"Volkswagen T-Cross
        1.0 TSI Advance",13990,12690.0,2021,140.228 km,110 CV,Manual,Gasolina,Delantera,189km/h,"4,11m","1,78m","1,56m",1.277kg,40l
https://www.clicars.com/coches-segunda-mano-ocasion/comprar-audi-a3-a3-sedan-30tdi-116-berlina-manual-2021-107083,"Audi A3
        Sedán 30TDI",19490,17690.0,2021,126.402 km,116 CV,Manual,Diésel,Delantera,210km/h,"4,50m","1,82m","1,43m",1.425kg,45l
https://www.clicars.com/coches-segunda-mano-ocasion/comprar-bmw-x6-x6-xdrive-30da-265-suv-y-4x4-automatico-2020-105803,"BMW X6
        xDrive 30dA",50890,48490.0,2020,106.070 km,265 CV,Automático,Diésel,4x4,230km/h,"4,94m","2,00m","1,70m",2.110kg,80l
https://www.clicars.com/coches-segunda-mano-ocasion/comprar-lynk-and-co-01-01-1-5t-phev-261-suv-y-4x4-automatico-2022-103678,"Lynk & Co 01
        1.5T PHEV",21990,19990.0,2022,87.273 km,261 CV,Automático,Híbrido enchufable,Delantera,210km/h,"4,54m","1,95m","1,69m",,42l
https://www.clicars.com/coches-segunda-mano-ocasion/comprar-bmw-x5-x5-xdrive45e-394-4x4-suv-automatico-2019-84442,"BMW X5
        xDrive45e",43390,41290.0,2019,51.746 km,394 CV,Automático,Híbrido enchufable,4x4,235km/h,"4,92m","2,00m","1,75m",2.435kg,69l
https://www.clicars.com/coches-segunda-mano-ocasion/comprar-dfsk-seres-3-seres-3-s2-163-suv-y-4x4-automatico-2021-67437,"DFSK SERES 3
        S2",18990,17290.0,2021,19.639 km,163 CV,Automático,Eléctrico,Delantera,160km/h,"4,39m","1,85m","1,65m",,
https://www.clicars.com/coches-segunda-mano-ocasion/comprar-audi-q2-q2-1-6tdi-design-edition-85kw-116-4x4-suv-manual-2017-59822,"Audi Q2
        1.6TDI Design edition",17990,17090.0,2017,88.036 km,116 CV,Manual,Diésel,Delantera,197km/h,"4,19m","1,79m","1,51m",1.310kg,50l
https://www.clicars.com/coches-segunda-mano-ocasion/comprar-peugeot-3008-suv-3008-hybrid-136-allure-pack-edcs6-136-suv-y-4x4-automatico-2023-126416,"Peugeot 3008 SUV
        Hybrid 136 Allure Pack eDCS6",23490,21390.0,2024,29.806 km,136 CV,Automático,Mild hybrid,Delantera,200km/h,"4,45m","1,84m","1,62m",1.478kg,53l
https://www.clicars.com/coches-segunda-mano-ocasion/comprar-citroen-c5-aircross-c5-aircross-bluehdi-s-and-s-shine-eat8-130-130-suv-y-4x4-automatico-2020-127058,"Citroen C5 Aircross
        BlueHDi S&S Shine EAT8 130",17490,15890.0,2021,99.319 km,130 CV,Automático,Diésel,Delantera,189km/h,"4,50m","1,97m","1,65m",1.505kg,53l
https://www.clicars.com/coches-segunda-mano-ocasion/comprar-citroen-c3-c3-1-5bluehdi-s-and-s-feel-100-100-compacto-manual-2021-129020,"Citroen C3
        1.5BlueHDi S&S Feel 100",10790,9790.0,2021,107.331 km,100 CV,Manual,Diésel,Delantera,185km/h,"4,00m","1,75m","1,47m",1.165kg,42l
https://www.clicars.com/coches-segunda-mano-ocasion/comprar-volkswagen-t-cross-t-cross-1-0-tsi-advance-81kw-110-suv-y-4x4-manual-2021-129212,"Volkswagen T-Cross
        1.0 TSI Advance",16490,14990.0,2021,79.843 km,110 CV,Manual,Gasolina,Delantera,189km/h,"4,11m","1,78m","1,56m",1.277kg,40l
https://www.clicars.com/coches-segunda-mano-ocasion/comprar-kia-niro-niro-1-6-hev-drive-105-suv-y-4x4-automatico-2021-129648,"Kia Niro
        1.6 HEV Drive",18490,16790.0,2021,99.144 km,141 CV,Automático,Híbrido,Delantera,164km/h,"4,36m","1,81m","1,54m",1.490kg,45l
https://www.clicars.com/coches-segunda-mano-ocasion/comprar-toyota-corolla-corolla-140h-business-98-compacto-automatico-2023-129968,"Toyota Corolla
        140H Business",22990,20890.0,2023,32.991 km,140 CV,Automático,Híbrido,Delantera,180km/h,"4,37m","1,79m","1,44m",1.315kg,43l
https://www.clicars.com/coches-segunda-mano-ocasion/comprar-bmw-x3-x3-xdrive-20da-xline-m-sport-190-suv-y-4x4-automatico-2021-129922,"BMW X3
        xDrive 20dA xLine M Sport",36490,33190.0,2021,66.421 km,190 CV,Automático,Mild hybrid,4x4,213km/h,"4,71m","1,89m","1,68m",1.840kg,68l
https://www.clicars.com/coches-segunda-mano-ocasion/comprar-peugeot-5008-suv-5008-hybrid-allure-pack-136-edcs6-136-suv-y-4x4-automatico-2024-128472,"Peugeot 5008 SUV
        Hybrid Allure Pack 136 eDCS6",26990,24590.0,2024,34.114 km,136 CV,Automático,Mild hybrid,Delantera,200km/h,"4,64m","1,84m","1,65m",1.552kg,56l
https://www.clicars.com/coches-segunda-mano-ocasion/comprar-cupra-formentor-formentor-2-0-tdi-150-dsg-4drive-150-suv-y-4x4-automatico-2023-129289,"CUPRA Formentor
        2.0 TDI 150 DSG 4Drive",27490,24990.0,2023,87.651 km,150 CV,Automático,Diésel,4x4,203km/h,"4,45m","1,84m","1,51m",,55l
https://www.clicars.com/coches-segunda-mano-ocasion/comprar-seat-tarraco-tarraco-2-0tdi-s-and-s-style-dsg-7-150-150-suv-y-4x4-automatico-2023-129011,"SEAT Tarraco
        2.0TDI S&S Style DSG-7 150",24290,22090.0,2023,89.033 km,150 CV,Automático,Diésel,Delantera,196km/h,"4,74m","1,84m","1,67m",1.724kg,58l
https://www.clicars.com/coches-segunda-mano-ocasion/comprar-seat-leon-leon-st-1-0-ecotsi-s-and-s-style-xs-110-110-familiar-manual-2023-129037,"SEAT León
        ST 1.0 EcoTSI S&S Style XS 110",16990,15490.0,2023,47.449 km,110 CV,Manual,Gasolina,Delantera,199km/h,"4,64m","1,80m","1,45m",,45l
https://www.clicars.com/coches-segunda-mano-ocasion/comprar-seat-leon-leon-st-1-0-ecotsi-s-and-s-style-xs-110-110-familiar-manual-2023-129042,"SEAT León
        ST 1.0 EcoTSI S&S Style XS 110",17290,15690.0,2023,31.621 km,110 CV,Manual,Gasolina,Delantera,199km/h,"4,64m","1,80m","1,45m",,45l
https://www.clicars.com/coches-segunda-mano-ocasion/comprar-smart-fortwo-fortwo-coupe-eq-passion-82-coupe-automatico-2021-129022,"Smart Fortwo
        Coupé EQ Passion",12490,11390.0,2021,24.721 km,82 CV,Automático,Eléctrico,Trasera,130km/h,"2,70m","1,66m","1,56m",1.095kg,
https://www.clicars.com/coches-segunda-mano-ocasion/comprar-bmw-serie-2-225xe-iperformance-active-tourer-224-monovolumen-automatico-2018-129287,"BMW Serie 2
        225xe iPerformance Active Tourer",19190,18290.0,2018,34.388 km,224 CV,Automático,Híbrido enchufable,4x4,202km/h,"4,34m","1,80m","1,56m",1.660kg,51l
https://www.clicars.com/coches-segunda-mano-ocasion/comprar-smart-fortwo-fortwo-coupe-eq-passion-82-coupe-automatico-2021-129021,"Smart Fortwo
        Coupé EQ Passion",11990,10890.0,2021,34.157 km,82 CV,Automático,Eléctrico,Trasera,130km/h,"2,70m","1,66m","1,56m",1.095kg,
https://www.clicars.com/coches-segunda-mano-ocasion/comprar-hyundai-tucson-tucson-1-6-tgdi-phev-maxx-at-180-suv-y-4x4-automatico-2021-129072,"Hyundai Tucson
        1.6 TGDI PHEV Maxx AT",21490,19590.0,2021,111.890 km,265 CV,Automático,Híbrido enchufable,4x4,190km/h,"4,50m","1,87m","1,65m",,42l
https://www.clicars.com/coches-segunda-mano-ocasion/comprar-peugeot-3008-suv-3008-hybrid-225-allure-e-eat8-180-suv-y-4x4-automatico-2020-129295,"Peugeot 3008 SUV
        Hybrid 225 Allure e-EAT8",20090,18290.0,2020,58.455 km,224 CV,Automático,Híbrido enchufable,Delantera,-km/h,"4,45m","1,84m","1,62m",1.325kg,53l
https://www.clicars.com/coches-segunda-mano-ocasion/comprar-bmw-serie-5-520da-touring-xdrive-190-familiar-automatico-2021-129034,"BMW Serie 5
        520dA Touring xDrive",29490,26790.0,2021,69.294 km,190 CV,Automático,Mild hybrid,4x4,222km/h,"4,96m","1,87m","1,50m",1.840kg,66l
https://www.clicars.com/coches-segunda-mano-ocasion/comprar-fiat-panda-panda-1-0-gse-city-live-hybrid-70-compacto-manual-2022-129035,"Fiat Panda
        1.0 Gse City Live Hybrid",11990,10890.0,2022,55.380 km,70 CV,Manual,Mild hybrid,Delantera,164km/h,"3,65m","1,64m","1,55m",1.055kg,38l
https://www.clicars.com/coches-segunda-mano-ocasion/comprar-audi-a5-a5-sportback-40-tdi-advanced-s-tronic-204-compacto-automatico-2022-129031,"Audi A5
        Sportback 40 TDI Advanced S tronic",30990,29490.0,2023,77.986 km,204 CV,Automático,Mild hybrid,Delantera,210km/h,"4,76m","1,84m","1,40m",1.605kg,40l
https://www.clicars.com/coches-segunda-mano-ocasion/comprar-bmw-x2-x2-sdrive-18d-business-150-suv-y-4x4-automatico-2021-129009,"BMW X2
        sDrive 18d Business",21690,19690.0,2021,124.276 km,150 CV,Automático,Diésel,Delantera,207km/h,"4,36m","1,82m","1,53m",1.500kg,51l
https://www.clicars.com/coches-segunda-mano-ocasion/comprar-mercedes-clase-cla-cla-250e-8g-dct-218-coupe-automatico-2022-125797,"Mercedes Clase CLA
        CLA 250e 8G-DCT",31490,29990.0,2022,30.870 km,218 CV,Automático,Híbrido enchufable,Delantera,240km/h,"4,69m","1,83m","1,45m",1.725kg,35l
https://www.clicars.com/coches-segunda-mano-ocasion/comprar-audi-a1-a1-sportback-35-tfsi-s-line-s-tronic-150-compacto-automatico-2021-128179,"Audi A1
        Sportback 35 TFSI S line S tronic",24790,22590.0,2021,41.281 km,150 CV,Automático,Gasolina,Delantera,222km/h,"4,03m","1,74m","1,43m",1.180kg,40l
https://www.clicars.com/coches-segunda-mano-ocasion/comprar-porsche-macan-macan-s-aut-354-suv-y-4x4-automatico-2019-125969,"Porsche Macan
        S Aut.",48990,46690.0,2019,80.894 km,354 CV,Automático,Gasolina,4x4,254km/h,"4,70m","1,92m","1,62m",,65l
https://www.clicars.com/coches-segunda-mano-ocasion/comprar-citroen-c5-aircross-c5-aircross-bluehdi-s-and-s-plus-eat8-130-130-suv-y-4x4-automatico-2025-126091,"Citroen C5 Aircross
        BlueHDi S&S Plus EAT8 130",20490,18590.0,2025,21.556 km,130 CV,Automático,Diésel,Delantera,189km/h,"4,50m","1,97m","1,65m",,53l
https://www.clicars.com/coches-segunda-mano-ocasion/comprar-peugeot-2008-2008-hybrid-136-allure-edcs6-136-suv-y-4x4-automatico-2025-127060,"Peugeot 2008
        Hybrid 136 Allure eDCS6",20490,18590.0,2025,25.213 km,136 CV,Automático,Mild hybrid,Delantera,206km/h,"4,30m","1,82m","1,52m",1.297kg,44l
https://www.clicars.com/coches-segunda-mano-ocasion/comprar-opel-mokka-mokka-1-2t-s-and-s-gs-136-136-suv-y-4x4-manual-2025-127631,"Opel Mokka
        1.2T S&S GS 136",16490,14990.0,2025,30.283 km,136 CV,Manual,Gasolina,Delantera,208km/h,"4,15m","1,79m","1,54m",1.294kg,44l
https://www.clicars.com/coches-segunda-mano-ocasion/comprar-audi-a3-a3-sportback-30-tfsi-s-tronic-85kw-116-compacto-automatico-2020-122882,"Audi A3
        Sportback 30 TFSI S tronic",13990,13290.0,2019,147.264 km,116 CV,Automático,Gasolina,Delantera,206km/h,"4,31m","1,79m","1,43m",1.200kg,50l
https://www.clicars.com/coches-segunda-mano-ocasion/comprar-peugeot-3008-suv-3008-1-5bluehdi-allure-s-and-s-130-130-suv-y-4x4-manual-2021-119606,"Peugeot 3008 SUV
        1.5BlueHDi Allure S&S 130",15990,14590.0,2021,83.271 km,130 CV,Manual,Diésel,Delantera,192km/h,"4,45m","1,84m","1,62m",,53l
https://www.clicars.com/coches-segunda-mano-ocasion/comprar-citroen-c4-e-c4-feel-100kw-136-compacto-automatico-2021-130341,"Citroen C4
        ë -C4 Feel",14990,13590.0,2021,53.055 km,136 CV,Automático,Eléctrico,Delantera,150km/h,"4,36m","1,83m","1,52m",1.616kg,
https://www.clicars.com/coches-segunda-mano-ocasion/comprar-peugeot-508-508-1-5bluehdi-s-and-s-allure-pack-eat8-130-130-berlina-automatico-2022-129241,"Peugeot 508
        1.5BlueHDi S&S Allure Pack EAT8 130",16990,15490.0,2022,41.086 km,130 CV,Automático,Diésel,Delantera,208km/h,"4,75m","1,86m","1,41m",1.420kg,45l
https://www.clicars.com/coches-segunda-mano-ocasion/comprar-citroen-berlingo-m1-berlingo-bluehdi-s-and-s-talla-m-plus-100-100-monovolumen-manual-2024-129727,"Citroen Berlingo M1
        BlueHDi S&S Talla M Plus 100",19990,18190.0,2024,17.156 km,100 CV,Manual,Diésel,Delantera,152km/h,"4,40m","1,85m","1,84m",1.430kg,50l
https://www.clicars.com/coches-segunda-mano-ocasion/comprar-seat-leon-leon-st-1-5-etsi-s-and-s-fr-dsg-7-150-150-familiar-automatico-2021-129633,"SEAT León
        ST 1.5 eTSI S&S FR DSG-7 150",19990,18190.0,2021,84.219 km,150 CV,Automático,Mild hybrid,Delantera,221km/h,"4,64m","1,80m","1,44m",1.411kg,45l
https://www.clicars.com/coches-segunda-mano-ocasion/comprar-peugeot-2008-2008-hybrid-136-allure-edcs6-136-suv-y-4x4-automatico-2025-127546,"Peugeot 2008
        Hybrid 136 Allure eDCS6",19990,18190.0,2025,29.031 km,136 CV,Automático,Mild hybrid,Delantera,206km/h,"4,30m","1,82m","1,52m",1.297kg,44l
https://www.clicars.com/coches-segunda-mano-ocasion/comprar-bmw-serie-5-520da-touring-190-familiar-automatico-2020-125858,"BMW Serie 5
        520dA Touring",25590,23290.0,2020,109.186 km,190 CV,Automático,Mild hybrid,Trasera,225km/h,"4,94m","1,87m","1,50m",1.685kg,66l
https://www.clicars.com/coches-segunda-mano-ocasion/comprar-citroen-c3-aircross-c3-aircross-bluehdi-s-and-s-shine-eat6-120-120-suv-y-4x4-automatico-2019-120214,"Citroen C3 Aircross
        BlueHDi S&S Shine EAT6 120",11490,10890.0,2019,99.280 km,120 CV,Automático,Diésel,Delantera,183km/h,"4,15m","1,82m","1,60m",1.260kg,45l
https://www.clicars.com/coches-segunda-mano-ocasion/comprar-cupra-leon-leon-sportstourer-1-4-tsi-vz-e-hybrid-dsg-245-150-familiar-automatico-2021-130209,"CUPRA León
        Sportstourer 1.4 TSI VZ E HYBRID DSG 245",23990,21790.0,2021,98.053 km,245 CV,Automático,Híbrido enchufable,Delantera,225km/h,"4,66m","1,80m","1,46m",1.704kg,40l
https://www.clicars.com/coches-segunda-mano-ocasion/comprar-seat-leon-leon-st-1-5-tsi-s-and-s-fr-150-150-familiar-manual-2021-127359,"SEAT León
        ST 1.5 TSI S&S FR 150",19990,18190.0,2021,28.879 km,150 CV,Manual,Gasolina,Delantera,218km/h,"4,64m","1,80m","1,44m",1.374kg,45l
https://www.clicars.com/coches-segunda-mano-ocasion/comprar-peugeot-2008-2008-1-2-puretech-s-and-s-allure-100-100-suv-y-4x4-manual-2022-130216,"Peugeot 2008
        1.2 PureTech S&S Allure 100",13990,12690.0,2022,57.479 km,100 CV,Manual,Gasolina,Delantera,188km/h,"4,30m","1,77m","1,53m",1.192kg,44l
https://www.clicars.com/coches-segunda-mano-ocasion/comprar-citroen-c3-c3-1-0-puretech-tonic-68-68-compacto-manual-2015-128868,"Citroen C3
        1.0 PureTech Tonic 68",6290,5990.0,2015,93.759 km,68 CV,Manual,Gasolina,Delantera,163km/h,"3,94m","1,73m","1,52m",973kg,50l
https://www.clicars.com/coches-segunda-mano-ocasion/comprar-mazda-cx-5-cx-5-2-2de-style-2wd-150-suv-y-4x4-manual-2015-129074,"Mazda CX-5
        2.2DE Style 2WD",12990,12390.0,2015,123.679 km,150 CV,Manual,Diésel,Delantera,202km/h,"4,54m","1,84m","1,71m",1.445kg,56l
https://www.clicars.com/coches-segunda-mano-ocasion/comprar-fiat-500-500-1-2-pop-69-compacto-manual-2016-129766,"Fiat 500
        1.2 Pop",7490,7090.0,2016,128.949 km,69 CV,Manual,Gasolina,Delantera,160km/h,"3,57m","1,63m","1,49m",865kg,35l
https://www.clicars.com/coches-segunda-mano-ocasion/comprar-mg-mg4-mg4-luxury-64kwh-204-compacto-automatico-2024-128703,"MG MG4
        Luxury",21490,19590.0,2024,36.712 km,204 CV,Automático,Eléctrico,Trasera,160km/h,"4,29m","1,84m","1,50m",1.675kg,
https://www.clicars.com/coches-segunda-mano-ocasion/comprar-audi-q3-q3-35-tdi-black-line-s-tronic-110kw-150-suv-y-4x4-automatico-2021-129221,"Audi Q3
        35 TDI Black line S tronic",26490,24090.0,2021,122.299 km,150 CV,Automático,Diésel,Delantera,207km/h,"4,48m","1,85m","1,62m",1.560kg,64l
https://www.clicars.com/coches-segunda-mano-ocasion/comprar-peugeot-expert-expert-fg-standard-1-5bluehdi-s-and-s-premium-120-120-furgoneta-manual-2021-126797,"Peugeot Expert
        Fg. Standard 1.5BlueHDi S&S Premium 120",15990,14590.0,2021,124.396 km,120 CV,Manual,Diésel,Delantera,160km/h,"4,96m","1,92m","1,90m",1.581kg,70l
https://www.clicars.com/coches-segunda-mano-ocasion/comprar-audi-a3-a3-sportback-30-tfsi-s-tronic-110-compacto-automatico-2023-129352,"Audi A3
        Sportback 30 TFSI S tronic",22990,20890.0,2023,51.568 km,110 CV,Automático,Mild hybrid,Delantera,204km/h,"4,34m","1,82m","1,45m",1.355kg,45l
https://www.clicars.com/coches-segunda-mano-ocasion/comprar-seat-leon-leon-1-4-tsi-s-and-s-xcellence-125-125-compacto-manual-2017-129667,"SEAT León
        1.4 TSI S&S Xcellence 125",13390,12790.0,2017,96.063 km,125 CV,Manual,Gasolina,Delantera,203km/h,"4,28m","1,82m","1,46m",1.233kg,50l
https://www.clicars.com/coches-segunda-mano-ocasion/comprar-peugeot-2008-2008-1-2-puretech-s-and-s-allure-130-130-suv-y-4x4-manual-2020-129405,"Peugeot 2008
        1.2 PureTech S&S Allure 130",13990,12690.0,2020,68.523 km,130 CV,Manual,Gasolina,Delantera,188km/h,"4,30m","1,77m","1,53m",1.192kg,44l
https://www.clicars.com/coches-segunda-mano-ocasion/comprar-renault-megane-megane-s-t-1-5dci-blue-business-85kw-115-familiar-manual-2022-129253,"Renault Mégane
        S.T. 1.5dCi Blue Business",15990,14590.0,2022,45.279 km,115 CV,Manual,Diésel,Delantera,191km/h,"4,63m","1,81m","1,45m",1.373kg,45l
https://www.clicars.com/coches-segunda-mano-ocasion/comprar-peugeot-3008-suv-3008-1-5bluehdi-allure-s-and-s-130-130-suv-y-4x4-manual-2019-129390,"Peugeot 3008 SUV
        1.5BlueHDi Allure S&S 130",13490,12790.0,2019,112.444 km,130 CV,Manual,Diésel,Delantera,192km/h,"4,45m","1,84m","1,62m",1.492kg,53l
https://www.clicars.com/coches-segunda-mano-ocasion/comprar-peugeot-3008-suv-3008-hybrid-136-gt-edcs6-136-suv-y-4x4-automatico-2025-129718,"Peugeot 3008 SUV
        Hybrid 136 GT eDCS6",28990,26390.0,2025,40.755 km,136 CV,Automático,Mild hybrid,Delantera,201km/h,"4,54m","1,90m","1,64m",1.573kg,55l
https://www.clicars.com/coches-segunda-mano-ocasion/comprar-peugeot-5008-suv-5008-1-2-puretech-s-and-s-allure-pack-130-130-suv-y-4x4-manual-2023-129621,"Peugeot 5008 SUV
        1.2 PureTech S&S Allure Pack 130",20890,18990.0,2023,50.716 km,130 CV,Manual,Gasolina,Delantera,188km/h,"4,64m","1,84m","1,65m",1.430kg,56l
https://www.clicars.com/coches-segunda-mano-ocasion/comprar-seat-arona-arona-1-0-tsi-ecomotive-s-and-s-style-110-110-suv-y-4x4-manual-2021-129930,"SEAT Arona
        1.0 TSI Ecomotive S&S Style 110",15290,13890.0,2021,25.878 km,110 CV,Manual,Gasolina,Delantera,190km/h,"4,14m","1,78m","1,55m",1.193kg,40l
https://www.clicars.com/coches-segunda-mano-ocasion/comprar-toyota-yaris-yaris-120h-1-5-business-plus-116-compacto-automatico-2022-126827,"Toyota Yaris
        120H 1.5 Business Plus",17490,15890.0,2022,43.137 km,116 CV,Automático,Híbrido,Delantera,175km/h,"3,94m","1,75m","1,50m",1.065kg,36l
https://www.clicars.com/coches-segunda-mano-ocasion/comprar-citroen-c4-c4-1-2-e-thp-s-and-s-collection-130-compacto-manual-2014-124632,"Citroen C4
        1.2 e-THP S&S Collection",6690,6390.0,2014,77.560 km,130 CV,Manual,Gasolina,Delantera,199km/h,"4,33m","1,79m","1,49m",1.205kg,60l
https://www.clicars.com/coches-segunda-mano-ocasion/comprar-opel-mokka-mokka-1-2t-s-and-s-gs-136-136-suv-y-4x4-manual-2025-128011,"Opel Mokka
        1.2T S&S GS 136",16690,15190.0,2025,15.695 km,136 CV,Manual,Gasolina,Delantera,208km/h,"4,15m","1,79m","1,54m",1.294kg,44l
https://www.clicars.com/coches-segunda-mano-ocasion/comprar-ds-ds-7-crossback-ds-7-crossback-1-5bluehdi-so-chic-aut-130-suv-y-4x4-automatico-2021-128349,"DS DS 7 Crossback
        1.5BlueHDi So Chic Aut.",18490,16790.0,2021,74.818 km,130 CV,Automático,Diésel,Delantera,195km/h,"4,57m","1,90m","1,61m",1.428kg,55l
https://www.clicars.com/coches-segunda-mano-ocasion/comprar-peugeot-rifter-rifter-1-5bluehdi-s-and-s-standard-allure-130-131-monovolumen-manual-2020-129942,"Peugeot Rifter
        1.5BlueHDi S&S Standard Allure 130",16990,15490.0,2020,77.220 km,131 CV,Manual,Diésel,Delantera,187km/h,"4,40m","1,91m","1,87m",1.430kg,
https://www.clicars.com/coches-segunda-mano-ocasion/comprar-hyundai-bayon-bayon-1-0-tgdi-48v-maxx-100-suv-y-4x4-manual-2022-127957,"Hyundai Bayon
        1.0 TGDI 48V Maxx",15490,14090.0,2022,48.867 km,100 CV,Manual,Mild hybrid,Delantera,183km/h,"4,18m","1,78m","1,50m",1.120kg,40l
https://www.clicars.com/coches-segunda-mano-ocasion/comprar-renault-zoe-zoe-intens-40-r90-flexi-68kw-92-compacto-automatico-2017-128966,"Renault Zoe
        Intens 40 R90 Flexi",8990,8590.0,2017,79.168 km,92 CV,Automático,Eléctrico,Delantera,135km/h,"4,08m","1,73m","1,56m",1.428kg,
https://www.clicars.com/coches-segunda-mano-ocasion/comprar-citroen-c4-e-c4-shine-100kw-136-compacto-automatico-2022-128793,"Citroen C4
        ë -C4 Shine",15990,14590.0,2022,56.722 km,136 CV,Automático,Eléctrico,Delantera,150km/h,"4,36m","1,83m","1,52m",1.616kg,
https://www.clicars.com/coches-segunda-mano-ocasion/comprar-ford-puma-puma-1-0-ecoboost-mhev-titanium-125-125-suv-y-4x4-manual-2022-127292,"Ford Puma
        1.0 EcoBoost MHEV Titanium 125",15290,13890.0,2022,81.623 km,125 CV,Manual,Mild hybrid,Delantera,191km/h,"4,19m","1,81m","1,54m",1.280kg,42l
https://www.clicars.com/coches-segunda-mano-ocasion/comprar-peugeot-rifter-rifter-1-5bluehdi-s-and-s-standard-active-pack-100-100-monovolumen-manual-2021-129312,"Peugeot Rifter
        1.5BlueHDi S&S Standard Active Pack 100",13990,12690.0,2021,122.769 km,100 CV,Manual,Diésel,Delantera,172km/h,"4,40m","1,91m","1,87m",1.430kg,
https://www.clicars.com/coches-segunda-mano-ocasion/comprar-peugeot-5008-suv-5008-1-2-puretech-s-and-s-allure-130-130-suv-y-4x4-manual-2019-128771,"Peugeot 5008 SUV
        1.2 PureTech S&S Allure 130",16790,15990.0,2019,72.890 km,130 CV,Manual,Gasolina,Delantera,188km/h,"4,64m","1,84m","1,65m",1.385kg,56l
https://www.clicars.com/coches-segunda-mano-ocasion/comprar-peugeot-208-208-1-0-access-68-68-compacto-manual-2016-129343,"Peugeot 208
        1.0 Access 68",7290,6890.0,2016,145.176 km,68 CV,Manual,Gasolina,Delantera,165km/h,"3,97m","1,74m","1,46m",1.035kg,50l
https://www.clicars.com/coches-segunda-mano-ocasion/comprar-toyota-yaris-yaris-120h-1-5-style-75-compacto-automatico-2022-129158,"Toyota Yaris
        120H 1.5 Style",19490,17690.0,2022,59.361 km,116 CV,Automático,Híbrido,Delantera,175km/h,"3,94m","1,75m","1,50m",1.065kg,36l
https://www.clicars.com/coches-segunda-mano-ocasion/comprar-toyota-yaris-yaris-hybrid-1-5-active-75-compacto-automatico-2018-129967,"Toyota Yaris
        Hybrid 1.5 Active",11990,11390.0,2018,141.946 km,100 CV,Automático,Híbrido,Delantera,165km/h,"3,91m","1,70m","1,51m",1.025kg,36l
https://www.clicars.com/coches-segunda-mano-ocasion/comprar-hyundai-ioniq-ioniq-hev-1-6-gdi-tecno-105-compacto-automatico-2019-129527,"Hyundai Ioniq
        HEV 1.6 GDI Tecno",15990,15190.0,2019,69.195 km,141 CV,Automático,Híbrido,Delantera,185km/h,"4,47m","1,82m","1,45m",1.361kg,45l
https://www.clicars.com/coches-segunda-mano-ocasion/comprar-jeep-compass-compass-1-4-multiair-longitude-4x2-103kw-140-suv-y-4x4-manual-2018-129164,"Jeep Compass
        1.4 Multiair Longitude 4x2",14490,13790.0,2018,105.515 km,140 CV,Manual,Gasolina,Delantera,195km/h,"4,39m","1,82m","1,64m",1.430kg,60l
https://www.clicars.com/coches-segunda-mano-ocasion/comprar-mini-mini-mini-cooper-se-184-compacto-automatico-2022-129657,"MINI Mini
        Cooper SE",18990,17290.0,2022,26.845 km,184 CV,Automático,Eléctrico,Delantera,150km/h,"3,85m","1,73m","1,43m",1.365kg,
https://www.clicars.com/coches-segunda-mano-ocasion/comprar-peugeot-2008-2008-1-2-puretech-s-and-s-allure-pack-100-100-suv-y-4x4-manual-2022-129818,"Peugeot 2008
        1.2 PureTech S&S Allure Pack 100",15990,14590.0,2022,53.635 km,100 CV,Manual,Gasolina,Delantera,188km/h,"4,30m","1,77m","1,53m",1.192kg,44l
https://www.clicars.com/coches-segunda-mano-ocasion/comprar-hyundai-i30-i30-1-0-tgdi-n-line-100-100-compacto-manual-2025-130248,"Hyundai i30
        1.0 TGDI N Line 100",21490,19590.0,2025,16.576 km,100 CV,Manual,Gasolina,Delantera,178km/h,"4,34m","1,80m","1,46m",1.216kg,50l
https://www.clicars.com/coches-segunda-mano-ocasion/comprar-peugeot-3008-suv-3008-hybrid-136-allure-edcs6-136-suv-y-4x4-automatico-2025-128830,"Peugeot 3008 SUV
        Hybrid 136 Allure eDCS6",26990,24590.0,2025,12.230 km,136 CV,Automático,Mild hybrid,Delantera,201km/h,"4,54m","1,90m","1,64m",1.573kg,55l
https://www.clicars.com/coches-segunda-mano-ocasion/comprar-peugeot-208-208-1-2-s-and-s-active-75-75-compacto-manual-2023-129875,"Peugeot 208
        1.2 S&S Active 75",12290,11190.0,2023,48.974 km,75 CV,Manual,Gasolina,Delantera,170km/h,"4,06m","1,75m","1,43m",980kg,40l
https://www.clicars.com/coches-segunda-mano-ocasion/comprar-volvo-xc40-xc40-t3-premium-edition-156-suv-y-4x4-manual-2018-130033,"Volvo XC40
        T3 Premium Edition",21990,20890.0,2018,36.566 km,156 CV,Manual,Gasolina,Delantera,200km/h,"4,43m","1,86m","1,65m",1.568kg,54l
https://www.clicars.com/coches-segunda-mano-ocasion/comprar-peugeot-208-208-1-5-bluehdi-s-and-s-active-100-100-compacto-manual-2021-129826,"Peugeot 208
        1.5 BlueHDi S&S Active 100",11990,10890.0,2021,46.543 km,100 CV,Manual,Diésel,Delantera,188km/h,"4,06m","1,75m","1,43m",1.090kg,41l
https://www.clicars.com/coches-segunda-mano-ocasion/comprar-volkswagen-t-roc-t-roc-2-0tdi-edition-85kw-115-suv-y-4x4-manual-2021-129263,"Volkswagen T-Roc
        2.0TDI Edition",17990,16390.0,2021,84.115 km,115 CV,Manual,Diésel,Delantera,187km/h,"4,23m","1,82m","1,57m",1.395kg,55l
https://www.clicars.com/coches-segunda-mano-ocasion/comprar-opel-combo-combo-combi-1-5td-s-s-l-100-100-furgoneta-manual-2024-129095,"Opel Combo
        Combi 1.5TD S/S L 100",19990,18190.0,2024,26.085 km,100 CV,Manual,Diésel,Delantera,172km/h,"4,40m","1,85m","1,80m",1.473kg,50l
https://www.clicars.com/coches-segunda-mano-ocasion/comprar-opel-mokka-mokka-1-7cdti-s-and-s-excellence-4x2-130-suv-y-4x4-manual-2014-129435,"Opel Mokka
        1.7CDTi S&S Excellence 4x2",8390,7990.0,2014,156.036 km,130 CV,Manual,Diésel,Delantera,187km/h,"4,28m","1,78m","1,66m",1.501kg,54l
https://www.clicars.com/coches-segunda-mano-ocasion/comprar-renault-captur-captur-tce-zen-74kw-glp-100-suv-y-4x4-manual-2022-128423,"Renault Captur
        TCe Zen GLP",15690,14290.0,2022,56.280 km,100 CV,Manual,Glp,Delantera,173km/h,"4,23m","1,80m","1,57m",1.190kg,48l
https://www.clicars.com/coches-segunda-mano-ocasion/comprar-toyota-c-hr-c-hr-125h-advance-98-suv-y-4x4-automatico-2017-129960,"Toyota C-HR
        125H Advance",16490,15690.0,2017,157.419 km,122 CV,Automático,Híbrido,Delantera,170km/h,"4,36m","1,80m","1,56m",1.420kg,43l
https://www.clicars.com/coches-segunda-mano-ocasion/comprar-peugeot-208-208-1-2-s-and-s-active-pack-100-100-compacto-manual-2021-129534,"Peugeot 208
        1.2 S&S Active Pack 100",11290,10290.0,2021,52.583 km,100 CV,Manual,Gasolina,Delantera,188km/h,"4,06m","1,75m","1,43m",,44l
https://www.clicars.com/coches-segunda-mano-ocasion/comprar-peugeot-2008-2008-1-5bluehdi-s-and-s-allure-pack-110-110-suv-y-4x4-manual-2021-129641,"Peugeot 2008
        1.5BlueHDi S&S Allure Pack 110",15690,14290.0,2021,75.260 km,110 CV,Manual,Diésel,Delantera,185km/h,"4,30m","1,77m","1,53m",1.205kg,41l
https://www.clicars.com/coches-segunda-mano-ocasion/comprar-opel-crossland-crossland-x-1-2t-s-and-s-innovation-aut-110-110-suv-y-4x4-automatico-2018-129889,"Opel Crossland
        X 1.2T S&S Innovation Aut. 110",9990,9490.0,2018,91.218 km,110 CV,Automático,Gasolina,Delantera,187km/h,"4,21m","1,77m","1,61m",1.159kg,45l
https://www.clicars.com/coches-segunda-mano-ocasion/comprar-peugeot-508-508-1-5bluehdi-s-and-s-allure-eat8-130-130-berlina-automatico-2021-129382,"Peugeot 508
        1.5BlueHDi S&S Allure EAT8 130",13690,12490.0,2021,137.843 km,130 CV,Automático,Diésel,Delantera,208km/h,"4,75m","1,86m","1,41m",1.420kg,45l
https://www.clicars.com/coches-segunda-mano-ocasion/comprar-cupra-leon-leon-sportstourer-1-5-etsi-110-dsg-150-familiar-automatico-2025-127159,"CUPRA León
        Sportstourer 1.5 eTSI 110 DSG",25490,23190.0,2025,38.956 km,150 CV,Automático,Mild hybrid,Delantera,216km/h,"4,66m","1,80m","1,44m",,50l
https://www.clicars.com/coches-segunda-mano-ocasion/comprar-peugeot-5008-suv-5008-hybrid-136-allure-edcs6-136-suv-y-4x4-automatico-2025-129090,"Peugeot 5008 SUV
        Hybrid 136 Allure eDCS6",28490,25890.0,2025,15.335 km,136 CV,Automático,Mild hybrid,Delantera,200km/h,"4,79m","1,90m","1,69m",1.705kg,67l
https://www.clicars.com/coches-segunda-mano-ocasion/comprar-peugeot-partner-partner-1-5bluehdi-s-and-s-pro-standard-600kg-75-75-furgoneta-manual-2021-128839,"Peugeot Partner
        1.5BlueHDI S&S Pro Standard 600kg 75",10990,9990.0,2021,105.235 km,75 CV,Manual,Diésel,Delantera,149km/h,"4,40m","2,11m","1,80m",1.395kg,50l
https://www.clicars.com/coches-segunda-mano-ocasion/comprar-toyota-rav4-rav4-2-5-hybrid-2wd-style-218-suv-y-4x4-automatico-2024-128641,"Toyota Rav4
        2.5 hybrid 2WD Style",38990,35490.0,2024,36.934 km,218 CV,Automático,Híbrido,Delantera,180km/h,"4,60m","1,86m","1,69m",1.645kg,55l
https://www.clicars.com/coches-segunda-mano-ocasion/comprar-citroen-berlingo-berlingo-combi-bluehdi-s-and-s-talla-m-shine-business-100-100-furgoneta-manual-2022-129307,"Citroen Berlingo
        Combi BlueHDi S&S Talla M Shine Business 100",17490,15890.0,2022,50.082 km,100 CV,Manual,Diésel,Delantera,166km/h,"4,40m","1,85m","1,84m",1.551kg,60l
https://www.clicars.com/coches-segunda-mano-ocasion/comprar-cupra-leon-leon-sportstourer-1-5-etsi-110-dsg-150-familiar-automatico-2025-129643,"CUPRA León
        Sportstourer 1.5 eTSI 110 DSG",26990,24590.0,2025,36.757 km,150 CV,Automático,Mild hybrid,Delantera,216km/h,"4,66m","1,80m","1,44m",,50l
https://www.clicars.com/coches-segunda-mano-ocasion/comprar-mercedes-clase-e-e-cabrio-250cdi-7g-plus-204-cabrio-automatico-2015-128254,"Mercedes Clase E
        E Cabrio 250CDI 7G Plus",20990,19990.0,2015,105.004 km,204 CV,Automático,Diésel,Trasera,245km/h,"4,70m","1,79m","1,40m",1.845kg,66l
https://www.clicars.com/coches-segunda-mano-ocasion/comprar-peugeot-408-408-hybrid-136-allure-e-dcs6-136-compacto-automatico-2025-129539,"Peugeot 408
        Hybrid 136 Allure e-DCS6",23990,21790.0,2025,11.267 km,136 CV,Automático,Mild hybrid,Delantera,205km/h,"4,69m","1,85m","1,48m",1.469kg,52l
https://www.clicars.com/coches-segunda-mano-ocasion/comprar-skoda-karoq-karoq-1-5-tsi-sportline-act-150-suv-y-4x4-manual-2021-129325,"Skoda Karoq
        1.5 TSI Sportline ACT",22590,20590.0,2021,65.623 km,150 CV,Manual,Gasolina,Delantera,187km/h,"4,38m","1,84m","1,54m",1.265kg,50l
https://www.clicars.com/coches-segunda-mano-ocasion/comprar-peugeot-2008-2008-1-2-puretech-s-and-s-allure-100-100-suv-y-4x4-manual-2025-129532,"Peugeot 2008
        1.2 PureTech S&S Allure 100",17490,15890.0,2025,19.664 km,100 CV,Manual,Gasolina,Delantera,183km/h,"4,30m","1,82m","1,52m",1.200kg,44l
https://www.clicars.com/coches-segunda-mano-ocasion/comprar-seat-ibiza-ibiza-1-0-mpi-evo-s-and-s-style-xm-80-80-compacto-manual-2022-129565,"SEAT Ibiza
        1.0 MPI Evo S&S Style XM 80",14290,12990.0,2022,41.784 km,80 CV,Manual,Gasolina,Delantera,172km/h,"4,06m","1,78m","1,45m",663kg,40l
https://www.clicars.com/coches-segunda-mano-ocasion/comprar-opel-mokka-mokka-x-1-4t-s-and-s-120-aniversario-4x2-140-suv-y-4x4-manual-2019-129742,"Opel Mokka
        X 1.4T S&S 120 Aniversario 4x2",11490,10890.0,2019,101.342 km,140 CV,Manual,Gasolina,Delantera,196km/h,"4,27m","1,78m","1,66m",1.355kg,52l
https://www.clicars.com/coches-segunda-mano-ocasion/comprar-citroen-c4-c4-1-5-bluehdi-s-and-s-feel-pack-eat8-130-130-compacto-automatico-2021-128147,"Citroen C4
        1.5 BlueHDI S&S Feel Pack EAT8 130",14490,13190.0,2021,77.769 km,130 CV,Automático,Diésel,Delantera,192km/h,"4,36m","1,83m","1,52m",1.399kg,60l
https://www.clicars.com/coches-segunda-mano-ocasion/comprar-citroen-berlingo-m1-berlingo-bluehdi-s-and-s-talla-m-live-pack-100-100-monovolumen-manual-2021-128409,"Citroen Berlingo M1
        BlueHDi S&S Talla M Live Pack 100",13690,12490.0,2021,123.961 km,100 CV,Manual,Diésel,Delantera,152km/h,"4,40m","1,85m","1,84m",1.635kg,
https://www.clicars.com/coches-segunda-mano-ocasion/comprar-nissan-x-trail-x-trail-1-5-e-power-n-connecta-e-4orce-4x4-7pl-158kw-158-suv-y-4x4-automatico-2025-129127,"Nissan X-Trail
        1.5 e-Power N-Connecta e-4orce 4x4 7pl.",33990,32390.0,2025,33.411 km,158 CV,Automático,Híbrido,4x4,180km/h,"4,68m","1,84m","1,70m",1.908kg,55l
https://www.clicars.com/coches-segunda-mano-ocasion/comprar-ford-kuga-kuga-2-5-duratec-fhev-st-line-4x2-aut-191-suv-y-4x4-automatico-2023-129228,"Ford Kuga
        2.5 Duratec FHEV ST-Line 4x2 Aut.",24990,22690.0,2023,20.498 km,190 CV,Automático,Híbrido,Delantera,196km/h,"4,61m","1,88m","1,68m",1.773kg,45l
https://www.clicars.com/coches-segunda-mano-ocasion/comprar-mazda-mazda3-mazda3-2-5-e-skyactiv-g-centre-line-aut-103kw-140-compacto-automatico-2025-128716,"Mazda Mazda3
        2.5 e-Skyactiv-G Centre-line Aut.",24990,22690.0,2025,37.970 km,140 CV,Automático,Mild hybrid,Delantera,199km/h,"4,46m","1,80m","1,44m",1.395kg,51l
https://www.clicars.com/coches-segunda-mano-ocasion/comprar-dacia-duster-duster-1-0-tce-eco-g-comfort-4x2-74kw-100-suv-y-4x4-manual-2022-129351,"Dacia Duster
        1.0 TCe ECO-G Comfort 4x2",15990,14590.0,2022,42.946 km,100 CV,Manual,Glp,Delantera,168km/h,"4,34m","1,80m","1,69m",,50l
https://www.clicars.com/coches-segunda-mano-ocasion/comprar-peugeot-rifter-n1-rifter-1-5bluehdi-s-and-s-allure-business-long-100-100-furgoneta-manual-2025-128585,"Peugeot Rifter N1
        1.5BlueHDI S&S Allure Business Long 100",24990,22690.0,2025,10.234 km,100 CV,Manual,Diésel,Delantera,169km/h,"4,75m","2,11m","1,88m",1.574kg,50l
https://www.clicars.com/coches-segunda-mano-ocasion/comprar-jeep-avenger-avenger-1-2-summit-74kw-100-suv-y-4x4-manual-2023-129664,"Jeep Avenger
        1.2 Summit",19990,18190.0,2023,31.338 km,100 CV,Manual,Gasolina,Delantera,184km/h,"4,08m","1,78m","1,54m",,44l
https://www.clicars.com/coches-segunda-mano-ocasion/comprar-seat-arona-arona-1-0-tsi-ecomotive-s-and-s-fr-115-115-suv-y-4x4-manual-2018-129329,"SEAT Arona
        1.0 TSI Ecomotive S&S FR 115",13490,12790.0,2018,75.097 km,115 CV,Manual,Gasolina,Delantera,190km/h,"4,14m","1,78m","1,55m",1.179kg,40l
https://www.clicars.com/coches-segunda-mano-ocasion/comprar-citroen-c3-aircross-c3-aircross-turbo-s-and-s-plus-100-100-suv-y-4x4-manual-2025-129544,"Citroen C3 Aircross
        Turbo S&S Plus 100",17490,15890.0,2025,22.926 km,100 CV,Manual,Gasolina,Delantera,179km/h,"4,40m","1,80m","1,63m",1.303kg,44l
https://www.clicars.com/coches-segunda-mano-ocasion/comprar-mazda-cx-5-cx-5-2-5-skyactiv-g-zenith-2wd-aut-194-suv-y-4x4-automatico-2018-129593,"Mazda CX-5
        2.5 Skyactiv-G Zenith 2WD Aut.",20990,19990.0,2018,23.937 km,194 CV,Automático,Gasolina,Delantera,195km/h,"4,55m","1,84m","1,68m",1.360kg,56l
https://www.clicars.com/coches-segunda-mano-ocasion/comprar-opel-corsa-corsa-1-2t-xhl-s-s-gs-100-100-compacto-manual-2024-129282,"Opel Corsa
        1.2T XHL S/S GS 100",14490,13190.0,2024,20.438 km,100 CV,Manual,Gasolina,Delantera,194km/h,"4,06m","1,77m","1,43m",1.180kg,44l
https://www.clicars.com/coches-segunda-mano-ocasion/comprar-citroen-berlingo-berlingo-van-bluehdi-s-and-s-talla-m-club-100-100-furgoneta-manual-2019-121161,"Citroen Berlingo
        Van BlueHDi S&S Talla M Club 100",10990,10490.0,2019,93.574 km,100 CV,Manual,Diésel,Delantera,166km/h,"4,40m","2,11m","1,80m",1.551kg,60l
https://www.clicars.com/coches-segunda-mano-ocasion/comprar-toyota-corolla-corolla-sedan-125h-active-tech-98-berlina-automatico-2020-127960,"Toyota Corolla
        Sedán 125H Active Tech",17790,16190.0,2020,91.355 km,122 CV,Automático,Híbrido,Delantera,180km/h,"4,63m","1,78m","1,44m",1.385kg,43l
https://www.clicars.com/coches-segunda-mano-ocasion/comprar-opel-mokka-mokka-1-2t-s-and-s-gs-136-136-suv-y-4x4-manual-2025-128023,"Opel Mokka
        1.2T S&S GS 136",16790,15290.0,2025,19.863 km,136 CV,Manual,Gasolina,Delantera,208km/h,"4,15m","1,79m","1,54m",1.294kg,44l
https://www.clicars.com/coches-segunda-mano-ocasion/comprar-renault-captur-captur-tce-energy-intens-66kw-90-suv-y-4x4-manual-2017-129206,"Renault Captur
        TCe Energy Intens",11590,10990.0,2017,31.896 km,90 CV,Manual,Gasolina,Delantera,171km/h,"4,12m","1,78m","1,57m",1.173kg,45l
https://www.clicars.com/coches-segunda-mano-ocasion/comprar-opel-grandland-x-grandland-x-1-2t-s-and-s-ultimate-aut-130-130-suv-y-4x4-automatico-2019-129525,"Opel Grandland X
        1.2T S&S Ultimate Aut. 130",12490,11890.0,2019,123.141 km,130 CV,Automático,Gasolina,Delantera,188km/h,"4,48m","1,86m","1,61m",1.350kg,52l
https://www.clicars.com/coches-segunda-mano-ocasion/comprar-opel-mokka-mokka-x-1-4t-s-and-s-innovation-4x2-140-suv-y-4x4-manual-2019-129504,"Opel Mokka
        X 1.4T S&S Innovation 4x2",11790,11190.0,2019,72.192 km,140 CV,Manual,Gasolina,Delantera,196km/h,"4,27m","1,78m","1,66m",1.355kg,52l
https://www.clicars.com/coches-segunda-mano-ocasion/comprar-mg-zs-suv-zs-1-5-vti-tech-comfort-78kw-106-suv-y-4x4-manual-2022-122639,"MG ZS SUV
        1.5 VTi-Tech Comfort",12990,11790.0,2022,54.330 km,106 CV,Manual,Gasolina,Delantera,175km/h,"4,32m","1,81m","1,64m",,48l
https://www.clicars.com/coches-segunda-mano-ocasion/comprar-bmw-serie-1-118i-136-compacto-manual-2018-122793,"BMW Serie 1
        118i",15690,14890.0,2018,138.548 km,136 CV,Manual,Gasolina,Trasera,210km/h,"4,33m","1,77m","1,42m",1.300kg,52l
https://www.clicars.com/coches-segunda-mano-ocasion/comprar-peugeot-208-208-1-5-bluehdi-s-and-s-active-100-100-compacto-manual-2021-128337,"Peugeot 208
        1.5 BlueHDi S&S Active 100",10990,9990.0,2021,90.508 km,100 CV,Manual,Diésel,Delantera,188km/h,"4,06m","1,75m","1,43m",1.090kg,41l
https://www.clicars.com/coches-segunda-mano-ocasion/comprar-citroen-c4-c4-1-5-bluehdi-s-and-s-live-pack-110-110-compacto-manual-2021-128400,"Citroen C4
        1.5 BlueHDI S&S Live Pack 110",13490,12290.0,2021,52.834 km,110 CV,Manual,Diésel,Delantera,192km/h,"4,36m","1,83m","1,52m",1.399kg,60l
https://www.clicars.com/coches-segunda-mano-ocasion/comprar-jeep-compass-compass-1-6-mjt-s-fwd-130-suv-y-4x4-manual-2022-129234,"Jeep Compass
        1.6 Mjt S FWD",21990,19990.0,2022,58.019 km,130 CV,Manual,Diésel,Delantera,187km/h,"4,39m","1,87m","1,62m",1.615kg,55l
https://www.clicars.com/coches-segunda-mano-ocasion/comprar-renault-zoe-zoe-life-40-r110-flexi-80kw-110-compacto-automatico-2020-129403,"Renault Zoe
        Life 40 R110 Flexi",10990,10490.0,2020,103.393 km,110 CV,Automático,Eléctrico,Delantera,135km/h,"4,09m","1,79m","1,56m",1.502kg,
https://www.clicars.com/coches-segunda-mano-ocasion/comprar-mini-countryman-countryman-cooper-136-suv-y-4x4-automatico-2022-127856,"MINI Countryman
        COOPER",23990,21790.0,2022,32.566 km,136 CV,Automático,Gasolina,Delantera,205km/h,"4,30m","1,82m","1,56m",1.405kg,51l
https://www.clicars.com/coches-segunda-mano-ocasion/comprar-mini-countryman-countryman-cooper-se-all4-aut-125-suv-y-4x4-automatico-2021-129208,"MINI Countryman
        COOPER SE ALL4 AUT.",23990,21790.0,2021,46.274 km,220 CV,Automático,Híbrido enchufable,4x4,196km/h,"4,30m","1,82m","1,56m",1.715kg,36l
https://www.clicars.com/coches-segunda-mano-ocasion/comprar-hyundai-ioniq-ioniq-hev-1-6-gdi-klass-105-compacto-automatico-2019-128053,"Hyundai Ioniq
        HEV 1.6 GDI Klass",15990,14590.0,2020,98.423 km,141 CV,Automático,Híbrido,Delantera,185km/h,"4,47m","1,82m","1,45m",1.361kg,45l
https://www.clicars.com/coches-segunda-mano-ocasion/comprar-peugeot-2008-2008-1-2-puretech-s-and-s-allure-eat8-130-130-suv-y-4x4-automatico-2024-128825,"Peugeot 2008
        1.2 PureTech S&S Allure EAT8 130",18690,16990.0,2024,30.695 km,130 CV,Automático,Gasolina,Delantera,203km/h,"4,30m","1,82m","1,52m",1.205kg,44l
https://www.clicars.com/coches-segunda-mano-ocasion/comprar-peugeot-2008-2008-1-2-puretech-s-and-s-allure-pack-100-100-suv-y-4x4-manual-2023-129384,"Peugeot 2008
        1.2 PureTech S&S Allure Pack 100",15290,13890.0,2023,46.872 km,100 CV,Manual,Gasolina,Delantera,188km/h,"4,30m","1,77m","1,53m",1.192kg,44l
https://www.clicars.com/coches-segunda-mano-ocasion/comprar-ford-kuga-kuga-1-5-ecob-auto-s-and-s-titanium-4x2-150-150-suv-y-4x4-manual-2018-129623,"Ford Kuga
        1.5 EcoB. Auto S&S Titanium 4x2 150",12990,12990.0,2018,106.812 km,150 CV,Manual,Gasolina,Delantera,195km/h,"4,52m","1,84m","1,69m",1.579kg,60l
https://www.clicars.com/coches-segunda-mano-ocasion/comprar-peugeot-rifter-rifter-1-5bluehdi-s-and-s-standard-allure-100-100-furgoneta-manual-2025-129180,"Peugeot Rifter
        1.5BlueHDi S&S Standard Allure 100",20490,18590.0,2025,29.591 km,100 CV,Manual,Diésel,Delantera,172km/h,"4,40m","1,85m","1,88m",1.430kg,50l
https://www.clicars.com/coches-segunda-mano-ocasion/comprar-renault-arkana-arkana-1-6-e-tech-zen-105kw-94-suv-y-4x4-automatico-2022-128948,"Renault Arkana
        1.6 E-Tech Zen",21990,19990.0,2022,38.936 km,145 CV,Automático,Híbrido,Delantera,172km/h,"4,57m","1,82m","1,58m",,50l
https://www.clicars.com/coches-segunda-mano-ocasion/comprar-opel-mokka-mokka-x-1-4t-glp-innovation-4x2-140-suv-y-4x4-manual-2019-129418,"Opel Mokka
        X 1.4T GLP Innovation 4x2",11590,10990.0,2019,130.160 km,140 CV,Manual,Glp,Delantera,197km/h,"4,27m","1,78m","1,66m",1.355kg,52l
https://www.clicars.com/coches-segunda-mano-ocasion/comprar-audi-a1-a1-sportback-1-0-tfsi-adrenalin-95-compacto-manual-2018-126524,"Audi A1
        Sportback 1.0 TFSI Adrenalin",14690,13990.0,2018,67.580 km,95 CV,Manual,Gasolina,Delantera,186km/h,"3,97m","1,75m","1,42m",1.135kg,45l
https://www.clicars.com/coches-segunda-mano-ocasion/comprar-ford-kuga-kuga-1-5-ecoboost-st-line-fwd-150-150-suv-y-4x4-manual-2022-127291,"Ford Kuga
        1.5 EcoBoost ST-Line FWD 150",17490,15890.0,2022,87.045 km,150 CV,Manual,Gasolina,Delantera,195km/h,"4,61m","1,88m","1,68m",1.493kg,60l
https://www.clicars.com/coches-segunda-mano-ocasion/comprar-seat-arona-arona-1-0-tsi-s-and-s-fr-110-110-suv-y-4x4-manual-2022-129367,"SEAT Arona
        1.0 TSI S&S FR 110",16690,15190.0,2022,58.966 km,110 CV,Manual,Gasolina,Delantera,190km/h,"4,15m","1,78m","1,55m",1.215kg,40l
https://www.clicars.com/coches-segunda-mano-ocasion/comprar-renault-express-express-1-5-blue-dci-confort-55kw-75-furgoneta-manual-2022-126919,"Renault Express
        1.5 Blue dCi Confort",12990,11790.0,2022,74.454 km,75 CV,Manual,Diésel,Delantera,148km/h,"4,39m","1,78m","1,81m",1.304kg,50l
https://www.clicars.com/coches-segunda-mano-ocasion/comprar-kia-ceed-ceed-1-0-t-gdi-eco-dynamics-tech-120-120-compacto-manual-2019-129375,"Kia Ceed
        1.0 T-GDI Eco-Dynamics Tech 120",12490,11890.0,2019,124.682 km,120 CV,Manual,Gasolina,Delantera,190km/h,"4,31m","1,80m","1,45m",1.312kg,50l
https://www.clicars.com/coches-segunda-mano-ocasion/comprar-mini-countryman-countryman-cooper-136-suv-y-4x4-automatico-2021-128781,"MINI Countryman
        COOPER",22490,20490.0,2021,69.609 km,136 CV,Automático,Gasolina,Delantera,205km/h,"4,30m","1,82m","1,56m",1.405kg,51l
https://www.clicars.com/coches-segunda-mano-ocasion/comprar-nissan-x-trail-x-trail-1-5-e-power-acenta-e-4orce-4x4-7pl-158kw-158-suv-y-4x4-automatico-2025-128715,"Nissan X-Trail
        1.5 e-Power Acenta e-4orce 4x4 7pl.",31790,30290.0,2025,33.551 km,158 CV,Automático,Híbrido,4x4,180km/h,"4,68m","1,84m","1,70m",1.908kg,55l
https://www.clicars.com/coches-segunda-mano-ocasion/comprar-peugeot-3008-suv-3008-hybrid-136-gt-edcs6-136-suv-y-4x4-automatico-2025-128832,"Peugeot 3008 SUV
        Hybrid 136 GT eDCS6",29990,27290.0,2025,17.332 km,136 CV,Automático,Mild hybrid,Delantera,201km/h,"4,54m","1,90m","1,64m",1.573kg,55l
https://www.clicars.com/coches-segunda-mano-ocasion/comprar-peugeot-2008-2008-1-2-puretech-s-and-s-style-82-82-suv-y-4x4-manual-2018-129173,"Peugeot 2008
        1.2 PureTech S&S Style 82",9490,8990.0,2018,36.119 km,82 CV,Manual,Gasolina,Delantera,168km/h,"4,16m","1,74m","1,57m",1.120kg,50l
https://www.clicars.com/coches-segunda-mano-ocasion/comprar-mazda-cx-3-cx-3-1-8-skyactiv-d-zenith-2wd-85kw-115-suv-y-4x4-manual-2019-127031,"Mazda CX-3
        1.8 Skyactiv-D Zenith 2WD",15990,15190.0,2019,90.174 km,115 CV,Manual,Diésel,Delantera,177km/h,"4,28m","1,73m","1,54m",1.259kg,
https://www.clicars.com/coches-segunda-mano-ocasion/comprar-toyota-corolla-corolla-125h-business-98-compacto-manual-2022-128505,"Toyota Corolla
        125H Business",18490,16790.0,2022,46.114 km,122 CV,Manual,Híbrido,Delantera,180km/h,"4,37m","1,79m","1,44m",1.370kg,43l
https://www.clicars.com/coches-segunda-mano-ocasion/comprar-dacia-sandero-sandero-stepway-eco-g-comfort-74kw-100-compacto-manual-2021-129291,"Dacia Sandero
        Stepway ECO-G Comfort",13990,12690.0,2021,74.700 km,100 CV,Manual,Glp,Delantera,177km/h,"4,10m","1,85m","1,54m",1.154kg,50l
https://www.clicars.com/coches-segunda-mano-ocasion/comprar-peugeot-2008-2008-hybrid-136-allure-edcs6-136-suv-y-4x4-automatico-2025-127551,"Peugeot 2008
        Hybrid 136 Allure eDCS6",20890,18990.0,2025,14.242 km,136 CV,Automático,Mild hybrid,Delantera,206km/h,"4,30m","1,82m","1,52m",1.297kg,44l
https://www.clicars.com/coches-segunda-mano-ocasion/comprar-bmw-x3-x3-xdrive-20da-business-190-suv-y-4x4-automatico-2020-125669,"BMW X3
        xDrive 20dA Business",30690,29190.0,2020,66.993 km,190 CV,Automático,Diésel,4x4,213km/h,"4,71m","1,89m","1,68m",1.750kg,60l
https://www.clicars.com/coches-segunda-mano-ocasion/comprar-seat-toledo-toledo-1-0-ecotsi-s-and-s-xcellence-edition-110-110-compacto-manual-2018-129414,"SEAT Toledo
        1.0 EcoTSI S&S Xcellence Edition 110",11990,11390.0,2019,60.075 km,110 CV,Manual,Gasolina,Delantera,200km/h,"4,48m","1,71m","1,46m",1.190kg,55l
https://www.clicars.com/coches-segunda-mano-ocasion/comprar-bmw-serie-1-118ia-136-compacto-automatico-2022-127489,"BMW Serie 1
        118iA",20990,19090.0,2022,90.124 km,136 CV,Automático,Gasolina,Delantera,213km/h,"4,32m","1,80m","1,43m",1.320kg,42l
https://www.clicars.com/coches-segunda-mano-ocasion/comprar-mini-mini-mini-cooper-se-184-compacto-automatico-2020-128445,"MINI Mini
        Cooper SE",17990,17090.0,2020,23.661 km,184 CV,Automático,Eléctrico,Delantera,150km/h,"3,85m","1,73m","1,43m",1.365kg,
https://www.clicars.com/coches-segunda-mano-ocasion/comprar-seat-arona-arona-1-0-tsi-s-and-s-fr-dsg7-110-110-suv-y-4x4-automatico-2022-129576,"SEAT Arona
        1.0 TSI S&S FR DSG7 110",16690,15190.0,2022,66.080 km,110 CV,Automático,Gasolina,Delantera,190km/h,"4,15m","1,78m","1,55m",1.235kg,40l
https://www.clicars.com/coches-segunda-mano-ocasion/comprar-citroen-c3-c3-origin-1-2-puretech-s-and-s-plus-83-83-compacto-manual-2024-128327,"Citroen C3
        Origin 1.2 PureTech S&S Plus 83",11990,10890.0,2024,22.254 km,83 CV,Manual,Gasolina,Delantera,168km/h,"4,00m","1,75m","1,47m",1.055kg,42l
https://www.clicars.com/coches-segunda-mano-ocasion/comprar-peugeot-5008-suv-5008-hybrid-136-allure-edcs6-136-suv-y-4x4-automatico-2025-129091,"Peugeot 5008 SUV
        Hybrid 136 Allure eDCS6",27490,24990.0,2025,30.492 km,136 CV,Automático,Mild hybrid,Delantera,200km/h,"4,79m","1,90m","1,69m",1.705kg,67l
https://www.clicars.com/coches-segunda-mano-ocasion/comprar-alfa-romeo-tonale-tonale-1-3-gas-multi-air-phev-veloce-q4-180-suv-y-4x4-automatico-2022-128484,"Alfa Romeo Tonale
        1.3 gas Multi-air PHEV Veloce Q4",29990,27290.0,2023,24.430 km,280 CV,Automático,Híbrido enchufable,4x4,206km/h,"4,53m","1,84m","1,60m",1.835kg,42l
https://www.clicars.com/coches-segunda-mano-ocasion/comprar-seat-leon-leon-st-1-5-etsi-s-and-s-xcellence-dsg-7-150-150-familiar-automatico-2021-127738,"SEAT León
        ST 1.5 eTSI S&S Xcellence DSG-7 150",18690,16990.0,2021,84.033 km,150 CV,Automático,Mild hybrid,Delantera,221km/h,"4,64m","1,80m","1,45m",1.411kg,45l
https://www.clicars.com/coches-segunda-mano-ocasion/comprar-omoda-5-5-1-6-confort-145-145-suv-y-4x4-automatico-2024-129138,"Omoda 5
        1.6 Confort 145",21990,19990.0,2024,30.420 km,145 CV,Automático,Gasolina,Delantera,195km/h,"4,37m","1,82m","1,59m",1.530kg,51l
https://www.clicars.com/coches-segunda-mano-ocasion/comprar-mazda-mazda2-mazda2-1-5-skyactiv-g-zenith-66kw-90-compacto-manual-2019-129290,"Mazda Mazda2
        1.5 Skyactiv-g Zenith",12590,11990.0,2019,103.919 km,90 CV,Manual,Gasolina,Delantera,183km/h,"4,06m","1,70m","1,50m",975kg,44l
https://www.clicars.com/coches-segunda-mano-ocasion/comprar-peugeot-308-308-1-2-puretech-s-and-s-allure-eat8-130-130-compacto-automatico-2018-129431,"Peugeot 308
        1.2 PureTech S&S Allure EAT8 130",9990,9490.0,2018,97.001 km,130 CV,Automático,Gasolina,Delantera,205km/h,"4,25m","1,80m","1,47m",1.164kg,53l
https://www.clicars.com/coches-segunda-mano-ocasion/comprar-ford-fiesta-fiesta-1-25-trend-82-82-compacto-manual-2014-129029,"Ford Fiesta
        1.25 Trend 82",7990,7590.0,2014,23.127 km,82 CV,Manual,Gasolina,Delantera,168km/h,"3,97m","1,72m","1,47m",1.055kg,42l
https://www.clicars.com/coches-segunda-mano-ocasion/comprar-peugeot-2008-2008-hybrid-136-allure-edcs6-136-suv-y-4x4-automatico-2025-127545,"Peugeot 2008
        Hybrid 136 Allure eDCS6",19990,18190.0,2025,29.017 km,136 CV,Automático,Mild hybrid,Delantera,206km/h,"4,30m","1,82m","1,52m",1.297kg,44l
https://www.clicars.com/coches-segunda-mano-ocasion/comprar-skoda-octavia-octavia-combi-2-0tdi-rs-dsg-184-familiar-automatico-2016-128379,"Skoda Octavia
        Combi 2.0TDI RS DSG",13990,13290.0,2016,175.764 km,184 CV,Automático,Diésel,Delantera,228km/h,"4,69m","1,81m","1,45m",1.507kg,50l
https://www.clicars.com/coches-segunda-mano-ocasion/comprar-alfa-romeo-stelvio-stelvio-2-2-veloce-q4-210-aut-210-suv-y-4x4-automatico-2021-128615,"Alfa Romeo Stelvio
        2.2 Veloce Q4 210 Aut.",27490,24990.0,2021,41.368 km,210 CV,Automático,Diésel,4x4,215km/h,"4,69m","1,90m","1,63m",1.745kg,58l
https://www.clicars.com/coches-segunda-mano-ocasion/comprar-peugeot-5008-suv-5008-hybrid-136-allure-edcs6-136-suv-y-4x4-automatico-2025-127593,"Peugeot 5008 SUV
        Hybrid 136 Allure eDCS6",27490,24990.0,2025,34.641 km,136 CV,Automático,Mild hybrid,Delantera,200km/h,"4,79m","1,90m","1,69m",1.705kg,67l
https://www.clicars.com/coches-segunda-mano-ocasion/comprar-peugeot-boxer-boxer-furgon-2-2bluehdi-330-l1h1-pack-s-and-s-120-120-furgoneta-manual-2022-128233,"Peugeot Boxer
        Furgón 2.2BlueHDI 330 L1H1 Pack S&S 120",21290,19390.0,2022,42.608 km,120 CV,Manual,Diésel,Delantera,-km/h,"4,96m","2,05m","2,25m",1.875kg,90l
https://www.clicars.com/coches-segunda-mano-ocasion/comprar-peugeot-3008-suv-3008-1-5bluehdi-active-pack-s-and-s-130-130-suv-y-4x4-manual-2021-128429,"Peugeot 3008 SUV
        1.5BlueHDi Active Pack S&S 130",16490,14990.0,2021,106.123 km,130 CV,Manual,Diésel,Delantera,192km/h,"4,45m","1,84m","1,62m",,53l
https://www.clicars.com/coches-segunda-mano-ocasion/comprar-citroen-berlingo-berlingo-combi-bluehdi-s-and-s-talla-m-feel-business-100-100-furgoneta-manual-2021-128430,"Citroen Berlingo
        Combi BlueHDi S&S Talla M Feel Business 100",15290,13890.0,2021,65.698 km,100 CV,Manual,Diésel,Delantera,166km/h,"4,40m","1,85m","1,84m",1.551kg,60l
https://www.clicars.com/coches-segunda-mano-ocasion/comprar-toyota-corolla-corolla-touring-sports-180h-style-184-familiar-automatico-2022-124240,"Toyota Corolla
        Touring Sports 180H Style",22990,20890.0,2022,88.265 km,184 CV,Automático,Híbrido,Delantera,180km/h,"4,65m","1,79m","1,44m",1.445kg,43l
https://www.clicars.com/coches-segunda-mano-ocasion/comprar-renault-clio-clio-1-5dci-energy-zen-66kw-90-compacto-manual-2019-129003,"Renault Clio
        1.5dCi Energy Zen",10990,10490.0,2019,78.914 km,90 CV,Manual,Diésel,Delantera,168km/h,"4,06m","1,73m","1,45m",1.071kg,45l
https://www.clicars.com/coches-segunda-mano-ocasion/comprar-opel-crossland-crossland-1-5d-s-and-s-gs-110-110-suv-y-4x4-manual-2023-129489,"Opel Crossland
        1.5D S&S GS 110",15590,14190.0,2023,27.002 km,110 CV,Manual,Diésel,Delantera,178km/h,"4,21m","1,77m","1,61m",1.203kg,45l
https://www.clicars.com/coches-segunda-mano-ocasion/comprar-toyota-rav4-rav4-2-5-hybrid-awd-executive-152-suv-y-4x4-automatico-2016-128449,"Toyota Rav4
        2.5 hybrid AWD Executive",19490,18590.0,2016,126.199 km,197 CV,Automático,Híbrido,4x4,185km/h,"4,61m","1,85m","1,68m",1.765kg,56l
https://www.clicars.com/coches-segunda-mano-ocasion/comprar-renault-megane-megane-1-2-tce-energy-zen-97kw-130-compacto-manual-2016-127319,"Renault Mégane
        1.2 TCe Energy Zen",9990,9490.0,2016,128.241 km,130 CV,Manual,Gasolina,Delantera,197km/h,"4,36m","1,81m","1,44m",1.205kg,47l
https://www.clicars.com/coches-segunda-mano-ocasion/comprar-citroen-c5-aircross-c5-aircross-hybrid-plus-e-dcs6-136-136-suv-y-4x4-automatico-2025-127081,"Citroen C5 Aircross
        Hybrid Plus e-DCS6 136",21390,19490.0,2025,23.496 km,136 CV,Automático,Mild hybrid,Delantera,225km/h,"4,50m","1,97m","1,65m",,43l
https://www.clicars.com/coches-segunda-mano-ocasion/comprar-opel-corsa-corsa-e-gs-136-compacto-automatico-2022-128362,"Opel Corsa
        -e GS",18490,16790.0,2023,16.988 km,136 CV,Automático,Eléctrico,Delantera,150km/h,"4,06m","1,77m","1,44m",,
https://www.clicars.com/coches-segunda-mano-ocasion/comprar-renault-arkana-arkana-1-6-e-tech-techno-105kw-94-suv-y-4x4-manual-2023-128599,"Renault Arkana
        1.6 E-Tech Techno",20990,19090.0,2023,61.809 km,145 CV,Manual,Híbrido,Delantera,172km/h,"4,57m","1,82m","1,57m",,50l
https://www.clicars.com/coches-segunda-mano-ocasion/comprar-volkswagen-t-roc-t-roc-1-5-tsi-sport-150-suv-y-4x4-manual-2021-127491,"Volkswagen T-Roc
        1.5 TSI Sport",22490,20490.0,2021,48.960 km,150 CV,Manual,Gasolina,Delantera,205km/h,"4,23m","1,82m","1,57m",1.330kg,50l
https://www.clicars.com/coches-segunda-mano-ocasion/comprar-mazda-cx-5-cx-5-2-0-e-skyactiv-g-mhev-exclusive-line-2wd-121kw-165-suv-y-4x4-manual-2023-127817,"Mazda CX-5
        2.0 e-Skyactiv-G MHEV Exclusive-Line 2WD",26990,24590.0,2023,35.299 km,165 CV,Manual,Mild hybrid,Delantera,201km/h,"4,55m","1,84m","1,68m",1.518kg,56l
https://www.clicars.com/coches-segunda-mano-ocasion/comprar-volkswagen-id-5-id-5-pro-performance-150kw-77kwh-204-suv-y-4x4-automatico-2022-126515,"Volkswagen ID.5
        Pro Performance",29990,27290.0,2022,52.764 km,204 CV,Automático,Eléctrico,Trasera,160km/h,"4,60m","1,85m","1,61m",2.042kg,
https://www.clicars.com/coches-segunda-mano-ocasion/comprar-volkswagen-t-cross-t-cross-1-0-tsi-advance-81kw-110-suv-y-4x4-manual-2021-128960,"Volkswagen T-Cross
        1.0 TSI Advance",15990,14590.0,2021,67.046 km,110 CV,Manual,Gasolina,Delantera,189km/h,"4,11m","1,78m","1,56m",1.277kg,40l
https://www.clicars.com/coches-segunda-mano-ocasion/comprar-peugeot-208-208-1-5-bluehdi-s-and-s-gt-100-100-compacto-manual-2022-128277,"Peugeot 208
        1.5 BlueHDi S&S GT 100",15690,14290.0,2022,32.725 km,100 CV,Manual,Diésel,Delantera,188km/h,"4,06m","1,75m","1,43m",1.090kg,41l
https://www.clicars.com/coches-segunda-mano-ocasion/comprar-toyota-yaris-yaris-120h-1-5-business-plus-75-compacto-automatico-2024-128689,"Toyota Yaris
        120H 1.5 Business Plus",20490,18590.0,2024,12.769 km,116 CV,Automático,Híbrido,Delantera,175km/h,"3,94m","1,75m","1,50m",1.065kg,36l
https://www.clicars.com/coches-segunda-mano-ocasion/comprar-seat-arona-arona-1-6tdi-cr-s-and-s-style-95-95-suv-y-4x4-manual-2020-128600,"SEAT Arona
        1.6TDI CR S&S Style 95",14690,13390.0,2021,107.111 km,95 CV,Manual,Diésel,Delantera,178km/h,"4,14m","1,78m","1,55m",1.288kg,40l
https://www.clicars.com/coches-segunda-mano-ocasion/comprar-mazda-mazda6-mazda6-2-5-lux-plus-prem-black-plus-travel-plus-sr-navi-aut-192-berlina-automatico-2018-128592,"Mazda Mazda6
        2.5 Lux.+Prem.Black+Travel+SR(Navi) Aut.",18890,17990.0,2018,100.719 km,192 CV,Automático,Gasolina,Delantera,223km/h,"4,87m","1,84m","1,45m",1.365kg,62l
https://www.clicars.com/coches-segunda-mano-ocasion/comprar-bmw-serie-1-118ia-140-compacto-automatico-2021-129155,"BMW Serie 1
        118iA",23490,21390.0,2021,23.092 km,140 CV,Automático,Gasolina,Delantera,213km/h,"4,32m","1,80m","1,43m",1.320kg,42l
https://www.clicars.com/coches-segunda-mano-ocasion/comprar-peugeot-208-208-1-6bluehdi-s-and-s-gt-line-120-120-compacto-manual-2017-127833,"Peugeot 208
        1.6BlueHDi S&S GT Line 120",10490,9990.0,2017,74.437 km,120 CV,Manual,Diésel,Delantera,190km/h,"3,97m","1,74m","1,46m",1.200kg,50l
https://www.clicars.com/coches-segunda-mano-ocasion/comprar-citroen-c3-c3-1-2-puretech-s-and-s-feel-pack-83-83-compacto-manual-2020-128855,"Citroen C3
        1.2 PureTech S&S Feel Pack 83",9890,8990.0,2020,52.013 km,83 CV,Manual,Gasolina,Delantera,168km/h,"4,00m","1,75m","1,47m",1.055kg,42l
https://www.clicars.com/coches-segunda-mano-ocasion/comprar-citroen-c3-c3-origin-1-2-puretech-s-and-s-max-83-83-compacto-manual-2024-128820,"Citroen C3
        Origin 1.2 PureTech S&S Max 83",11990,10890.0,2024,22.831 km,83 CV,Manual,Gasolina,Delantera,168km/h,"4,00m","1,75m","1,47m",1.055kg,42l
https://www.clicars.com/coches-segunda-mano-ocasion/comprar-ford-fiesta-fiesta-1-0-ecoboost-s-s-trend-95-95-compacto-manual-2020-129005,"Ford Fiesta
        1.0 EcoBoost S/S Trend 95",10990,,2020,106.786 km,95 CV,Manual,Gasolina,Delantera,183km/h,"4,04m","1,74m","1,47m",1.091kg,42l
https://www.clicars.com/coches-segunda-mano-ocasion/comprar-nissan-juke-juke-1-0-dig-t-acenta-4x2-dct-7-114-114-suv-y-4x4-automatico-2021-128956,"Nissan Juke
        1.0 DIG-T Acenta 4x2 DCT 7 114",17490,15890.0,2021,40.968 km,114 CV,Automático,Gasolina,Delantera,180km/h,"4,21m","1,83m","1,60m",1.217kg,46l
https://www.clicars.com/coches-segunda-mano-ocasion/comprar-audi-a1-a1-sportback-30-tfsi-s-line-116-compacto-manual-2018-128424,"Audi A1
        Sportback 30 TFSI S line",14990,14290.0,2018,127.459 km,116 CV,Manual,Gasolina,Delantera,203km/h,"4,03m","1,74m","1,43m",1.180kg,40l
https://www.clicars.com/coches-segunda-mano-ocasion/comprar-renault-kadjar-kadjar-1-2-tce-energy-limited-97kw-130-suv-y-4x4-manual-2018-128539,"Renault Kadjar
        1.2 TCe Energy Limited",13990,13290.0,2018,55.436 km,130 CV,Manual,Gasolina,Delantera,192km/h,"4,45m","1,84m","1,61m",1.306kg,55l
https://www.clicars.com/coches-segunda-mano-ocasion/comprar-dacia-sandero-sandero-0-9-tce-glp-stepway-essential-66kw-90-compacto-manual-2018-128951,"Dacia Sandero
        0.9 TCE GLP Stepway Essential",10990,10490.0,2018,39.890 km,90 CV,Manual,Glp,Delantera,168km/h,"4,09m","1,76m","1,56m",1.040kg,50l
https://www.clicars.com/coches-segunda-mano-ocasion/comprar-ford-ka-ka-plus-1-19-ti-vct-ultimate-85-compacto-manual-2017-128485,"Ford Ka
        + 1.19 Ti-VCT Ultimate",7390,6990.0,2017,108.938 km,85 CV,Manual,Gasolina,Delantera,168km/h,"3,93m","1,70m","1,52m",1.055kg,42l
https://www.clicars.com/coches-segunda-mano-ocasion/comprar-ford-kuga-kuga-1-5-ecoboost-st-line-fwd-150-150-suv-y-4x4-manual-2022-127805,"Ford Kuga
        1.5 EcoBoost ST-Line FWD 150",16990,15490.0,2022,83.364 km,150 CV,Manual,Gasolina,Delantera,195km/h,"4,61m","1,88m","1,68m",1.493kg,60l
https://www.clicars.com/coches-segunda-mano-ocasion/comprar-volkswagen-id-4-id-4-pro-128kw-77kwh-174-suv-y-4x4-automatico-2022-126512,"Volkswagen ID.4
        Pro",27490,24990.0,2022,36.997 km,174 CV,Automático,Eléctrico,Trasera,160km/h,"4,58m","1,85m","1,61m",2.049kg,
https://www.clicars.com/coches-segunda-mano-ocasion/comprar-citroen-c5-aircross-c5-aircross-puretech-s-and-s-plus-130-130-suv-y-4x4-manual-2024-127997,"Citroen C5 Aircross
        PureTech S&S Plus 130",17290,15690.0,2024,18.440 km,130 CV,Manual,Gasolina,Delantera,195km/h,"4,50m","1,97m","1,65m",,53l
https://www.clicars.com/coches-segunda-mano-ocasion/comprar-jeep-renegade-renegade-1-3-phev-trailhawk-4x4-aut-177kw-179-suv-y-4x4-automatico-2022-129159,"Jeep Renegade
        1.3 PHEV Trailhawk 4x4 Aut.",22990,20890.0,2022,28.846 km,240 CV,Automático,Híbrido enchufable,4x4,199km/h,"4,24m","1,81m","1,68m",1.770kg,37l
https://www.clicars.com/coches-segunda-mano-ocasion/comprar-mini-countryman-countryman-cooper-se-all4-aut-125-suv-y-4x4-automatico-2021-128604,"MINI Countryman
        COOPER SE ALL4 AUT.",24490,22290.0,2021,31.406 km,220 CV,Automático,Híbrido enchufable,4x4,196km/h,"4,30m","1,82m","1,56m",1.715kg,36l
https://www.clicars.com/coches-segunda-mano-ocasion/comprar-ds-ds-7-crossback-ds-7-crossback-1-5bluehdi-so-chic-aut-130-suv-y-4x4-automatico-2019-126281,"DS DS 7 Crossback
        1.5BlueHDi So Chic Aut.",16990,16190.0,2019,95.455 km,130 CV,Automático,Diésel,Delantera,195km/h,"4,57m","1,90m","1,61m",1.428kg,55l
https://www.clicars.com/coches-segunda-mano-ocasion/comprar-opel-mokka-mokka-1-2t-s-and-s-gs-136-136-suv-y-4x4-manual-2025-128016,"Opel Mokka
        1.2T S&S GS 136",17490,15890.0,2025,19.535 km,136 CV,Manual,Gasolina,Delantera,208km/h,"4,15m","1,79m","1,54m",1.294kg,44l
https://www.clicars.com/coches-segunda-mano-ocasion/comprar-citroen-c4-c4-1-2-puretech-plus-s-and-s-130-aut-130-compacto-automatico-2025-126117,"Citroen C4
        1.2 PureTech Plus S&S 130 Aut.",17990,16390.0,2025,17.208 km,130 CV,Automático,Gasolina,Delantera,210km/h,"4,35m","1,83m","1,52m",1.322kg,50l
https://www.clicars.com/coches-segunda-mano-ocasion/comprar-fiat-scudo-scudo-furgon-1-5bluehdi-l1-business-100-100-furgoneta-manual-2022-127285,"Fiat Scudo
        Furgón 1.5BlueHDI L1 Business 100",16990,15490.0,2022,115.417 km,100 CV,Manual,Diésel,Delantera,-km/h,"4,61m","1,92m","1,91m",1.616kg,69l
https://www.clicars.com/coches-segunda-mano-ocasion/comprar-mg-marvel-r-marvel-r-comfort-rwd-70kwh-132kw-179-suv-y-4x4-automatico-2022-128906,"MG Marvel R
        Comfort RWD",20890,18990.0,2022,89.960 km,179 CV,Automático,Eléctrico,Trasera,200km/h,"4,67m","1,92m","1,61m",,
https://www.clicars.com/coches-segunda-mano-ocasion/comprar-ds-ds-7-crossback-ds-7-e-tense-performance-line-aut-4x2-225-suv-y-4x4-automatico-2024-124841,"DS DS 7 Crossback
        7 E-Tense Performance Line Aut. 4x2",27490,24990.0,2025,24.978 km,225 CV,Automático,Híbrido enchufable,Delantera,225km/h,"4,59m","1,91m",,,43l
https://www.clicars.com/coches-segunda-mano-ocasion/comprar-volkswagen-golf-golf-2-0tdi-85kw-115-compacto-manual-2021-128081,"Volkswagen Golf
        2.0TDI",18990,17290.0,2021,64.665 km,115 CV,Manual,Diésel,Delantera,202km/h,"4,28m","1,79m","1,46m",1.380kg,50l
https://www.clicars.com/coches-segunda-mano-ocasion/comprar-volkswagen-polo-polo-1-0-bmt-a-polo-55kw-75-compacto-manual-2017-128587,"Volkswagen Polo
        1.0 BMT A-Polo",9490,8990.0,2017,77.064 km,75 CV,Manual,Gasolina,Delantera,173km/h,"3,97m","1,68m","1,45m",1.055kg,45l
https://www.clicars.com/coches-segunda-mano-ocasion/comprar-opel-grandland-x-grandland-x-1-6cdti-s-and-s-excellence-120-120-suv-y-4x4-manual-2018-128370,"Opel Grandland X
        1.6CDTi S&S Excellence 120",12290,11690.0,2018,107.089 km,120 CV,Manual,Diésel,Delantera,189km/h,"4,48m","1,86m","1,61m",1.350kg,52l
https://www.clicars.com/coches-segunda-mano-ocasion/comprar-renault-captur-captur-tce-energy-zen-120-edc-120-suv-y-4x4-automatico-2017-128064,"Renault Captur
        TCe Energy Zen 120 EDC",11990,11390.0,2017,103.495 km,120 CV,Automático,Gasolina,Delantera,192km/h,"4,12m","1,78m","1,57m",1.180kg,45l
https://www.clicars.com/coches-segunda-mano-ocasion/comprar-ford-focus-focus-1-0-ecoboost-mhev-st-line-125-125-compacto-manual-2022-127802,"Ford Focus
        1.0 Ecoboost MHEV ST-Line 125",17490,15890.0,2022,32.829 km,125 CV,Manual,Gasolina,Delantera,200km/h,"4,38m","1,83m","1,46m",,52l
https://www.clicars.com/coches-segunda-mano-ocasion/comprar-opel-mokka-mokka-1-2t-s-and-s-gs-136-136-suv-y-4x4-manual-2025-128024,"Opel Mokka
        1.2T S&S GS 136",16490,14990.0,2025,23.610 km,136 CV,Manual,Gasolina,Delantera,208km/h,"4,15m","1,79m","1,54m",1.294kg,44l
https://www.clicars.com/coches-segunda-mano-ocasion/comprar-seat-arona-arona-1-0-tsi-s-and-s-fr-dsg7-110-110-suv-y-4x4-automatico-2022-128632,"SEAT Arona
        1.0 TSI S&S FR DSG7 110",17490,15890.0,2022,50.006 km,110 CV,Automático,Gasolina,Delantera,190km/h,"4,15m","1,78m","1,55m",1.235kg,40l
https://www.clicars.com/coches-segunda-mano-ocasion/comprar-omoda-5-5-1-6-premium-185-185-suv-y-4x4-automatico-2024-128196,"Omoda 5
        1.6 Premium 185",23490,21390.0,2024,14.473 km,185 CV,Automático,Gasolina,Delantera,206km/h,"4,42m","1,83m","1,59m",1.498kg,51l
https://www.clicars.com/coches-segunda-mano-ocasion/comprar-bmw-serie-2-218da-gran-coupe-150-coupe-automatico-2025-126176,"BMW Serie 2
        218dA Gran Coupé",31990,30490.0,2025,28.195 km,150 CV,Automático,Diésel,Delantera,226km/h,"4,55m","1,80m","1,45m",1.490kg,49l
https://www.clicars.com/coches-segunda-mano-ocasion/comprar-citroen-c3-c3-1-2-puretech-s-and-s-feel-83-82-compacto-manual-2018-128761,"Citroen C3
        1.2 PureTech S&S Feel 83",8290,7890.0,2018,81.365 km,82 CV,Manual,Gasolina,Delantera,168km/h,"4,00m","1,75m","1,47m",1.055kg,45l
https://www.clicars.com/coches-segunda-mano-ocasion/comprar-peugeot-5008-suv-5008-1-5bluehdi-s-and-s-gt-line-130-130-suv-y-4x4-manual-2020-128675,"Peugeot 5008 SUV
        1.5BlueHDi S&S GT Line 130",17890,16290.0,2020,117.996 km,130 CV,Manual,Diésel,Delantera,191km/h,"4,64m","1,84m","1,65m",1.430kg,56l
https://www.clicars.com/coches-segunda-mano-ocasion/comprar-mazda-cx-30-cx-30-2-0-skyactiv-g-zenith-2wd-90kw-122-suv-y-4x4-manual-2022-127709,"Mazda CX-30
        2.0 Skyactiv-G Zenith 2WD",19490,17690.0,2022,68.302 km,122 CV,Manual,Mild hybrid,Delantera,186km/h,"4,40m","1,80m","1,54m",1.320kg,51l
https://www.clicars.com/coches-segunda-mano-ocasion/comprar-peugeot-rifter-n1-rifter-1-5bluehdi-s-and-s-active-pack-business-standard-100-100-furgoneta-manual-2023-128109,"Peugeot Rifter N1
        1.5BlueHDI S&S Active Pack Business Standard 100",15990,14590.0,2023,82.724 km,100 CV,Manual,Diésel,Delantera,165km/h,"4,40m","1,85m","1,88m",1.486kg,50l
https://www.clicars.com/coches-segunda-mano-ocasion/comprar-seat-arona-arona-1-5-tsi-s-and-s-fr-dsg7-xm-150-150-suv-y-4x4-automatico-2024-128625,"SEAT Arona
        1.5 TSI S&S FR DSG7 XM 150",20690,18790.0,2024,43.820 km,150 CV,Automático,Gasolina,Delantera,210km/h,"4,15m","1,78m","1,55m",1.193kg,40l
https://www.clicars.com/coches-segunda-mano-ocasion/comprar-seat-leon-leon-1-6tdi-cr-s-and-s-reference-115-115-compacto-manual-2019-126525,"SEAT León
        1.6TDI CR S&S Reference 115",12490,11890.0,2020,138.108 km,115 CV,Manual,Diésel,Delantera,197km/h,"4,28m","1,82m","1,46m",1.331kg,50l
https://www.clicars.com/coches-segunda-mano-ocasion/comprar-citroen-c5-aircross-c5-aircross-puretech-s-and-s-c-series-eat8-130-130-suv-y-4x4-automatico-2021-125599,"Citroen C5 Aircross
        PureTech S&S C-Series EAT8 130",15990,14590.0,2021,61.506 km,130 CV,Automático,Gasolina,Delantera,188km/h,"4,50m","1,97m","1,65m",1.505kg,53l
https://www.clicars.com/coches-segunda-mano-ocasion/comprar-audi-e-tron-e-tron-55-quattro-advanced-408-suv-y-4x4-automatico-2022-127432,"Audi e-tron
        55 quattro Advanced",30490,28990.0,2022,39.204 km,408 CV,Automático,Eléctrico,4x4,200km/h,"4,90m","1,94m","1,63m",2.565kg,
https://www.clicars.com/coches-segunda-mano-ocasion/comprar-volkswagen-t-roc-t-roc-1-5-tsi-r-line-110-kw-150-suv-y-4x4-manual-2022-125886,"Volkswagen T-Roc
        1.5 TSI R-Line",24990,22690.0,2023,57.234 km,150 CV,Manual,Gasolina,Delantera,207km/h,"4,23m","1,82m","1,57m",1.345kg,50l
https://www.clicars.com/coches-segunda-mano-ocasion/comprar-peugeot-208-208-1-2-s-and-s-allure-110-110-compacto-manual-2017-128136,"Peugeot 208
        1.2 S&S Allure 110",9490,8990.0,2017,47.742 km,110 CV,Manual,Gasolina,Delantera,190km/h,"3,97m","1,74m","1,46m",1.145kg,50l
https://www.clicars.com/coches-segunda-mano-ocasion/comprar-fiat-tipo-tipo-1-4-pop-95-compacto-manual-2018-128520,"Fiat Tipo
        1.4 Pop",7990,7590.0,2018,136.489 km,95 CV,Manual,Gasolina,Delantera,182km/h,"4,37m","1,79m","1,50m",1.195kg,50l
https://www.clicars.com/coches-segunda-mano-ocasion/comprar-kia-xceed-xceed-1-6-phev-edrive-aut-105-suv-y-4x4-automatico-2021-127989,"Kia XCeed
        1.6 PHEV eDrive Aut.",16490,14990.0,2021,92.009 km,141 CV,Automático,Híbrido enchufable,Delantera,160km/h,"4,40m","1,83m","1,48m",1.594kg,37l
https://www.clicars.com/coches-segunda-mano-ocasion/comprar-toyota-auris-auris-hybrid-140h-active-99-compacto-automatico-2018-127784,"Toyota Auris
        hybrid 140H Active",13990,13290.0,2018,148.968 km,136 CV,Automático,Híbrido,Delantera,180km/h,"4,33m","1,76m","1,48m",1.310kg,45l
https://www.clicars.com/coches-segunda-mano-ocasion/comprar-volvo-xc40-xc40-t5-recharge-plus-dark-aut-179-suv-y-4x4-automatico-2022-127763,"Volvo XC40
        T5 Recharge Plus Dark Aut.",26290,23890.0,2022,80.600 km,262 CV,Automático,Híbrido enchufable,Delantera,205km/h,"4,44m","1,86m","1,65m",1.740kg,48l
https://www.clicars.com/coches-segunda-mano-ocasion/comprar-ford-c-max-c-max-1-0-ecoboost-auto-s-and-s-titanium-125-125-monovolumen-manual-2018-127730,"Ford C-Max
        1.0 Ecoboost Auto-S&S Titanium 125",10990,10490.0,2018,79.048 km,125 CV,Manual,Gasolina,Delantera,187km/h,"4,38m","1,83m","1,61m",1.316kg,55l
https://www.clicars.com/coches-segunda-mano-ocasion/comprar-fiat-ducato-ducato-fg-maxi-35-2-2mjt-l3-h2-panelado-140cv-140-furgoneta-manual-2023-127284,"Fiat Ducato
        Fg. Maxi 35 2.2Mjt L3 H2 Panelado",27990,25490.0,2023,25.343 km,140 CV,Manual,Diésel,Delantera,150km/h,"6,00m","2,05m","2,52m",1.975kg,90l
https://www.clicars.com/coches-segunda-mano-ocasion/comprar-jeep-avenger-avenger-bev-summit-115kw-54kwh-156-suv-y-4x4-automatico-2023-128276,"Jeep Avenger
        BEV Summit",23290,21190.0,2023,36.563 km,156 CV,Automático,Eléctrico,Delantera,150km/h,"4,08m","1,78m","1,53m",,
https://www.clicars.com/coches-segunda-mano-ocasion/comprar-audi-a5-a5-cabrio-2-0-tfsi-s-line-140kw-190-cabrio-manual-2018-128158,"Audi A5
        Cabrio 2.0 TFSI S Line",24990,23790.0,2018,75.903 km,190 CV,Manual,Gasolina,Delantera,239km/h,"4,67m","1,85m","1,38m",1.600kg,58l
https://www.clicars.com/coches-segunda-mano-ocasion/comprar-volkswagen-polo-polo-1-0-tsi-life-70kw-95-compacto-manual-2023-125762,"Volkswagen Polo
        1.0 TSI Life",14990,13590.0,2023,89.301 km,95 CV,Manual,Gasolina,Delantera,187km/h,"4,07m","1,75m","1,45m",1.145kg,40l
https://www.clicars.com/coches-segunda-mano-ocasion/comprar-fiat-ducato-ducato-fg-30-2-0mjt-lpegr-corto-85kw-115-furgoneta-manual-2019-123699,"Fiat Ducato
        Fg. 30 2.0Mjt LPEGR Corto",15990,15190.0,2019,112.852 km,115 CV,Manual,Diésel,Delantera,148km/h,"4,96m","2,05m","2,25m",1.845kg,90l
https://www.clicars.com/coches-segunda-mano-ocasion/comprar-volvo-xc40-xc40-recharge-single-core-aut-238-suv-y-4x4-automatico-2023-127430,"Volvo XC40
        Recharge Single Core Aut.",27290,24790.0,2023,60.954 km,238 CV,Automático,Eléctrico,Trasera,180km/h,"4,44m","1,86m","1,65m",1.959kg,
https://www.clicars.com/coches-segunda-mano-ocasion/comprar-opel-corsa-corsa-1-2-xel-s-s-edition-75-75-compacto-manual-2023-127810,"Opel Corsa
        1.2 XEL S/S Edition 75",10490,9490.0,2023,30.410 km,75 CV,Manual,Gasolina,Delantera,174km/h,"4,06m","1,77m","1,44m",1.055kg,40l
https://www.clicars.com/coches-segunda-mano-ocasion/comprar-peugeot-2008-2008-1-2-puretech-s-and-s-allure-pack-100-100-suv-y-4x4-manual-2021-128127,"Peugeot 2008
        1.2 PureTech S&S Allure Pack 100",12990,11790.0,2021,108.194 km,100 CV,Manual,Gasolina,Delantera,188km/h,"4,30m","1,77m","1,53m",1.192kg,44l
https://www.clicars.com/coches-segunda-mano-ocasion/comprar-renault-espace-espace-blue-dci-zen-edc-118kw-160-monovolumen-automatico-2020-126787,"Renault Espace
        Blue dCi Zen EDC",21490,19590.0,2020,117.846 km,160 CV,Automático,Diésel,Delantera,196km/h,"4,86m","1,89m","1,68m",1.770kg,62l
https://www.clicars.com/coches-segunda-mano-ocasion/comprar-skoda-fabia-fabia-1-0-mpi-ambition-55kw-75-compacto-manual-2017-127948,"Skoda Fabia
        1.0 MPI Ambition",8990,8590.0,2017,91.902 km,75 CV,Manual,Gasolina,Delantera,172km/h,"4,00m","1,73m","1,47m",1.055kg,45l
https://www.clicars.com/coches-segunda-mano-ocasion/comprar-citroen-c3-c3-1-2-puretech-s-and-s-shine-83-82-compacto-manual-2019-127778,"Citroen C3
        1.2 PureTech S&S Shine 83",8290,7890.0,2019,129.514 km,82 CV,Manual,Gasolina,Delantera,168km/h,"4,00m","1,75m","1,47m",1.055kg,45l
https://www.clicars.com/coches-segunda-mano-ocasion/comprar-suzuki-ignis-ignis-1-2-mild-hybrid-glx-83-suv-y-4x4-manual-2022-127190,"Suzuki Ignis
        1.2 Mild Hybrid GLX",13490,12290.0,2022,45.579 km,83 CV,Manual,Mild hybrid,Delantera,165km/h,"3,70m","1,69m","1,61m",860kg,32l
https://www.clicars.com/coches-segunda-mano-ocasion/comprar-bmw-x4-x4-xdrive-20ia-xline-m-sport-184-suv-y-4x4-automatico-2024-127984,"BMW X4
        xDrive 20iA xLine M Sport",52490,49990.0,2024,13.002 km,184 CV,Automático,Mild hybrid,4x4,215km/h,"4,75m","1,92m","1,62m",1.800kg,65l
https://www.clicars.com/coches-segunda-mano-ocasion/comprar-peugeot-208-208-1-2-style-82-82-compacto-manual-2017-127376,"Peugeot 208
        1.2 Style 82",7390,6990.0,2017,103.787 km,82 CV,Manual,Gasolina,Delantera,175km/h,"3,97m","1,74m","1,46m",1.040kg,50l
https://www.clicars.com/coches-segunda-mano-ocasion/comprar-opel-corsa-corsa-1-2-xel-s-s-edition-75-75-compacto-manual-2020-126306,"Opel Corsa
        1.2 XEL S/S Edition 75",9290,8490.0,2021,66.040 km,75 CV,Manual,Gasolina,Delantera,174km/h,"4,06m","1,77m","1,44m",1.055kg,40l
https://www.clicars.com/coches-segunda-mano-ocasion/comprar-nissan-micra-micra-1-0-g-visia-plus-70-70-compacto-manual-2019-127871,"Nissan Micra
        1.0 G Visia+ 70",10690,10190.0,2019,48.631 km,70 CV,Manual,Gasolina,Delantera,158km/h,"4,00m","1,74m","1,46m",1.052kg,41l
https://www.clicars.com/coches-segunda-mano-ocasion/comprar-hyundai-kona-kona-1-0-tgdi-maxx-4x2-120-suv-y-4x4-manual-2021-128071,"Hyundai Kona
        1.0 TGDI Maxx 4x2",15390,13990.0,2021,71.854 km,120 CV,Manual,Gasolina,Delantera,181km/h,"4,21m","1,80m","1,57m",1.237kg,50l
https://www.clicars.com/coches-segunda-mano-ocasion/comprar-mini-mini-mini-cooper-se-184-compacto-automatico-2022-127900,"MINI Mini
        Cooper SE",18990,17290.0,2022,26.363 km,184 CV,Automático,Eléctrico,Delantera,150km/h,"3,85m","1,73m","1,43m",1.365kg,
https://www.clicars.com/coches-segunda-mano-ocasion/comprar-volkswagen-golf-golf-1-0-tsi-edition-85kw-115-compacto-manual-2019-126528,"Volkswagen Golf
        1.0 TSI Edition",12990,11790.0,2020,143.910 km,115 CV,Manual,Gasolina,Delantera,196km/h,"4,26m","1,79m","1,49m",1.216kg,50l
https://www.clicars.com/coches-segunda-mano-ocasion/comprar-toyota-aygo-x-cross-aygo-x-cross-play-72-suv-y-4x4-manual-2022-127255,"Toyota Aygo X Cross
        Play",13790,12490.0,2022,32.828 km,72 CV,Manual,Gasolina,Delantera,160km/h,"3,70m","1,74m","1,51m",,35l
https://www.clicars.com/coches-segunda-mano-ocasion/comprar-renault-clio-clio-tce-energy-glp-business-66kw-90-compacto-manual-2018-126708,"Renault Clio
        TCe Energy GLP Business",10590,10090.0,2018,47.070 km,90 CV,Manual,Glp,Delantera,167km/h,"4,06m","1,73m","1,45m",1.082kg,45l
https://www.clicars.com/coches-segunda-mano-ocasion/comprar-citroen-c3-c3-1-2-puretech-s-and-s-c-series-83-83-compacto-manual-2023-127281,"Citroen C3
        1.2 PureTech S&S C-Series 83",11390,10390.0,2023,24.749 km,83 CV,Manual,Gasolina,Delantera,168km/h,"4,00m","1,75m","1,47m",1.055kg,42l
https://www.clicars.com/coches-segunda-mano-ocasion/comprar-opel-corsa-corsa-1-2-xel-s-s-edition-75-75-compacto-manual-2023-127294,"Opel Corsa
        1.2 XEL S/S Edition 75",10690,9690.0,2023,30.339 km,75 CV,Manual,Gasolina,Delantera,174km/h,"4,06m","1,77m","1,44m",1.055kg,40l
https://www.clicars.com/coches-segunda-mano-ocasion/comprar-peugeot-108-108-top-1-2-puretech-allure-82-compacto-manual-2014-127210,"Peugeot 108
        Top! 1.2 PureTech Allure",6990,6690.0,2014,44.056 km,82 CV,Manual,Gasolina,Delantera,170km/h,"3,48m","1,62m","1,46m",865kg,35l
https://www.clicars.com/coches-segunda-mano-ocasion/comprar-seat-alhambra-alhambra-1-4-tsi-s-and-s-xcellence-dsg-7-plazas-150-furgoneta-automatico-2022-125384,"SEAT Alhambra
        1.4 TSI S&S Xcellence DSG 7 plazas",20490,18590.0,2022,142.356 km,150 CV,Automático,Gasolina,Delantera,198km/h,"4,85m","1,90m","1,72m",1.827kg,73l
https://www.clicars.com/coches-segunda-mano-ocasion/comprar-peugeot-3008-suv-3008-hyb-phev-300-gt-awd-e-eat8-300-suv-y-4x4-automatico-2022-126817,"Peugeot 3008 SUV
        HYB PHEV 300 GT AWD e-EAT8",18290,16590.0,2022,105.895 km,300 CV,Automático,Híbrido enchufable,4x4,235km/h,"4,45m","1,84m","1,62m",,53l
https://www.clicars.com/coches-segunda-mano-ocasion/comprar-volvo-xc40-xc40-p8-recharge-core-electrico-puro-231-suv-y-4x4-automatico-2022-127400,"Volvo XC40
        P8 Recharge Core Eléctrico Puro",23490,21390.0,2022,74.807 km,231 CV,Automático,Eléctrico,Delantera,-km/h,"4,44m","1,86m","1,65m",1.955kg,
https://www.clicars.com/coches-segunda-mano-ocasion/comprar-skoda-fabia-fabia-1-0-mpi-ambition-44kw-60-compacto-manual-2015-123818,"Skoda Fabia
        1.0 MPI Ambition",6990,6690.0,2015,130.865 km,60 CV,Manual,Gasolina,Delantera,160km/h,"4,00m","1,73m","1,47m",1.055kg,45l
https://www.clicars.com/coches-segunda-mano-ocasion/comprar-mercedes-clase-glb-glb-200d-8g-dct-150-suv-y-4x4-automatico-2020-126642,"Mercedes Clase GLB
        GLB 200d 8G-DCT",30990,29490.0,2021,73.442 km,150 CV,Automático,Diésel,Delantera,204km/h,"4,63m","1,83m","1,66m",1.700kg,52l
https://www.clicars.com/coches-segunda-mano-ocasion/comprar-ford-focus-focus-sportbreak-1-0-ecoboost-titanium-125-familiar-manual-2019-127184,"Ford Focus
        Sportbreak 1.0 Ecoboost Titanium",10990,10490.0,2019,107.434 km,125 CV,Manual,Gasolina,Delantera,-km/h,"4,67m","1,83m","1,47m",1.241kg,52l
https://www.clicars.com/coches-segunda-mano-ocasion/comprar-peugeot-208-208-1-2-s-and-s-active-82-82-compacto-manual-2015-127724,"Peugeot 208
        1.2 S&S Active 82",7690,7290.0,2015,72.149 km,82 CV,Manual,Gasolina,Delantera,175km/h,"3,97m","1,74m","1,46m",1.050kg,45l
https://www.clicars.com/coches-segunda-mano-ocasion/comprar-nissan-nv300-nv300-furgon-2-0dci-l1h1-1t-optima-120-120-furgoneta-manual-2021-124311,"Nissan NV300
        Furgón 2.0dCi L1H1 1T Optima 120",19990,18190.0,2021,31.740 km,120 CV,Manual,Diésel,Delantera,165km/h,"5,00m","1,96m","1,97m",1.725kg,80l
https://www.clicars.com/coches-segunda-mano-ocasion/comprar-ford-fiesta-fiesta-1-0-ecoboost-s-s-trend-100-100-compacto-manual-2019-125396,"Ford Fiesta
        1.0 EcoBoost S/S Trend 100",11990,11390.0,2019,68.392 km,100 CV,Manual,Gasolina,Delantera,183km/h,"4,04m","1,74m","1,47m",1.091kg,42l
https://www.clicars.com/coches-segunda-mano-ocasion/comprar-nissan-micra-micra-ig-t-acenta-sprint-92-92-compacto-manual-2023-126050,"Nissan Micra
        IG-T Acenta Sprint 92",13490,12290.0,2023,28.930 km,92 CV,Manual,Gasolina,Delantera,178km/h,"4,00m","1,94m","1,46m",1.076kg,41l
https://www.clicars.com/coches-segunda-mano-ocasion/comprar-seat-leon-leon-1-4-tsi-e-hybrid-s-and-s-xcellence-dsg-6-204-205-compacto-automatico-2021-126344,"SEAT León
        1.4 TSI e-Hybrid S&S Xcellence DSG-6 204",19590,17790.0,2021,51.721 km,205 CV,Automático,Híbrido enchufable,Delantera,220km/h,"4,37m","1,80m","1,46m",1.614kg,40l
https://www.clicars.com/coches-segunda-mano-ocasion/comprar-kia-stonic-stonic-1-2-dpi-drive-84-suv-y-4x4-manual-2023-126685,"Kia Stonic
        1.2 DPi Drive",13690,12490.0,2023,89.339 km,84 CV,Manual,Gasolina,Delantera,165km/h,"4,14m","1,76m","1,50m",1.080kg,45l
https://www.clicars.com/coches-segunda-mano-ocasion/comprar-citroen-jumper-jumper-fg-2-2bluehdi-35-l2h2-s-and-s-140-140-furgoneta-manual-2021-125933,"Citroen Jumper
        Fg. 2.2BlueHDi 35 L2H2 S&S 140",21990,19990.0,2021,59.081 km,140 CV,Manual,Diésel,Delantera,-km/h,"5,41m","2,05m","2,52m",1.910kg,90l
https://www.clicars.com/coches-segunda-mano-ocasion/comprar-seat-arona-arona-1-0-tgi-s-and-s-fr-90-90-suv-y-4x4-manual-2021-126675,"SEAT Arona
        1.0 TGI S&S FR 90",12690,11490.0,2021,83.839 km,90 CV,Manual,Gnc,Delantera,178km/h,"4,15m","1,78m","1,55m",1.308kg,9l
https://www.clicars.com/coches-segunda-mano-ocasion/comprar-peugeot-508-508-1-5bluehdi-s-and-s-allure-pack-eat8-130-130-berlina-automatico-2022-126580,"Peugeot 508
        1.5BlueHDi S&S Allure Pack EAT8 130",19490,17690.0,2022,19.596 km,130 CV,Automático,Diésel,Delantera,208km/h,"4,75m","1,86m","1,41m",1.420kg,45l
https://www.clicars.com/coches-segunda-mano-ocasion/comprar-seat-arona-arona-1-0-tsi-s-and-s-style-xm-110-110-suv-y-4x4-manual-2022-125521,"SEAT Arona
        1.0 TSI S&S Style XM 110",15190,13790.0,2022,55.327 km,110 CV,Manual,Gasolina,Delantera,190km/h,"4,15m","1,78m","1,55m",1.215kg,40l
https://www.clicars.com/coches-segunda-mano-ocasion/comprar-bmw-x1-x1-xdrive-20da-163-suv-y-4x4-automatico-2023-126233,"BMW X1
        xDrive 20dA",31490,29990.0,2023,105.345 km,163 CV,Automático,Mild hybrid,4x4,210km/h,"4,50m","1,85m","1,64m",1.690kg,54l
https://www.clicars.com/coches-segunda-mano-ocasion/comprar-skoda-octavia-octavia-combi-2-0tdi-scout-110kw-dsg-4x4-150-familiar-automatico-2023-127413,"Skoda Octavia
        Combi 2.0TDI Scout DSG 4x4",28990,26390.0,2023,29.095 km,150 CV,Automático,Diésel,4x4,218km/h,"4,70m","1,83m","1,51m",1.608kg,55l
https://www.clicars.com/coches-segunda-mano-ocasion/comprar-opel-combo-combo-life-1-5td-s-s-edition-plus-l-100-100-monovolumen-manual-2024-124522,"Opel Combo
        Life 1.5TD S/S Edition Plus L 100",15990,14590.0,2023,102.394 km,100 CV,Manual,Diésel,Delantera,175km/h,"4,40m","1,85m","1,80m",1.473kg,50l
https://www.clicars.com/coches-segunda-mano-ocasion/comprar-volkswagen-sharan-sharan-2-0tdi-edition-dsg-110kw-150-monovolumen-automatico-2018-125981,"Volkswagen Sharan
        2.0TDI Edition DSG",22990,21890.0,2018,104.237 km,150 CV,Automático,Diésel,Delantera,198km/h,"4,85m","1,90m","1,72m",1.855kg,70l
https://www.clicars.com/coches-segunda-mano-ocasion/comprar-opel-corsa-corsa-1-2t-xhl-s-s-gs-100-100-compacto-manual-2025-121682,"Opel Corsa
        1.2T XHL S/S GS 100",14790,13490.0,2025,14.945 km,100 CV,Manual,Gasolina,Delantera,194km/h,"4,06m","1,77m","1,43m",1.180kg,44l
https://www.clicars.com/coches-segunda-mano-ocasion/comprar-renault-scenic-scenic-1-3-tce-gpf-zen-103kw-140-monovolumen-manual-2020-126934,"Renault Scénic
        1.3 TCe GPF Zen",17490,16690.0,2020,40.067 km,140 CV,Manual,Gasolina,Delantera,196km/h,"4,41m","1,87m","1,65m",1.529kg,52l
https://www.clicars.com/coches-segunda-mano-ocasion/comprar-porsche-cayenne-cayenne-e-hybrid-coupe-aut-462-suv-y-4x4-automatico-2020-123823,"Porsche Cayenne
        E-Hybrid Coupé Aut.",67990,64790.0,2020,95.376 km,462 CV,Automático,Híbrido enchufable,4x4,253km/h,"4,93m","1,98m","1,68m",2.360kg,75l
https://www.clicars.com/coches-segunda-mano-ocasion/comprar-seat-ibiza-ibiza-1-2-tsi-style-90-compacto-manual-2017-126260,"SEAT Ibiza
        1.2 TSI Style",8390,7990.0,2017,141.442 km,90 CV,Manual,Gasolina,Delantera,184km/h,"4,06m","1,69m","1,45m",1.089kg,45l
https://www.clicars.com/coches-segunda-mano-ocasion/comprar-ford-kuga-kuga-1-5-ecoboost-st-line-fwd-150-150-suv-y-4x4-manual-2022-125013,"Ford Kuga
        1.5 EcoBoost ST-Line FWD 150",18990,17290.0,2022,54.058 km,150 CV,Manual,Gasolina,Delantera,195km/h,"4,61m","1,88m","1,68m",1.493kg,60l
https://www.clicars.com/coches-segunda-mano-ocasion/comprar-renault-zoe-zoe-zen-50-r135-100kw-135-compacto-automatico-2021-124546,"Renault Zoe
        Zen 50 R135",15290,13890.0,2021,32.525 km,135 CV,Automático,Eléctrico,Delantera,140km/h,"4,08m","1,79m","1,56m",1.502kg,
https://www.clicars.com/coches-segunda-mano-ocasion/comprar-peugeot-3008-suv-3008-hyb-phev-300-gt-awd-e-eat8-300-suv-y-4x4-automatico-2022-125743,"Peugeot 3008 SUV
        HYB PHEV 300 GT AWD e-EAT8",17990,16390.0,2022,111.250 km,300 CV,Automático,Híbrido enchufable,4x4,235km/h,"4,45m","1,84m","1,62m",,53l
https://www.clicars.com/coches-segunda-mano-ocasion/comprar-mazda-mx-30-mx-30-e-skyactiv-advantage-modern-confidence-105kw-145-suv-y-4x4-automatico-2023-126825,"Mazda MX-30
        e-Skyactiv Advantage Modern Confidence",18490,16790.0,2023,37.058 km,145 CV,Automático,Eléctrico,Delantera,140km/h,"4,40m","1,80m","1,56m",1.720kg,
https://www.clicars.com/coches-segunda-mano-ocasion/comprar-seat-ateca-ateca-1-5-ecotsi-s-and-s-xcellence-dsg-150-suv-y-4x4-automatico-2019-126389,"SEAT Ateca
        1.5 EcoTSI S&S Xcellence DSG",18390,17490.0,2019,111.636 km,150 CV,Automático,Gasolina,Delantera,198km/h,"4,36m","1,84m","1,60m",1.370kg,50l
https://www.clicars.com/coches-segunda-mano-ocasion/comprar-dacia-duster-duster-1-5-blue-dci-comfort-4x4-85kw-115-suv-y-4x4-manual-2022-125935,"Dacia Duster
        1.5 Blue dCi Comfort 4x4",16490,14990.0,2022,98.301 km,115 CV,Manual,Diésel,4x4,175km/h,"4,34m","1,80m","1,68m",1.480kg,50l
https://www.clicars.com/coches-segunda-mano-ocasion/comprar-renault-scenic-scenic-1-3-tce-gpf-zen-s-and-s-103kw-140-monovolumen-manual-2018-125990,"Renault Scénic
        1.3 TCe GPF Zen S&S",13490,12790.0,2018,83.117 km,140 CV,Manual,Gasolina,Delantera,193km/h,"4,41m","1,87m","1,65m",1.430kg,52l
https://www.clicars.com/coches-segunda-mano-ocasion/comprar-tesla-model-y-model-y-rwd-255-suv-y-4x4-automatico-2023-126812,"Tesla Model Y
        RWD",33990,32390.0,2023,29.089 km,255 CV,Automático,Eléctrico,Trasera,217km/h,"4,75m","1,92m","1,62m",1.909kg,
https://www.clicars.com/coches-segunda-mano-ocasion/comprar-ford-ranger-ranger-3-2tdci-s-and-s-dcb-wildtrak-4x4-200-200-suv-y-4x4-manual-2018-125484,"Ford Ranger
        3.2TDCI S&S DCb. Wildtrak 4x4 200",29390,27990.0,2018,122.987 km,200 CV,Manual,Diésel,4x4,175km/h,"5,36m","1,86m","1,82m",1.969kg,80l
https://www.clicars.com/coches-segunda-mano-ocasion/comprar-ds-ds-7-crossback-ds-7-e-tense-performance-line-aut-4x2-225-suv-y-4x4-automatico-2024-126093,"DS DS 7 Crossback
        7 E-Tense Performance Line Aut. 4x2",27290,24790.0,2025,24.271 km,225 CV,Automático,Híbrido enchufable,Delantera,225km/h,"4,59m","1,91m",,,43l
https://www.clicars.com/coches-segunda-mano-ocasion/comprar-skoda-fabia-fabia-1-0-mpi-ambition-59kw-80-compacto-manual-2022-125467,"Skoda Fabia
        1.0 MPI Ambition",11990,10890.0,2022,65.948 km,80 CV,Manual,Gasolina,Delantera,172km/h,"4,11m","1,78m","1,46m",,40l
https://www.clicars.com/coches-segunda-mano-ocasion/comprar-mercedes-citan-n1-citan-tourer-110cdi-largo-base-95-furgoneta-manual-2022-126691,"Mercedes Citan N1
        Tourer 110CDI Largo Base",20790,18890.0,2022,38.166 km,95 CV,Manual,Diésel,Delantera,164km/h,,"1,92m","1,81m",1.271kg,54l
https://www.clicars.com/coches-segunda-mano-ocasion/comprar-nissan-juke-juke-1-6-hybrid-n-connecta-auto-105kw-143-suv-y-4x4-automatico-2024-125619,"Nissan Juke
        1.6 Hybrid N-Connecta Auto",21590,19590.0,2024,20.913 km,143 CV,Automático,Híbrido,Delantera,166km/h,"4,21m","1,83m","1,60m",,46l
https://www.clicars.com/coches-segunda-mano-ocasion/comprar-volkswagen-taigo-taigo-1-0-tsi-life-81kw-110-suv-y-4x4-manual-2023-125883,"Volkswagen Taigo
        1.0 TSI Life",18990,17290.0,2024,57.320 km,110 CV,Manual,Gasolina,Delantera,191km/h,"4,27m","1,76m","1,52m",1.270kg,40l
https://www.clicars.com/coches-segunda-mano-ocasion/comprar-bmw-serie-4-420da-gran-coupe-190-berlina-automatico-2015-125822,"BMW Serie 4
        420dA Gran Coupé",15790,14990.0,2015,182.162 km,190 CV,Automático,Diésel,Trasera,231km/h,"4,64m","1,83m","1,39m",1.540kg,57l
https://www.clicars.com/coches-segunda-mano-ocasion/comprar-volkswagen-golf-golf-2-0tdi-life-85kw-115-compacto-manual-2022-124624,"Volkswagen Golf
        2.0TDI Life",22990,20890.0,2023,36.167 km,115 CV,Manual,Diésel,Delantera,202km/h,"4,28m","1,79m","1,46m",1.380kg,50l
https://www.clicars.com/coches-segunda-mano-ocasion/comprar-renault-clio-clio-e-tech-hibrido-intens-103kw-140-compacto-automatico-2021-126327,"Renault Clio
        E-TECH Híbrido Intens",13990,12690.0,2021,78.457 km,140 CV,Automático,Híbrido,Delantera,186km/h,"4,05m","1,80m","1,44m",1.758kg,39l
https://www.clicars.com/coches-segunda-mano-ocasion/comprar-mg-hs-ehs-1-5-t-gdi-luxury-339-suv-y-4x4-automatico-2025-123813,"MG HS
        eHS 1.5 T-GDI Luxury",27990,25490.0,2025,21.822 km,339 CV,Automático,Híbrido enchufable,Delantera,200km/h,"4,67m","1,89m","1,66m",1.855kg,55l
https://www.clicars.com/coches-segunda-mano-ocasion/comprar-citroen-berlingo-m1-berlingo-bluehdi-s-and-s-talla-m-live-pack-100-100-monovolumen-manual-2021-126167,"Citroen Berlingo M1
        BlueHDi S&S Talla M Live Pack 100",15990,14590.0,2022,79.505 km,100 CV,Manual,Diésel,Delantera,152km/h,"4,40m","1,85m","1,84m",1.635kg,
https://www.clicars.com/coches-segunda-mano-ocasion/comprar-ford-tourneo-connect-tourneo-connect-1-5tdci-auto-s-and-s-trend-120-120-monovolumen-manual-2019-126358,"Ford Tourneo Connect
        1.5TDCi Auto-S&S Trend 120",13990,13290.0,2019,148.491 km,120 CV,Manual,Diésel,Delantera,171km/h,"4,43m","1,84m","1,82m",1.643kg,60l
https://www.clicars.com/coches-segunda-mano-ocasion/comprar-mercedes-citan-n1-citan-tourer-109cdi-select-90-furgoneta-manual-2017-124572,"Mercedes Citan N1
        Tourer 109CDI Select",13990,13290.0,2017,132.735 km,90 CV,Manual,Diésel,Delantera,-km/h,"4,32m","1,83m","1,81m",1.365kg,60l
https://www.clicars.com/coches-segunda-mano-ocasion/comprar-citroen-c3-c3-1-5bluehdi-s-and-s-feel-pack-100-100-compacto-manual-2022-125931,"Citroen C3
        1.5BlueHDi S&S Feel Pack 100",11990,10890.0,2022,70.965 km,100 CV,Manual,Diésel,Delantera,185km/h,"4,00m","1,75m","1,47m",1.165kg,42l
https://www.clicars.com/coches-segunda-mano-ocasion/comprar-volvo-xc60-xc60-d3-kinetic-150-150-suv-y-4x4-manual-2017-125804,"Volvo XC60
        D3 Kinetic 150",16990,16190.0,2017,135.327 km,150 CV,Manual,Diésel,Delantera,190km/h,"4,64m","1,89m","1,71m",1.702kg,70l
https://www.clicars.com/coches-segunda-mano-ocasion/comprar-volvo-xc40-xc40-recharge-single-core-aut-238-suv-y-4x4-automatico-2023-125602,"Volvo XC40
        Recharge Single Core Aut.",26390,23990.0,2023,51.381 km,238 CV,Automático,Eléctrico,Trasera,180km/h,"4,44m","1,86m","1,65m",1.959kg,
https://www.clicars.com/coches-segunda-mano-ocasion/comprar-mitsubishi-asx-asx-160-mpi-motion-117-suv-y-4x4-manual-2019-125926,"Mitsubishi ASX
        160 MPI Motion",14990,14290.0,2019,79.290 km,117 CV,Manual,Gasolina,Delantera,183km/h,"4,37m","1,81m","1,64m",1.285kg,63l
https://www.clicars.com/coches-segunda-mano-ocasion/comprar-peugeot-rifter-rifter-1-5bluehdi-s-and-s-standard-allure-eat8-130-131-monovolumen-automatico-2019-124932,"Peugeot Rifter
        1.5BlueHDi S&S Standard Allure EAT8 130",16990,16190.0,2019,118.884 km,131 CV,Automático,Diésel,Delantera,176km/h,"4,40m","1,91m","1,87m",1.374kg,
https://www.clicars.com/coches-segunda-mano-ocasion/comprar-fiat-fiorino-fiorino-combi-1-3mjt-base-5pl-75-75-furgoneta-manual-2015-123085,"Fiat Fiorino
        Combi 1.3Mjt Base 5pl. 75",7490,7090.0,2015,137.330 km,75 CV,Manual,Diésel,Delantera,157km/h,"3,86m","1,72m","1,72m",1.165kg,45l
https://www.clicars.com/coches-segunda-mano-ocasion/comprar-peugeot-408-408-hybrid-136-allure-e-dcs6-136-compacto-automatico-2025-125547,"Peugeot 408
        Hybrid 136 Allure e-DCS6",23990,21790.0,2025,22.930 km,136 CV,Automático,Mild hybrid,Delantera,205km/h,"4,69m","1,85m","1,48m",1.469kg,52l
https://www.clicars.com/coches-segunda-mano-ocasion/comprar-opel-corsa-corsa-1-2-xel-s-s-edition-75-75-compacto-manual-2021-125340,"Opel Corsa
        1.2 XEL S/S Edition 75",9990,9090.0,2021,60.480 km,75 CV,Manual,Gasolina,Delantera,174km/h,"4,06m","1,77m","1,44m",1.055kg,40l
https://www.clicars.com/coches-segunda-mano-ocasion/comprar-nissan-qashqai-qashqai-1-3-dig-t-mhev-12v-n-connecta-4x2-aut-117kw-158-suv-y-4x4-automatico-2024-124967,"Nissan Qashqai
        1.3 DIG-T mHEV 12V N-Connecta 4x2 Aut.",23990,21790.0,2024,66.777 km,158 CV,Automático,Mild hybrid,Delantera,199km/h,"4,43m","1,85m","1,63m",1.393kg,55l
https://www.clicars.com/coches-segunda-mano-ocasion/comprar-kia-rio-rio-1-0-t-gdi-mhev-imt-concept-100-100-compacto-manual-2021-124611,"Kia Rio
        1.0 T-GDi MHEV iMT Concept 100",12990,11790.0,2021,71.198 km,100 CV,Manual,Mild hybrid,Delantera,188km/h,"4,07m","1,73m","1,45m",1.130kg,45l
https://www.clicars.com/coches-segunda-mano-ocasion/comprar-kia-ceed-ceed-1-0-t-gdi-eco-dynamics-concept-120-120-compacto-manual-2020-124609,"Kia Ceed
        1.0 T-GDI Eco-Dynamics Concept 120",12990,11790.0,2020,65.578 km,120 CV,Manual,Gasolina,Delantera,187km/h,"4,31m","1,80m","1,45m",1.312kg,50l
https://www.clicars.com/coches-segunda-mano-ocasion/comprar-volkswagen-taigo-taigo-1-0-tsi-life-dsg-81kw-110-suv-y-4x4-automatico-2022-124854,"Volkswagen Taigo
        1.0 TSI Life DSG",17390,15790.0,2022,46.059 km,110 CV,Automático,Gasolina,Delantera,191km/h,"4,27m","1,76m","1,52m",1.270kg,40l
https://www.clicars.com/coches-segunda-mano-ocasion/comprar-nissan-juke-juke-1-6-tekna-4x2-xtronic-cvt-112-112-suv-y-4x4-automatico-2018-124314,"Nissan Juke
        1.6 Tekna 4x2 XTronic CVT 112",12990,12390.0,2018,52.704 km,112 CV,Automático,Gasolina,Delantera,178km/h,"4,14m","1,77m","1,57m",1.203kg,46l
https://www.clicars.com/coches-segunda-mano-ocasion/comprar-bmw-x1-x1-sdrive-20ia-178-suv-y-4x4-automatico-2021-125040,"BMW X1
        sDrive 20iA",26990,24590.0,2021,84.329 km,178 CV,Automático,Gasolina,Delantera,226km/h,"4,45m","1,82m","1,60m",1.495kg,51l
https://www.clicars.com/coches-segunda-mano-ocasion/comprar-bmw-serie-2-218i-coupe-136-coupe-automatico-2018-122743,"BMW Serie 2
        218i Coupé",16490,15690.0,2018,82.407 km,136 CV,Automático,Gasolina,Trasera,210km/h,"4,43m","1,77m","1,42m",1.345kg,52l
https://www.clicars.com/coches-segunda-mano-ocasion/comprar-mini-countryman-countryman-one-d-116-suv-y-4x4-automatico-2021-124043,"MINI Countryman
        ONE D",19490,17690.0,2021,120.291 km,116 CV,Automático,Diésel,Delantera,192km/h,"4,30m","1,82m","1,56m",1.440kg,51l
https://www.clicars.com/coches-segunda-mano-ocasion/comprar-renault-austral-austral-1-2-e-tech-hibrido-techno-146kw-200-suv-y-4x4-automatico-2024-124711,"Renault Austral
        1.2 E-Tech Híbrido Techno",25490,23190.0,2024,27.127 km,200 CV,Automático,Híbrido,Delantera,175km/h,"4,51m","1,83m","1,62m",1.517kg,55l
https://www.clicars.com/coches-segunda-mano-ocasion/comprar-citroen-c5-aircross-c5-aircross-hybrid-plus-e-dcs6-136-136-suv-y-4x4-automatico-2025-124265,"Citroen C5 Aircross
        Hybrid Plus e-DCS6 136",22190,20190.0,2025,12.629 km,136 CV,Automático,Mild hybrid,Delantera,225km/h,"4,50m","1,97m","1,65m",,43l
https://www.clicars.com/coches-segunda-mano-ocasion/comprar-peugeot-208-208-1-2-s-and-s-signature-82-82-compacto-manual-2019-124363,"Peugeot 208
        1.2 S&S Signature 82",8590,8190.0,2019,59.917 km,82 CV,Manual,Gasolina,Delantera,175km/h,"3,97m","1,74m","1,46m",1.050kg,47l
https://www.clicars.com/coches-segunda-mano-ocasion/comprar-bmw-serie-1-118da-150-compacto-automatico-2021-123091,"BMW Serie 1
        118dA",20990,19090.0,2021,106.653 km,150 CV,Automático,Diésel,Delantera,216km/h,"4,32m","1,80m","1,43m",1.430kg,42l
https://www.clicars.com/coches-segunda-mano-ocasion/comprar-peugeot-2008-2008-1-6-bluehdi-s-and-s-allure-120-120-suv-y-4x4-manual-2015-123925,"Peugeot 2008
        1.6 BlueHDI S&S Allure 120",9290,8790.0,2015,76.920 km,120 CV,Manual,Diésel,Delantera,192km/h,"4,16m","1,74m","1,56m",1.275kg,50l
https://www.clicars.com/coches-segunda-mano-ocasion/comprar-mg-hs-hs-1-5-t-gdi-comfort-170-suv-y-4x4-manual-2025-123571,"MG HS
        1.5 T-GDI Comfort",23490,21390.0,2025,12.902 km,170 CV,Automático,Gasolina,Delantera,190km/h,"4,66m","1,89m","1,66m",1.550kg,55l
https://www.clicars.com/coches-segunda-mano-ocasion/comprar-mercedes-clase-c-c-coupe-43-amg-4matic-aut-390-coupe-automatico-2018-123787,"Mercedes Clase C
        C Coupé 43 AMG 4Matic Aut.",38890,36990.0,2018,76.856 km,390 CV,Automático,Gasolina,4x4,250km/h,"4,69m","1,81m","1,40m",1.750kg,66l
https://www.clicars.com/coches-segunda-mano-ocasion/comprar-ford-kuga-kuga-1-5-ecob-auto-s-and-s-trend-4x2-150-150-suv-y-4x4-manual-2018-122923,"Ford Kuga
        1.5 EcoB. Auto S&S Trend 4x2 150",11490,10890.0,2018,125.885 km,150 CV,Manual,Gasolina,Delantera,195km/h,"4,52m","1,84m","1,69m",1.579kg,60l
https://www.clicars.com/coches-segunda-mano-ocasion/comprar-ford-tourneo-courier-tourneo-courier-1-0-ecoboost-titanium-100-monovolumen-manual-2018-122593,"Ford Tourneo Courier
        1.0 Ecoboost Titanium",10990,10490.0,2018,88.983 km,100 CV,Manual,Gasolina,Delantera,173km/h,"4,16m","1,98m","1,73m",1.190kg,48l
https://www.clicars.com/coches-segunda-mano-ocasion/comprar-seat-leon-leon-st-1-5-etsi-s-and-s-fr-special-edition-dsg-7-150-150-familiar-automatico-2025-123342,"SEAT León
        ST 1.5 eTSI S&S FR Special Edition DSG-7 150",24590,22390.0,2025,11.412 km,150 CV,Automático,Mild hybrid,Delantera,218km/h,"4,64m","1,80m","1,44m",1.416kg,45l
https://www.clicars.com/coches-segunda-mano-ocasion/comprar-bmw-x2-x2-xdrive-25ea-220-suv-y-4x4-automatico-2021-122160,"BMW X2
        xDrive 25eA",23990,21790.0,2021,47.340 km,220 CV,Automático,Híbrido enchufable,4x4,195km/h,"4,36m","1,82m","1,51m",1.730kg,36l
https://www.clicars.com/coches-segunda-mano-ocasion/comprar-volkswagen-touareg-touareg-3-0tdi-v6-r-line-tiptronic-4motion-170kw-231-suv-y-4x4-automatico-2021-122770,"Volkswagen Touareg
        3.0TDI V6 R-Line Tiptronic 4Motion",39990,38090.0,2021,100.177 km,231 CV,Automático,Diésel,4x4,221km/h,"4,88m","1,98m","1,70m",2.070kg,75l
https://www.clicars.com/coches-segunda-mano-ocasion/comprar-bmw-serie-4-420da-gran-coupe-m-sport-190-coupe-automatico-2024-122228,"BMW Serie 4
        420dA Gran Coupé M Sport",41490,39490.0,2024,23.772 km,190 CV,Automático,Mild hybrid,Trasera,235km/h,"4,78m","1,85m","1,44m",1.705kg,59l
https://www.clicars.com/coches-segunda-mano-ocasion/comprar-bmw-x5-x5-xdrive-45e-398-suv-y-4x4-automatico-2022-121031,"BMW X5
        xDrive 45e",46990,44790.0,2022,138.378 km,398 CV,Automático,Híbrido enchufable,4x4,235km/h,"4,92m","2,00m","1,75m",2.435kg,69l
https://www.clicars.com/coches-segunda-mano-ocasion/comprar-kia-sportage-sportage-1-6-crdi-mhev-business-4x2-136-136-suv-y-4x4-manual-2023-118902,"Kia Sportage
        1.6 CRDi MHEV Business 4x2 136",24490,22290.0,2023,20.167 km,136 CV,Manual,Mild hybrid,Delantera,180km/h,"4,52m","1,87m","1,65m",1.523kg,54l
https://www.clicars.com/coches-segunda-mano-ocasion/comprar-volkswagen-taigo-taigo-1-0-tsi-life-70kw-95-suv-y-4x4-manual-2022-120351,"Volkswagen Taigo
        1.0 TSI Life",15990,14590.0,2023,71.320 km,95 CV,Manual,Gasolina,Delantera,183km/h,"4,27m","1,76m","1,52m",1.270kg,40l
https://www.clicars.com/coches-segunda-mano-ocasion/comprar-land-rover-range-rover-velar-range-rover-velar-2-0d-i4-mhev-s-4wd-aut-204-204-suv-y-4x4-automatico-2021-119525,"Land Rover Range Rover Velar
        2.0D I4 MHEV S 4WD Aut. 204",31990,30490.0,2021,50.156 km,204 CV,Automático,Mild hybrid,4x4,210km/h,"4,80m","2,04m","1,68m",2.003kg,60l
https://www.clicars.com/coches-segunda-mano-ocasion/comprar-volvo-xc90-xc90-b5-momentum-pro-7pl-awd-aut-235-suv-y-4x4-automatico-2021-118043,"Volvo XC90
        B5 Momentum Pro 7pl. AWD Aut.",34990,33290.0,2021,125.095 km,235 CV,Automático,Mild hybrid,4x4,220km/h,"4,95m","2,00m","1,78m",2.101kg,71l
https://www.clicars.com/coches-segunda-mano-ocasion/comprar-land-rover-range-rover-velar-range-rover-velar-2-0d-i4-mhev-s-4wd-aut-204-204-suv-y-4x4-automatico-2021-118453,"Land Rover Range Rover Velar
        2.0D I4 MHEV S 4WD Aut. 204",30790,29290.0,2021,66.756 km,204 CV,Automático,Mild hybrid,4x4,210km/h,"4,80m","2,04m","1,68m",2.003kg,60l
https://www.clicars.com/coches-segunda-mano-ocasion/comprar-jaguar-e-pace-e-pace-2-0d-i4-s-163-163-suv-y-4x4-automatico-2021-119081,"Jaguar E-Pace
        2.0D I4 S 163",21490,19590.0,2021,80.004 km,163 CV,Automático,Diésel,Delantera,206km/h,"4,40m","1,98m","1,65m",1.809kg,65l
https://www.clicars.com/coches-segunda-mano-ocasion/comprar-ford-kuga-kuga-1-5-ecoblue-st-line-fwd-120-aut-120-suv-y-4x4-automatico-2022-106631,"Ford Kuga
        1.5 EcoBlue ST-Line FWD 120 Aut.",19990,18190.0,2022,29.412 km,120 CV,Automático,Diésel,Delantera,177km/h,"4,61m","1,88m","1,68m",1.529kg,60l
https://www.clicars.com/coches-segunda-mano-ocasion/comprar-volkswagen-tiguan-tiguan-2-0tdi-advance-dsg-110kw-150-suv-y-4x4-automatico-2020-118830,"Volkswagen Tiguan
        2.0TDI Advance DSG",23490,22390.0,2020,98.050 km,150 CV,Automático,Diésel,Delantera,202km/h,"4,49m","1,84m","1,63m",1.615kg,58l
https://www.clicars.com/coches-segunda-mano-ocasion/comprar-volvo-s90-s90-t8-twin-business-plus-awd-aut-390-berlina-automatico-2019-112255,"Volvo S90
        T8 Twin Business Plus AWD Aut.",23990,21790.0,2021,92.851 km,390 CV,Automático,Híbrido enchufable,4x4,250km/h,"4,96m","1,88m","1,44m",2.077kg,60l
https://www.clicars.com/coches-segunda-mano-ocasion/comprar-volvo-xc60-xc60-b4-inscription-fwd-aut-197-suv-y-4x4-automatico-2021-117181,"Volvo XC60
        B4 Inscription FWD Aut.",29990,27290.0,2021,103.800 km,197 CV,Automático,Mild hybrid,Delantera,205km/h,"4,69m","1,90m","1,66m",1.843kg,60l
https://www.clicars.com/coches-segunda-mano-ocasion/comprar-jaguar-e-pace-e-pace-2-0d-i4-s-163-163-suv-y-4x4-automatico-2021-116930,"Jaguar E-Pace
        2.0D I4 S 163",21990,19990.0,2021,120.499 km,163 CV,Automático,Diésel,Delantera,206km/h,"4,40m","1,98m","1,65m",1.809kg,65l
https://www.clicars.com/coches-segunda-mano-ocasion/comprar-mercedes-clase-glb-glb-200d-8g-dct-150-suv-y-4x4-automatico-2020-115666,"Mercedes Clase GLB
        GLB 200d 8G-DCT",29490,26790.0,2021,91.753 km,150 CV,Automático,Diésel,Delantera,204km/h,"4,63m","1,83m","1,66m",1.700kg,52l
https://www.clicars.com/coches-segunda-mano-ocasion/comprar-audi-q2-q2-30-tdi-s-line-85kw-116-suv-y-4x4-manual-2022-113893,"Audi Q2
        30 TDI S line",21290,19390.0,2022,53.589 km,116 CV,Manual,Diésel,Delantera,197km/h,"4,21m","1,79m","1,51m",,50l
https://www.clicars.com/coches-segunda-mano-ocasion/comprar-hyundai-kona-kona-hev-1-6-gdi-dt-maxx-105-suv-y-4x4-automatico-2021-129232,"Hyundai Kona
        HEV 1.6 GDI DT Maxx",17490,15890.0,2021,53.318 km,141 CV,Automático,Híbrido,Delantera,161km/h,"4,21m","1,80m","1,57m",1.376kg,38l
https://www.clicars.com/coches-segunda-mano-ocasion/comprar-volvo-xc60-xc60-d3-momentum-150-suv-y-4x4-manual-2019-129125,"Volvo XC60
        D3 Momentum",22990,21890.0,2019,107.145 km,150 CV,Manual,Diésel,Delantera,190km/h,"4,69m","1,90m","1,66m",1.764kg,55l
https://www.clicars.com/coches-segunda-mano-ocasion/comprar-hyundai-i20-i20-1-0-tgdi-klass-100-100-compacto-manual-2023-126523,"Hyundai i20
        1.0 TGDI Klass 100",15390,13990.0,2023,57.237 km,100 CV,Manual,Gasolina,Delantera,188km/h,"4,04m","1,78m","1,45m",1.065kg,40l
https://www.clicars.com/coches-segunda-mano-ocasion/comprar-honda-civic-civic-1-0-vtec-turbo-elegance-navi-cvt-126-compacto-manual-2019-127471,"Honda Civic
        1.0 VTEC Turbo Elegance Navi CVT",16490,15690.0,2019,106.309 km,126 CV,Manual,Gasolina,Delantera,-km/h,"4,52m","1,80m","1,43m",1.284kg,46l
https://www.clicars.com/coches-segunda-mano-ocasion/comprar-citroen-c-elysee-c-elysee-1-2-puretech-shine-82-82-berlina-manual-2018-123953,"Citroen C-Elysée
        1.2 PureTech Shine 82",6990,6690.0,2018,79.287 km,82 CV,Manual,Gasolina,Delantera,169km/h,"4,42m","1,75m","1,47m",1.055kg,50l
