customer_id,name,email,phone,address,created_at
eeee91fb-9d85-4dd6-a19f-aef723cbe50b,Jennifer Smith,dwilliamson@example.com,864-935-0474,"177 Harris Key, Matthewhaven, UT 24971",2024-08-14 06:43:50
550acca0-8e7f-42c2-909c-97bbcddf7931,Ashley Parsons,harriscynthia@example.net,(763)598-2709x88691,"866 Camacho Plaza Suite 125, North Kyle, MI 62986",2024-05-18 18:57:48
eb3df228-5833-4736-bff0-10d8c50354f6,Caroline Johnson,james16@example.org,993.254.3112x595,"5430 Cynthia Mission Apt. 037, Loveborough, MD 71718",2026-03-27 21:39:51
69fe474f-13e4-43fc-8b9d-0e17f193c19d,Elizabeth Garcia,akim@example.org,491-937-2289x7625,"6623 Rachel Islands, Lake Morgan, MI 23109",2024-11-10 23:14:34
e43f8c1e-6e9e-4334-9f63-14eb91ecca16,Cynthia Smith,michael32@example.org,(892)349-2609x858,"450 John Extension, Williamborough, OK 69882",2025-05-02 16:54:44
d348d539-c210-4307-9662-8a491a542a66,Andrew White,loriyork@example.com,(783)850-2848x0640,"87248 Harold Bridge Suite 976, East Jacqueline, NY 86174",2024-12-04 06:55:51
a4c36911-476e-4064-a13b-18db2b6db478,Donald Jackson,jeffreygraham@example.com,(397)397-4378x25881,"82024 Aguilar Shores, New Jeremy, HI 94487",2025-03-20 02:42:54
7cfe57be-ad7d-4193-8a70-b22a6614ee24,Juan Warren,robert81@example.org,371-363-0789x6305,"01111 Jeffrey Islands Apt. 519, West Reneeview, UT 90273",2024-05-18 00:41:41
96093687-2845-4e94-a9fd-b8dfb15108fa,Sheila Sullivan MD,xsmith@example.com,675-364-6602x5897,"76502 April Mission, East Jenniferchester, DE 28952",2026-02-13 10:53:53
f3256db6-69c8-43ff-93d1-faaff95853fa,Cindy Richard,stephanie17@example.net,306.960.1525x11782,"28666 Dustin Plaza Apt. 931, South Lynn, MA 84453",2024-08-15 17:08:18
fdb6b857-f04d-4452-85ac-94e1d6d1fcd8,Lindsey Davis,lisalong@example.com,001-599-413-5993x09005,"52128 Boyle Shoal, Port Deanna, HI 20400",2024-07-10 04:17:17
9464cea2-3ab0-4e16-ab05-ff9076682e77,Brian Reed,april85@example.com,+1-260-416-1114x9001,"8172 Emily Pine Apt. 042, Denisechester, RI 78369",2026-03-07 10:23:13
2b0e41f8-81d5-4ea7-abc5-4fcc533f09b2,Matthew Patterson,kennethandrews@example.org,(589)542-1753x4298,"031 Caitlin Ridge, Ramirezhaven, VI 11184",2024-06-18 08:01:10
36fcf6f2-f9e9-481a-b3d7-60030876c3bb,Christopher Davis,riddlealan@example.com,5964767322,"PSC 6091, Box 3369, APO AA 18612",2026-02-12 06:46:04
dfee9a11-6b82-43c4-91c6-d48b5510cee4,Joshua Richards,pricedavid@example.net,(506)757-3157x494,"35112 Brian Parks Apt. 331, East John, MH 87252",2025-03-25 02:45:12
56685693-912e-4ce7-a4ef-62e65fc9d196,David Thomas,tiffanywalker@example.com,541.683.4364,"5291 Greer Tunnel, South Jeanburgh, RI 05808",2024-12-10 12:41:14
2c3a74f9-4b37-498a-aa6d-3a4c178c2966,Joy Lopez,sdavis@example.com,+1-575-781-5178x09434,"161 Stewart Drive, Stevenmouth, PA 20732",2024-11-26 13:44:44
0b8b7c08-8bd3-40e4-8227-53331fbc38f2,Adam Torres,dmartinez@example.com,373-771-6564x395,"70229 Christopher Villages, Jacobtown, RI 15446",2025-07-18 13:48:13
fff98ae5-b993-44a1-a8dc-07536dd5a3c6,Amber Garcia,cookevelyn@example.org,6428029367,"8338 Alyssa Plaza Apt. 283, Deleonmouth, TX 38742",2026-02-25 02:44:49
c3a27f93-b5c4-4146-bd86-e78862884306,Alexander Ferguson,bmitchell@example.net,(253)389-5794x8607,"9691 Soto Trafficway, Hamiltonberg, TN 74770",2025-06-05 06:19:11
6b7a2f5a-977f-4c21-8ecb-cbf7c37bacfa,Randall Greene,matthewmartinez@example.net,933-885-5991x401,"96340 Mckinney Course, Collinshaven, LA 25266",2025-09-08 04:34:30
d3cec05f-560e-493f-8cad-050e56b9da34,Kristin Conrad,stephanie91@example.org,001-806-705-0599x2500,"PSC 9851, Box 5001, APO AP 51969",2024-05-24 00:00:14
34487fa5-f61c-482a-935e-bce4f1659fc0,James Mcdonald,shaneclark@example.net,4977725803,"6575 Jones Views Suite 176, East Angelamouth, NM 35708",2025-01-09 12:30:09
1e290e84-2a19-403e-986a-2e24f7164d6f,Jacob Thomas,jonesbrad@example.net,4393218535,"49917 Nicole Unions, West Kara, NY 68852",2026-01-06 09:00:46
4aef826c-3a8c-4386-841a-3637491dc9ab,Christina Parker,coxpamela@example.net,(332)569-4385,"10182 Johnson Pine Suite 229, West Kathy, MO 88837",2025-02-16 07:08:47
44eb4120-016d-4c20-805e-5723ec07a06e,Michelle Knight,smcdonald@example.net,627-947-9115,"1815 Clark Brooks Apt. 250, Lake Jessicabury, WY 36744",2026-04-29 05:11:43
5d167daa-0aac-4a13-865b-4b645b9ede8b,Stephanie Park,micheleli@example.org,+1-884-550-0008x084,"4680 Sarah Shores, New Nicole, WY 07079",2024-09-13 04:26:51
f6f7292d-a992-4cb9-977c-689e34aefc86,Kevin Odom,jenniferstrong@example.net,477-984-4736,"PSC 9404, Box 0603, APO AP 60588",2025-07-30 00:25:55
1cd1e321-061d-4543-9e01-feb6a1b0b7d8,Kimberly Jimenez,bergerlogan@example.org,9262028336,"28225 Jennifer Alley Suite 459, South Francistown, MT 74760",2026-02-17 01:10:31
cfa1ff35-a369-49b3-9724-d84acb82ece3,Stephanie Stephens,vrichardson@example.org,+1-457-305-5979,"54709 Jonathan Way, Reginaldhaven, CT 30501",2025-05-09 22:08:51
4b1229cd-7fba-4e98-b940-cae1171cca2c,Ronald Dean,hlandry@example.org,+1-378-415-9609x209,"84481 Jarvis Dam Suite 504, Reynoldsview, ME 86337",2025-05-09 07:22:28
38ac319f-56d8-482b-8cbd-4558ba8ad25c,Elizabeth Johnson,steven95@example.org,(277)202-6299,"035 Kelly Radial Suite 619, Michaelport, TX 63945",2024-10-19 02:10:03
e0a88b43-0868-4f40-a7a0-85d7772108da,Adam Flores,wcurtis@example.com,(296)228-1227x309,"7944 Gregory Crossing, Garciastad, FL 58917",2024-06-11 04:08:42
b27736e1-11fb-4314-8ea9-b3c6e252757d,Marissa Solomon,urussell@example.com,360.501.7916x2013,"9803 Dominguez Stravenue Apt. 659, South Isaac, VT 25201",2025-06-04 12:57:02
262ba832-6575-4e5a-a899-2d96074043ba,Alexander Spencer,perezjanice@example.com,397-522-3770x3550,"7878 Molly Brooks Apt. 157, Jessicaport, VI 14259",2025-01-21 02:05:02
ea31fae0-f5ad-4783-a06e-cfd64b9524e4,Brian Hunt,alexandrarobinson@example.org,741-493-2898x315,"451 Davis Gardens Suite 452, Pollardside, AZ 05560",2024-08-13 06:00:30
f3820725-d69c-49d8-8b0e-4f11d52fed60,Catherine Moses,aprilcortez@example.net,4945020529,"2605 Zamora Row, North Jaredville, VI 05407",2026-03-31 14:12:34
9095f151-d2d3-4157-a33a-80b1fc0385b1,Linda Haynes,baileymelissa@example.net,853-831-3906x144,"445 Matthew Ford Apt. 764, West Justin, IA 87104",2025-09-12 17:28:23
26e8de23-12c7-40a4-85fc-1580b1c61297,David Smith,albertgreen@example.org,(841)853-0076x22752,"363 Brittany Track, Rogerborough, KY 47275",2025-04-30 09:13:35
2b3fd4c4-8a45-4033-b40d-9c6f26299eb0,Brenda Garcia,emarsh@example.net,+1-773-497-7183,"Unit 8138 Box 8396, DPO AA 10204",2025-11-18 04:04:20
78a0605c-e090-4457-81d3-467a9c57b0d8,Jonathon Jefferson,jorge21@example.org,839-597-5317,"4391 Allen Tunnel Apt. 420, Domingueztown, AK 82386",2025-07-24 03:19:31
a941838c-9633-410b-b740-4db2076201e2,Nicholas Carter,yesenia28@example.net,664-842-6461x41002,"85968 Smith Landing, Edwardstown, TX 30273",2026-04-01 18:42:32
974dc17d-7931-4d0a-a33d-8427a253f858,Steven Grimes,jmcdonald@example.org,892.907.6628x1604,"38736 Cruz Mill, Rodneymouth, MH 61674",2025-09-24 18:25:12
577f7f4e-19f1-4288-b2fa-77c511686200,Melissa Andrade,kparker@example.net,545-514-7930,"USNS Kerr, FPO AE 66380",2025-11-01 09:25:09
64ef28ae-c631-491a-a443-a1541512975c,Amy James,mjohnson@example.org,647.393.3910x32922,"134 Nicole Alley, Stevenston, TX 03331",2025-08-13 00:05:54
88d4caac-49c0-472f-95ec-da65b67a0dbc,Victor Cooper,willisana@example.net,342.470.9166,"67039 Wagner Inlet, Waltersberg, WY 71762",2025-05-18 10:53:03
a367854d-02fc-408b-9213-017b4ad036a0,Juan Vasquez,maldonadomarcus@example.com,(786)417-6921x074,"07696 Juan Tunnel Suite 655, Angelicastad, WV 84020",2026-03-22 18:57:04
b479768c-d3ac-4a62-a5eb-d4490922176e,Zachary Davis,whiteheaderic@example.net,881.237.3073x8636,"58166 Simmons Crossing Apt. 282, Port Hunter, AK 64236",2025-06-01 11:52:52
7aa54cec-611b-41dc-ac34-4c2daab17dcb,Gina Mclean,rmorse@example.net,001-930-542-8721x9129,"631 Fischer Drive, Mendozaland, KS 87027",2025-03-03 23:33:45
54a976bc-8347-46f3-a4b6-8f4bcb80c80c,Shawn Carter,porterrachael@example.org,943-261-9080x19058,"31311 Griffin Corner Suite 847, Malloryshire, MD 90975",2024-10-29 09:41:42
5125aa44-d39c-4884-8e68-eea732ddd0ae,James Carter,csantana@example.com,790.837.4486,"520 Reynolds Courts, Lake Judy, FM 87153",2025-10-14 01:10:25
5ed53e02-9d2b-4399-a553-f53dcb44b83f,Thomas Johnson,bbrown@example.org,566-334-0691x47462,"USS Jackson, FPO AA 15668",2025-11-08 09:20:07
43f8ae85-d89f-40c8-b173-63ecc6dc51b3,Bryan Smith,kristina01@example.org,618.692.4806x8217,"36949 Estrada Locks Apt. 673, Jerrymouth, MO 71378",2025-03-08 09:50:07
4dad19b1-3a65-4f9d-ae7b-f9befdeeeb48,Erin Oconnor,pearsonmaria@example.com,+1-231-911-2889,"USCGC Rojas, FPO AA 71581",2025-01-05 11:18:06
cdd104df-18cd-4ea2-a14c-d3f9e92eabb6,Jodi Henderson,katherineschultz@example.org,412-712-8099x9090,"5872 Davis Manor, Garyview, DE 47106",2024-07-26 07:45:00
30aad3ff-9241-4b61-a503-40743c60e68e,Michael Cross,nbennett@example.com,001-225-753-9447,"548 Kenneth Divide, Brandontown, PR 59417",2026-01-24 07:46:55
809316f6-9324-451b-bd2c-73d8e669ccd0,Sherry Garner,jenniferbrown@example.org,2913817446,"20528 Medina Place, South Willie, MS 51299",2025-02-17 17:12:07
6f25f258-7c59-40b5-bc70-411c7b6ea7d6,Carrie Mullen,elopez@example.net,001-768-468-1261x343,"26055 Michelle Summit, Jonathanburgh, LA 75702",2025-03-12 07:40:18
4188fd14-3afe-4033-98d7-d78bbdc94353,Alexander Ayala,meyerchristopher@example.net,682.395.1563,"53950 John Groves, Coxland, IL 58562",2025-04-12 15:02:51
27dfaf67-2d3a-436e-a668-5746c1afe2f9,Gina Hall,wileykenneth@example.com,(882)715-6023x7974,"Unit 1550 Box 5408, DPO AP 82132",2025-12-11 06:48:02
4d040712-6745-4368-90c3-ee6a5e8e0ae5,Jennifer Elliott,lori93@example.org,(713)848-8374,"796 Peter Turnpike, Kennethchester, MH 50094",2024-06-06 21:10:48
9c39e080-e046-4b41-86bc-35f2c776441d,Nicole Steele,jeremy54@example.com,521-460-1351,"4823 Ortega Corners Suite 916, East Matthewburgh, ID 75407",2024-05-03 19:02:41
3140740b-372a-434e-9cc3-5286149c80a9,Erik Miller,sanchezangela@example.com,749-862-2940,"2305 Williamson Orchard Apt. 977, Feliciabury, NH 77551",2025-08-18 10:54:00
e4a00275-9702-4a57-b962-0227e694463f,Julia Lin,james37@example.org,(257)320-1777x15702,"921 Patricia Well Apt. 679, Perryport, DE 96364",2025-12-06 18:17:05
b7b5fb40-387c-4dec-b599-d8178940d18b,Aaron Mills,davidgross@example.org,+1-373-763-8129x617,"33722 Jennifer Valley, South Mark, MS 34740",2025-08-20 06:56:41
8ccfafdc-2df9-447d-a6f0-ce25ae5b2237,Kelly Vazquez,deborah16@example.com,545-435-6075,"533 Kelley Corner, East Elizabethborough, OH 53141",2025-10-28 04:45:48
88af76e0-33d5-4ec6-a48f-035028c707ed,John Leonard,candice03@example.com,6344063535,"572 Gray Parkway Apt. 849, Jonville, TX 25784",2025-02-25 05:02:29
41eeb232-07dd-4b61-ad33-cccf8db471fc,Jessica Murray,benjamin28@example.net,(542)278-0402x07856,"78615 Kurt Road, Morrisonmouth, OR 46152",2025-11-03 10:01:13
abea19f0-929e-4701-97a3-0b2a8a5afb14,Dr. Michelle White,pgarcia@example.org,(841)741-9733x240,"93671 David Mall Suite 759, Port Richardburgh, GU 59933",2025-07-23 20:27:35
a4356a47-6108-40cf-a39c-8b59c3c947c5,Logan Perkins,thomasashley@example.net,+1-428-398-9338,"52852 Marcus Rest Apt. 763, Lake Kristen, GA 27792",2025-11-06 07:48:17
4506ec0a-df0d-4a51-b40c-4f7e065b753d,Sandra Lopez,meredith91@example.com,+1-990-897-0845x66325,"13021 Lucas Route Apt. 667, North Rachel, WA 43803",2024-06-15 04:57:24
b891a698-b171-4bed-acbf-188e73977ab0,Jesse Silva,gail00@example.net,626-262-7023x11883,"754 Mark Port Apt. 226, Juliechester, HI 30774",2024-08-27 12:23:36
3b67fc3b-f256-4d19-be3e-4c6930bbfd14,Donald Turner,kevinbarnett@example.net,001-575-570-1609,"06299 Ingram Manors, Thomasmouth, MO 15339",2024-08-22 05:30:54
d73635d1-ace7-44b0-a4b3-58e0d943c449,Ashley Powell,matthewberry@example.net,(974)795-3187x3132,"7906 Sarah Center Suite 495, New Phillipshire, OK 13324",2025-03-08 23:00:13
3a63ac27-2206-4327-80a6-43a92a358923,John Lopez,leejennifer@example.net,+1-589-943-3455x2174,"15927 Henderson Passage, New Brian, WA 80474",2024-07-20 02:29:01
72b89b6f-87eb-4f5e-8227-0b18fdce7b8e,Stacy Combs,alexis94@example.net,(839)573-2385x54317,"67142 Robert Hill Apt. 217, Millershire, NJ 18034",2024-11-01 06:21:47
4becc597-14f5-418c-a48b-f6c51a1bd00d,Adam Logan,michael67@example.org,747.904.8511x395,"21000 Lee Lock, West James, AZ 83222",2025-08-03 08:30:53
13317e78-70f0-4e00-8a94-cb4ce1189f5d,Corey Manning,melissa47@example.org,945.891.2341x3539,"USS Jones, FPO AP 54286",2025-03-28 09:03:53
b3e6be54-494c-4eb2-8553-80b7cbf61e17,Isabella Hill,pjones@example.org,(343)386-7515,"932 Gray Fort, Bryceshire, MH 66025",2025-02-24 01:53:18
5f4e32e6-6991-4f14-bba3-1499c7060abc,Jonathan Sweeney,brendaowens@example.com,+1-318-722-0990,"USCGC Jones, FPO AE 81649",2024-09-02 16:16:00
c8215b52-4d80-4dbf-9803-406add97098e,James Taylor,nicolethomas@example.net,705-319-0256x28276,"16305 Chelsea Glen Suite 159, South Michael, TX 85144",2025-04-07 03:25:31
6a489598-d107-4315-bd08-52a267c61e06,Alec Smith,lozanotonya@example.org,943-928-6111,"49634 Castro Loaf Suite 615, Campbellmouth, MP 79023",2024-08-15 11:34:54
b029b8bd-f0ed-47f2-aee0-9a6f8d860260,James Mccoy,jesus26@example.com,+1-671-911-7820,"62428 Sean Wall, West Ian, NC 10000",2025-10-25 23:34:07
358c0fac-991b-40a4-9cd8-050d9644b106,Karen Ball,sean56@example.com,423.497.3792x894,"0917 Rivas Highway, Bergfort, FL 02019",2026-04-13 01:53:32
433a9356-ea85-463c-9f7b-88c6be1bf468,Kristina Nelson,isaiah85@example.net,968.399.1917x960,"5528 Erin Turnpike Suite 632, Jaredport, AZ 62612",2024-07-20 07:46:08
d9eb5239-c2fa-4d89-93fc-9e6d9a5061e9,Donald Martinez,andrew26@example.com,001-972-967-5788x67705,"2811 Lopez Oval, Turnermouth, FL 49109",2024-05-09 22:47:51
0ff72995-019e-4b11-aa55-fcdd24b3ac34,Phyllis Salinas,kristin01@example.com,228.972.1267x720,"5745 Christopher Divide, Christinefurt, MO 91157",2025-11-25 20:18:05
007a6126-fb0a-40e3-b538-1d9a97753749,Eric Taylor,callahanrobert@example.org,307-933-5285x170,"8239 Michael Track, North Victor, RI 47298",2024-09-04 08:12:59
b8c71245-009b-4355-8d67-e6fd0d0cb84c,Kevin Mcguire,cmiller@example.com,935-803-8997x21439,"60642 Amanda Knoll, Adamland, KY 82622",2024-09-15 05:23:10
8de9b07e-19b6-46c0-8c43-158af0186ac3,Kent Lawson,rnguyen@example.com,617.417.8292x1844,"Unit 4315 Box 1728, DPO AP 76632",2025-07-04 15:38:48
073e6986-e39c-464e-90ea-0b2cf6ff4b36,Melanie Graham,hlove@example.net,+1-816-785-4141x02132,"3636 Walters Junction, Jonathanport, AZ 09839",2024-11-16 12:16:20
2c4766a8-4ccf-4668-bd2c-e827b8cc8977,Albert Smith,kevin80@example.com,3167143159,"34165 Lee Lodge, Jessicafort, MH 52597",2025-02-12 18:04:54
f13cb114-811f-49fc-b2c8-dd5dd7d4d985,Tom Thomas,dzimmerman@example.com,968-418-8468x4774,"8586 Taylor Tunnel, Combsmouth, AZ 21457",2025-09-27 13:32:56
c9c58a89-8388-45d1-b4d0-c4c100eb187a,Victoria Holland,eric90@example.net,4116774630,"PSC 9616, Box 7616, APO AP 24892",2025-02-28 12:02:50
c706ea1b-f345-402d-8c77-69e8035e7a9a,Brian Holland,rodrigueznathan@example.com,389-204-0165x19351,"PSC 5816, Box 9658, APO AE 60194",2025-10-05 04:08:21
6e47c06d-2d54-4392-a47e-f52040581db0,Morgan Peters,dustinrogers@example.net,(370)595-1704x635,"4402 Andrade Cliffs Suite 678, New Cassandrabury, TN 36750",2026-02-24 01:25:32
62fd4f5b-a848-4919-9195-a261c1695f08,Kevin Simmons,adammcclain@example.net,+1-255-881-5567x7508,"58754 Conner Mission, Mitchellfurt, CA 56734",2024-07-28 03:36:35
2d4cc7e9-7fe7-4c4a-918b-b33ba5057740,Mr. Roy Sharp,markcoleman@example.org,564-648-8448x89084,"08718 Shannon River, Williamsbury, WI 14755",2026-03-26 09:33:04
8bf98f06-cac0-4d8c-9c2d-d328641bf034,Cameron Cummings,tracykramer@example.net,345-781-9724,"03835 Brittany Motorway Suite 770, Jasonshire, UT 15185",2025-06-15 20:41:54
7499beb6-70e9-49fd-b1e0-7333ae8d1115,Jacob Davis,christophermurray@example.org,(722)808-1087x51377,"07543 Berry Landing, Draketon, MD 50913",2024-06-19 13:27:55
34e98890-bc94-4474-a43b-88d6e21ac2d2,Timothy Calhoun,kellyramirez@example.org,+1-248-768-3944x419,"534 Zimmerman Forges Apt. 118, Dianamouth, MS 13285",2025-02-20 09:46:30
df5a5049-0f58-437a-a5cc-3897578ca500,Megan Brown,charles65@example.org,655.792.1714,"266 Cathy Villages, Tuckerborough, ND 18720",2025-08-12 23:29:57
25459a13-1a8f-4847-811d-65d8045f17dc,Michael Harvey,fmarks@example.net,001-283-523-1301x2642,"USNS Burch, FPO AE 80850",2024-12-05 21:28:47
754a2e59-bb74-4a4a-9731-b4b39ab5f14a,Michelle Powell,linda92@example.org,793-210-1229x52325,"573 Francis Street, West Michaelport, AZ 48238",2025-02-08 13:20:03
f36c3d7b-941b-4a1d-b8dc-917b1eae73b9,Duane Johnson,novaksamantha@example.net,001-526-488-7008x8310,"766 Vasquez Parkway Suite 678, West Baileyhaven, LA 78458",2026-02-13 19:08:35
3ae60e51-2b3a-40dd-a179-08618a684006,Amanda Thomas,erikwalker@example.com,(590)962-2703,"99509 Knight Common Suite 247, Rileymouth, NV 39437",2026-02-18 05:53:02
63b48c7d-c3b4-4085-990f-cdca79754a25,David Kline,grantdustin@example.net,+1-253-423-8813x4372,"61629 Williams Street, East Chelsea, AZ 24716",2024-06-17 19:31:38
7593945e-e774-4a77-ac30-794160675a16,Natasha Mitchell,martinezkaren@example.org,001-327-919-4005x1624,"28364 Kenneth Summit Apt. 436, Port Brandon, AR 98562",2025-07-17 19:56:36
e0283f1b-c5fc-47b4-84c7-823aa1679263,Johnny Peterson,middletonjoy@example.com,660.696.5101x8776,"788 Debbie Plains Apt. 221, Santosside, OK 37457",2025-09-01 07:33:04
0477178d-8656-4bdc-81f3-b5727f341d2f,Corey Jones,kyle83@example.net,(836)226-4118x65415,"40516 Vasquez Mills, Marcshire, GU 57094",2024-06-21 20:16:45
26539abb-8401-4dec-8a54-74622baa2396,Scott Higgins,zrowe@example.net,6385889677,"742 Nicole Valleys, East Toddberg, KS 60324",2024-05-26 23:55:52
d41d9f52-76cf-4186-ac0a-5c9582001b5c,Robert Parker,crystalramirez@example.com,394-961-2066x467,"4090 Christopher Plains, Adkinsside, NJ 98304",2026-02-10 02:33:10
4f89415c-725f-4817-a3d3-36f45b5cbef3,Nicole Miller,thomas58@example.org,599.245.0731x4982,"0529 Jones Road, South Markland, TN 12430",2025-08-03 12:05:14
3b0fecb5-cbcc-4f85-9535-76b541c5ea6f,Rachel Perez,johnsondavid@example.com,(405)961-9717,"USNV Jenkins, FPO AA 80270",2025-08-20 00:47:45
bafc55f3-a23b-4dea-942d-2fe91479e5bc,Christopher Rose,parkerwalter@example.com,001-821-374-3471x31430,"380 Parker Valleys Apt. 077, South Gregory, TX 62223",2024-06-19 04:35:09
b0584a68-6a17-42f9-a80b-fb640d1abd91,Joshua Mclaughlin,dana67@example.org,(923)999-0218x7862,"7010 Michael Ville Apt. 220, Karenport, TN 14745",2024-11-15 02:35:39
dff6b72c-a864-4252-9464-cc27b1f909ea,Theresa Mendoza,joseph37@example.com,001-958-271-6078x130,"78525 Annette Spurs, Andrewview, RI 54519",2025-11-05 18:10:45
be142fa0-8291-4df9-8238-29d0fa1e2bea,Brandon Strong,annray@example.net,537-341-3214x614,"801 Sarah Track Apt. 007, West Karenland, NH 05464",2025-07-22 21:10:18
8f610e13-f208-4238-80a3-0f8da55887aa,Victoria Gutierrez PhD,sara13@example.net,250-755-3997x638,"751 Franklin Drive, Kevinhaven, CO 85961",2025-10-29 22:41:28
37a19ca2-5332-4140-b234-78b7bc670eb8,Melissa Mcgee,annwallace@example.org,+1-841-726-6992,"60474 Lynch Trail Suite 840, Port Madisonside, SD 33372",2026-03-20 18:34:28
d424111d-a4e9-4444-9eaa-76aa389b8a61,Ronald Proctor,craigsusan@example.org,930-340-9499,"09986 Ford Valley, Diazborough, VA 91049",2024-12-05 02:27:42
7bdf7788-9710-4068-a1db-d9ae7435285c,Patrick Esparza,andrewsmichael@example.org,001-445-958-0411x574,"6089 Brown Glens Suite 899, South Carolinemouth, WV 94803",2025-11-12 05:13:39
2c90ec4a-d6a1-4f32-97a2-7b531d6b85d5,Larry Lopez,christopherstout@example.org,869-822-0378x722,"0080 Lee Isle, Port Jasonhaven, CA 78788",2024-11-22 19:07:15
b54240a6-db17-48c5-abe6-b92e1a8782f0,Michael Johnson,alvarezmarissa@example.net,729-430-1095x08646,"2950 Jessica Ports, Port Cherylchester, NY 16983",2024-11-04 22:14:05
33b728de-9410-472f-ab65-e7b926ea9680,Adam Burton,oscartyler@example.com,(800)776-0932x9587,"4676 Laura Landing, Josephbury, KY 45208",2026-03-19 08:56:35
9e8cccea-bdd1-47cd-9c30-951494cf9298,Samantha Schaefer,westamanda@example.net,(921)577-6503x449,"39153 Wyatt River, North Dustin, MP 15231",2025-06-25 04:43:02
fa63c046-9a60-42ca-a131-a1c7a44dabbc,William Ponce,gonzalezdale@example.org,+1-307-989-2609x298,"37458 Francisco Lights Suite 509, Taylorfort, KY 26421",2024-10-24 02:51:17
22e7f1a3-f6bf-4b78-84a1-7127c935c3b7,Sherry Stevens,juan25@example.com,(385)393-5482,"9400 Cruz Harbors Suite 258, Lewisbury, ID 17755",2026-03-26 05:46:45
e486b508-d5ff-46e3-9c85-5fe6fc85da8b,Jennifer Costa,taylornancy@example.com,+1-954-557-6301x45810,"USS Gonzalez, FPO AE 27548",2026-04-17 03:25:47
47eb63ba-59f3-47b0-bddc-3af8ea30e5af,Vincent Guzman,mitchellanne@example.com,+1-988-959-5007x3191,"8928 Gregory Mountain, Port Elizabethview, MO 64055",2024-06-20 05:26:03
3d0eea16-fe4c-4508-a42a-5ff5af3767ca,David Wiley,rebeccasimpson@example.org,(809)629-0608x7132,"72627 Osborne Light Apt. 451, West Melissaport, AZ 10845",2025-10-26 12:52:02
5e5f8662-57ab-46d3-bd19-c985a9cfbdcb,Kathy Hicks,bsweeney@example.com,(452)521-5833x414,"Unit 5936 Box 2344, DPO AP 50308",2024-11-09 18:17:45
2d142578-02f4-4658-8d5b-f7672f3ee413,Mark White,alvarezwilliam@example.org,+1-348-476-2397x4065,"810 William Mountains, Rachelton, WV 08524",2025-09-29 04:43:45
fb07b4a4-cef6-449b-84ac-115c298caee5,Oscar Rivera,christina72@example.net,+1-615-631-4196,"69842 Kelly Vista, Seanfort, PW 64564",2025-05-14 10:21:35
a9ec4c1d-d769-40c9-94ab-903241c00f0b,James Schwartz,samantha64@example.com,6013442391,"33852 Adrian Fords Apt. 653, Lake Peter, RI 73473",2025-01-16 16:56:14
0ff145c7-58c8-40ff-b807-753734d41844,Tyler Robinson,maryross@example.net,+1-270-634-0655,"9426 Donaldson Forest Suite 377, New Scottside, OK 87921",2024-09-08 17:18:04
098093c1-0d9c-4e6e-8431-474b8fd84f21,Jacob Key,matthew96@example.net,343.265.7414,"782 Fernando Freeway, East John, OH 00561",2024-06-23 08:44:04
775a89a6-a45e-44b5-83b9-bc69a985d08e,Christopher Dominguez,denisejohnston@example.org,2106402154,"071 Murphy Divide Apt. 064, Haynesside, IA 72251",2025-09-14 09:12:31
24734874-2d8b-45bb-a5be-6e9c6763d461,Stacy Roberts,davidstewart@example.com,+1-270-958-8885x80937,"47416 Potts Way Suite 488, New Brendashire, NY 98597",2025-07-19 15:15:49
a7be4d7b-5713-44f8-89b1-87659d5ad238,Lynn Martinez,tonyagreen@example.net,(218)807-9130,"260 Keith Lights, Johnsonburgh, UT 47513",2026-01-23 13:41:56
38bf63a8-2959-4d26-a091-f0101ad352eb,Brandi Powell,mitchell27@example.org,+1-256-233-1067x8401,"742 Teresa Gateway Apt. 941, Lake Timothyshire, MS 42037",2024-08-30 17:01:55
c3ba0031-6fce-4955-be17-523076a18c8e,Daniel Santiago,campbellcynthia@example.net,(279)214-1459x3640,"233 French Manor, Lake Shannonstad, NH 39525",2024-11-30 15:47:32
4bfa1ee1-a2a9-4a53-9497-0a92f5d1d2db,Charles Wilson,ashley58@example.net,(849)918-4647,"67766 Karina Manor Suite 001, Bakerstad, SC 45074",2025-07-06 21:39:30
12267962-9ba3-49bf-8804-da93e967b719,Christopher Paul,katherinegray@example.net,452-691-9921x810,"6482 Jennifer Orchard, Johnland, CT 07804",2024-07-09 17:06:14
28076c9f-9ac4-4cf8-ad2b-7677bb06e9f4,Danny Davis,lcarney@example.org,001-662-694-8009x75671,"87935 Theresa Landing, Port Angela, DE 16886",2026-04-08 09:29:15
6d3abd76-c456-4b96-952b-37bed2fc924b,Brad Guerra,briannacarr@example.net,+1-617-922-5773x684,"8380 Kayla Inlet, Port Christinachester, MN 71331",2025-08-22 09:55:19
245db36b-2d5b-4fb0-910e-ec9f31af1ae9,Travis Wood,rebeccaherrera@example.com,(663)770-7938x3168,"611 Amanda Rest Suite 421, Lake Jeffery, RI 88302",2025-07-10 14:17:09
51055aa3-3cdd-4e9a-916e-85dffbcca256,Nathan Chambers,steven47@example.com,001-365-831-7002x345,"48791 Mcmillan Common Apt. 586, Christophertown, PW 50571",2025-02-08 01:22:38
32233b0b-5ef3-40ee-acf9-b130a8e3c624,Kathleen Friedman,castromark@example.com,(715)660-9493x2674,"54873 Matthew Walks, Jenniferchester, WV 37503",2024-05-06 18:32:32
7364c23a-83b3-43d4-ac3e-afd44121c356,Kathy Sullivan,schmidtmark@example.com,001-235-563-1845x419,"11792 Stephanie Drive, Port Mary, ID 67690",2024-06-10 10:03:00
351cc023-ca10-4393-b5d8-c1c8ed6193c0,David Griffin,cruzjonathan@example.net,743.564.6137x4562,"090 Ashley Way, West Angelaton, MP 76574",2024-05-26 10:49:10
0feeef00-85da-44de-b832-2f6982729def,Sarah Moore,farmerjeremy@example.net,447.414.0450x7396,"237 Smith Garden, North Melanieport, TN 46034",2025-10-30 05:39:59
f4948693-1eb9-4a84-a844-c4165a6b5f71,Terri White,smithsteve@example.org,293-397-7098x783,"5972 Ashley Falls Suite 894, South Breannastad, ID 57716",2024-08-06 04:30:29
eae8ea14-9c0c-4a4a-a251-0e3276b2f5a9,Eric Gillespie,jonathan16@example.net,+1-966-865-8056,"3245 Logan Motorway, Lake Katie, KS 68631",2024-12-09 15:17:25
22a3488b-71c7-4354-aa72-d6f2a1860cb1,Jason Price,uzimmerman@example.org,835-476-1232,"8327 Black Locks, West Heidichester, NV 93916",2024-05-06 03:37:35
3148108d-a347-4faf-8f32-25b8cbe7290d,Allen Lewis,julia68@example.net,(577)998-2330,"826 Lawrence Village, West Thomashaven, FM 90185",2024-12-14 15:15:58
c695c76b-f9d4-4f18-bc37-5191a2d84e99,Janice Harris,michael27@example.net,(820)563-0422x8369,"8901 Russell Stream Apt. 153, Johnmouth, AL 68867",2024-07-22 18:36:49
47ec0fe3-9dea-46fd-8bdc-4110b2ac1949,Charles Melton,robin41@example.org,+1-797-356-5348x934,"80820 Russell Roads Apt. 996, Laurieview, OK 57552",2026-01-27 00:42:38
636a129d-7d45-4ddc-82e6-0f4772dfcf10,Michelle Mann,vfuller@example.com,(592)851-8549x346,"176 Hunter Villages Apt. 431, North Danielle, SC 39302",2026-01-31 06:05:44
7ddaddef-e827-485b-92f2-d3e621d3f04b,Jade Holt,wrightmargaret@example.com,709.293.5705,"944 Kevin Viaduct, West April, IA 03012",2024-11-13 13:06:27
d6e109b2-4c7e-4d7b-8a99-fcec3a63de5e,Nicholas Brown MD,tracibryant@example.net,+1-458-417-0824x578,"9505 Nicholas Drives, Brownfurt, AZ 61219",2024-08-02 06:19:06
92b938e7-aa3e-47ef-9aa9-62b95c51729f,Kenneth Wells,dwaynelopez@example.com,001-648-448-7008,"572 Lindsey Circles, North Kelli, PR 53826",2024-10-12 05:22:07
43f1d314-afe0-4ffd-85b6-1fdea2a8931a,Stephen Vargas,kevin14@example.org,340.828.7610,"82448 Jennifer Estate Apt. 136, Zunigaborough, AZ 92090",2026-02-17 23:02:40
1b7d7d14-375d-4ea5-9312-a55f3199c1f1,Daniel Mcconnell,hailey38@example.org,837.504.1696x1810,"221 Sherry Crest Apt. 162, Marystad, MH 79924",2024-12-06 09:43:23
152e85cc-c402-4d86-b079-4b1fe8405db0,Charles Peters,dhansen@example.net,001-992-464-2742,"25567 Megan Motorway, North Susantown, ID 43116",2024-07-18 20:53:32
d834803e-dc1c-4814-a237-4d8b1bc9c9a4,Daniel Ritter MD,tamara69@example.net,001-859-305-8830x7880,"41400 Lindsay Squares Suite 198, West Andrew, KY 57782",2025-07-10 19:02:47
d2535edb-3fdd-4e1e-a997-8f4f6c90ed14,Mary Randall,idunn@example.org,800-766-5109,"96560 Marsh Drive Suite 507, Heatherborough, MN 77932",2026-01-25 09:27:06
f907540d-0355-4c02-a637-eace6904ecc2,Stephanie Reese,kimberlylindsey@example.com,(552)538-6345x533,"60795 Stephanie Shores Apt. 222, Nicholasberg, UT 10597",2025-09-04 14:38:39
ac1cc6c7-e4d2-4231-8071-6fcdf1341a94,Aaron Beasley,strongwillie@example.com,(340)353-1087,"661 Mcdonald Row, Smithmouth, MD 54513",2024-08-09 04:21:19
f5b982bf-0c3e-41e5-9d1e-fea68b5457eb,Ann Young,greerheather@example.org,657.959.5852,"0212 Trevino Mission Suite 376, East Cynthiafurt, AK 34039",2024-06-15 01:05:05
a5e0b993-6453-418c-b0dc-dc2763a24aaa,Anthony Mason,bryanteric@example.net,592-761-6098x048,"2687 Smith Estate Suite 786, Riosville, MT 91580",2024-09-14 06:40:49
528ee9e0-8808-498b-ab9d-d52656cc6f7b,Brooke Logan,grayjose@example.org,001-339-853-9561x862,"76786 Rowland Ways, Martinton, PW 49376",2024-05-06 04:48:54
650b5dac-0440-4b52-be2e-98dda88a6cd9,Matthew Anderson,john97@example.com,+1-289-277-2834x439,"90267 Bradley Squares Apt. 033, North Saraburgh, AR 59580",2024-08-10 12:13:34
5963eab4-2a86-4ac0-9ac7-58109d384e83,Mary Powers,areyes@example.net,7836717265,"77342 Stephanie Loaf, Buckberg, PW 18922",2026-01-12 10:22:18
190cae3e-a19a-4219-80a8-a4f60aa438b8,Roger Willis,kramerkimberly@example.com,+1-702-455-8538x3304,"223 Stanley Mission, Chasefurt, CA 82486",2025-05-03 22:15:00
b9bbe2b1-d45f-4fa5-a3a6-13d2b2e27f09,Susan Brown,hmartinez@example.org,668.821.4392x700,"9978 Debra Throughway Apt. 935, Port Amanda, DC 80025",2024-08-29 07:47:16
5de09482-1e10-4be6-b782-89adbf1b685e,Monica Johnson,ncurtis@example.net,358.330.6484,"356 Paul Inlet, Josephchester, SC 76032",2024-08-10 20:57:55
1932e24f-991f-4647-80a7-d7ecbeb42f22,Joshua Orr,ronaldrichards@example.com,001-747-418-4233,"690 Pratt River Suite 977, New Tiffanyberg, IL 81529",2024-09-05 18:05:03
eeb66f3f-3fbe-4faa-8f20-6ba39302c6b8,Dawn Trujillo,rballard@example.net,+1-449-347-2308,"Unit 3163 Box 9959, DPO AE 52756",2025-10-31 20:29:26
fdb4ca6c-6c10-4a9b-8dbf-c701c2d9553c,Matthew Rogers,eugeneramirez@example.org,001-355-632-4930x3667,"4224 Wright Meadow, Roystad, PW 56730",2025-01-24 04:19:29
7db3479d-8adf-4dc0-b786-25dfdc4b742b,Rodney Miller,showard@example.org,+1-981-756-5994x4061,"42764 Snow Street, East Michael, CA 61940",2025-03-12 12:59:25
c57a19eb-c323-4efb-908c-788f4001025a,Larry Jimenez,anthony35@example.net,+1-428-448-7123x347,"169 Jamie Row, Lake Jackie, MI 92336",2025-11-30 06:45:25
887e28d3-ee92-4def-8e9c-9a1165012175,Haley Strickland,lindacollins@example.org,001-289-736-6335x20994,"USNV Snyder, FPO AA 63487",2025-08-03 08:51:12
87e987ad-5ed8-45bd-a446-ffdf67a2c4dc,Frank Rodriguez,williamstaylor@example.net,2576114157,"52552 Hawkins Tunnel Apt. 226, East Amber, NV 92059",2024-06-30 14:20:50
018e6ff0-b1f8-402c-8f14-2e944dbaec6e,Debbie Lewis,johnsonmarilyn@example.net,(618)528-0254x2321,"276 Campos Ferry, Leonberg, KS 59501",2024-09-19 10:45:50
72c412c0-4799-442c-8891-61cae4a4dbec,John Hamilton,charlesparrish@example.org,899-406-2799x646,"69427 Kenneth Views Apt. 373, Nicholsside, CO 78687",2026-03-18 19:24:52
4de7355d-8e5c-4cd6-9888-b1608cc59ff3,John Turner,rubennolan@example.com,579.483.6091,"17196 Brown Summit, Port Vanessa, NE 30632",2025-09-07 15:14:13
406748bc-6215-4c9c-bf15-43d4194f4b4c,Kaylee Trujillo,roweelizabeth@example.org,+1-697-721-6123x2008,"12359 Andrew Park, Aguilarshire, DE 26175",2025-01-23 05:35:40
40080530-de32-41bf-acb3-24ab69620b1e,Tammy Jones,ajones@example.org,349.331.9264x39179,"3252 Kerr Point Suite 821, West Andrewfort, ND 84303",2025-03-12 11:24:29
451c5bae-3da4-46b0-9fe0-95d4c5dc4e84,Adam Ware,brittneyhall@example.org,001-246-773-4441,"156 Rebecca Camp, Oliverburgh, NV 78803",2025-08-05 05:37:40
8972fecc-fcd8-4e6f-beba-70d32a2f9049,James Green,martinjoshua@example.org,404-226-6546,"43975 Levine Parkway Suite 963, Christyborough, AZ 67705",2025-03-30 14:28:37
848a8479-9418-4736-9b42-b2434e9c51ff,Logan Lee,orozcocynthia@example.org,528-853-8026,"320 Jorge Lake Suite 385, Veronicamouth, CA 22256",2026-04-29 14:14:45
3df4e195-590c-4274-a214-8af8558688cb,Karl Mcgee,lisasantos@example.net,8908723985,"895 Erica Loop, Katieport, IA 68694",2025-12-26 16:55:22
ac192a02-97f2-42ec-9aa9-db9645a7bd81,Jessica Jimenez,chaynes@example.net,988.466.5130,"5638 Snow Bypass, East Jennifermouth, CO 34722",2026-01-12 05:24:45
390cf93c-9830-4d32-8ecf-00ad471d7e15,Kevin Braun,peggy98@example.com,(432)258-5728,"833 Jason Ridges Apt. 288, West Phillip, CO 84991",2025-07-14 14:26:39
40dbe8b7-8c53-4142-87ff-214bd4ba7f2c,Michael Jennings,desiree59@example.org,(479)903-3496x9555,"88961 Jones Ford, Cynthiabury, OH 34040",2025-09-29 01:24:22
6d098acc-7f40-4edb-b378-0ec115e4a013,Nathan Jones,scombs@example.com,643.376.1848x4874,"460 Christopher Motorway Suite 392, West Amandahaven, MA 51137",2025-07-09 21:23:53
75499b07-d0cf-4179-82a2-b14e8eb0abcd,Robert Norton,hansenbradley@example.com,516.328.9889x42898,"5603 Jeffery Valleys, West Jeff, MA 86510",2024-09-16 22:38:21
f9dbd60a-4349-4ac2-9603-a21a636ed678,Sabrina Nunez,katherine64@example.org,+1-882-230-9113x09751,"9656 Barbara Ville Apt. 753, Tamaramouth, RI 97394",2025-03-25 16:07:49
a4c2aa05-5abe-4d7c-82f0-ad1b43e0237e,Donald Nguyen,imcdowell@example.org,(311)972-3134,"6882 Andrews Village, Sarahmouth, RI 69497",2026-02-14 11:38:50
f677a789-0a67-4bba-9133-8d26eb18db12,Jason Maldonado,cobbwilliam@example.net,+1-890-979-8247x9760,"46318 Harper Shore Apt. 624, South Nicoleville, NV 63391",2025-10-01 10:49:10
738f6175-8a6f-4abd-923b-08ea91bec9dd,Miss Nicole Simmons DDS,benderandrew@example.net,7202099758,"9434 Shelley Wells Suite 557, Jamesville, SC 91405",2025-01-17 08:17:49
aae8f410-c664-4197-b7a3-e43f0200663f,Gregory Ford,rowlandmichelle@example.net,(812)200-7957x742,"7163 Jennifer Courts Apt. 192, Lucasview, WV 53560",2026-04-26 04:49:21
b1a38002-a894-4e0f-9144-f8c11af841f7,Melvin Lee,justin80@example.net,(909)809-1835x1237,"685 Martin Circle, Port Mitchellchester, FM 56602",2024-08-21 03:15:57
f69f2c5f-cd63-44ea-b9c7-a2603ae0a53d,Jeremy Miller,matthewmcdaniel@example.com,(431)712-8079x08932,"9158 Washington Wells, Hernandezview, DE 30477",2025-04-04 13:34:04
3d9bcefa-701c-42e8-a9c8-93328f00586a,Lacey Taylor,mariajordan@example.com,001-619-713-3040x622,"931 Cassandra Isle Apt. 396, Williamsmouth, NM 14162",2025-11-13 16:04:22
8b81ed8a-ca20-4c2f-857b-cd12d0e58340,Sandra Gray DVM,roykrause@example.com,001-397-851-2562x6350,"2662 Ortiz Mountains, Kramerland, AL 66450",2024-08-03 06:38:05
37d355d2-27f6-47d3-9497-2f216b57e55a,Barbara Vazquez,mary22@example.com,4893766409,"270 Brendan Underpass Suite 719, New Joelshire, OR 88764",2025-10-07 06:08:02
92ef4ac5-d453-4c46-8d54-988f5a74de77,Thomas Robinson,jonescolleen@example.net,001-476-779-7622x5093,"26685 Cross Branch, Kimfurt, WA 65568",2025-07-31 05:19:56
7a165c9e-db03-46f7-be02-46925e8f2ee9,Michelle Martinez,stephanie77@example.org,(838)645-1140x75762,"2022 Adrienne Harbors, Jasonport, OR 08021",2025-04-06 21:28:08
2c9c77b7-5512-423d-9975-730644bb968f,James Holder,stephaniecooper@example.org,+1-367-988-4711x8315,"152 Jennifer Forest Suite 642, New Annaside, GU 07541",2024-12-13 03:27:26
e468f928-ca6e-4c75-a970-a7440d03b269,Terry Forbes,jacksoncynthia@example.org,752-379-5850x1524,"30675 Harris Lock Apt. 038, Lake Brittanyshire, ID 34473",2024-09-14 11:51:31
2cef400d-b2d8-430a-b297-4d9f88cbfaab,Tiffany Reed,robinpennington@example.net,001-205-550-3790,"862 Rowe Villages, Velasquezmouth, SD 36568",2025-05-19 15:48:37
810c0668-afe2-4b82-98d5-9f181ff906a6,Katherine Pacheco,stephaniehester@example.org,290.841.8934,"03963 Dunlap Gardens, Simmonsview, PA 12615",2025-05-13 15:57:12
b2ddf41e-c1ef-468d-9813-b51786210ffa,Nathan Walker DDS,kaitlyn79@example.net,2037108864,"USCGC Smith, FPO AE 81034",2025-07-19 11:27:56
2027e391-5a08-4c4e-95ca-3b9ba3900934,Tara Jones,brandon50@example.com,988.884.0425x63459,"0341 Carl Plain Apt. 463, Port Rodneyton, VA 61167",2025-04-05 18:16:38
822dff5c-f6ec-446b-85d3-18fab3e33104,Tiffany Cochran,lwilson@example.net,(562)353-4135x880,"343 Ernest Centers Suite 459, Mezamouth, HI 97097",2025-11-04 00:10:33
fe09a898-9704-4a40-8e3c-a116ee8688e7,Andrew Thompson,allenleslie@example.net,(281)338-6336,"20014 Norma Harbors, Port Carolland, OH 80531",2026-02-06 14:55:56
d2f96b7a-5c4c-4044-bf3b-2feeb6811dcb,Vanessa Ashley,heather31@example.com,228.559.0450,"PSC 2490, Box 7895, APO AP 61757",2025-06-23 23:47:49
eeb06019-34c7-43ff-9afd-84c8d856459d,Lisa Hall,ugibson@example.net,+1-607-343-9348,"6344 Cassandra Lakes, West Brian, ND 42355",2025-03-30 21:48:10
6bcbe9f9-1ed6-48d0-9f5a-3610049a4f70,Erin Campbell,dpatrick@example.org,+1-707-648-2380x31299,"67033 Todd Square, Jennifermouth, IL 54092",2025-12-14 21:05:37
3ce53c8d-6d34-4131-843b-23c30868442a,Charles Williams,wkim@example.com,667.683.8330x481,"89400 Kelly Courts Suite 018, North Jennifermouth, IL 45285",2024-11-08 12:56:25
d10be68a-c9da-4188-ae2c-f0282cd5cce3,Kelly Graham DVM,jillian87@example.net,001-810-257-9336x993,"718 Daniel Skyway Apt. 898, Hannahborough, ME 10653",2025-05-23 22:02:22
a875eefc-0990-468c-a7b4-977ff255942b,Renee Mason,richardsoncarol@example.com,+1-763-777-6656x6612,"116 Jennifer Plains, South Melissaberg, MA 74202",2025-01-10 08:28:40
d404500b-13cb-4473-b2e4-1de30198514b,Jessica Greene,kwilliams@example.org,+1-509-917-8983x9899,"0690 Ivan Crossing Suite 135, Ryanton, DE 45322",2024-08-21 01:57:31
afd03146-2b27-45c8-864f-166b13ea1654,Trevor Mcfarland,connor48@example.com,+1-477-453-0894x3470,"82962 Benson Isle Suite 201, New Michaelville, AR 31803",2024-11-22 18:35:32
3924155f-b6e8-4151-907b-b48e9efb271c,Angelica Hill,lopezchristina@example.org,+1-673-964-6682x58074,"559 Jerry Cliffs Suite 440, Nelsonborough, VI 49177",2025-07-31 19:26:21
266177e9-a38c-43d9-a982-ec8c58d050b2,Veronica Williams,diane94@example.com,(583)459-6937x6170,"53897 Ware Shoal Apt. 940, Lloydshire, MO 83374",2025-12-21 16:01:44
595178ae-8005-4d56-96b1-408a0f3bcaa3,Rebecca Collins,mcdanielmark@example.net,326.377.5099,"897 Adriana Ports Apt. 659, Willieton, KS 64344",2024-09-29 05:05:30
d66f7e21-6c82-4c8b-984d-729a1e8ba04c,Chad Bauer,olsonjohn@example.org,702.585.1628,"55227 Gregory Squares, Mooreshire, MH 58493",2024-11-16 14:10:27
1747d30d-d63e-46ba-8374-525d3b0f78f8,Nathan Nunez,toddjones@example.net,+1-253-788-1244,"83289 Michael Passage, Michaelfort, AL 51172",2024-06-27 07:54:04
f127a471-ed3e-4c53-ba25-74bd5f1dcc37,Gina Kelly,mcbridecrystal@example.com,(752)739-5087x793,"7988 Ferguson Forks Apt. 110, East Lisa, HI 47104",2026-02-23 04:28:41
bfd3b321-d1c0-48a1-ac21-44686d50cd59,Stephen Gibbs,tbryant@example.org,769-325-2008x4429,"502 Rachel Groves, Joshuaburgh, CO 51998",2025-12-31 18:44:31
fa76a44b-0ed3-437c-a32c-6f255bf7ca1c,Candace Williams,jordan56@example.net,+1-265-219-0935x391,"5270 Romero Rest Apt. 960, Patriciafort, OR 44812",2024-07-31 23:36:22
6c20213d-530f-4e54-8e2a-6dd5b611125d,Elizabeth Wise,annegreene@example.org,+1-356-747-2050x177,"11492 Carter Estate Apt. 136, East Bryanside, SD 98725",2024-09-15 23:45:26
b3a3e34e-ca4d-4472-951b-a8ce6a005cbb,Rachel Green,michaeltaylor@example.org,888-220-6441x390,"PSC 2243, Box 1403, APO AA 64652",2025-03-14 09:16:55
c538a963-3295-428a-8e84-c9e96a119cb8,Sergio Chung,jeanne15@example.org,454-877-9253x90072,"3882 Garza Plaza, Lake Michaelhaven, NV 36900",2025-08-28 20:45:21
e3387c1f-06b7-498b-a696-3a843215470a,Kevin Reilly MD,arnoldgeoffrey@example.org,001-973-466-3776,"1648 Chad Street Apt. 710, New Davidstad, KY 09663",2026-02-08 14:07:01
2f3813cd-93b3-4c2a-b406-65b6ebb863b0,Brenda Clark,gerald95@example.net,413.471.7385,"5482 Flores Villages Suite 610, East Kevin, IN 47503",2024-05-26 02:11:59
5c956fe1-b514-45e1-b325-51354e8dbc6d,Kathleen Smith,michaelwatts@example.com,886-204-6253x4273,"878 Lisa Well Apt. 372, Kaylaburgh, TN 61762",2025-05-29 05:23:27
b300aa9e-9b2a-4522-8208-bdc855378578,Maria Delacruz MD,brian00@example.com,(538)419-2748,"99522 Tommy Square Apt. 818, Kiddmouth, AS 24685",2025-11-27 23:19:15
f8bdcec2-527d-414c-9939-3108096cc160,Jessica Fitzpatrick,victoria37@example.net,874-860-5805x16536,"16045 Nichole Skyway, Lake Kaylaborough, HI 27317",2024-07-08 23:52:16
cb4a41e4-eb15-4492-99a0-99c8ee9c2879,Bruce Hutchinson PhD,apatel@example.org,(955)529-8385x52333,"USNS Powell, FPO AE 33980",2026-01-28 08:19:43
676c0006-7732-4b37-b57a-a17b14802fd1,Eric Thomas,njames@example.com,744-790-4458x1358,"Unit 1482 Box 6681, DPO AE 29042",2026-04-26 08:29:24
11d4eadc-f694-479f-80f0-b52c801c798f,Virginia Kemp,dorothy07@example.com,4357054892,"685 Sean Turnpike, Donnabury, MN 04666",2025-05-01 04:15:46
a7256163-676d-4505-8a65-e4bad2560f17,Amanda Wilson,sarah83@example.com,+1-974-925-7122x032,"143 Smith Port, West Emilyburgh, AK 84658",2025-12-16 19:44:29
819b3642-056c-4a9e-b791-d40b5633e1c8,Nicole Carrillo,ginalewis@example.com,(801)470-7701x3283,"5833 Charles Ports, Hannahville, AL 87810",2026-02-15 13:46:39
5b088693-ce13-44e2-874e-5df596fc163a,Valerie Phillips,donna37@example.net,+1-607-961-1589x65026,"07817 Keith Islands, Annettechester, MS 35871",2024-12-16 19:28:48
c8530296-ad8a-4425-866b-c01531d16538,Carolyn Espinoza,jameskeller@example.com,(394)347-6644,"6553 Hicks Mill Suite 896, Lake Anthonyton, MN 81862",2025-05-27 09:09:23
40b7fb2d-dfa6-4b57-999f-17e6a2cc0562,Kelly Hunter DVM,qwilliams@example.org,001-430-584-2676x99900,"7854 Riley Port, East Stacyside, NJ 04233",2026-04-05 12:03:55
0cbd5440-bb0c-429f-a678-6464a4019643,Brandon Smith,wbell@example.com,408.920.8323x55283,"USCGC Barber, FPO AE 91782",2024-08-11 10:21:13
4137123b-aea9-4526-8e14-b2cc047ea7a7,Linda Franco,christopherharrison@example.net,269-375-0768x935,"034 Carl Bypass Suite 827, East Tina, MP 73172",2025-10-07 18:33:49
2e1d4074-2cc4-490d-a061-053395da93fb,Elizabeth Scott,bullockgloria@example.org,(772)201-4594x560,"6120 Christy Court Apt. 077, Port Hollychester, ND 46385",2024-09-11 18:39:05
c7be0291-5ec8-4310-bebb-eab712b074f8,David Harvey,tammy26@example.net,(763)472-2936x9668,"16362 Edward Creek Apt. 209, Wallaceberg, UT 98154",2025-08-17 09:34:36
ca2779d8-6b0f-4e88-a38e-fb5d790cbe16,Scott Manning,christinejenkins@example.com,475.716.2042x798,"9822 Logan Bypass Apt. 825, Griffinside, AL 87312",2024-07-03 17:54:45
15385061-d26c-4b48-9854-363e5a498a58,Nicholas Gonzales,orivera@example.org,001-293-441-8308x9584,"912 Summers Light, Leonardhaven, DE 81883",2025-04-17 13:43:58
e8b6c65b-3027-47e7-a91a-a4fa6dd3abd1,Cynthia Schmidt,karen93@example.net,948-922-0812x2940,"066 Patricia Summit, Christinaberg, MA 42942",2024-09-22 19:18:42
60080bfd-9833-418c-94d4-4be0b889c74a,Amber Smith,hfrancis@example.org,8964395927,"92565 Alexis Ports Suite 389, Seanville, NE 21261",2024-06-01 19:35:38
969a3102-ea78-40e7-b40e-d531595115e3,Jacqueline Roberts,sharris@example.org,337-305-2663x60026,"223 Alexander Meadow Suite 037, Lake Vanessa, SC 01490",2024-08-07 09:14:35
f529f1d5-05b4-4a0f-8574-6cb9ba823712,Carlos Flores,williamsrobert@example.org,899-267-4473x94157,"306 Allen Fall, Port Melanieville, SD 66240",2025-04-20 04:40:57
a3b690cd-28e7-4e67-8225-34c2d236c296,Scott Taylor,taylordouglas@example.org,+1-660-333-6674x419,"9014 Jack Ports, West Davidfurt, VA 33715",2025-05-27 11:31:38
27f737ce-f247-4c2f-96da-857ba7e1440b,Jennifer Scott,lisaford@example.org,(242)904-8965x942,"98694 Hicks Mount, Watsonfort, NV 95264",2025-08-13 21:57:50
e88263b8-3fcd-4560-a51c-4462a4d56b95,Kevin Cook,jacksonkyle@example.org,358-823-6847x882,"607 Larry Drive, North Dylanbury, TX 35814",2024-05-17 17:38:53
00d7cd4e-9dba-4923-bd07-f3133a211eec,Valerie Caldwell,beth01@example.org,001-234-922-1846x715,"80600 Thomas Mall Suite 500, Patelville, HI 00844",2026-04-28 21:21:39
72d447ac-5bbc-4225-b8ba-1f3547f25412,Katherine Rodriguez,elizabeth03@example.net,693.796.0644x74095,"825 Paul Street Apt. 060, Martinbury, FM 97523",2024-11-13 20:28:29
ae5635d8-f0b7-4cdb-9d1c-ecf992d28548,Sarah Guzman,ucannon@example.com,685-486-5770x752,"97678 Brewer Prairie Apt. 702, Lake Mitchell, VT 25407",2024-11-11 09:42:48
69993c99-66e3-461c-bad5-4c5fdc49189c,Tiffany Kane,steelemelinda@example.org,(449)393-4321x765,"USNV Garcia, FPO AA 73883",2025-03-26 01:07:12
7442ae3f-68fe-4e61-9b5f-1f65b5debc81,Gabrielle Garcia,vfriedman@example.org,310.827.5908x72952,"50840 Jones Branch, Lisahaven, ME 62498",2025-05-16 18:27:35
4833a340-399b-469b-a806-b924eb967a35,Amanda Taylor,collinsmichael@example.net,001-762-573-6609x43035,"98734 Johnson Port, Adamsfurt, VA 57754",2025-09-30 19:53:57
0259b28b-a286-455a-bb95-597aab815eac,Kelly Lee,contreraspaul@example.org,+1-429-702-1894x9582,"Unit 2578 Box 5497, DPO AP 06095",2024-11-08 21:28:16
c732e56a-a4c5-43a7-ac8e-7817a2637d7c,Kevin Flores,kylie53@example.com,2062945794,"049 Jocelyn Bridge Suite 636, Jesseberg, WV 20180",2025-11-30 16:34:34
1c2566ab-111e-46af-826e-7071df0f54e1,Ruben Brady,williamsrebecca@example.com,(864)210-2959x67248,"9016 Byrd Skyway Apt. 922, North Katelyn, KS 36250",2025-09-23 06:53:25
59aae8f4-e0b6-40d7-955d-0fe14f5990c7,Christina Santiago,jordanmatthew@example.com,(702)506-9251x621,"1611 Conner Corner Apt. 554, West Tanner, LA 06709",2024-07-21 03:36:04
2fa2b728-2c5c-420c-b298-0a27fe931510,Christopher Conway,fergusonjessica@example.com,(444)686-0296x749,"445 Traci Fall Apt. 860, East Leahstad, MI 21754",2024-06-15 01:16:52
7e26a5f1-2198-4364-94ee-77d68ad116ce,Charles Maldonado,bgonzalez@example.org,422.858.4313x5574,"627 Stacy Dale, Justinview, AL 16884",2025-06-18 15:25:09
2d39bbe6-7129-48d3-b497-0adaac4ceee2,Cynthia Hayes,lcasey@example.net,001-537-556-2353,"886 Mark Shoal Suite 298, West Lauraburgh, NM 60134",2025-03-05 04:34:20
1a5f6451-0348-4133-b26d-cb6f5252f8a0,Michelle Mcdaniel,michaelduncan@example.com,+1-353-650-9375x4593,"829 Gloria Crossroad Apt. 174, East Samanthafurt, CA 03852",2025-12-13 03:45:31
2b80f835-44cb-420d-87b7-7e378d4cb79a,Michael Ramirez,delacruzcharles@example.org,774-597-0275,"86759 Vickie Skyway Apt. 544, Torresville, RI 30436",2024-09-29 00:35:33
69619ec8-97e5-4206-ab7b-9852f0c91dfa,Patrick Davis,pdavid@example.org,609.845.3315,"18286 Tyler Courts, Santosfort, OK 21999",2025-06-07 04:23:20
0383dac3-e1c7-436b-8e79-1cacbedb1077,Michelle Hogan,gclark@example.net,001-429-991-4352,"90028 Mathew Street, West Tracyland, AL 72406",2025-09-26 21:06:52
27138a04-ba02-4a04-a7e4-22195c439bcd,Angela Hunt,nathanwilson@example.net,233-974-7020x9579,"USNV Park, FPO AE 88927",2026-04-01 02:21:25
6c0c2d97-2f10-4a9d-98f3-a71b4921373d,Mr. Leonard Marshall II,cfranklin@example.org,(557)608-0201x531,"00498 David Corners Suite 755, Annside, CO 08380",2025-09-12 13:57:05
0a47430a-79b6-4fc7-bb0e-da64c7602560,Douglas Murphy,christian81@example.org,+1-506-946-5504x5286,"8548 David Isle, East Daniel, AZ 83752",2025-08-17 21:13:25
7f65fc4f-1502-4a3d-82e6-1045d17bb6cb,Kari Green,elizabethgomez@example.net,(965)241-3858x455,"Unit 5978 Box 5924, DPO AE 73057",2025-06-28 08:10:09
3660379e-d3f1-45fb-b854-1cf96e70b537,Ms. Amber Graham,velazquezrachel@example.net,375.731.7489x4560,"52903 Kramer Radial Apt. 341, Hallfort, FL 25180",2025-11-15 15:14:43
f7361a52-45bf-4d0d-ad5b-83fab254de53,Monica Vargas,garnermary@example.net,564.239.3730,"4190 Johnson Manor, Millerside, MP 14656",2024-10-11 20:33:13
c1abac41-539d-4584-b131-1bed5be311b9,Deanna Wong,halljennifer@example.org,949-300-2442x5872,"53491 Garcia River Apt. 087, Andrewmouth, NM 01163",2025-06-10 02:13:12
a7be768d-e176-439d-b726-23ba3684b000,Troy Romero,gonzalezmatthew@example.org,001-976-730-6920,"237 Hannah Shore, South Erica, DE 09877",2025-08-15 16:54:51
0a50402b-128a-49b1-93d3-2380ac64e774,Jenna Dominguez,martinezhannah@example.com,001-761-867-6229x2702,"4197 Campbell Junctions Apt. 802, East Robertchester, AS 58555",2025-06-19 20:27:23
b591975c-e7bb-45a8-bc82-b402a7cda0ed,Renee Schneider,douglas05@example.org,(906)429-1567,"1646 Adam Trail, Johnsonborough, GU 62011",2024-05-11 10:27:31
68788b3b-334e-4715-badf-088667c4a5e6,Jennifer Adams,katie01@example.com,001-818-338-9063,"06107 Branch Creek Apt. 234, East Bradleyburgh, IN 15436",2025-01-07 04:13:06
eb76af5c-37fa-4e1c-8f9a-b26fb8371a73,Paul Johnson,plewis@example.org,782.586.8617,"6558 Davis Forest Apt. 823, Port Roseview, AZ 16581",2024-12-28 21:01:24
de010a14-f89a-4f66-affb-1aa8245e01c4,Donald Martin,jack02@example.com,(637)481-7602x7930,"47386 Barry Road, Lake Nathanport, VI 83788",2025-12-01 23:13:18
4e26e799-c90b-47f3-adf3-db10bd814264,Nichole Harding,tanya04@example.org,950-427-2753x925,"34591 Patrick Fields, Port Emilymouth, GA 57635",2024-06-14 03:53:54
e2aae2f5-9aa6-43cc-b576-f04cc27e7298,Brian Phelps,oscarleach@example.net,001-814-714-6280x519,"9913 Gary Ferry, Conwaytown, AK 81312",2024-06-20 13:26:17
49ad52b3-bd61-4489-b481-c07ae47fc25b,Paul Williams III,bailey32@example.org,273-354-3772,"PSC 0583, Box 2328, APO AE 29504",2025-01-15 22:27:31
a64718a9-1714-4279-b515-ead2186b5d97,Marcus Thomas,howardtiffany@example.net,001-488-952-2243x7243,"273 Woodward Corner, Michaelfurt, MT 12380",2025-06-20 19:07:43
dbf36c3d-3299-4c76-82b4-5a33a25b5b22,Dr. John Quinn,pwright@example.com,240-292-7865x21341,"653 Michael Overpass, Lake Steveville, OH 19267",2024-12-12 12:56:31
c064d0c2-870f-4fc0-af48-542bc7725cc3,Christina Arellano,teresa10@example.com,552.666.4463x108,"67061 Sanchez Loaf Suite 464, Lake Kathleen, IL 44788",2025-10-18 10:53:09
7defe85e-3f79-4cfa-9cd7-d0e7691a67a3,Henry Scott,qwyatt@example.net,439-403-4362x8678,"0594 Matthews Mission, East Jameschester, NC 11586",2024-09-02 15:53:19
bc5dd3ee-23e3-4aa4-b0ef-573e83dcc639,Ricardo Lam,thomasnguyen@example.net,436-518-2740,"28122 Thompson Village Apt. 221, New Charles, NY 92369",2024-06-05 04:34:24
0a37efce-0616-4fb2-afae-a316c62440a6,Daniel Hodges,joshuaballard@example.com,711.968.1556x7458,"822 Veronica Turnpike Suite 420, North Jeffreyfurt, NY 13163",2026-02-28 11:58:55
db912e24-00a8-46d9-9ec7-7670c5dbf9c4,Joshua Collins,stevenduarte@example.org,(219)828-8637x152,"0358 Donna Lodge Suite 575, Anneview, MP 75054",2026-03-30 08:49:03
02cf1a3d-0e71-4e56-9103-36fee1ebeec3,Heather May,conniecook@example.org,841-261-9793,"828 Diane Cove Suite 826, West Danielbury, MP 88053",2026-01-26 10:13:54
41d40c28-887c-4a20-8350-cfec7ff27eec,Brooke Wagner,dbenjamin@example.com,+1-757-838-0283x0656,"28088 Santiago Fall Suite 330, South Ronaldview, VI 16955",2025-02-14 16:12:56
8bf40654-f103-4ec9-8f03-c6730ddcdd6e,Joshua Young,llong@example.com,001-594-860-8855x81953,"4906 Amber Spring, South Jason, UT 18317",2024-06-17 12:16:48
5dc9b487-3874-4593-a5d9-8f5321949bf8,Justin Murray,timothy74@example.org,(667)441-5125,"597 Lee Stream, Rosalesfurt, IA 61522",2024-08-07 06:55:15
af6d7aca-5f3e-4a92-9fa1-0c4ac1b84dfa,Karen Adams,shepherdjessica@example.org,7919698937,"8545 Salazar Islands Suite 456, New Bradley, CT 96864",2026-03-16 20:46:00
c6908e08-2181-4de5-8b16-5cf9e5c7706b,Elizabeth Chandler DDS,lanesean@example.com,001-671-409-9015x21398,"830 Brittney Spur, North Kristen, OR 47929",2025-07-18 10:05:37
7ad9c8cf-a2d9-4a54-9932-3f638c9c1eeb,Amber Hughes,chase18@example.net,261.708.0446x83623,"48938 Bowman Radial, Port Jennifer, VT 72293",2025-04-04 23:32:21
6a8c4b20-e24c-48d9-8c43-2a0f8686df4a,Taylor Powell,stephenbarnes@example.net,639.670.9731,"4726 Darrell Drive, Port Timothyport, MT 02765",2024-12-24 08:16:59
34cc0d5b-b5db-4183-9bf9-9c8e830eb6c3,Angela Rodgers,gabriela69@example.org,9533578946,"2095 Davis Lights Suite 679, Johnmouth, AL 65100",2025-09-03 04:36:15
a7341141-8c24-4578-96b3-c375b1bb5012,Brittany Gibson,websterjerry@example.net,676-624-2503,"9342 Thompson Hollow, Candiceside, SC 29448",2025-02-15 12:52:00
ff6b73d8-3ecb-4909-9277-92904d35a9ed,John Blackwell,abuck@example.com,(841)515-4402,"Unit 4441 Box 0170, DPO AP 16272",2026-01-14 18:17:14
db94d015-a463-4132-abf0-5e12c52d041a,Christina Chandler,lance25@example.com,601-489-3998,"3244 Joy Summit Apt. 502, Gloriaburgh, CO 51319",2026-02-10 10:49:22
cade6390-a363-484a-86bd-aff32a70e4ee,Ryan Glover,joshuagarcia@example.org,001-668-253-2121x71959,"64626 Mitchell Wall Suite 461, Benitezstad, ME 46505",2025-05-06 17:13:58
f177bc31-25eb-4685-8e16-5af1c5306141,David Black,davidthompson@example.org,546-221-2975x6542,"615 Parks Forks Apt. 722, Watsonborough, FL 56534",2025-04-29 19:03:48
57aa821d-e080-4cc3-afbf-10f63c0993bd,Sharon Arias,zdavis@example.com,001-899-714-3164x6977,"461 Patrick Unions Apt. 169, New Jonathanberg, TN 14597",2024-09-11 17:16:44
5b089f5d-7253-4eb5-af78-3f1c6dcb7a2f,Paul Herring,robertsharp@example.com,001-617-684-8840x8690,"015 Brian Oval Apt. 276, Richardfurt, CO 14578",2025-09-01 09:56:35
acecd426-0692-4a7e-81fb-6f0a1737e0f0,Jennifer Vaughn,lmitchell@example.org,+1-684-785-7858x87141,"948 Brandon Ville, Katrinamouth, PA 63815",2025-11-22 15:22:11
c6d3d998-2fef-470e-8bf8-c47e3db03354,Keith Fields,lrose@example.com,(444)611-0094,"1185 Jennifer Shoals Suite 744, North Scottbury, VT 75269",2024-06-28 05:04:51
02aecac1-8172-4cc6-bbac-c547e31901e3,Cassandra Johnson,hhogan@example.net,(820)881-6057x33965,"95640 James Well, Port Williamton, IL 74412",2025-11-21 06:20:53
eea71bb1-f26a-4bd7-bfe9-ca3369e4a59a,Mark Watson,devin27@example.com,(647)820-3751x108,"0954 Jennifer Union, South Christopher, MD 44525",2025-12-10 15:30:43
630bfa49-989f-4b25-876b-09f927de0fa7,Benjamin Moreno,holly69@example.org,7126031761,"PSC 4042, Box 0472, APO AE 32657",2025-11-24 04:25:08
4dd5a427-e756-4209-9522-35b9364ebde1,Carlos Spencer,joshua76@example.com,+1-878-506-1231x73946,"36641 Wanda Tunnel Suite 976, East Robertside, OH 87246",2025-10-01 20:41:20
86ad7d91-1211-43c5-949b-ed238275254f,Angela Sanchez,ltucker@example.net,001-679-944-2723x72022,"88330 Friedman Spurs Apt. 987, Jensenfurt, HI 72177",2025-02-28 18:56:23
d64a1854-747c-44e6-b83c-cf0d9737c4bc,Erica Watson,xweaver@example.net,892.544.4952,"119 Briana Lake, New Benjaminmouth, MN 61171",2024-09-23 10:39:15
70f75377-b1a9-4e20-8739-fd282acfd737,Samantha Payne,jenniferchavez@example.org,(243)687-3019,"8228 Smith Throughway, Hayesmouth, MO 88684",2025-07-08 17:08:44
01f5044c-2694-45f7-9c61-ead59d424655,Alicia Morgan,walter48@example.org,(631)753-6395,"1404 Crosby Via, Lake Adam, AK 18430",2025-02-04 07:18:54
dca7f234-dd22-46d4-ad14-48ecf445b3aa,Zachary Cruz,dfigueroa@example.com,+1-511-449-3512x88547,"259 Wolf Burgs, Port Benjaminborough, MI 28890",2025-02-21 08:23:48
d1f81b21-85d1-4591-a929-f0908055473c,James Smith,stephen23@example.net,938.677.3016x237,"04279 Roger Fork, East Tiffany, WA 99623",2024-12-04 16:22:11
bfbb92f5-dbbe-45a4-a1ba-0cc16e9fb6de,Amy Vazquez,obarnett@example.com,9158393899,"90809 Manning Key Suite 692, Lake Lisahaven, SC 63551",2026-04-02 03:44:08
cbd4b4ed-437c-4df1-a010-d6aaa3320bef,Cindy Dodson,jonathan17@example.com,(550)644-7495,"2795 Shelton Court, Stricklandburgh, PW 42272",2025-02-22 19:48:14
1abb3b2d-9ba2-4c2b-977b-ffda63da7ca2,Gregory Parker,bmora@example.com,+1-553-991-1446x302,"95402 Daniel Ports Apt. 103, South Donaldshire, CT 25036",2025-01-13 02:09:07
1eedc126-53a7-4f1d-a9b0-f04bf76bd78d,Kathleen Holt,ashley64@example.net,(913)844-4916,"8853 Christopher Way, Cooperbury, AS 61651",2024-08-15 09:32:14
9e53e549-a3ac-43aa-b923-8401eef9e7ac,David Nolan,mitchellapril@example.net,906-679-9862,"76550 Veronica Mountains, Darinland, CO 09962",2026-04-04 10:27:10
333fa6cb-e8e6-4cbe-a6a3-20e5387c0e69,Jonathan Graham,brooke51@example.net,5078819945,"4601 Morgan Corner Suite 114, Cameronhaven, WY 40465",2025-06-16 13:13:12
d3f46e5a-d240-4f84-8704-20c9039a5794,Nathan Figueroa,teresachandler@example.net,7297738807,"768 Malone Plains Apt. 275, Lake Johnfort, SD 73100",2024-08-04 00:47:00
0de27865-d59b-4660-bf15-f8962a8aaaa0,Kyle Jimenez,andreacooper@example.com,(477)286-7908,"90864 Dawn Roads Suite 739, Steelemouth, WI 65069",2024-09-22 13:19:46
84480e37-b4f0-422b-a918-51d1a693e3a5,Richard Castillo,alyssa84@example.net,+1-989-240-2198x4648,"430 Rodriguez Fields, Jessicaville, NY 16511",2025-01-12 18:24:12
4c00cf3c-99a8-4013-9d05-b3ee912f8922,Chad Moyer,debrarhodes@example.org,977.217.6521,"81236 Mary Ville, North Robert, CT 47936",2025-10-30 08:33:37
86dd2553-2151-4e13-b495-1159940b775b,Abigail Stout,cfrazier@example.net,251.648.2823x3571,"457 Joseph Spurs, Ballport, AS 85260",2026-04-28 17:19:00
9c4263e6-54ca-4a15-b589-9019d06a6b6d,Timothy Chan,anthony37@example.com,001-802-420-3139x7076,"54008 Andrew Streets Apt. 741, Port Carlaview, NY 61303",2025-05-29 03:52:28
58660a80-e410-4096-8d3d-1818b4eaad5c,William Mercado,haleywalker@example.org,443.765.0290,"165 Lewis Roads Apt. 176, East Ambertown, IA 00738",2024-05-27 19:32:19
a3388ee2-2218-40c8-a5b5-2740b2f350d7,Jasmine Gilbert,xshepherd@example.net,420.361.4491x4280,"762 Scott Mews, Katherinefurt, ME 66117",2024-12-19 20:41:26
0fdd056d-5746-45c2-a99a-2d2eeec2c2db,Mason Massey IV,andrew76@example.org,762.350.7607x0654,"92231 Clark Ports Suite 559, Edwintown, TX 16687",2024-07-31 03:30:08
198360c7-8185-4aef-8417-7dfafc846dac,Madison Morris,william77@example.net,+1-422-829-7029,"08370 Green Spurs, Port Robert, CT 98687",2026-04-01 01:06:25
bedd58f2-d04a-4ec8-bf03-9a854a4c6655,Stephanie Bauer,elizabeth36@example.com,(587)840-0624,"16844 Tasha Corner, South Ashleyside, MN 96789",2024-12-01 00:29:44
fec5657d-0b44-4c06-ae79-13989c8f56ab,Leah Powell,robinsonwalter@example.com,+1-947-468-9708,"5227 Duarte Causeway Apt. 513, South Jenniferport, WA 63483",2025-01-03 19:07:02
64b40744-8244-4e9d-b337-846be28376b1,Dylan Wagner,rrodriguez@example.net,2766802342,"277 Matthews Station Suite 685, Wardton, ME 33898",2024-08-07 19:12:16
9f9ad725-18d1-44a4-b85a-008e83d054c6,Shannon Duncan,ewatkins@example.com,837.210.2616x9939,"9807 Jones Spur, Seanborough, OK 19307",2025-08-30 17:02:55
c2060588-b2c0-4323-8a6e-47baf9bf415d,Melinda Moreno,justin11@example.net,001-405-508-2253x864,"418 Mark Vista, Solisberg, OK 65506",2025-03-08 11:29:06
17ae667e-3722-409f-9764-1431407a0c38,Kristen Atkins,nsmith@example.net,001-821-626-8889,"7735 Timothy Port Suite 371, Lake Kylefurt, SC 22067",2025-03-15 19:19:26
897ea1b9-fe92-4996-8f0b-835590be6f31,Sheri Gibson,darrell35@example.org,001-257-389-7913,"116 Richard Square Apt. 236, New James, NY 10935",2024-12-27 11:24:12
8147abac-34db-4f61-88e6-b535321511b4,James White,georgeclarke@example.com,907-939-4959,"63706 Brandi Shore Apt. 885, North Jonathan, VA 16507",2025-02-01 10:39:03
313c5259-e22f-4a57-80ff-17979b5b8bbd,Tammy Webster,kjames@example.com,537.609.0306x25171,"8020 Russo Island Suite 659, South Danaberg, OR 06064",2025-03-14 00:37:40
b77a7e67-a1f4-4643-9ebe-d4e0dda25a40,Nicole Davis,davisangela@example.net,3932073744,"4319 Jose Cape, Juliechester, FL 81032",2025-03-30 11:50:17
c6738fef-0d60-4581-9722-c76554e949a9,Alexander Adkins,hudsonmary@example.com,(739)886-5376,"129 Nicole Turnpike, Millerfurt, PR 19554",2026-04-18 03:39:54
8cccfb86-e304-4f54-a533-db872e195d2c,Marcus Brown,robinsonjennifer@example.net,616-826-1082,"449 James Key, South Susan, DE 39994",2025-12-11 15:28:50
271d354a-5446-470b-8594-b429a0e71bff,Sarah Obrien,lpayne@example.com,(532)362-9944,"4419 Paul Forge Apt. 133, Gregton, NM 75664",2026-04-26 18:14:31
707b23f3-c71a-4e39-b129-58b1ca3bcc41,Linda Vargas,christopherlewis@example.com,+1-790-753-2391x838,"968 Kimberly Cove, Gonzaleztown, MN 31636",2025-02-18 00:18:13
8889af4c-86cf-4d2d-9c21-e6a46a0c7d6f,Michael Edwards,ecaldwell@example.com,(782)478-2989x373,"491 Crystal Villages Apt. 687, South Melissa, AL 18197",2026-02-10 05:50:09
d0f27588-aa1a-49de-b402-41d55ae61d60,Heather Williams MD,zachary50@example.com,+1-711-739-8623x5754,"415 Richardson Extension Apt. 952, Cooktown, CO 50264",2025-11-16 01:59:14
5868725b-644a-47ce-ad38-bb67f8847687,Eric Cooper,douglasdavis@example.org,(859)399-0059x44090,"94886 Greene Dam, East Toniville, WI 06701",2025-10-01 13:05:47
a15f7cf6-9a44-4d08-967f-d74889b4284e,Joseph Hughes,robertandrews@example.org,(262)835-2216x73485,"925 Underwood Branch Suite 412, New Christopherberg, LA 98600",2024-08-09 17:41:56
983918a2-6524-430b-bd32-b9db50b53b98,Logan Smith,mgould@example.net,249-671-2935,"91595 Connor Points Suite 230, South Louis, GU 50656",2025-07-10 16:49:53
50307a14-847e-4948-8e22-db9c9291cb9a,Ashley Young,dianebender@example.com,8698713499,"36068 Hughes Path Apt. 651, Wattschester, FM 28715",2025-09-14 19:12:28
177d4f58-e288-453e-a59e-a850c269411b,Ryan Koch,michellegarcia@example.org,467.483.7128,"1994 Robert Dam, Russochester, IN 13599",2026-02-12 18:45:47
e1fbad8c-38da-4d6d-9820-b945732041fa,Ashley Williamson,paul17@example.com,(426)299-9011x462,"Unit 1982 Box 9183, DPO AA 10619",2025-03-05 22:26:38
11723638-6f7c-4428-ac2b-4bd3fe4df6d6,Ronnie Flores,johnathanpark@example.com,290-993-2933x0425,"602 Pam Port Apt. 514, New Debraberg, NC 60606",2025-03-23 10:46:58
4aa53f4b-a594-4c6c-bc19-ee5c1f04a9fb,Richard Nelson,crystal53@example.org,(718)630-9739x47187,"USS Powell, FPO AA 02677",2026-04-26 09:58:40
a7620df3-d502-4587-ba1e-6ab6e8451562,Pamela Lowe PhD,plamb@example.net,(595)222-1765x21498,"3728 Kyle Square, Ellisberg, ME 36280",2025-09-12 05:18:04
bc99d61c-6212-4ce9-9c13-d7e8e75eb293,Jennifer Gomez,bettymiller@example.net,976.240.1751,"80275 Dawn Row, West Victoriafort, TX 10744",2024-12-27 09:08:26
39f347a8-c39f-4b83-9c48-1f3722fc23e9,Crystal Gould,gibsonashley@example.net,(488)919-0733,"3255 Booth Curve Suite 909, Stacybury, PW 33929",2025-07-07 04:36:33
b1f7b95e-1091-440b-9525-e37dfc6dff5a,Barbara Sims,william12@example.org,001-529-934-4102x0587,"598 Amanda Square, Port Gloria, WV 42768",2025-12-18 11:09:16
9f527433-74fd-408c-93d1-fa8376346a5d,Todd Wang III,rclarke@example.org,720.519.1966x99411,"6352 Amber Rapids, Chambersville, KS 16610",2025-02-27 05:15:15
db24f878-0862-4585-8f14-a580381339f6,Scott Jones,hortonrose@example.net,(808)458-5719,"34709 Jennifer Glen, Robinhaven, CA 09232",2026-02-22 16:20:54
7b203594-92a6-49f0-8c71-d680bd5713fb,Angela Morales,amoon@example.com,(594)327-7509x325,"6987 Chris Pines Suite 721, Phillipsshire, PA 03592",2024-12-16 13:39:19
b63b55c2-c690-4c27-bd9c-4fdc326bf441,Amy Griffin,christinebranch@example.net,227.952.4107,"783 Nathan Plains, Staceyville, MT 18430",2025-01-17 21:26:23
08ceffe5-6147-4f5a-8fb5-71803584b7f7,Jill Wood,jerry21@example.com,945-914-3556,"4792 Karen Flat, Port Barbara, OR 71452",2025-02-14 13:58:12
861a6037-bd2c-4dfc-b060-6c78b7af500b,Sarah Gonzalez,larsenlynn@example.com,771.656.3549,"881 Blankenship Vista Apt. 752, West Janetmouth, VT 83123",2024-05-08 03:38:33
90d28b82-391d-4934-810e-5073d4a59f0a,Cristina Leach,juliejohnson@example.com,+1-565-451-5047x66851,"0575 Daniel Lock, Lake Christianstad, NM 23637",2026-01-01 23:28:39
ff7d85a5-ca92-4a15-bb97-f932855da694,Matthew Thomas,kristentrujillo@example.com,+1-560-479-3523x003,"310 Christine Bypass, Troychester, KY 03485",2025-07-24 17:52:48
02f9392b-8ac9-4dff-8e5c-e8bf49a7d477,Diana Brown,markbowers@example.net,001-705-369-4269x517,"01591 Sara Extension, Kirbyborough, CO 81345",2026-02-11 15:55:34
fe137bec-ed3d-4eb7-8dbd-a02fd99b70bd,Patricia Page,garciamelinda@example.net,756.574.0745,"2254 Ellis Club, Pearsonport, AK 46296",2025-08-22 20:28:39
b854a94a-1fb9-43a1-aeed-6c7bec74ae5f,Brittany Potter,steven16@example.com,(825)994-0764x497,"USNV Nichols, FPO AP 78943",2024-12-17 03:50:39
143b88fd-1cb7-428e-a337-231123c66bca,Denise Boyd MD,rodgerspaul@example.net,705-602-0842x69962,"87377 Patton Stravenue, North Karen, FL 31889",2025-09-12 03:38:45
ed80afd0-b884-459d-a83c-a441e1d512ba,Ross Villarreal,maria86@example.org,531-594-6785,"567 Jeffrey Row, Normanhaven, MI 79597",2024-09-03 02:53:12
7a2e4d06-2c3c-4cf5-b769-e7d4e014e13c,Michael Holt,jonesjohn@example.org,001-214-629-5447,"30845 Suzanne Lodge Suite 464, Coryfort, SD 08740",2025-05-05 01:25:05
c05b89a1-f974-4e24-954d-68afe3723e0e,Maria Bishop,michael91@example.net,260-537-6839,"32426 Payne Square Suite 346, East Brentport, VT 31043",2025-05-15 22:18:11
3180425e-aaff-4c99-bd55-df9f44986876,Michele Cooper,desireecharles@example.com,997.593.9731x89660,"99309 Williams Stravenue, Sandovalfort, FM 99540",2024-07-06 23:30:18
15517d50-7b57-4c40-bda2-1b83147c38c5,Jaime Michael,natashacraig@example.net,(528)761-7536x485,"299 Wade Creek, Myersfort, CA 45689",2025-03-28 00:28:46
8e7e7dfc-c143-46f5-b920-879844fcfcea,Angie Jones,ann99@example.org,(818)216-4609x2399,"2331 Steven Gardens Apt. 881, South Davidville, NE 90495",2026-01-05 01:09:43
634aceee-6e40-408e-a8e2-1044261f27de,Chelsea Anderson,trodriguez@example.com,+1-316-443-1146x01611,"67485 Mason Lights Apt. 850, North Tomborough, HI 60006",2025-07-25 14:54:53
07a572db-6908-4dbb-a976-4582836e8ebe,Ashlee Mosley,michaeltran@example.net,(529)813-4086,"9221 Gregory Hollow Suite 904, Nicolefurt, MI 65701",2024-10-27 03:45:02
3d2efe8a-0e7c-41e0-9d27-d331e52b8ec4,Stephen Fritz,rachel46@example.com,664.977.2790x758,"297 Benson Brooks, South Richardport, MI 01274",2026-01-11 03:03:03
cd3f4002-2881-47a6-a716-7a1f082e3ffa,Mr. Christopher Farmer MD,michael71@example.net,8647716064,"1703 Nathan Place, Samuelchester, VA 87700",2024-06-14 15:42:14
88013d7c-0a87-4989-9ef9-185d6404d9bc,Travis Willis,ijohnson@example.org,491.202.2710,"58947 Michael Cliffs, East Lynn, MT 43506",2026-03-30 23:12:24
0e419cbb-3196-4253-b79c-0d3614c478f3,Lauren Smith,emilyfrancis@example.net,001-484-212-9633x9219,"8521 Jennifer Mountains, North Derek, ND 91607",2026-02-28 14:51:30
c041af57-aedf-4417-9a9d-ecd57185c6cf,Vanessa Buckley,jeffersonjose@example.com,+1-725-313-0017x03803,"6625 Tanner Summit Apt. 708, Hawkinsside, AK 30204",2024-08-12 09:40:19
eb7a6e54-cb40-40e7-88f2-93c49a817365,Alison Stewart,smorris@example.org,001-809-932-0415x689,"6941 Wilson Tunnel Suite 169, Port Carmen, HI 09602",2025-01-29 11:05:16
51d3f2fd-794b-43fb-8d44-e18f398f61e3,Scott Craig,melissagardner@example.com,3032037517,"68800 Little Skyway Apt. 854, West Patriciaborough, NE 42369",2024-11-06 18:08:18
1687cc83-bcfe-4161-baa8-54b6faac5cfb,Cindy Rose,gregory53@example.net,001-349-508-3419x927,"Unit 3508 Box 6858, DPO AP 79085",2025-06-09 21:35:53
48cf370c-187e-405e-8336-ee5c229a4ac0,Tracy Benson,jesse26@example.com,915-567-0276x5154,"795 Day Shore, North Ashley, AK 67566",2026-01-30 12:08:26
bb223ab6-2073-4d9b-9a07-8e07bdd43500,Nicholas Jones,millerjoanne@example.org,505.522.7481x082,"USNS Potts, FPO AE 83707",2024-09-03 22:57:47
cec8f9e7-7e97-4d6a-af5e-c7a39e157e57,Maria Cooper,lopezangel@example.net,+1-915-665-9037x3350,"Unit 8325 Box 3330, DPO AE 42208",2025-10-30 05:26:13
9b02556b-a271-4218-9b86-f95bf530c9f4,Amber Hall,lisamarsh@example.net,540.507.4973,"9314 Lucas Estate Suite 560, Kington, VA 14315",2024-07-04 15:18:12
becd8019-e0f7-4640-93f9-4bf1f89856c8,Michael Peterson,schmidtjennifer@example.com,455-315-2571x057,"44213 Hogan Pine Suite 085, South Brenda, SD 38840",2024-11-04 16:01:17
34fbf438-1fe6-4a8e-b6d2-7c24b87718f6,Justin Meyers,matthew48@example.net,916-509-6440,"3513 Hutchinson Turnpike Apt. 629, South Zachary, WY 38177",2024-09-08 05:06:50
05caf131-52d6-46f5-9387-3533a93106ce,Mary Rasmussen,mercedes53@example.net,(531)721-8549x29626,"71055 Perez Shore Suite 921, Birdborough, MD 90108",2024-06-06 19:22:33
f27baf69-ef82-4005-b193-be71bd22a663,Ms. Sarah Hall DVM,leblancdonna@example.com,657-729-4742x6042,"8498 Mitchell Lakes Apt. 037, Jasonstad, DC 63552",2026-01-22 04:03:59
3e2b06f2-e615-497a-aa10-23c8fc246850,Adam Bell,richard17@example.net,305-765-5147x97461,"Unit 1564 Box 0225, DPO AA 60427",2025-11-24 23:40:31
9dc6bd36-3621-4b56-97ea-fbe1e5fa27aa,Brittany Goodwin,billy29@example.com,+1-775-934-9884,"Unit 6008 Box 7786, DPO AA 42808",2025-09-23 08:23:29
850f75e4-8866-4229-a9b4-74bf72e267ae,Derrick Howard,moralesmaria@example.org,568.604.8208x318,"3997 Beard Key Suite 564, North Jacob, ID 33981",2024-10-16 11:29:46
6fe23621-bdb1-4501-a30a-79dfab98e235,Jacob Carter,moorecassandra@example.net,+1-570-997-6599x3099,"PSC 0530, Box 0915, APO AA 22406",2024-07-15 21:41:45
9892877d-0a96-45bf-8d25-b7a7ae98a076,Tanya Adams,spencerjoshua@example.com,+1-675-332-6422,"2457 Whitney Keys, South Charlotte, AZ 01978",2025-07-22 00:10:22
f45fbb7e-f186-4d8a-bb3b-30edd85fb51d,Stephanie Kidd,costachase@example.net,9107641164,"5512 Lynch Ways Apt. 849, Beltranburgh, TX 94500",2025-03-18 15:19:46
46d93d59-e5bb-44f0-93c7-daee886c4136,Mr. Jeremy Hampton,bryantara@example.net,001-827-963-3125x867,"Unit 0349 Box 5807, DPO AE 93534",2024-05-09 16:44:34
88ee78a1-548a-4648-be68-ade7359242d6,Wayne Levy,jeffrey48@example.com,(647)717-5914x2974,"Unit 2266 Box 2866, DPO AP 21375",2024-06-21 05:55:12
9a945ec5-303f-45c7-b1b4-dae39b801624,Tina Young,ifarley@example.com,001-200-943-1424x3122,"8242 Lindsay Cliffs, Schmidtmouth, NE 07898",2024-10-02 04:39:27
1b146e8d-3bb6-469c-aed2-99d7cad48d1a,Kelly Sandoval,vatkins@example.net,678-700-3943x0300,"35013 Justin Keys, West Jamesberg, FM 90231",2024-10-21 03:16:41
35ff172e-0c00-4735-befc-2962b720628a,Christopher Wilson,morrisbetty@example.org,883.897.6545x18270,"58508 Herman Street Apt. 046, West Kevinmouth, NC 67861",2025-01-02 02:23:18
5221b2ce-c5fc-4098-a96f-fba6ff727f87,Julia White,jasminemills@example.net,6706964478,"59508 Timothy Garden Apt. 585, Ryanshire, AS 51074",2025-10-16 18:55:48
287cfcc6-b706-4f45-86b9-17be8275aacd,Barry Jennings,camerontucker@example.org,(245)871-6905,"84237 Campbell Views Apt. 167, Lake Charles, AK 81318",2025-04-02 09:00:59
fb7344ee-3a66-472b-af3f-e7b6e58e1d37,Christian Stevenson,calebtran@example.org,(282)498-8792,"0705 Brown Field, Port Danielborough, NM 26153",2025-07-18 01:10:42
2fd35bfd-48c5-497a-95c0-9c0df3406add,Carolyn Palmer,william25@example.org,(234)391-4161x867,"95724 Leblanc Place Suite 718, Lake Alejandro, OH 58895",2025-03-24 06:46:15
c4a8c871-3d42-4f53-a5f0-00d3304a1c44,Angela Ortiz,ian73@example.com,001-840-757-7411x907,"908 Martin Shoals, Lake Claudia, ME 06180",2025-06-01 19:31:57
1b2e0be5-b2ed-4740-b364-c1785c86fc61,Caleb Schmidt,yayala@example.com,883.750.5790,"28646 Jennifer Run, Cabrerafurt, WA 51821",2024-12-08 13:40:36
f99b25fe-3711-4f95-85f5-f96dc6bc83d4,Stephanie Joseph,sshepard@example.com,+1-222-893-4249,"9564 Sherry Port Suite 112, North Jennifer, PR 19111",2026-03-14 17:42:32
6d75a47b-ec6d-4d41-b499-0630e572830d,Timothy Odonnell,pamelarodriguez@example.com,342-268-8312x86909,"7529 Ponce Valley Suite 832, East Davidborough, CO 33145",2026-01-28 03:21:12
7c269cff-e659-4776-97c8-27a90461b4ec,Scott West,ibowers@example.com,(981)322-2230x469,"383 David Springs Suite 384, Melanieside, TX 96644",2024-05-12 10:21:00
39cc408e-c9b7-4735-8c07-5d31ce476cea,Karen Hughes,andersonrichard@example.net,4008935605,"65345 Mcpherson Point Apt. 967, Lake Glennbury, IL 30523",2025-06-25 15:24:29
9a179b64-9936-4c85-9c0e-c98a2cb0425a,Christopher Gutierrez,willielopez@example.com,810-834-4366x8081,"400 Larson Forges, Lake Lisaport, CO 32619",2024-11-28 17:42:54
4fcf84e2-478c-4b04-be31-b833e2bee687,Dawn Griffith,james94@example.org,+1-939-801-8167x111,"59271 James Skyway Apt. 819, Katiechester, MN 73085",2025-05-27 16:09:28
41e4f468-c258-40bb-a41b-b7c5197c0287,Miss Amanda Lee DVM,donna32@example.net,+1-817-464-0786x1830,"Unit 5369 Box 8395, DPO AA 01660",2025-06-15 02:54:55
5027ad65-e448-4567-8175-a4e1b4616f70,Donald Burgess,johnshepard@example.com,546-426-1328x5713,"623 Mitchell Flats Apt. 100, New Matthewside, AR 75675",2024-06-30 02:40:04
fb095825-d0ed-48eb-a235-c6952df2a74f,Christina Kim,stephen73@example.org,001-492-625-9497x0835,"56025 Jackson Tunnel, Jennyshire, OK 33775",2024-09-27 23:38:58
053b27e1-555a-4c3e-b47f-e7bf27958286,Carrie Smith,williammartin@example.org,574-647-4293,"3711 Collins Union Suite 223, Pacefort, AK 26037",2025-07-05 11:13:11
e4af78bf-c3bd-4f27-8344-b846e73820c3,Melissa Peters,jasminerodriguez@example.net,+1-817-742-8733x21412,"USNS Haynes, FPO AP 41991",2024-05-06 01:03:28
acc15441-0c10-4654-934d-cedfab268e2f,Matthew Welch,isantiago@example.net,899.597.0879,"47042 Brandon Rapids Apt. 544, Port Glen, NY 11016",2025-08-25 18:40:36
c9531805-132b-4f7f-aa62-7f0a75b63209,Joel Benjamin,austin75@example.org,(799)749-7633,"202 Richards Valley, Ashleymouth, MO 37007",2025-04-26 08:25:03
48b33f7a-54ef-41f7-93ac-d7f19a5009ce,James Navarro,morrisstephen@example.com,001-684-276-1672,"436 Elizabeth Manors Apt. 852, Port Williamtown, AS 70152",2024-09-12 19:17:00
7553abec-de29-4c87-9920-2bba7cec1e5d,Steven Willis,colemandavid@example.org,949.360.3697,"039 Williams Ferry, New Davidshire, MA 08425",2026-01-17 22:32:46
46ca15e8-27cc-4c28-8e8c-33fab16c633a,Alan Flores,edward53@example.com,567.899.9989x5584,"38716 Kent Crescent Apt. 245, Barbaraborough, AR 44062",2024-06-15 01:04:57
504fcfb6-ab43-41cf-9ee2-5d7c99d70c65,Marvin Miller,renee47@example.org,+1-594-934-2747x459,"5247 Toni Rapid, West Bethany, MO 93308",2024-12-06 19:15:39
f70ca7ee-4bc6-4cd9-a997-e9e588071ecb,Bill Nelson,leah83@example.com,875.996.0880x3978,"91525 James Forge Suite 953, Port Jonathan, PR 45827",2024-08-14 08:54:03
cb935827-99e3-4aab-9ad9-74f23fd28822,Jared Carter,holmesmichael@example.com,345-362-5801x881,"6433 Christopher Fields, Ericaport, FL 51919",2025-03-10 11:52:28
85e4f1a0-1879-48b2-9723-45f741b63640,Roy Rodriguez,klawson@example.net,(534)336-0044x498,"440 Megan Falls Apt. 140, North Elizabethville, AS 24602",2025-10-20 03:34:56
3ec6e2ef-5dec-49fe-ab77-25ce36cdcbed,Dr. Mark Watson,mark94@example.org,811-719-2137,"USCGC Shaw, FPO AP 06299",2024-06-11 16:26:37
c43c177c-2e5b-42ad-bb1b-ef5bb0732d42,Gwendolyn Cruz,mwheeler@example.com,6964730773,"30217 Neil Circles, Youngville, MN 34609",2024-07-04 20:45:22
32a0125a-ec24-4903-9b43-6be4c74c599e,Dwayne Hill,dustin76@example.org,(323)802-0816x184,"07386 Miller Streets, Martinezfort, WA 45986",2025-05-16 02:02:50
2b155259-e866-4ffc-80ef-7fbb17b4cf07,Dawn Cummings,helliott@example.org,(331)732-8851x5721,"28602 Mcmillan Streets Suite 166, Port Justinhaven, TX 30788",2025-01-13 18:03:31
083431fd-d974-4988-83b3-23f5757e42f0,Christine Taylor,kzimmerman@example.com,001-798-604-8468,"969 Sarah Landing Suite 150, East Melindaton, VT 96939",2025-05-20 13:34:26
ed648acb-7d62-4f18-80cd-5fcf3e52eb6f,Ricky Davis,kathryn19@example.org,616.216.9254x3826,"7712 Hall Hills Apt. 883, Juanstad, VI 31970",2025-04-10 08:24:38
69c11b79-66ea-4dbc-87a7-9f752cf6f813,Joseph White,krystalthompson@example.org,(970)796-4523,"9814 Michael Ranch, Snyderfurt, PR 33714",2025-04-16 17:05:00
eea2f3c6-6c76-463f-80ea-231d10c5aaea,Leslie Rosales,annette95@example.com,(607)293-9131x1944,"4486 Wright Roads, Carrieshire, NM 41163",2024-09-11 19:53:10
f5900a60-fa7b-423d-b77d-fe4fa36f278c,Peter Fisher,jennifer97@example.com,2339353107,"364 Cruz Ford, West Jeremiah, MO 40257",2024-06-13 18:10:58
c3fd0b1f-bb67-4856-a8c2-2903fbbbd0a5,Matthew West,markshelton@example.com,855-280-2204x8589,"745 Woodard Stravenue, Perezhaven, NH 31170",2024-06-19 07:37:48
451cf782-10a8-46f6-b84a-f5c3b929cbeb,Johnathan Cooper,byrdchristine@example.net,(359)453-0536,"95619 Amanda Estates, New Mario, IA 44165",2024-12-25 05:27:48
2c5124dd-a391-4754-bab5-f9c70191b140,Cynthia Morgan,rwhite@example.com,(944)240-9443x617,"52372 Wright Lane, Friedmanville, ND 37335",2026-01-13 08:23:25
8791ad49-e11f-4fc4-af1c-fe3fd9422eb5,Mark Smith,qwilliams@example.com,(756)496-6288x91160,"94473 Calderon Well Apt. 263, Annettebury, AZ 42475",2025-09-28 05:39:13
b3e10018-d78e-493a-a39c-02a63233904c,Brandi Thomas,washingtondawn@example.net,223-645-0369,"0936 Amy Glen Suite 051, East Corey, MT 82246",2025-10-15 18:50:52
77be617e-9331-44cd-8c4d-7ff7c8477c7b,Brittany Stone,xrose@example.org,858.792.0087,"5481 Anthony Valley Suite 328, Lindsayview, NE 17115",2025-09-24 06:19:36
da608c91-7445-4c53-876c-69c5cbbcba06,Abigail Reed,tony86@example.net,+1-894-472-7194x37749,"74274 Jessica Creek, South Paulton, ID 88571",2025-02-20 08:50:18
bd51db23-b006-4183-8980-8c8cc0f054ee,Daniel Montgomery,isnyder@example.com,+1-958-434-8951x4596,"629 Christopher Circles, Douglasmouth, KS 25914",2025-08-09 12:37:43
2ba19bcf-2989-4dc9-b127-9ed8d09d3760,Gregory Sweeney,jacksonvincent@example.net,670-635-9907,"259 Bowen Loop Suite 454, Lake Sherry, MH 11188",2025-06-03 08:10:27
4fb16974-8797-4f09-924f-e5fef320ca27,Gina Evans,nking@example.org,916.223.6723x539,"8207 Kevin Vista, East Joyce, CT 79170",2025-04-15 02:31:19
fa70e85a-4fa4-4300-9c57-83025d435f00,Dylan Eaton,mckinneykeith@example.com,263.265.8988,"213 Lewis Pine Apt. 343, Cherylmouth, OH 72559",2024-10-23 00:56:11
0e5c9f87-75e4-46f6-adb7-9dca7631c76c,Timothy Garcia,ntorres@example.com,+1-439-638-9276x886,"650 Craig Flats Suite 855, South Anthony, FM 98401",2025-05-26 00:49:34
909501c5-d65b-4276-a495-d4d2650a72d0,Sarah Moore DDS,heatherhutchinson@example.com,540.915.9039,"20971 Mckenzie Cliffs, New Sarastad, MA 31916",2026-02-12 19:44:32
4430afc2-64cc-4141-aaea-c0fab57cb313,Sean Wilson,erikacampbell@example.com,+1-483-685-6532x09954,"410 Figueroa Falls Suite 027, West Anthony, PR 36438",2024-06-02 05:54:06
281a9e32-079c-4870-8cee-d99e6f7dd767,Ellen Richards,karenthompson@example.com,5876828507,"06932 Kelly Track, Kerryfort, VT 97574",2025-11-24 12:04:02
df59ecbb-455f-43cc-baf8-9a57cf7f4264,Jennifer Lane,alexanderjensen@example.com,722.716.3408x092,"30759 Charles Ports Suite 170, North Garyhaven, LA 52435",2025-07-30 14:35:00
f02c7269-1e32-4336-971e-fa232a189fb5,Nicholas Santos,lstephens@example.com,894.969.8152x0347,"1476 Hutchinson Burgs Apt. 403, Carlaland, SD 88266",2025-02-07 08:29:30
ba65d25b-cfbe-43e1-8cce-c1519d4ab5f7,Michael Duncan,dustin74@example.org,(566)501-3025,"83306 Riddle Well, Michellefort, AK 40433",2026-03-02 01:17:30
da12622c-fd53-4b15-b38d-fd6a56de2788,Andrea Gordon,tammybailey@example.com,606.988.5736,"93484 Stephen Points Apt. 709, East Sarah, HI 41743",2025-03-21 08:31:09
aa9e0df5-5e9b-4518-91a3-5c33528b9c0f,Miranda Reed,mariamontgomery@example.net,(975)559-9254,"8558 Sarah Shores Suite 011, Seanborough, SC 14489",2025-01-07 07:04:13
ab7df42d-c1e3-4da0-8eea-315753669a6c,Matthew Miller,xkramer@example.org,(246)935-5523x93321,"042 Joshua Spurs, South Frankstad, RI 84433",2024-09-02 22:36:54
57fe8a57-9dc0-40ed-bf16-19aa39e5be1a,David Price,gfitzpatrick@example.net,345-352-4105,"66200 Deanna Drive Suite 047, Hayesborough, LA 24415",2025-02-04 03:29:39
65562348-612e-4cd6-975e-5266c6b9bef0,Kimberly Johnson,brittany23@example.net,426-534-4313,"946 Phillips Passage, South Markstad, WY 61572",2025-02-13 22:55:18
2c2712ba-774a-4d61-9fb2-c60052c12e5a,Ellen Wilson,baldwinkatherine@example.com,+1-364-803-3366x310,"74300 Scott Harbor Suite 093, Williamsonmouth, KS 40853",2026-01-15 16:38:51
2f0c7275-f7ad-4e20-af21-139aa9fef673,Noah Schmidt,leonchristopher@example.org,271.358.7613x53924,"2038 Lisa Orchard, Rosston, WV 27932",2024-06-23 07:46:22
258fd7e4-54ac-401c-bc34-52fce0379120,Christopher Reed,zfrye@example.net,001-338-829-1151x6133,"91521 Mcintyre Hill, East Elijahside, ID 19829",2024-09-24 13:31:31
81def155-3060-4cd0-91ed-558abc446951,Sandra Garcia,billydawson@example.net,(985)583-4016,"388 Velasquez Lock, Curtishaven, GA 66556",2025-12-23 12:20:02
3e1ae402-35dd-4bc9-b67e-bca2e5bdf655,Jeffrey Hunter,nathan41@example.com,(516)504-6588x80487,"41686 Charles Walk Apt. 337, North Tracy, MN 50550",2024-10-25 10:13:50
84a67350-11ed-482c-b624-d7704e7585b6,Mrs. Lisa Meyer,james98@example.org,556.463.4642,"45766 Robinson Loaf Suite 561, South Michaelhaven, MS 88595",2025-06-19 17:10:20
72f4eae7-f84c-405d-9eac-5bce76ccd675,Dana Mccullough,michaellarson@example.org,001-532-429-6789,"074 Moran Ports Suite 826, North Robertmouth, NH 77660",2026-01-11 03:31:29
e2badcd4-2c28-4187-a4be-54acd4aefb6e,Linda Chavez,watsonmichael@example.org,001-365-494-3307x3952,"534 Shelly Course, Lake Andrewborough, VA 07877",2025-06-28 01:05:01
815c889f-3f13-48e7-9269-8be6f6e32fec,Mr. Collin Allen,andrewsholly@example.com,712-378-8690x774,"27613 Julie Lodge Suite 747, Lake Jennyland, TX 07984",2026-04-07 12:42:25
fd8a6c02-e900-49d1-b706-73d4d3d72dd7,Jermaine Pacheco,vgomez@example.org,(757)749-2010x00714,"159 Gina Mountains, Steeleview, RI 28763",2024-10-03 14:12:14
a75836af-da11-4fb6-a219-2b3848421df5,Emily Powell,amy76@example.com,936-884-6100x97486,"62181 Wood Springs, Bennettfort, MN 98788",2024-10-06 10:45:47
e05c7914-c944-48c6-b0ba-e78e4834caa3,Michael King,adamsdylan@example.com,6787939644,"1163 Friedman Plains, West Williamburgh, WV 54857",2025-12-04 05:52:49
79870556-55f3-4bca-873a-38032de7d0cc,Cathy Mathews,nicole98@example.net,(804)615-8054x9033,"3600 Brenda Views, Farleyberg, IL 71548",2025-11-02 10:25:22
87cd5787-2713-4083-bf0b-ca8d7618bb62,William Bailey,ambervargas@example.com,512-719-3053x9245,"529 Evans View, Carpenterton, PA 42149",2024-09-23 16:35:46
5775a46e-fd0b-4300-8b36-6bdcb98e1ba5,Paul Patton,vanessapetersen@example.org,(896)751-9718,"199 Golden Viaduct Apt. 549, Christopherfort, MO 12341",2026-03-08 00:41:12
13201d0f-4e37-4ffa-8003-204fefdf5ecf,Kathy Sanders,gpowell@example.com,798.463.2823,"560 Perez Prairie, New Marissaside, WY 73885",2025-06-30 12:03:55
15d338c9-f1de-4bca-882e-bfa74b7984b0,Michael Miller,tlynch@example.com,659.720.7259x9595,"28869 Williams Garden Suite 299, New Kellymouth, MS 66195",2025-11-16 12:16:15
42212ec0-9aac-4a93-875b-0809ef4addbb,Lauren Myers,jennifershaw@example.net,(310)264-5036x32057,"084 Walker Turnpike, Thomasside, NE 60040",2025-08-13 21:30:53
8150b5fe-3152-4529-b504-fe079bf2f4d5,Christina Abbott,osoto@example.org,754-631-9488,"0773 Hall Club Apt. 396, Taylorchester, IN 32687",2025-05-10 12:03:47
d76e86b0-2d0e-4973-9b1c-3e01077bea72,Holly George,melissa98@example.net,+1-918-914-5793x6044,"USCGC Chambers, FPO AA 35404",2025-05-11 14:26:21
468c08ea-e727-4b8a-8fc3-adc2ab2503d8,Dana Carlson,ipowell@example.org,+1-772-931-2255x620,"13229 Goodwin Causeway, Murphymouth, DE 62966",2024-10-01 01:08:07
bbb4119d-1342-4166-9c88-b5d882815be0,Denise Morgan,donald69@example.org,+1-649-736-9121x8107,"2714 Derek Skyway Suite 318, Ralphside, WI 34854",2025-02-12 22:06:24
4b614dae-aada-4c0c-90b8-20c846130113,Daniel Foster,martinezelijah@example.net,(868)988-2534,"Unit 1896 Box 7867, DPO AA 08215",2025-04-16 15:33:16
3512e502-2a64-4c95-a29b-c0b37008403c,Johnathan Gilmore,whendricks@example.net,001-359-387-1132x571,"566 Joshua Ford, Sanchezland, FL 07670",2025-10-04 08:11:39
43a357d1-6ec9-44df-881b-65a38ccb3eef,Caitlin Cooper,nicholasodonnell@example.net,6758755864,"39256 Hunter Street, Port Brenda, PW 19404",2025-06-09 11:40:57
036a9693-fad6-45e2-a1ad-c3e70ad21907,Matthew Johnson,christinagreen@example.org,429.709.6780,"PSC 8853, Box 3644, APO AE 53873",2025-08-18 10:04:59
6f66f628-1f59-40c2-b278-004fc39ca51e,Alicia Burton,courtney10@example.net,001-299-974-0401x826,"87301 Levy Trafficway, Terrellberg, FM 49164",2024-12-27 23:29:01
881bb7c3-3c7c-4901-824f-5c3aacf69985,Kelly Brown,craig89@example.org,+1-629-522-6315,"9525 Edward Ramp, South Linda, NV 60728",2026-04-18 07:44:34
242a480f-bbe3-41d8-b083-2e9e1b478995,Eric Brooks,wyoung@example.org,+1-204-459-1349x9433,"428 Walsh Radial, East Dean, GU 76260",2025-03-09 19:03:14
7b0d6900-d315-499f-a2b8-e9775ab5a7b4,Melvin Noble,wmunoz@example.org,001-662-742-0092x0245,"6366 Jennifer Crossing Suite 369, Port Travis, CO 40825",2025-06-21 03:16:40
993aa3fe-b78a-4eaf-b830-1ca5a7182850,Dennis Vance,heather12@example.org,321-861-4951,"64819 Molina Summit, Tammychester, RI 16168",2026-01-11 16:25:50
dafed754-57cb-4313-9fe4-14d687aa3b7e,Julia Ponce,lindseynguyen@example.net,648-941-3416x07921,"835 Johnson Turnpike Apt. 767, Jasonchester, NH 10656",2026-02-14 12:22:48
ad5442a4-907f-4b60-8e49-b9eea75c6322,Gregory Jimenez,juliewilliams@example.net,001-874-457-8109x6996,"982 Cooley Park Suite 570, Ramirezborough, UT 46342",2024-05-29 02:56:54
6d3071be-9d90-4bbc-a95f-ec578714dcb7,Karen Manning,davisjohn@example.com,(675)784-8933x818,"58497 Laura Light, Port Vanessa, PR 96672",2024-08-15 02:47:49
9680ec8d-990a-4d12-9ac0-89e08f11d47f,Daniel Valencia,julie07@example.com,564.207.8757,"PSC 1102, Box 3335, APO AA 87415",2024-07-20 13:54:28
a0d7ce84-79a9-4f03-a5e5-86bb3ab2d115,Christopher Walsh,tspencer@example.net,974-418-6300,"309 Joseph Fords, Mcconnellville, GA 92141",2025-06-30 05:39:46
82e3bbfc-e7a7-48fe-912c-f0aa0e9062a5,David Fuller,chubbard@example.net,+1-562-321-4954,"USCGC Schwartz, FPO AE 68270",2025-10-17 18:10:46
56fc8d68-316e-452b-980e-c3b0a4db8e7d,Joseph Gonzalez,qbrown@example.net,+1-741-536-8143x4637,"18203 Kenneth Flat, New Emily, AR 07065",2024-12-15 09:46:14
22a6fecf-2f3b-474a-ad58-9f09027698f0,Claudia Graves,heatherparker@example.org,+1-452-355-2214x86930,"208 Nichols Keys Apt. 539, Carlsonstad, WV 13533",2024-12-27 08:27:57
151b480e-8def-4ab8-9c92-ab55955e2844,Paul Farmer,browntodd@example.org,(892)277-1209x1019,"2061 Sheila Knoll, West Christinamouth, MP 16483",2024-09-28 19:18:11
77ff4409-d5e5-4147-a334-e4df4412ab47,Tony Lee,kimberly21@example.com,001-284-423-8331x43367,"7690 Katherine Hills Apt. 588, Mitchellton, VT 94043",2026-02-04 18:20:40
41177b62-0a4c-4562-b56f-0d7dbb7656ac,Stacy Cook,gjones@example.net,(370)848-0015x05546,"01831 Romero Burgs Apt. 689, South Jennifer, FM 41473",2026-02-23 21:38:23
e00e8695-26fb-4957-ac3a-432ba1480d9a,Melissa Pham,ycervantes@example.com,(639)224-2162,"465 Michael Trace, West Daniel, OH 77481",2025-09-17 16:10:39
82058f7c-2ce3-4164-91c0-4e4e79322c78,Keith Murphy,daviscody@example.com,+1-240-681-4821x9171,"990 Gay Lane, East Melvin, NC 69568",2024-06-03 10:24:17
709861df-5209-47e1-97f5-ccee5b937922,Oscar Gilmore,pscott@example.org,001-677-545-9717,"46685 Jon Courts, Sanchezton, TN 52941",2026-01-15 14:18:56
63cb576a-f02a-45a0-9cc6-bfca058f718b,William Smith,kmoore@example.net,(751)851-7530,"1077 Hannah Spurs Suite 149, West Joseph, FM 28208",2024-07-17 17:57:18
058b9cdd-61e4-4ec4-b630-a70cebe00671,Billy Johnston,pterry@example.org,758-444-5928x2425,"763 Brandon Keys Suite 934, North Timothymouth, NY 87573",2025-09-09 08:07:28
93541c2c-a9c3-40d1-9a74-636f317c95c0,Kevin Thompson,ndiaz@example.net,442.515.3546x70446,"9451 Jacob Point, North Aliciaburgh, PA 05174",2025-03-12 14:42:17
b2673b63-5186-4c55-b8a8-0bc95c4a0e96,Mary Jackson,kelly29@example.net,669-471-2241,"59858 April Land, Palmerport, WI 92334",2025-10-17 10:36:15
8074905c-ff20-4a85-a929-1338d6beee07,Christine Peterson,zluna@example.com,510-439-5819x93484,"60744 Elizabeth Fields Apt. 836, Moorehaven, IL 60286",2025-04-12 11:15:28
12059f33-c346-45a7-bab8-71d3f084047e,Theresa Webb,crystal09@example.net,(545)281-8669,"9286 Pruitt Mission, Lake Donnabury, MS 02078",2025-06-19 12:21:10
6e0114b4-6d8b-4d41-8814-ac69949510bc,Bethany Brown,jeremy69@example.com,(223)966-3249x972,"4498 Devin Viaduct Suite 771, East Elizabeth, MS 09687",2026-04-11 00:15:24
ab93bc71-2baf-4ad8-a422-f58e7d7846d8,Dennis Steele,monica72@example.net,(376)712-8871,"PSC 4941, Box 7001, APO AA 01669",2025-05-28 05:40:17
24cc5fc2-f87d-4d2e-a79c-ee138be42054,Carolyn Walsh,thomaspaula@example.net,860-255-2078,"48573 Emily Unions Suite 195, Kellyside, MH 28329",2025-03-05 21:42:34
df716dd3-0efd-4079-a3e3-4ccb850111ca,David Davis,onoble@example.org,+1-547-954-6937x86806,"070 Butler Freeway Apt. 373, Lake Sabrina, IL 73726",2025-12-18 09:09:59
62a309fb-237c-4b35-86ca-817ec6ee765d,John Hunt,dannylee@example.org,+1-907-780-7558x7746,"224 Delgado Place Suite 248, Nicholsmouth, OK 88954",2024-07-21 15:45:19
3262c7cc-2c68-4047-9207-e75bf6949820,Sandra Wise,linda46@example.com,001-591-572-1731x84632,"8038 Melanie Rue, Lake Christopherland, GU 34772",2024-08-19 07:20:35
db04b705-73f6-43c1-9cec-f36f117d5b0a,Janice Zamora,joshuajohnson@example.org,427-516-5260x40133,"02376 Anne Junction Suite 828, Jamesstad, GA 51210",2025-06-20 19:42:36
c80703f7-370e-495f-9648-76502d62bab5,Scott Wright,ericgreene@example.org,421-714-0386x3127,"47534 Chapman Gardens Apt. 012, Julietown, GA 34257",2024-11-22 03:40:40
99f950bd-d125-4877-abdc-300aa8b18d17,April Owens,brianna82@example.net,289.339.6266x61538,"90306 Orozco Glen, South Kelly, TX 37038",2026-03-16 06:38:48
2c44ff01-165d-4c84-9052-fd3481e70c88,Catherine Fowler,rhowell@example.org,+1-815-997-7392x347,"10772 Christopher Shoals Apt. 147, Lake Robertton, KY 98323",2024-05-30 08:04:47
7b31249b-f549-4500-a0c0-a78647c05374,Rebecca Flowers,reginaldellis@example.org,(585)787-5134,"78873 Steve Lake, South Justinhaven, KS 82798",2025-10-02 04:32:30
2328a510-b692-42a9-9e2d-0553172b8add,Jermaine Tucker,randall23@example.net,(524)877-2997x6199,"4174 Rhonda Stravenue Suite 020, Dianeburgh, WY 21189",2025-11-04 01:15:06
cb57ef7f-35ae-43fd-89d9-c29b59d62c64,Janice Gonzalez,christopher94@example.com,450.633.0800,"13310 Bowen Ramp, Christophershire, CO 25728",2025-01-07 14:10:05
1b8ebe88-6e9e-4dd4-8222-2538a027a815,Erin Pham,mark83@example.com,423.202.3321x2718,"0186 Huang Summit, Adamside, NH 93796",2025-05-24 09:23:56
94bd928b-f07e-414a-b873-d67dcf7bec30,Carol Pruitt,kevin01@example.org,200-684-8159,"8822 Roy Estates Apt. 942, Port Chadland, DE 16828",2024-09-04 00:29:40
7e36ce76-e096-4ab9-95c5-b47b2aa42c6a,David Andrews,nestrada@example.net,513.717.1879x6288,"60682 Brandon Corners Suite 887, Deniseberg, NJ 72485",2026-02-28 21:57:03
69d6ada8-0559-4d79-8239-f770f02d667f,Leah Jones,umartinez@example.com,001-548-794-9882x977,"041 Robert Union, Blackwellchester, GU 13627",2025-09-20 01:32:51
e952a327-711c-4e7d-b652-a4b243581826,Maria Rios,hawkinsrichard@example.org,001-217-464-1981x3743,"65232 Bradley Rue, Stevenshaven, KY 21275",2025-06-20 07:55:49
e67c47eb-8b06-46f3-9888-678bc1fdaf07,Christopher Davis,marysavage@example.net,482.627.3930,"21795 Mcclain Trafficway Apt. 320, Harristown, TX 41268",2025-03-29 18:57:49
83e4cea4-8d31-47d7-b68a-1f4eb4e085b2,Betty Henderson,jamieherring@example.org,241.782.9651x78683,"USNV Fowler, FPO AE 48733",2025-04-18 20:31:41
387e4ecf-f7a1-4cf3-9b9a-cc7a9e083624,Michael Moreno,jacobtaylor@example.com,001-811-867-7160x120,"0313 Dalton Centers, Schroederborough, PR 50521",2025-07-28 12:33:38
f1a2368d-941e-4e15-8297-95d203dd729b,Cheryl Wood,michael04@example.net,491-936-5159x4663,"94314 Gonzalez Summit Apt. 386, East Chadtown, AZ 52720",2024-12-04 18:38:14
592dca57-6daa-49f9-98cd-d4aaa38afd1f,Shannon Nichols,andrewpatton@example.com,212-361-3708x020,"04964 Erickson Villages, East Jenniferfurt, WY 13568",2024-11-12 16:03:09
fc91356d-6fc1-4876-a22a-e0a51e59ce77,Charles Davis,taylorjudy@example.org,383.986.0688x595,"20700 Moore Stream, North James, NJ 72902",2024-11-16 15:22:42
231bc7e0-58df-4bf0-bce3-4a92419d3c00,Kathy Wallace,vegamelanie@example.net,644.666.4809x707,"263 Shaw Harbors Suite 838, Cassandraland, AL 27113",2024-07-21 07:20:03
619246a9-96bf-4b92-9d42-407efc1cbdb2,Christopher Love,cody74@example.org,(493)283-2464,"USS Foster, FPO AP 82891",2024-12-02 10:25:43
5fdc1070-e98f-413c-856a-fb7d3de50841,Adam Hansen,stephaniemedina@example.org,322-812-5032x3180,"12618 Jessica Station Suite 069, East Tammy, PA 70591",2026-01-13 15:09:21
36606052-2eae-4d7b-a976-5b0d3e1ef8b3,Mary Rodriguez,anthony92@example.net,487.809.0725x953,"268 Washington Orchard Apt. 085, Kramerland, IA 79620",2024-11-12 00:36:34
b80900bb-a3ad-4ba5-b781-d355b37c2cbf,Jordan Patterson Jr.,jcastro@example.org,454-454-2561,"0590 Matthew Green Suite 094, West Jamesberg, OR 67071",2026-02-16 06:20:51
f62cc372-d5bf-442b-b5fb-0957fa29ecb3,Jessica Atkins,melissahester@example.net,001-297-606-0590x60298,"6436 Daniel Mews Apt. 497, Lake Lindsey, ID 35187",2025-07-13 14:55:35
6526fde7-e722-4d5c-b893-79e275b47e2d,Michelle Fuentes,scott12@example.com,544-399-6091,"Unit 8472 Box 9394, DPO AE 19777",2025-07-22 02:07:25
7007f25b-23a4-4b12-9174-47941ff57e1f,Nicole White,ellisjulie@example.org,916.252.6355,"093 Smith Corner Suite 153, Darrellshire, NV 49014",2025-02-27 12:52:56
d833133a-7b71-4c35-a13e-81b0df6a32de,Christina Day,charles62@example.com,499-791-2949x62351,"075 Scott Corner, Samanthaburgh, NJ 94127",2026-01-14 15:27:53
6ef2e326-570b-4e46-962f-50a016689add,Michael Lester,robertsantiago@example.net,+1-258-360-6152x8407,"66271 Aaron Turnpike Apt. 426, Sparksshire, PR 88914",2024-10-30 13:00:31
473387c4-a555-42a3-8bf6-a7bf286c09a3,Mary Mora,reyesanthony@example.net,507.365.4855x059,"Unit 5807 Box 9285, DPO AE 99250",2025-03-13 16:00:26
cd616ee0-8d58-4526-b0a3-8822a531a407,Melissa Walker,bishoplaura@example.org,2456959228,"27552 Smith Junctions Apt. 653, Mortonhaven, DC 43485",2026-01-30 13:38:34
42442ef1-d47d-4a61-a34e-c2fd4e08a5cb,Anthony Mckay,leonardjessica@example.net,+1-546-525-4767x057,"2228 Christopher Roads Suite 364, West Victoria, WA 76108",2025-12-17 13:29:29
d2d14209-81e6-4ebe-8573-21b6e1d94d72,Benjamin Hubbard,zachary95@example.com,290-765-8455,"Unit 4663 Box 5067, DPO AA 55472",2026-01-14 06:39:21
5b34039d-30cb-4b43-ab75-3bfcd176d71b,Richard Wilson,qbutler@example.org,702-824-7452x697,"126 Nicholson Inlet, Daniellemouth, PR 26295",2025-04-25 10:15:43
aea6be54-2712-480a-bce7-72e0e065bf9e,Michael Cox,ambermora@example.com,810.928.0339,"PSC 5659, Box 6524, APO AA 98896",2025-07-24 15:14:46
e85ee862-80c6-4c65-82cb-8188e3e42f24,Mark Lopez,anthony63@example.net,+1-746-776-3483,"03351 Robinson Burg, South Kellyside, FL 74327",2024-08-01 17:39:23
d975c425-c812-44f3-beaa-6d52ca946d13,Kimberly Miller,srichmond@example.com,433.871.0093,"3217 Garner Plain, Aaronland, VI 50568",2025-11-15 17:33:34
77e5f9cb-ab81-4c5c-a902-65d5b4e0ac7d,Michele Ramsey,cody85@example.net,+1-786-779-6603x777,"USNS Garcia, FPO AE 96171",2024-06-04 09:47:24
ce13dde7-7966-4563-ad0f-c64e34df0a22,Michaela Hebert,deborah24@example.net,001-432-676-4968x4133,"2581 Ethan Harbors, North Carlos, HI 43025",2024-05-24 01:47:12
e3ed5dd6-5b9d-4018-bd1e-ab97a768270e,Michelle Wheeler,whitney34@example.org,545.647.2906x94514,"8920 Hamilton Island, West Michael, LA 96723",2025-09-02 14:08:54
5a3d3a2c-8872-4222-8561-be8fcd1f5222,Mary Barnes,nrodriguez@example.net,001-442-624-8299x096,"3722 Hopkins Plains Apt. 118, South Andrea, MA 42338",2026-03-08 21:02:57
b7dac2c7-94b1-4cd8-b898-1f2837eeed6b,William Mendez,catherine14@example.com,+1-837-516-3697,"033 Ramirez Corner, Jessicafort, MA 56508",2025-03-03 11:59:41
f5e57d61-e998-4e48-ac6d-98dd352ba0a0,Emily Garner,melissagibson@example.org,249.782.7217x98390,"65167 Rodriguez Crest, Hodgesville, NE 26823",2025-02-27 06:05:55
00c10bec-9953-4a52-beb5-b05ff7b0588e,Rachel Pearson,inorman@example.com,298.800.7714x3274,"4489 Jasmine Wall, South Kimberlyborough, OR 07211",2025-09-23 06:03:51
141be317-6bea-4c7b-b021-daeaf0d3dc4f,Caleb Green,wendybutler@example.com,670-879-3555x773,"4369 King Center, Joshuahaven, WY 75129",2024-10-07 22:08:57
6d55dede-0ea1-4b8e-8717-46b047bb3d84,Eric Jensen,hollypayne@example.com,(354)560-0356x371,"PSC 6780, Box 5186, APO AP 97689",2025-11-07 01:40:56
123ea61d-c0e9-4d36-829b-9383d08f4969,Heather Hayes,nwilson@example.com,342.846.4827x534,"3511 Jill Avenue, Port Megan, SD 92961",2024-06-21 11:32:07
0dd37b55-2c91-4d5e-9b5f-47acf020588c,Maria Smith,holly83@example.org,+1-437-799-0550x6800,"521 Zachary Valley, West Hectorchester, MT 35851",2025-11-16 00:10:46
b73f8e25-7c27-4bd7-b15f-174ca6f2e293,Kenneth Roman,raymondjones@example.net,(721)358-4447x990,"347 Robert Shores Suite 847, South Claireberg, AR 58414",2025-03-06 23:20:59
15ec1897-c008-4558-b701-4bafdfbb94d6,Benjamin Moreno,ycobb@example.com,858.885.0928,"066 Daniel Valleys Apt. 152, Campbellside, PA 25979",2024-08-25 19:55:51
bf953101-cfb6-4751-9125-b6d60e466298,Jean Gentry,umiller@example.net,652-405-1705x28102,"07666 Mark Loop Apt. 421, West Lori, GU 65010",2025-05-20 13:56:08
7aabdb5a-14a8-433c-9224-595b569e38d5,Jeff Ramirez,hudsonthomas@example.net,992.440.2716,"617 Olivia Creek Suite 719, Glennside, NC 22001",2025-06-21 05:30:09
3d9d95f9-1636-45ea-b844-1d293d890137,Kevin Le,gerald03@example.com,+1-748-689-9559x426,"62187 White Islands, South Elizabeth, AR 41000",2024-12-26 19:35:12
59471cfa-6d63-45a6-8c77-4dd3be42bf8e,Jordan Wolf,laura15@example.com,(309)977-9658,"499 Jacob Lane Apt. 275, Lake Curtisborough, AZ 33725",2025-01-26 05:51:22
253ad7e8-ed47-48b4-a88c-b4841a0d6c9d,Benjamin Jones,kimberlyatkinson@example.org,+1-683-816-3169x921,"7822 Edwin Forks, Port Kristopher, VT 21139",2025-08-01 15:11:25
c48c3f71-0c43-439a-bb01-0f5241f92c29,Sara Lee,jenniferjordan@example.net,314.672.7654x924,"19644 Bell Terrace, Lucasburgh, LA 18837",2024-06-21 15:57:18
ac345fff-5b3f-42b0-9caa-d9906425ddae,Maria Christensen,bcastillo@example.org,(825)614-0421x129,"527 Ryan Ferry, Ashleyton, UT 17222",2025-02-16 11:39:31
de126faf-2b08-4b19-bd4b-bc227fa63d31,Dr. Elizabeth Richardson,robertmartinez@example.net,518-769-4571x06941,"698 Miller Junction, Briannaville, HI 45082",2026-04-02 07:03:18
78ef1f4a-8bda-4e57-baea-e0391c57a3f6,Marissa Ross,amandawolfe@example.net,313.249.9250,"224 Sanchez Extensions, Lake Brittneytown, ID 48420",2025-03-08 02:37:40
8194d175-ed7c-4d5a-98ab-c4ad6a59b9b4,James Parrish,richkenneth@example.org,(390)388-3031x201,"4516 Jeffrey Crescent, Marthaberg, VT 63286",2024-10-05 00:49:02
3101c7ec-28b6-44ac-b045-2d74ad03efd7,Erica Young,nunezrebecca@example.com,345-320-7107x329,"2524 Rosario Burgs, Ronnieburgh, PR 26681",2025-12-04 08:23:50
0cf7a003-1f3c-4b3b-bad1-ab369930d0bf,Francisco Dixon,jill38@example.net,923-517-0076,"551 Bryant Spring Suite 175, North Colleen, DC 50319",2025-05-11 18:39:46
7a7f5022-e7c0-4127-9896-fd3d79cafb41,John Hughes,kennedyjoshua@example.com,+1-843-483-4964x2844,"24288 Gentry Walks Apt. 428, South Andrew, MP 99693",2024-09-04 10:14:06
aaf9e8a8-0f5d-444c-aa9f-b234b9dcb097,Robert Miller,barryfischer@example.com,(415)298-8280x74781,"1489 Roger Extension Suite 836, Lake George, MI 31549",2026-04-12 23:37:07
fe810922-32e5-40c1-988f-4de417699c9c,Jennifer Richards,brittanycalhoun@example.com,975-244-1534x0654,"99016 Gonzalez Row, Bushland, AZ 05439",2024-05-04 18:25:11
9874ce35-124a-412a-9c87-320229a92aac,Robin Mccarthy,robert17@example.org,288-210-5910x186,"135 Lauren Passage Suite 504, New Christopherbury, NJ 47206",2026-01-16 19:36:05
2763bb40-c3fa-49cc-8a6b-97b2b2c7f1ba,Elizabeth Butler,wcarlson@example.com,(816)615-9888,"4298 Ashley Dam, South Jeffrey, OH 25017",2024-08-25 06:27:38
ff85d193-f9a3-42a9-9852-a7b53e525155,Lisa Morgan,rhonda93@example.net,001-431-753-4830,"886 Paige Park, Gallagherland, MT 44983",2025-09-23 04:10:32
dc2ea9c4-e3b2-4cf2-9728-d60d4a8165f2,William Avila,osanders@example.org,349.856.8887x86213,"32966 Devin Viaduct Apt. 646, South Steveburgh, MD 64306",2025-01-08 13:04:14
666eda85-cd41-4979-848f-4901912c72be,Donald Simmons,nshelton@example.net,(563)845-4569x670,"299 Jennifer Unions Apt. 879, Deborahton, RI 79200",2025-11-28 15:21:11
7e489971-0803-4e78-91be-cee40dcd73fd,Ashley Reyes,colemankaren@example.org,617.663.4431x54836,"170 Robin Keys Apt. 736, Cherryfort, OR 14595",2026-02-18 02:28:00
ec5eef3c-b236-4f79-8d9c-b02992ab8eb0,Daniel Reese,oliviabaker@example.org,6699755251,"2290 Dennis Haven Suite 621, North Olivia, AZ 78187",2025-10-25 04:27:25
7657e60c-05b4-48a2-873d-b0068c860bd3,Brenda Stafford,amandabanks@example.com,+1-459-367-8830x1876,"086 Eugene Extension, Shawnburgh, DE 97122",2025-04-27 21:42:21
7f79c83d-5a89-4959-be4e-1b1013b9b49b,Richard Trevino,matthew78@example.net,987-961-6286x04547,"815 Ferguson Cliff Suite 205, Karinaberg, WA 52945",2024-06-24 08:38:56
5217b670-70a4-4761-bf20-cb41ad94c877,Debra Mitchell,ylamb@example.com,756.850.1196,"06002 Jonathan Lane Suite 597, North Ryan, PA 42034",2024-06-09 01:23:26
44566ba8-4aa0-453e-9c84-08e1b1d40390,Kurt Moran,thomas20@example.net,653.929.0906x2773,"4102 Mitchell Fords Suite 101, Lake Douglas, ND 26146",2026-01-21 23:37:42
f9433f16-c9dc-4af7-bd49-0965b3eb5d09,Michael Stone,williamscarrie@example.com,426.364.2811x265,"4309 Rodriguez Burg, North Michelle, PA 57073",2026-04-29 07:37:56
186cfe70-19d2-4411-98a4-fd99d2fa9888,Sean Lewis,kfernandez@example.org,(518)646-1041x531,"30594 Cruz Lock, Brianbury, NM 09803",2025-10-15 20:54:48
508bc61b-d55c-4b0c-821a-b05b27f435e1,Hunter Barnes,seth43@example.org,514-916-3129x00090,"289 Boyd Hill Apt. 644, Kylefort, NJ 44801",2024-12-05 03:50:06
f1d02024-0252-4581-9ca7-d57a65f2c126,Mario Booth,pricemichael@example.com,+1-581-284-2642x359,"02133 Zoe Branch, Samanthabury, NH 60936",2025-04-06 18:01:51
17b8e7c7-9abf-4d4c-ba3b-94c4be431508,Zachary Raymond,millersherri@example.com,998.362.2940x7185,"64193 Michael Divide Suite 279, Elizabethberg, NE 66967",2024-11-16 12:53:41
3eb09532-b7f4-4564-a416-696deb6853eb,Kimberly Barnes,zanderson@example.com,001-313-804-7182x9114,"12948 Valencia Throughway, Port Jeremy, CA 42698",2024-07-12 04:39:39
44cd9a27-b983-4f99-9270-2321137f0f6e,Carlos Ritter,lperkins@example.net,639-750-7218,"PSC 9206, Box 4054, APO AE 22826",2024-08-11 18:38:55
1c847aa4-2336-440f-8efa-1257820630ac,Sabrina White,pcruz@example.net,921-425-8677x412,"53201 Thompson Points, Lake Elizabeth, VT 30665",2024-10-09 20:32:39
5ace2a4a-8f97-4da3-9506-86ff8fb8ab6e,Charles Hobbs,rosezachary@example.org,910-421-0025x315,"Unit 7268 Box 2003, DPO AA 57471",2025-12-24 00:00:03
8b5f6515-54ba-4752-8f7a-e1f796ea6c56,Jonathan Leblanc,anthony97@example.net,796-505-6687x627,"5301 Johnson Village Apt. 060, East Richardstad, MS 60913",2025-12-01 08:55:48
414edec6-88ef-49d8-8bbb-857d96003301,Edward Henderson,aaron74@example.net,740.621.4372x0894,"542 Schroeder Branch, Allisonberg, KS 79331",2024-07-20 18:01:15
4748d68b-ad46-4967-8a72-00af5ffc7cb0,William Porter,jasminberry@example.net,001-363-941-1110x28787,"444 Vazquez Mount Apt. 123, Saramouth, SD 86062",2026-01-15 09:21:50
188621dc-3485-4fe5-9b5e-a969393b0c92,William Adams,ypeterson@example.net,512.572.8290x762,"206 Mayer Branch, East Tonya, NY 72255",2025-08-12 11:01:29
298b5ab4-0f19-4d23-8c3d-b17bfc922d62,Edward Roberts,clairesilva@example.com,322.536.0867x0799,"USNV Stanton, FPO AP 87958",2024-10-04 03:50:18
186ff7a1-824a-4320-a79b-a2330c8be0a3,Gloria Coffey,kimberly32@example.com,001-668-809-7100x0878,"49162 Middleton Tunnel Suite 293, Marshallburgh, VA 63477",2026-01-20 18:20:23
4aa6d5a7-649d-4516-9e44-14dfc4a422bc,Lisa Garrett,cindyelliott@example.com,2458281150,"407 Donna Neck, South Calvin, NE 27284",2025-08-27 12:24:32
89d3a743-3f66-49bc-bf4c-5adc102904d7,Nicholas Gray,nicholas89@example.net,841.410.3803,"162 Williams Isle, Lake Donna, RI 93542",2025-08-30 17:02:29
3e9bfa9c-1f4f-4789-892c-5b7b3c63c001,Gloria Meyer,ksavage@example.net,9423616290,"206 Morgan Common Apt. 958, Dayside, VI 04279",2026-04-24 01:20:52
b4c02f68-2d0c-4417-8b3e-d3b4669a8cb3,Nathan Todd,yolanda81@example.org,(905)489-2587,"0725 Ramirez Stravenue Suite 678, Crystalside, MI 10373",2025-06-01 13:17:32
f278fe29-b03f-4341-8c09-46c8fcf0a1cd,Stanley Thornton,jasonjones@example.org,+1-830-233-2694x757,"669 Andrews Alley Suite 174, Kristafurt, MT 21366",2025-08-03 19:49:18
c69db91b-ac71-4427-b3c8-c9444375e987,Laura Cannon,gallegosmaria@example.net,5538760879,"19251 Jones Roads, Wagnermouth, OR 82659",2024-11-22 18:20:13
a3641213-ad9f-4a75-90cc-f6f4b382acbb,Jordan Wilson,michaelhaynes@example.net,2572195683,"57863 John Lodge, Port Aliciatown, CT 87551",2026-04-25 00:28:07
a6c8dff4-bd30-4fbf-94bc-155a1915ceb1,Steven Gentry,kellyjasmine@example.com,491.364.6216x0344,"8474 Love Ridge, Meredithmouth, RI 58900",2025-08-31 20:26:21
a65d50a4-dda8-46c1-b03a-96da37f803dc,Brian Clark,juliejohnson@example.net,+1-914-845-6083x78608,"701 Gay Mountain Suite 806, Craigshire, OR 11965",2024-11-13 02:59:11
c5adc156-2f03-4055-aff1-45f6620e01a0,David Sutton,rachaelcastillo@example.org,001-908-931-9855x707,"4066 Joshua Valley, Lake Calvinside, CT 68674",2024-09-24 11:45:30
e8c2c102-d3e9-44f0-accf-b7fada46db0b,Joseph Herrera,sydney51@example.org,294-361-9209,"Unit 9598 Box 9034, DPO AE 46401",2025-09-09 02:15:28
4a57625c-46dc-4b65-90f9-223522603e14,Melanie Walls,laura85@example.net,+1-626-237-2117,"1558 Smith Tunnel, North Ricky, NJ 54772",2025-02-21 09:06:14
ec5c24a8-1906-44d9-96a4-bbd4a6e340af,Erin Smith,davidsonjamie@example.org,(777)480-3963x733,"USCGC Nixon, FPO AP 16834",2024-06-05 07:03:37
0ef0641d-d031-4592-8159-f0c5ff27d019,John Lambert,esalazar@example.net,(545)864-5427x6393,"0902 Thomas Inlet, Alexbury, NM 83898",2025-12-28 12:09:43
b7bf9cb5-63ee-47c3-86de-113be33db21d,Lacey Allison,susan08@example.org,+1-384-687-9551x672,"2050 Ronnie Bypass, East Kristinamouth, MO 86327",2024-09-11 09:10:47
0f12bf0c-7bb8-4418-adeb-7a3c298199a5,Eric Evans,rrobinson@example.com,(391)866-3391x6365,"91621 Christian Drive Suite 684, East Tiffany, CT 34084",2024-10-14 08:59:16
f5ab8b2b-8008-4766-82f6-a7b034b6e442,Courtney Fowler,carlsonstephen@example.com,(706)338-8642,"693 Daniel Keys Suite 270, Piercestad, CT 78656",2025-06-24 03:22:55
e2c7035f-2501-49a0-988c-dd67f927dc46,Jean Mendez,randy87@example.com,6038832740,"20049 Natasha Oval, Tuckerton, DE 89453",2025-09-26 23:41:30
66afab6b-159a-4810-a8b3-3158e6b98949,Deborah Russell,mcmahonrobert@example.com,578.964.5422x87390,"2080 Mario Trace, Sheliafurt, DC 39817",2026-02-06 04:56:16
f2522b9d-0fff-4243-a4fa-e91e1c991185,Alexander Lee,cassiebradshaw@example.com,(586)921-1339x61698,"2262 Susan Club Apt. 002, West Lisa, NM 11393",2026-01-29 14:13:06
08f1c88a-6890-4ad4-8776-2024ca7e73e2,Dalton Hernandez,jennyturner@example.org,(674)589-3269,"94158 Emily Springs Suite 999, Priceberg, CT 05637",2025-08-01 09:49:14
86576c2a-5e35-4532-b5aa-f2252f148af8,Melanie Peterson,michelleperry@example.org,(746)847-2337x4086,"949 Robin Mountain, Ortizbury, VI 51584",2025-09-29 11:03:59
ea61b8a8-32eb-46c2-ae7b-148c1e5ca5c3,Cristian Newman,barrettjeremy@example.org,(409)217-8865,"633 Young Parkways, South David, MT 79100",2026-04-18 03:19:26
c5d0fd78-caa0-424e-bbd2-c797c7fd7523,Carmen Hayes,ronaldlang@example.net,308-987-5128,"1991 Taylor Cliff Apt. 278, New Karenville, WV 60367",2024-07-24 06:00:08
37e2982e-f8af-4d0a-91cc-6b86878f54a4,Samantha Cunningham,gregory66@example.net,+1-983-292-7384,"791 Rivas Drives, West Jonathanborough, SC 34842",2024-05-26 09:21:55
e081d696-5fa8-480e-ab40-8d6f380cdfc6,Maria King,iwhite@example.org,612-912-4244x39372,"534 Marilyn Drive, East Sarah, DC 93521",2025-05-08 15:53:00
22036c53-202f-47b5-96b3-97792e61a576,Dawn Garcia,raymond67@example.com,(751)759-0491x559,"28385 Mary Stravenue Apt. 650, South Shelia, RI 38095",2024-10-31 20:00:04
0b8c5bd0-fff0-4c4d-b7b7-2f2358d37fe6,Daniel Hamilton,brendahawkins@example.com,(991)564-6831x844,"USS Ferguson, FPO AP 64529",2025-04-25 10:03:05
94dd42df-a25a-47b1-8293-d8577f814440,Angela Hill,arussell@example.org,385.894.7850x271,"2213 Vicki Estates Apt. 883, Brendaport, VA 92558",2025-06-08 15:32:48
08ed697f-0eff-49e8-8a37-5172ff26c40f,Christopher Rivera,barrettsara@example.net,001-557-258-9152x274,"1812 Angela Vista, Douglasmouth, VT 01952",2024-12-16 22:47:32
75cef1ec-cb1e-4a06-89bd-d97f9e47e7d8,Jake George,salasandrew@example.net,001-744-366-0783x595,"165 Crystal Summit Apt. 737, Lake Johnberg, AR 66207",2024-06-05 21:58:07
5f8cb1ba-df6e-4cc2-9ed8-15f63d950aae,Amy Davidson,daviskim@example.org,+1-331-873-8552x451,"09865 Amanda Stream Apt. 946, West Zachary, DC 04812",2026-02-23 11:16:21
77c8995d-2707-4659-8f1e-0a6257b20fbd,David Clark,ronald37@example.com,775.274.5199x9677,"41200 Thomas Trail Suite 488, Wilcoxside, HI 17447",2026-03-11 16:10:10
29397db7-e734-4f65-8a7f-c4329b9417b9,Julie Bates,patrickmay@example.com,286-336-1651,"16905 Johnson Causeway, North Benjaminport, MA 76378",2024-10-12 05:57:05
f0c9e344-9bf3-4b0f-8ac8-72be91a2aa72,Mrs. Sarah James,amiller@example.com,4563912964,"0809 Krueger Ville Suite 064, Donnaview, ND 46777",2025-01-29 20:57:53
fd1fe915-fc10-44ca-9592-2e9eae7af817,Amanda Miranda,dylan79@example.org,991.964.1269,"074 Aaron Cliff, Walkershire, WY 07303",2024-08-22 17:18:08
37b1f9d1-165a-4f08-a5d3-577f6efd3a4c,Eric Mccarthy,sheiladouglas@example.com,244.773.9939x53089,"62119 Carter Stravenue Apt. 589, Candicefurt, WA 56931",2025-09-24 00:20:22
461c1728-540b-474b-a7e3-01a6d969e57d,Barry Hahn,robynhunter@example.net,230-280-5831x45474,"13017 Martin Shore Apt. 967, Port Aaronburgh, IA 73534",2025-10-14 02:48:41
f51721a6-44f5-4848-a59f-fb6ecc550889,Robin Meadows,christophergibbs@example.org,+1-597-372-4063,"3064 Duncan Rapids Apt. 113, New Kevin, MN 36591",2025-05-02 20:40:29
170658a5-7fbd-4509-8345-59b8c72646b2,Julie Juarez,zbest@example.net,550.239.1576x394,"4955 Ian Forge, North Natashamouth, ND 96483",2025-08-13 07:44:00
c92e1e1e-cbd1-4d50-837a-b86e2d7319cb,Justin Gross,erika69@example.net,(249)667-5699,"35440 Lisa Flats, Fryview, KS 63397",2025-07-27 00:32:15
03b28185-81a5-4647-b128-1672a144e9d6,Shannon Reese,tsoto@example.org,829.459.1088x5294,"57569 Romero Street Suite 302, Travischester, PW 68546",2025-11-18 04:57:24
44f827c2-04c9-4f7d-9375-e5baf4bdc2dc,Angelica Brady,amcbride@example.net,440-942-1627,"42653 Patterson Skyway, East Brentfurt, WI 28882",2026-01-10 23:16:33
fcc6e4b4-31e4-45d4-9ea1-1d7d15790f65,Jacqueline Webster,rnichols@example.com,675.655.2168x324,"43840 Steven Garden Apt. 003, New Sophiaville, AS 31842",2025-11-19 04:34:01
da588840-24db-4562-852b-417e94dc2426,Jeremiah Evans,ncarroll@example.org,465.845.3120x34753,"02370 Maria Isle, Joehaven, VA 54261",2025-07-17 07:14:32
9212179c-ee17-4f9d-8bc1-d093181316b5,Dana Kirk,carolwilliams@example.org,001-508-395-8847x471,"7652 Adrian Forks, Smithshire, AL 05643",2026-04-10 20:38:00
c238a207-ab2a-4ffe-a345-c0cfb14d4e9d,Benjamin George,daniel97@example.net,9384332426,"92110 Chelsea Coves, Taylorton, NM 25070",2025-04-19 12:58:11
59123eb4-b784-41d0-ae19-04bd356ac06a,Stacy Mcgrath,lauren22@example.org,614.361.5159x60864,"3505 Bradley Green, New Juliestad, CA 10604",2025-11-14 18:15:09
594b1772-a93a-4c9c-81de-64c3da1597b1,Elizabeth Perkins,wgoodman@example.com,001-484-816-4829x03724,"87020 Brown Orchard Suite 860, Grantbury, NV 14704",2025-05-15 05:21:58
28d9db31-ee5b-45df-9b5f-98b7ef56a0c5,Lindsey Aguirre,timothy64@example.org,(352)390-4633x53755,"USS Greene, FPO AP 22243",2026-03-13 01:45:09
2b4c321a-ea7f-4f12-815b-629cf7334793,Melissa Barker,nicoledorsey@example.com,(919)532-7183,"54250 Johnny Village Suite 846, West Dylanview, CT 16874",2025-10-23 10:25:57
484f00ff-7ac3-4307-9b34-c196e3424c92,Melinda Ryan,luke71@example.org,(508)670-4679x4663,"3494 Nicholas Fork Suite 553, Martinezhaven, ND 04441",2024-07-31 00:05:32
68c0724c-8b4e-4c94-931d-78fb402cfe66,Jonathan Perez,gonzalezcarlos@example.com,9443860717,"15816 Riley Ford, Ramosshire, FM 17762",2024-09-15 08:19:48
b5472a82-118b-4b93-8d45-58c3845b1096,Anita Mendez,kristinesmith@example.com,9738064502,"342 Michael Forest Suite 806, Claytonmouth, ND 40352",2025-05-21 01:41:35
2a4d13a5-fc18-4057-be9f-0523abc5ac7d,James Washington,orivera@example.com,(347)213-4679x474,"129 Zachary Expressway, Ericshire, SD 69024",2025-12-17 08:25:04
e44b4071-a1f6-438b-aed0-458e4ad509e4,James Moore,hutchinsonpaul@example.com,(234)480-4095x3315,"549 Harris Springs, Lake Michaelburgh, MO 73966",2025-07-23 13:09:25
3eb356ee-3a85-483f-bd5e-eb58828358e6,Ana Ramirez,steven28@example.net,287.525.2598x94148,"4737 Alicia Corner, West Josephmouth, NY 16776",2025-02-05 12:37:08
5b32d18e-09d3-44e6-9ce1-a7f6c97591ed,Ashley Brooks,terrelllynn@example.org,(275)946-4926x090,"14308 Johnson Curve Apt. 896, Wolfefort, MD 00969",2025-04-20 07:56:17
a673755a-fe0f-4301-9437-45dce7c4fc98,Lauren Gentry,tbright@example.net,001-419-529-8196,"87175 Shelley Squares, Port Susan, IA 25868",2025-11-28 09:37:12
8c181472-c69b-4b36-9343-0a101ee00c02,Jimmy Jackson,egarcia@example.net,802-811-9269,"468 Dennis Spur, Nicholasshire, MP 25662",2026-02-06 13:17:27
f82181b4-a653-4b6f-a2a0-13ca3636d77f,Nicholas Donovan,johnstonmaria@example.org,990.903.9090,"769 Brittany Hollow Suite 311, Robertberg, ME 92152",2026-03-30 13:01:08
1505a23f-116b-49eb-94d0-a96b12202b7a,Jonathan Farrell,rachel33@example.net,+1-989-393-2414x2507,"9166 Peter Ridge, East Kristina, WI 87038",2026-01-14 19:33:54
60374364-328f-435e-9263-52c8da5a9834,Krystal Warren,natashagriffin@example.com,+1-250-546-9362x677,"28542 Nicholas Causeway, Leeview, HI 04288",2026-04-02 22:20:33
7496489f-64aa-4100-8a4e-585f1a868020,Seth Schroeder,englishmelissa@example.net,001-850-867-2162x88101,"741 Oliver Ports, North Christine, NM 06526",2026-02-26 15:06:30
5b8b8ba9-3114-40f1-b188-2d3e09001886,John Johns,jennifer85@example.net,001-677-709-3526,"047 Johnny Cliff Suite 600, Lake Briana, NJ 99701",2025-03-05 05:45:33
e40b4a93-b0f0-4fcd-8192-5229a20cf519,George Bond,matthewcopeland@example.net,(517)742-7750x113,"70100 Ellis Islands, Anthonytown, AK 73960",2025-04-30 00:59:17
e0af1dc7-aba2-4527-9cfd-2bf28b0a9387,Dr. Amy Silva DVM,katherine30@example.com,791.485.4733,"939 Mcconnell Loaf, New Rachel, WI 10830",2025-03-04 07:25:51
c63051f6-2e4e-418f-86ca-986e49f2baf2,Lindsey Bowman,nathaniel74@example.net,763.298.1110x6093,"812 Wanda Springs, Williamston, LA 77187",2025-07-08 12:54:56
20526e19-c5f6-46a6-b55b-f044e568c2c3,Mr. Joshua Graham II,andersonsara@example.org,001-290-767-0946x3713,"46570 Pamela Passage Suite 133, South Samantha, MI 14518",2025-06-16 05:07:29
bb36188b-8aa5-4cb1-a50a-bc1d086b7c4a,Jason Taylor,achen@example.org,(385)660-9296,"189 Loretta Oval Suite 392, Portermouth, NH 18090",2024-09-05 12:07:00
b4847d5f-9ceb-477e-871f-8be3d09d8556,Kim Wolfe,jramirez@example.com,780.909.9725x35952,"0874 Elizabeth Meadow Suite 181, Dannyport, CA 45763",2025-01-19 12:46:42
ed47e500-396c-4f62-8529-e8a87d5f5066,John Banks,davidmartin@example.net,+1-669-300-2081,"9577 Sanchez Mountain Suite 167, Christianville, MH 11646",2024-09-15 04:15:40
af0ecf0d-6ba3-4edd-a2fe-fd71c9288248,Julie Martin,joshuabrennan@example.com,768.621.7760x902,"74472 Martinez Row Apt. 320, Farmerchester, IA 22101",2025-08-08 17:02:32
e84a71af-4588-48bc-9101-90bcb49d59ae,Darrell Brown,anthony38@example.com,(400)851-5372x023,"97300 Day Underpass, Morristown, OR 07503",2025-02-17 02:48:13
4cb86b78-2bff-454a-b697-5ede3fa53521,Jason Flores,camerongibson@example.org,482.862.1305,"73855 Kevin Fork, East Amanda, NV 69867",2025-05-01 22:44:29
0e56387d-b0d4-4e55-b8d1-a6cf3ecb6cdc,Elizabeth Cross,lindiamond@example.net,218.441.5804x5706,"40743 Martinez Mission Suite 211, North Christopher, LA 47611",2024-06-27 16:52:50
3efe11c6-d533-45c1-9d79-32b58a8359b7,Jonathan Brandt,samanthaolsen@example.net,(215)905-0448x769,"3782 Chambers Trail Suite 549, Port Benjaminport, CT 24121",2024-05-16 14:32:32
be835404-6cfb-4bae-b975-7466d2737a0b,Amanda Russell,christopher86@example.com,001-667-969-6465,"482 Walker Via, South Angela, NM 85345",2025-03-03 08:01:16
b89da587-fee9-42da-8dfc-533e9860df28,Jordan Torres,cathy52@example.org,001-374-596-3027x8106,"415 Suzanne Station, Lake Shannon, WY 07604",2024-09-22 19:56:23
2b185125-2ee9-444c-bff9-514270d66010,Tanner Gibson,kimberly57@example.net,(271)492-5944,"75942 Hancock Fields Apt. 015, Port Markchester, MT 87536",2025-07-07 21:01:48
a9661f1b-568a-473a-a880-42b6f9947fd3,Danielle Ramirez,ygarcia@example.com,231-229-5676,"433 Nunez Pines Apt. 204, Wilsonland, NH 68933",2024-08-04 11:35:16
da796d1a-430f-4faa-9093-ee8554e2fbf2,Brandon Tran,lucas40@example.org,(525)309-7844x807,"547 Ho Court, East Wandafurt, WY 67048",2025-11-21 01:30:31
467f4660-4e75-4923-97e1-7b3527f3ce40,Gregory Hicks,vincentpotter@example.org,(963)200-6504x346,"191 Kendra Ridge Apt. 475, Carrollville, MD 66456",2025-08-27 12:18:35
556d3b12-6d0f-4fd9-ad81-c320ecf94c09,Ronald Wiggins,robertsmark@example.net,673.968.9998x0998,"2184 Brian Fords Suite 417, Douglasfort, AS 37731",2024-06-30 12:49:09
3ee74c63-6494-4061-bcf1-8e401451b018,Savannah Grant,susan49@example.net,(400)279-0104x45923,"14953 Sandra Parkways, New Kyleville, OH 48402",2025-07-04 15:55:01
60330059-6f8d-442a-91ab-fef093be1908,Susan Waters,keith59@example.net,806-401-0067x27096,"4995 Miller Mission Apt. 901, North Amanda, NM 92598",2024-07-29 05:30:46
0c45d18f-a11c-42a6-b7e3-e26e4efef973,Angela Rose,frychristopher@example.org,636.914.6520x9289,"547 Wright Villages Apt. 913, Mauriceborough, MD 36669",2025-11-20 15:00:08
be5e9a8e-fe81-41ee-8c77-543b85bf7c08,Caleb Saunders,joseph26@example.org,001-478-258-5766x41309,"668 Martinez Common, Port Bryanstad, GA 66750",2026-04-07 16:43:28
dfd82399-fca7-4580-86e2-0f17e0019b90,Sandra Smith,nsweeney@example.com,001-326-673-2372x3047,"74443 Tiffany Road, Lake Elizabeth, GU 86033",2025-09-16 04:39:15
ed5d0afc-cff4-4759-bd54-26217220ae2f,Amanda Freeman,svaughan@example.net,317.556.4365,"38100 Phillip Green, South Austin, KY 39878",2024-08-27 09:39:51
81ee6a3f-1bbb-4d12-8450-5194ff2c80d2,Albert Cobb,larrythornton@example.net,708.703.1142x55382,"35209 Stephanie Mall, Donaldchester, KS 88718",2025-01-16 21:27:35
084908ba-9d9d-4ca2-950e-9b4fc16aa6f0,Heather Thomas,miaandrews@example.net,001-817-938-4591,"668 Ortiz Ports, Wardchester, MI 14371",2025-09-20 13:25:28
2fae7ce4-f5f2-4443-a755-5396e8e855e0,Bryan Elliott,amyedwards@example.org,001-253-846-4521,"36040 Gaines Green Suite 260, Cannonville, TX 37915",2026-02-16 14:03:22
4939747c-a201-46c0-a66e-0ae26e6efaa7,Ryan Mullins,morseandrew@example.net,+1-525-979-7378x38682,"041 Mcdonald Lakes, North Miguelton, WY 74039",2024-06-19 09:25:00
e215eb25-b5c9-4c95-aa71-3e7d41ccf49d,Mr. John Perez DDS,rosedavid@example.net,936.784.2690x0558,"65798 Miller Point Apt. 933, South Victoriafurt, PR 64850",2025-11-06 17:41:32
db3d9337-920a-4a08-854d-2af282c11e4a,Richard Aguirre,dmiles@example.net,(468)931-7090,"3984 Daniel Dam Apt. 401, Michelleburgh, NY 76183",2025-07-19 00:23:31
0b634fa3-98cf-4212-95e3-4b45a4cafbe0,Lisa Sanchez,charles05@example.net,(648)389-8547,"USNV Fowler, FPO AE 19819",2024-07-08 11:54:02
872b625f-5311-4536-8c3f-10c09175f7ed,Zachary Lee,nsmith@example.org,684.683.2930x4967,"202 Anthony Square Apt. 087, Micheleborough, PW 20681",2024-06-18 05:40:57
e539da35-9cb3-42d5-8c2a-70afc9eee73e,Dominique Williams,asalas@example.com,255-678-1023x166,"0103 George Manor, South Lanceville, NM 22595",2026-04-18 08:43:43
9280296e-6ec1-41fe-90ec-4887909726cd,Edgar Tucker,hunterwatson@example.org,001-703-268-9685,"606 Amanda Mountain Apt. 958, Jimmybury, NJ 53531",2025-02-13 10:07:28
83cddc93-15ba-4357-8b50-d3399ae94bc2,Stephanie Johnson,asummers@example.org,678-526-6033,"205 Griffin Fords, North Sarah, KY 95079",2024-10-31 23:54:10
c93b90a1-4639-456c-8bdb-4314eb88259a,David Mckinney,robert43@example.com,429-809-8991x01520,"Unit 2711 Box 3838, DPO AP 98625",2024-11-26 23:22:13
45d2d27c-14d7-48fd-bbb8-1474ddc79885,William Vargas,alejandramejia@example.net,535.904.6952x91295,"4262 Carmen Shoal, North Tina, NV 88744",2025-09-20 15:09:51
4abd5a13-9d95-4800-8592-c7428ea96664,Wendy Espinoza,wmoore@example.org,+1-549-402-5860x319,"986 Hopkins Locks, Matthewhaven, NV 64796",2025-04-10 22:49:48
f7c2be3c-8220-4dfa-bf47-9cb9b4d63335,Joseph Bolton,meganallen@example.net,(745)807-6139,"815 Esparza Station Apt. 702, Nixonmouth, VI 28097",2025-09-22 03:01:07
a73c777f-c9dd-4588-a3c5-1853ef9b03a9,Kathryn Rogers,hillelizabeth@example.net,891.516.9866x6632,"31036 Cain Square, Kevinside, AR 89512",2025-06-06 07:28:13
54b2dda2-e2df-4e50-b481-d525103ffee7,Wayne Haas,lindseyjack@example.net,+1-919-262-9181,"53958 Nicole Rapid, Lake Natalieview, VA 01895",2025-05-10 20:28:07
2462d320-b0c1-48f1-bfd0-0e3662a2e39a,Victor Hancock,bsanchez@example.com,001-342-477-4499x437,"12216 Catherine Station Apt. 846, West Catherine, NC 50614",2025-04-19 02:42:24
27fe188b-34e3-46c6-8e98-22b0b4fdc750,Ryan Baird,carlos04@example.org,(202)296-2604x3439,"1941 Davidson Pine, West Sarabury, AK 52911",2025-10-07 02:58:13
185a8874-341d-4fd7-8f6c-cc95019959fe,Anthony Collins,emilynovak@example.com,(515)501-7983x65639,"5215 Blankenship Cove Apt. 739, Port Jason, WI 52144",2025-03-14 14:24:27
e7c8c392-cfb4-47c9-bf15-8584113e16c0,Teresa Kerr,nealtammy@example.org,416-211-4964x6745,"57121 Thomas Shores, New Jenniferborough, MP 72147",2026-03-09 05:55:36
d995242e-bfd5-4ed6-9b02-4e96793da1d2,Jeffrey Flores,kjackson@example.com,428.456.4330x134,"0094 Pamela Branch Apt. 144, West Benjamin, CA 07376",2026-04-13 18:58:24
4cfd060b-9c8e-44d7-8000-28790896bd48,Stefanie Hansen,achan@example.com,6875382909,"127 Moody Underpass Suite 565, Johnview, PA 36841",2025-10-30 06:04:27
b9ef7b47-4fae-4e29-b2a9-8c8d1cf08a0c,Shannon Rivera,morrisonjennifer@example.com,+1-763-373-9910x71365,"496 Crawford Springs Suite 753, New Laura, AR 26240",2024-07-28 03:49:27
ecc8b660-c7ce-4b58-95c9-b637eb797c41,Ariana Edwards,brian23@example.org,+1-605-899-5378x639,"95279 Gross Summit, South Peter, NY 06847",2024-09-03 10:19:16
f00c2149-f2d0-4b3c-9732-5f6f95cf6e7b,Matthew Bullock,robertwilkins@example.net,6262954074,"110 Norris Freeway, South Scott, ME 94982",2024-09-08 14:40:35
8ce14630-f125-4813-9374-0cfce3bc8d04,Taylor Carpenter,rhonda94@example.com,679.756.8042x547,"722 Heather Ridges, Jonesview, WY 64046",2026-04-21 00:29:21
a8887e0a-ba8d-4081-b9db-fa53d48acb00,John Camacho,rebeccafarrell@example.com,614-255-8091,"Unit 9411 Box 4291, DPO AA 16674",2025-05-01 10:45:53
cc217a63-9336-4861-b327-55942884ef68,Angelica Nichols,wolfjessica@example.net,416.235.6192x39275,"61648 Adkins Roads Suite 541, East Brittney, SD 93984",2025-09-01 08:52:57
fb211ab5-7568-43c6-9c36-cb42f140ef45,Sarah Deleon,cruzalicia@example.org,+1-648-574-1241x62803,"3879 Frazier Expressway Apt. 840, South Stephanie, KY 58995",2025-06-27 18:19:38
a9f73d09-3d7b-42d2-a0ea-a976eb3e9960,Corey Burton,jill49@example.net,+1-912-697-0325x61226,"660 Hernandez Alley, Carrfort, AL 67774",2025-11-29 19:53:27
724c1d0d-d520-437d-ad5c-203d31d46eee,Lorraine Leon,kristine78@example.org,001-950-242-2623,"25071 Nancy Creek Apt. 885, East Johnmouth, GU 93708",2024-07-12 06:13:20
a640385c-cbfd-47b1-a79d-960fefde0868,James Brown,cantukyle@example.net,248-968-5870x59618,"64068 Michael Rapid Suite 044, West Angelaborough, AR 35174",2026-02-01 02:57:35
584b1b0f-55c6-4a6f-8949-a64ed2478126,Barry Brown,richardharrison@example.org,885.374.4484,"62085 Smith Village, Whiteland, SC 66781",2025-11-28 08:12:37
2dc5cef6-ec09-4d7a-b90d-ca243f94d01e,Andrew Yu,dclarke@example.net,+1-901-401-3115,"6167 Garza Oval Suite 299, East Kristatown, MD 49006",2025-03-01 17:44:57
1348d878-28d0-4355-8234-7b6428407687,David Lambert,karen68@example.com,950-836-2045,"USNV Bass, FPO AE 19566",2025-04-13 13:43:01
9eb092de-fec4-4f95-b2f0-48e08c11f6ef,Tyler Johns,julie12@example.com,+1-264-695-1232x4231,"410 Elizabeth Glen, Chadstad, DE 21376",2025-08-28 01:27:53
c01ee8ef-588e-4440-b95c-8263a561b648,Robin Paul,jonathandaugherty@example.net,(757)356-2840,"9575 Ricky Mountains, North Robert, CO 16425",2024-12-09 12:07:22
7518765d-b5db-4a57-8b0f-2f5e71be445d,Justin Walker,fanderson@example.com,812-729-4038x89649,"5038 Smith Track, New Charles, WA 65846",2024-06-10 12:51:33
7f72d5cf-b265-4529-9898-d1ff02b98bbb,Darrell Beltran,lisamoreno@example.net,001-738-979-8048x8100,"PSC 0936, Box 9966, APO AE 43377",2024-05-30 19:10:45
66cace11-99ae-4c8a-9938-ff3c7ce37a18,Randall Jordan,bclark@example.com,(339)920-4054,"943 Aaron Prairie Suite 950, New Adrian, MP 83719",2024-08-14 01:59:02
06a1e75c-de05-4e03-9aef-e8ae40a8630f,Jessica Christian,brianna09@example.com,+1-779-777-8042x7456,"0533 Miller View, New Regina, AS 15008",2024-08-30 05:33:04
805ecff2-6b5e-4c3e-bc2f-52132d2b8e72,Benjamin Matthews,edwardsmary@example.net,(960)872-5870x5301,"USCGC Richardson, FPO AA 96152",2025-12-30 19:28:31
ccf55ea5-8458-470f-b15e-14fc9dd04f57,Alexander Garcia,harmonkellie@example.com,001-755-215-0095,"5249 James Neck Suite 093, Lake Catherineton, MO 41636",2025-10-13 05:44:52
7d8b2380-9c8c-49ab-8a68-3d18bb969df3,Susan Lee,hernandezantonio@example.com,+1-264-311-9289x50529,"81735 Summer Walk, Gregoryfort, GU 38898",2025-06-30 05:19:44
f10dd5fa-82c8-4eac-af1b-514151043986,Janet Hall,butlerjessica@example.com,680.912.1422x5483,"PSC 8350, Box 2486, APO AP 88644",2024-08-26 10:07:51
09ba13cc-fdb9-4619-bb43-abb791b7b044,Charles Evans,michael21@example.org,855.283.4602,"5021 Smith Squares, North Linda, CT 49747",2026-01-16 22:45:59
c0932e92-2449-42c0-a4ba-9e6587d60357,Jonathan Joyce,millerjennifer@example.com,001-426-555-2273x7707,"773 Robert Ports, Johnsonmouth, WY 90661",2026-01-15 02:46:54
8921d2a7-a5ee-4716-9408-b5352d6b6358,Mitchell Scott,juliahowell@example.com,001-784-897-6146x7935,"17800 William Turnpike, Fryetown, IN 69723",2025-12-22 05:15:08
55ac2c42-d104-434c-ba25-f9a20f810c59,Jacob Barrett,williamstroy@example.com,(441)997-6030,"USNV Perez, FPO AA 77713",2024-06-16 23:06:26
a3da711d-a8d5-4a44-a1f9-09555ebe7e2b,James Brown Jr.,acostaandrew@example.org,+1-752-479-5398x006,"63240 David Lane, North Jessica, MI 36539",2024-11-04 18:15:35
f206a304-6018-4160-9f01-dfc7ebfebf8f,Michael Franklin,blozano@example.net,4244848498,"519 Timothy Plaza, Briannafurt, WV 98735",2024-12-06 07:29:59
44df8cdf-a8a0-4982-a530-d5ee468afcff,Alicia Johnson MD,pperkins@example.com,792.857.2491x17195,"40196 Chandler Locks Apt. 890, New Nicoletown, AK 11274",2024-07-04 05:47:49
030260b2-e39a-457c-939b-a5e2da318636,Barbara Taylor,rreyes@example.com,+1-870-765-7961x965,"744 Bell Highway, New Lisa, IA 12330",2025-12-12 04:41:38
f317b426-743e-463f-a18b-5a78a7e8196a,Kim Duncan,vicki62@example.org,4253009163,"0412 Anderson Mall, East Michealhaven, NH 40126",2025-07-01 21:07:47
f52823aa-0f12-4ecf-ab14-70b5cedc2789,Kathryn Lambert,janicewang@example.com,(277)805-4980x862,"67750 Alicia Valley, Seanville, AL 18273",2024-06-22 22:46:54
77667d99-da4e-4b8a-a6b0-42bddc46fcd6,Joseph Barron V,gregory28@example.com,927.399.4482x44786,"6156 Crawford Way, Karenton, WY 56374",2025-04-18 21:18:38
33559527-2092-430b-b5f3-7ea9d0b5db46,Jean Bauer,vwilliams@example.org,991-520-4802x66927,"9944 Robert Ramp Apt. 084, North Rhonda, MD 34301",2026-01-02 12:37:02
959b02fe-8d90-42fc-838a-52421180e323,Mrs. Jennifer Bailey,davissarah@example.net,888.483.0636x775,"68832 Smith Park, North Wesley, NE 14340",2025-06-16 06:28:31
03bfb5ca-44b4-439a-a34a-904b45157be6,Patrick Page,kenneth37@example.org,857.265.8809,"83969 Cook Mills, Campbellmouth, MN 38521",2025-01-12 03:19:30
49c20830-04fb-4650-94c2-6c649961d806,Heather Fisher,christophergilmore@example.net,7174445276,"1353 Baker Path Suite 578, Port Lauren, NJ 83582",2024-06-02 19:22:49
54500b2c-c4c7-49c6-a24f-9c22560e980d,Mitchell Kirk,rodriguezjonathan@example.org,919-532-5754,"30652 Lawrence Lock, Erikaton, MN 15765",2025-02-13 06:06:15
97da4e48-192f-49ea-a0b2-af7599b0c5de,Tyler Sharp,wanda94@example.com,001-365-712-6699x20941,"734 Kristen Junction, Thomasview, MD 12997",2024-05-22 00:01:45
4e1a6894-de1a-4a77-8b2b-4af3edb216f9,Michael Stewart,brandon62@example.net,717.600.9110,"3954 Paul Parks Suite 725, Lake Jacquelinemouth, VA 74324",2025-03-18 18:05:41
28ec783e-b3d9-4cfb-a8e7-7185c485455b,Kathryn Carpenter,mariaanderson@example.net,001-253-639-9973x1365,"9596 Gomez Ports, Joshuafurt, GU 40691",2025-01-10 19:00:53
26b5ee69-f8d6-42a2-a112-83f043fd6ed7,Ashley Garcia,bwood@example.org,987.437.0532,"099 Stone Shores, Davischester, GU 53952",2025-10-18 13:01:13
58fe6b5e-4c2a-4102-8b5f-b34fa2285c41,Tiffany Aguilar,wrightchristopher@example.com,001-865-724-3483x0648,"82101 Eric Tunnel Apt. 607, Ericville, TN 81691",2025-08-29 02:37:51
a93f0f1b-df55-4055-a117-1af86005aaa3,Tracy Clark,powellzachary@example.com,6333596761,"30151 Rachel Ville, North Craig, SD 61253",2026-01-17 17:27:15
7fb379b6-09fa-4b77-98b9-b306b4428bc0,Phyllis Nguyen,brownfernando@example.org,512-901-8937x844,"5128 Boyer Hollow, New Kellyshire, PR 48717",2025-08-31 03:08:48
be176922-7b29-4b28-8ca0-69aac71e635e,Laura Jones,rscott@example.org,865.680.2663,"8457 Charles Neck Suite 941, Wilsonland, CA 74598",2025-09-06 20:10:59
b2f02b3c-bea6-4081-a344-54e978b59ee9,Jordan Rice,gdavis@example.net,(785)888-1381x49827,"706 Patrick Wells, Merrittburgh, VA 89231",2025-11-26 01:14:29
27596e88-c843-4898-bd70-2a1f4ec106ed,Theresa Lucero,victoriareyes@example.com,001-723-581-0063x5117,"072 Johnson Keys Suite 617, Lake Ashleyhaven, MO 44991",2025-11-09 12:57:12
46e0750a-5013-444c-aaf9-2a8a793fba8f,Debra Barker,christopheresparza@example.org,001-348-926-3654,"1577 Robert Course Suite 775, Carlachester, IL 16515",2024-05-22 04:11:46
2c3e1e0c-8ad8-4899-8c31-d7db0bbfc481,Lisa Chapman,rioslaura@example.org,001-760-545-1881x15089,"615 Stevenson Avenue Suite 216, Wagnerborough, NM 16899",2024-08-09 13:20:41
8f869d11-aabd-4582-abd8-dc21cb66fa42,Matthew Miller,tricia09@example.com,001-214-794-1129x48192,"19678 Short Hills Suite 459, East Davidberg, SD 37659",2024-10-02 03:04:23
01fc0bef-8fcc-4eff-9a0f-e459b03bbf73,Martin Murphy,yoconnor@example.com,570.709.4808x447,"252 Miller Dale, Solisland, MH 09567",2026-02-24 04:41:59
20ca236d-3dbd-46b9-b8ec-ccc2e2e31552,Amy Strickland,hweaver@example.com,001-509-502-4146,"77207 Armstrong Walk Suite 698, Lake Jordan, SC 72583",2025-03-12 19:46:27
dc56c9cf-93c0-4e4a-87d8-a579d3b1ea93,Steven Beck,hardybrittany@example.com,433.870.1452,"80676 Anne Drive, Clarkside, FL 38791",2025-08-15 19:33:27
b98be899-87a1-4db7-9383-c87be479f1d5,Wendy Ford,joetorres@example.net,001-686-618-3425x77593,"71678 Bell Ways, Shannonville, PW 42260",2024-06-20 15:04:43
ea3e14da-c064-4638-8309-a6a34326a1bc,William Carr,johnsonkevin@example.com,+1-270-226-2557x2086,"7211 Sydney Creek Apt. 422, Dixonstad, IA 14018",2025-06-22 05:05:37
8116b8c3-070b-4727-906f-3a6eba5eef2c,Mr. Kyle Newton,tannerhoward@example.net,834.825.2421,"982 David Village, Port Theresa, MO 28877",2026-02-04 13:33:28
730c54ca-3432-4b8b-9ac7-b1d13249c877,Jacqueline Lopez,morganronald@example.net,500-710-4545x616,"5795 Erica Ports, Johnsonbury, GU 42025",2024-07-05 15:10:15
42d8d181-da03-4a5b-9e3d-f08c42ae93f7,Michelle Boyer,gutierrezamanda@example.org,647.974.1891x660,"95716 Jenna Overpass Apt. 661, Ryanborough, NE 71841",2025-06-20 02:45:03
98f4c2fe-c699-476d-9bc3-797d87838936,Michael Ball,usmith@example.net,480-433-0386,"942 Daugherty Trail Apt. 148, East Justin, RI 38617",2026-02-26 09:10:09
353cb7f8-51b7-46ac-8c74-2b8cf1b28f6b,Dr. Stephen Martin,ljacobs@example.org,608.940.3395,"42826 Brady Way Suite 122, Perryport, AZ 67122",2025-11-23 14:18:54
cf716a5f-763a-4010-a1fb-127d25c6c9f1,Amy Mercado,alexgamble@example.net,001-474-842-4754x1757,"0470 Wilson Plaza, North Keith, IN 00872",2026-01-02 04:19:23
87939c3c-196e-4051-b831-d056c9d9fa9f,Casey Thompson DDS,nancyhamilton@example.net,837.855.6568x6720,"USCGC Johnson, FPO AE 79650",2024-07-06 05:46:53
e7dd22bb-f9f7-434f-8d1f-d6a3de867a1a,Karen Mccarthy,lauren43@example.org,333.850.7171x920,"705 Myers Wall Suite 283, East Franciscomouth, ME 84536",2025-06-07 08:11:00
3ba1d20f-1bb1-4209-ba2b-8d9f8fc1cd1f,Adam Ross,johnny18@example.net,(823)762-4534,"572 Dawn Ville Suite 596, South Jessica, ME 73516",2026-03-16 07:44:23
ee35fce3-1013-4140-9f32-bb6f154245c6,Michael Oliver,garciasteven@example.com,2397110718,"452 Cynthia Camp, Kleinmouth, OR 41821",2026-03-29 22:34:20
ce540305-31d8-4c39-8aa0-6b848cf76c09,Jesse Howard,lhahn@example.net,643-650-5527x1655,"238 Brian Extensions Suite 789, East Cathybury, HI 38726",2024-07-24 03:09:50
41a062d6-a158-4aa1-b06f-594934771954,Jose Dean,shawn01@example.com,407-356-2454,"4475 Teresa Mews Suite 650, Josephton, GU 86494",2024-07-09 05:11:03
c484221d-42a8-4289-bedd-f3507de33b8d,Martha Gallagher,josepetersen@example.net,739.399.5430x918,"5094 Smith Island, Roweton, MT 59662",2026-02-08 15:10:44
c74148d4-69e9-46d1-b35c-d3d79af0e4ae,Brandy Campbell,ygraham@example.org,+1-400-943-5259x9545,"Unit 2465 Box 9179, DPO AE 84563",2025-07-20 09:40:02
537c9931-de1d-40f2-8c10-daf97c41a1fd,Kayla Merritt,richardsonmaria@example.org,001-247-228-8929x087,"782 Donna Road Suite 594, North Williamburgh, SD 48230",2025-06-02 14:48:14
7dc55451-c52b-45e3-bd1e-46cae4eda24e,Kevin Moore,vlynn@example.com,315.866.3968x0637,"7561 Wright Crossing Suite 531, West Hollyfurt, PR 73219",2024-06-21 07:01:58
c1ccd2ee-bf4b-4c1f-8f7e-e0eb22698843,Victor Cisneros MD,susanwhitney@example.org,440.961.3410x40568,"USS Cruz, FPO AA 24599",2024-09-21 11:29:27
dee30050-2bdc-4fe9-84da-b0088222bdaf,Brittney Riley,asheppard@example.com,752-770-1147x839,"817 Clark Track, Briannachester, NV 59603",2025-08-05 14:22:46
99442a3a-01da-4cf3-a813-aa87e8408da4,Gail Wilson,christophernichols@example.net,001-292-771-0647x1032,"14630 Steven Knolls Apt. 963, Sloanfort, AZ 40694",2025-10-25 14:13:53
857e2581-1071-4c18-8522-01e1dc037b29,Drew Ford,jenniferwillis@example.org,(828)865-9205,"37625 Miranda Pass, East Jennifer, SD 87897",2025-08-08 02:02:28
e953c7b2-8a9f-4e75-9323-b58c2d144b61,Dr. Robert Joseph,cjackson@example.com,(328)642-3319x0095,"Unit 8011 Box 4742, DPO AA 69451",2025-11-30 22:05:23
86117e86-7727-4c12-a6f3-f0f21b7c178c,Joseph Parks,michael42@example.org,(693)777-4972x033,"PSC 6288, Box 1984, APO AE 25718",2025-06-04 10:35:49
fc99eae0-c566-4b6d-9359-8f5c76efabe5,Jesus Howard,nicoleclark@example.net,001-448-947-7720,"40552 Cindy Trail Apt. 022, West Melissahaven, NE 87667",2025-07-17 10:13:38
1b452274-a8c1-4a58-93ed-c6a17405f147,Erika Bartlett,christinesutton@example.net,001-677-808-1731,"060 Stephanie Harbor, Williston, NC 99511",2024-08-14 04:22:14
6f559a23-c8b3-42c5-bda0-ef389a9928aa,Shelby Wallace,jarvisalisha@example.com,6486300684,"USS Lopez, FPO AE 93935",2025-09-15 01:57:37
bca0986c-6993-4493-9cdf-e4ae57dd3f57,Cynthia Davis,robertsdorothy@example.net,577.232.0302x37376,"151 Brianna Manor, Sullivanville, NJ 17760",2025-09-14 18:54:58
4d16c945-064a-43e7-8caf-142bbf500682,Matthew Luna,kellyjuarez@example.org,6546614905,"1208 Mark Ranch Suite 937, West Heidi, AK 71655",2025-07-29 16:50:19
ecad3a17-53eb-4fc5-89d5-368db8bcaddd,Tammy Hicks,ronaldbenitez@example.org,4256050536,"035 Nguyen Causeway Apt. 466, Deborahland, NH 65626",2025-07-18 00:25:09
5b572d03-7d61-4ecb-8b0a-731eaf1722a1,Heidi Moore,kpeterson@example.org,001-856-458-6415x538,"USCGC Taylor, FPO AP 52349",2025-05-21 22:29:24
ceb1a10b-2a6f-46a3-8ade-c0efb10f8ddd,Terry Pittman,sawyercarrie@example.org,612-972-3215,"558 Melanie Summit Apt. 823, South Andrewstad, NJ 97881",2024-08-19 05:37:58
d0805a35-5575-4b85-9a5b-f6537f65efef,Nathan Myers,melissabeck@example.net,+1-907-326-2489x114,"173 Coleman Locks Apt. 884, West Danmouth, IL 59198",2025-09-25 05:09:55
3202e2ca-56e8-40e9-8a75-807cb97a91a3,Lee Mendez,yhardy@example.org,392.839.0359x27393,"3628 Chapman Lake Suite 649, Villegaschester, OK 07824",2024-05-08 17:49:07
ee7eee1b-8aa1-4db8-8424-fc1e8185e1fd,Raymond Williams,nbryan@example.net,296-386-3250x4899,"54940 Green Keys, Port Sydneyview, AR 37606",2025-05-13 03:49:11
512228b9-0d74-45a4-8a3a-0c4f78f75ae3,Caroline Jones,jessekelly@example.org,665.600.3783x01737,"10298 Robyn Ways Suite 347, Kristystad, GA 42285",2024-10-14 17:13:01
7f057492-1429-4c7e-80bf-0508d15004ee,Diane Zamora,eric89@example.net,932.799.2650x873,"95533 Griffith Motorway, Port Anna, ND 86311",2026-04-12 14:56:10
32fd3ad2-77dc-4634-8b75-3de5e44c4542,Beth Thompson,obyrd@example.org,001-669-448-9973x9700,"4376 Steven Port, Kimberlybury, VT 05611",2025-01-02 23:08:46
3623d4d5-ea3a-4215-a4d2-069b06f973dd,David Smith,regina25@example.com,+1-919-999-0194,"9443 Kyle Village Apt. 215, Port Wendyfort, IA 90887",2024-09-17 18:52:13
f00bfa49-99da-4df0-8f8f-a4208d780d1c,Jordan Giles,sallyflores@example.org,(869)798-7722,"034 Ford Mission Apt. 255, New Gregorychester, SC 80796",2026-02-16 08:41:08
10fa1343-493a-49ae-9dd1-249953d7947f,Leah Garcia,dariushughes@example.net,(970)276-5447,"774 Davis Flat, Briannastad, AS 04184",2026-01-30 18:58:53
e9cdc808-dc50-4a08-8ea1-7ccfb2c5946d,Sandra Moore,elaine65@example.net,609-785-9690,"5741 Martin Haven Apt. 864, Port Alyssa, AL 95503",2024-12-11 14:40:24
2b0e7ab1-f472-4459-bd43-f7dd75afeff5,David Walker,tonyarodriguez@example.com,415.947.3894x1876,"76317 Brandon Pass Suite 800, Lake Jessica, WI 54004",2025-09-12 16:25:30
8ed3040f-dd42-4f0c-a732-e9905e181f07,Amy Murphy,yedwards@example.net,807-303-2669,"848 Monica Estates, Masonbury, WV 27331",2026-03-28 15:37:00
4ad16259-2b36-48cd-9831-1c1c322f1d32,Steven Mason,virginia74@example.net,6099017037,"7453 Reed Garden Apt. 906, Johnshire, NV 81931",2026-01-13 14:32:13
8ddae158-d121-424c-a1fc-7a6c4ec6114f,Bradley Phelps,haleangela@example.com,001-688-273-4028x6398,"010 Santiago Views Suite 708, East Walterfort, FM 01215",2025-11-02 06:36:45
9064d491-13b2-4ddd-b73c-a2e0eb3d1ccf,Julian Mullins,kennedyjeffrey@example.net,+1-837-756-9109x6475,"544 Willie Plains, Fitzgeraldfort, IL 77341",2026-03-25 20:33:04
8936e8ec-baef-4f86-a7a4-97de0acbc4de,Tyler Schmidt,crystalwalker@example.net,(614)421-3428x6956,"6957 Donald Parkway Suite 740, Bradleyfurt, HI 62600",2026-01-12 12:58:47
375c31b8-d600-4a01-b1bd-09100f0b6ecd,Kendra Lam,joseph02@example.com,(868)428-1562,"259 Melissa Locks, Lake Steven, NY 74710",2025-02-25 13:32:21
45a2552e-c589-4d5c-bd1a-d34b8bc6ae0c,Kenneth Ellis,michael99@example.com,767.589.3261,"6456 Robinson Plains Suite 190, Tracieton, IL 24659",2025-03-11 23:38:15
0566edba-3cec-4870-9727-7a03ddc4c109,William Ho,rfrancis@example.com,(237)913-4002x73571,"4240 Colleen Trail Suite 408, West Wendyview, MH 59747",2026-03-05 18:47:47
4afe6209-47a0-41b6-aec6-f78a2f0650fc,Kari Morris,longjohn@example.net,910-211-0393x40601,"393 Michele Valleys, Johnview, AS 43956",2026-03-19 06:03:42
ba82bc22-13b0-46ed-99a4-05a0a120dd6d,Amber Peterson,nathan27@example.net,001-493-733-9527x09734,"8539 Kim Crescent, Andreastad, CO 58502",2025-06-04 22:40:15
faf9e1ff-511b-4aa4-a412-82267c030489,Lisa Allen,heatherhanson@example.net,413.499.4235x1442,"35169 Hicks Canyon, Millerstad, MO 64789",2025-07-02 12:24:56
548d0c8f-f91c-4ceb-b1b0-8c087512f689,Wendy Salazar,xwalker@example.com,556-877-2310,"91553 Melinda Via Suite 763, North Kristinamouth, KY 22127",2025-12-06 14:08:37
82c0bae4-73ce-4be7-b556-ebf90bc02921,Jonathan Jennings,butlerdavid@example.org,840-680-1684x2109,"0590 Michael Parks Apt. 653, Curtisland, AR 65389",2024-07-14 00:50:11
42d026be-4089-4957-9f09-45bc8b88ccc2,Adam Harris,ashley14@example.net,471-507-7415,"452 Wilson Parkway Apt. 222, Lake Tracytown, GU 76687",2026-02-08 00:39:18
e11c9158-5872-45d6-bcd5-198dea73e609,Jorge Singh,richard60@example.net,(614)801-5492x4344,"350 Parker Oval, Lake Angelaland, NJ 64216",2025-12-24 17:37:02
72c433c7-3af6-4e35-bcb2-98d98344f28d,Brittany Meyer PhD,froberts@example.net,(523)656-1273x573,"29047 Freeman Lock, Allisonland, AL 82150",2024-06-27 09:31:53
8818c476-b9ff-4737-bee0-b05c8c674a87,Emily Chase,samuelpatton@example.org,(970)344-7874x9245,"PSC 1418, Box 2729, APO AA 14588",2026-04-05 03:42:51
d47e1236-c064-4db7-aa08-fccc710e8752,Geoffrey Castaneda,sophia93@example.com,774-824-4307x5156,"557 Wilson Isle Suite 354, Buchananville, ND 87461",2025-10-30 19:07:47
5c7126f6-1544-4504-986d-5ee49eee9b94,Aaron Thompson,mdelacruz@example.com,894.387.8407,"4711 Ruiz Lodge Apt. 239, West Melissa, NC 76772",2024-08-15 18:22:46
1f007319-2111-4e0c-be1f-1df201bd20b7,Richard Smith,kcurtis@example.org,+1-404-653-1128,"273 Jessica Turnpike Apt. 446, Francismouth, GA 78606",2024-12-01 18:58:38
fa768c30-2799-4f37-9154-ec5e618ffb2c,Christopher Gilmore,davislisa@example.com,(380)926-5835x06137,"02669 Allen Cape, North Markchester, PA 07931",2026-02-18 10:47:23
893a4bd3-2478-4615-94aa-42e239b0eb94,Mrs. Dawn Gray,cheryl54@example.com,511-972-4519,"81371 Harper Estates Suite 885, West Kenneth, CA 54231",2026-04-24 22:40:33
362aac45-6083-4dcd-a435-a8b8c93e0395,Leslie Moon,wjones@example.com,551.891.8816x3702,"366 White View Apt. 936, New Annaport, MI 08786",2025-04-22 01:28:25
d05339c8-804b-4631-a81b-627a0dbc77f0,Maria Abbott,tfritz@example.com,001-725-204-7731x43359,"332 Adam Road, Johnsonberg, NH 06807",2025-10-19 09:39:48
1cf34feb-d42f-421a-a07c-011c6443c29f,Elaine Santana,xvillanueva@example.com,3343296211,"759 Victoria Ridge, Lake Scott, MH 95288",2024-06-19 13:03:49
031f95d5-5668-4546-9047-70f7220b8661,Vincent Gonzales,hoopersusan@example.net,8717606511,"226 Holly Fork, West Jessica, VA 32932",2024-09-24 21:20:07
c1817e58-eeda-4e86-b09d-25c0b080a66b,Steve Klein,luissmith@example.net,869-981-7626x1945,"29009 Hardin Lane Suite 087, South Derrickborough, NJ 16999",2025-07-24 19:34:55
4c2c77e4-5082-4c39-8a98-9357b6beb9b5,Jessica Peterson,brian86@example.com,462-896-5763x9983,"740 Leonard Oval Suite 482, Silvahaven, TX 92537",2024-08-14 16:58:55
daa38ae7-bf7f-47c1-bc96-57866cd58011,Russell Sanchez,kmoreno@example.net,334.818.1129x419,"31692 Stevens Tunnel Apt. 697, Edwardbury, DE 10784",2024-12-22 11:24:48
cbb33ac1-b190-40af-9ed5-16f7968861ad,Cheryl Andrews,harrisalexandria@example.org,555.614.8464,"4822 Cesar Creek, West Carol, MA 10687",2025-04-25 07:53:07
b232b775-f707-46b4-82cc-f93122309bad,Kiara Davis,carolineflowers@example.org,802-615-9926x818,"61262 Barbara Point Apt. 318, New Rebecca, NM 62006",2024-08-15 19:48:06
bf699f77-032b-4132-8b7c-b7b4ee34896e,Brenda Marshall,swhite@example.org,256-894-5540,"79442 Stephen Brook Suite 732, West Erikaburgh, MP 36721",2024-05-13 19:11:33
417c3d97-7956-43e4-b374-4b51a80eb545,Jeremy Jenkins,sallyjimenez@example.net,+1-732-220-0388,"152 Kimberly Ridges, West Rebeccaport, VT 35043",2024-10-17 00:14:39
9c8e6f47-9622-442b-9962-43b9cae9d724,Jenna Williams,lorithomas@example.net,(931)913-2519x405,"USS Carney, FPO AE 38201",2025-06-11 10:48:20
b81d7b72-42fc-4ace-855f-5f3730ce6dcb,Jennifer Rose,jnguyen@example.com,505.407.1254x872,"2637 Lawson Locks, Matthewtown, OK 11179",2025-06-03 04:24:52
a2248577-020d-4a4c-9405-73af9126c92c,David Webb,pamela99@example.net,428-259-1649x5829,"012 Brian Fall Apt. 794, Port Nicolefurt, MI 89678",2024-06-26 07:39:16
62e20dff-8189-482f-93e8-3dcbe20331d6,Nicholas Hayes,michael51@example.org,(925)439-9418x01998,"10847 Cooper Pine Suite 730, Tracyfort, ID 69851",2025-05-09 01:47:34
2c6034dc-f762-4140-a416-af80a523a895,Michael Scott,qallen@example.com,582-267-1434,"2012 Luis Row Apt. 474, Adamstad, TN 73165",2024-12-25 03:05:08
e1c64e00-7754-49bc-b921-e7667cb83a46,Ronald Pratt,janet68@example.org,(403)515-2697x166,"07874 Caldwell Parks Suite 821, Robinsonbury, UT 09993",2025-12-22 20:52:57
181b2c31-cf8d-41fe-9931-f9a593c233dc,Robin Williams,achapman@example.net,618-850-3419x29694,"68551 Deborah Radial, Lake Troy, ID 91626",2025-02-07 23:51:12
994500d7-ed2d-4f8d-bba9-3d0b9bf302ba,Brooke Richardson,doris57@example.net,+1-416-575-0994x101,"3536 Mcconnell Lodge Suite 600, Hardymouth, NC 27875",2025-12-07 04:45:25
250e17d6-c2d1-43e1-98fb-666ed3533f63,Dustin Mcintyre,melissamiller@example.net,+1-898-519-9880x2940,"252 Anna Roads, West Amberville, NH 94561",2026-04-22 06:15:25
43287c9e-5521-4f50-98b1-ec342ab90ce1,Deanna Chan,joshuagardner@example.net,784-505-7916x370,"53919 Whitaker Unions Apt. 699, North Paul, MH 65564",2026-02-15 23:06:32
9bf1e578-b9f3-4f56-a795-d4a6a1004bea,Harold Thomas,rneal@example.net,475-654-9081,"6112 Anna Creek Apt. 070, North Kathleenville, MA 50299",2024-08-20 10:37:26
b4d23cde-e840-4ca1-a672-7c498e588b8f,Brandi Cooper,charleslittle@example.net,+1-461-470-1364x41071,"USNS Beasley, FPO AP 89377",2025-12-18 08:16:50
037c28e7-1212-4dd9-9cff-9075c23ea52e,Sharon Miles,dustinbrown@example.net,895-566-6809x22421,"622 Mark Cape, Josephmouth, AS 36248",2025-07-19 08:33:34
6e199ac4-faaf-4626-a5e5-f76a3ebffe05,Erica Raymond,eric63@example.net,829.836.3438,"500 Clark Causeway, Woodsside, DE 73452",2026-03-28 20:00:25
7be3f113-49a1-4121-a586-571f4a960d68,Brian Rios,laurenpaul@example.org,001-557-338-5432,"638 David Stravenue, Walkerside, PA 12478",2025-05-27 01:06:25
5cd2f201-3ab0-46df-b3d0-6dec98306feb,Tiffany Peters,brucepamela@example.org,301.968.8389x4690,"PSC 9360, Box 6844, APO AE 54130",2025-08-03 21:48:10
b39d0c78-8ffd-4e02-810b-0c6944c7c192,Adam Oliver,aberry@example.org,001-511-268-0205x36581,"Unit 4228 Box 2826, DPO AA 70134",2024-05-05 09:27:25
f8b584aa-95a3-43d1-b45c-f2a5630ab638,Michael Price,mirandadavis@example.org,445-812-6249,"7142 Haynes Curve, Lake Jamesside, LA 34209",2025-04-04 23:37:00
a8300dfa-8a16-4bf6-a39f-10a662906755,Sara Porter,alan50@example.net,408.714.0777x66764,"9115 Turner Fork Suite 199, Edwardsmouth, CA 47407",2025-05-23 17:51:07
a4231353-2767-461b-9cdf-adbc03b85dab,Marc Edwards,nicoleramirez@example.org,(961)507-6823x322,"292 Payne Via, North Michael, OK 66842",2024-11-27 22:12:55
35c3484f-5061-4198-a3ae-4e787e8f0da5,Angela Cummings,hannahgarrison@example.org,583-523-6582x451,"Unit 5447 Box 9271, DPO AP 74536",2024-11-20 17:00:01
7a970981-3a03-4458-9ffe-72abc9f2bc33,Suzanne Gilbert,lambmatthew@example.net,513.840.2970,"Unit 6469 Box 5087, DPO AA 27530",2024-05-19 16:33:07
82df8421-b0b0-402a-a9b6-652426568ad2,Monica Green,knightjohn@example.org,390-605-0505,"4456 Richard Corners Apt. 280, Lake Karen, DE 77960",2025-02-19 08:46:25
17ca7d08-1698-4b0a-89a5-57ee05d70117,Rachel Mann,qlane@example.com,398.602.4889,"00058 Harris Route Suite 018, South Madison, NH 14196",2024-08-06 14:31:31
43108779-a0be-4c7d-9c2d-2640646ec21b,James Kelly,wmoreno@example.net,324.588.6567,"67177 Kimberly Spurs Suite 803, West Christophermouth, MS 36362",2024-10-31 11:17:30
958b96ff-f7e7-4d9f-bc30-d5e6dfad9817,Scott Hart,xlopez@example.com,(475)243-5072x5332,"3310 Jackson Fork Suite 301, Gonzalesfurt, SC 53034",2024-08-10 21:09:23
f5421a72-0df0-4cf9-9f19-93f28cc45fa9,Cynthia Lane,stephaniewilson@example.org,+1-838-941-5689,"Unit 2598 Box 3068, DPO AA 66229",2025-05-21 20:13:54
063816bf-da52-4b74-a273-9b863d923842,Erica Hughes,nwillis@example.net,502-702-0332x4553,"1529 Johnson Court Suite 991, Morganland, OK 12912",2024-09-18 18:07:31
808c9092-a2ef-40f2-a205-d5b45713f0ae,Paul Ford,april57@example.com,(223)823-8039,"PSC 6706, Box 9378, APO AP 53887",2024-11-22 17:10:04
1c601efc-17da-4c09-82e4-bff4149fdb6a,Drew Jones,cantrellemily@example.net,001-452-732-7592,"36201 Townsend Loaf Suite 766, Cochranville, CO 64398",2025-05-12 20:18:11
e2cad63b-d0bc-43ba-9fd5-1a74db673560,Julie Levine,fhawkins@example.net,4959681889,"2316 Tammy Junction, Bensonland, AR 60882",2025-07-09 03:47:51
2155859b-d1a1-40c3-bb99-a1e30f5da5c8,John Lucas II,jenniferpowell@example.net,723.645.7668,"431 Olsen Plains Suite 478, Christinaview, AR 14216",2024-06-06 08:10:45
0f55d035-a9f0-4059-9f3f-7bfccccb7a83,James Schultz,michael04@example.org,299-485-9068x267,"614 Victoria Falls, South Marieview, LA 87678",2025-09-16 17:00:47
4d1b227a-fb11-44ca-a352-bfb8184ee651,Gregory Garza,barrybrandy@example.com,001-213-858-8825,"057 Michelle Forks, Wallacechester, DE 87681",2025-02-05 00:10:50
899ea087-a6b3-453a-a4c9-b486dd122976,Amy Braun,mcphersonnicole@example.net,+1-665-280-1366x98842,"8330 Peterson Corners Apt. 946, Stephenchester, MS 71456",2025-08-23 21:00:04
71ffbf31-a628-48e0-b7bb-12ae2480aa08,Morgan Williams,donnadavis@example.com,384-327-9616x36927,"3329 Moreno Lane Suite 983, West Joshua, MD 43184",2025-01-04 05:02:36
6b06be15-0eeb-4ceb-a87c-b77c9ba41988,Patricia Moore,cynthiaweaver@example.net,598-483-3316x291,"2206 Vargas Ferry Suite 240, Jeannechester, AZ 54053",2025-06-21 12:09:25
29ebf68e-4016-4eb7-9f88-757734f4d6ef,Anthony Ross,mcclainbenjamin@example.org,822-725-0461x786,"78427 Kristen Mount, West Derek, AL 05296",2025-03-28 15:14:16
c6eddad8-c7c7-42e4-a35b-064a53c58e57,Cory Morse,lbraun@example.net,001-807-263-1454,"PSC 5351, Box 7059, APO AA 19293",2025-04-09 21:01:35
286addda-837c-476f-942f-141db615b95b,Arthur Robertson,framirez@example.org,291-915-6306x553,"03349 Steven River, Toddton, MO 92362",2025-01-21 03:18:43
2e636394-81d5-4291-9b73-3cd9b08454f1,Jennifer Mclean,peter96@example.org,929-431-1707,"0493 Michael Tunnel Suite 643, Chanmouth, KY 60116",2026-02-13 07:33:27
f3db1b04-1b8c-43a5-b81a-85aed31a738d,Joseph Villarreal,megan26@example.org,458.941.2279,"357 James Trail Suite 659, Port Elizabeth, MA 50456",2024-08-19 16:26:13
d41e5ade-fcea-45ac-a5ce-8196b35b1c96,Kelli Watson,adamsnancy@example.com,001-327-948-3072,"5791 Christina Ridge Suite 754, North Natalie, NC 90833",2024-11-07 15:20:45
9a1c1801-959f-4d14-875f-3ea0cd867321,Laura Bentley,stephen07@example.net,558.311.4931,"93249 Valentine Island, North Justinside, KS 95365",2025-04-26 22:18:28
7ee5fe90-aefd-41e8-8fa1-29b5431a1d72,Mike Gibson,leejoel@example.com,+1-737-574-6725x07062,"312 Dunlap Key Suite 757, South Marytown, IA 28678",2024-10-24 08:48:57
023720cf-9771-4d0c-ac42-0f6c53a253fe,Cynthia Morrison,christinesmith@example.net,001-751-924-3377x60241,"PSC 4097, Box 3055, APO AA 35422",2025-08-30 14:04:18
21aa7098-8646-44ea-9d5f-ec2d6ffe6937,Julie Frye,richardsonsteven@example.org,(921)622-0490x468,"325 Mueller Spring Suite 948, New Philip, NJ 87697",2026-03-06 10:06:27
68a31484-07d7-4413-b0ba-59331a8d1fc5,Kayla Parks,josebass@example.net,001-517-433-2109,"20569 Michael Points, North Annechester, FL 45109",2025-11-15 11:38:38
85ce2d82-c0f1-414e-8358-e479fc177362,Regina Hawkins,jerry41@example.org,808-390-2928x26439,"2871 Powell Track Apt. 667, Keithland, VA 12906",2026-03-20 22:57:53
9be4b9a8-78e7-4efb-b600-454ce33ebd99,Luis Villegas,wflores@example.net,+1-767-516-2877,"98699 David Knoll Suite 938, Nobleville, IN 90283",2025-07-20 14:00:59
d634446c-947c-4cbc-a3ac-f86d868fd64d,Dana Stokes,sherrysmith@example.com,(299)948-9554x402,"266 James Prairie Apt. 005, Kevinbury, NM 07610",2024-07-10 04:18:31
0d54c6dc-9180-493c-875b-a296e96885a0,Kayla Scott,christopherrobinson@example.net,997.689.2561,"15952 Brown Grove, Jasonville, NC 92814",2025-05-11 21:14:39
27c1c543-0aff-4935-9b6c-d9469bcad592,Sarah Flowers,aclark@example.com,232.934.0308,"7449 Gerald Groves, New Joannbury, MO 47725",2026-02-09 04:32:03
7bb43313-2765-437d-8697-80c5499d17b7,Michael Ortega,mfox@example.org,465-508-1071x076,"644 Jessica Plains Apt. 521, North John, WI 21373",2026-03-28 09:28:35
72dd7521-166d-4619-8033-3023f27cc908,Paul Sandoval,francischeryl@example.org,268.443.7256x9700,"70386 Chapman Place, Lake Ivan, SD 84758",2024-12-20 16:44:12
c2303b26-e7bd-4b2a-8ed9-be17405e979a,Nancy Schneider,plewis@example.com,001-975-224-3899,"6140 Jeff Rapids, Summersport, NV 45309",2024-07-14 17:53:06
54a13d31-24f2-4bac-8aae-0df006837199,Michael Thompson,scottwarren@example.com,(545)485-6956,"567 Torres Rest Apt. 899, Lake Tara, SD 29752",2025-10-12 03:50:03
72c0a618-71ed-44bf-b6b6-e6b98014c7b2,Daniel Martin,tlowe@example.com,001-797-269-8130x214,"056 Maldonado Oval, Lisaborough, UT 23399",2026-01-31 02:36:25
b0c9bc0f-c148-4b34-8339-8802dac396b3,Amber Lynn,zlowe@example.org,001-362-625-1625x93677,"PSC 2782, Box 5254, APO AP 73265",2024-10-26 10:00:17
2e295458-dcf3-4e41-af86-fe429a9c57af,Heather Harmon,swhite@example.org,573.468.6213x54506,"974 Kelly Meadows, New Haleyberg, LA 17373",2024-09-15 13:35:04
72b5fc71-f6b0-4795-9efe-6240e8a712a2,Jeffery Bradley,morrisonshannon@example.com,+1-952-310-7539x46322,"891 Thomas Road, Debrastad, MD 79974",2025-10-27 02:31:29
ee0b5004-9f82-4815-a7cb-6f0ff802545d,Kevin Rivera,holdensarah@example.com,001-759-691-3090,"23536 Gay Fort, East Johnland, LA 28026",2025-03-15 07:36:49
f60746d4-9229-4f99-9f95-136165fd99fe,Sarah Hernandez,sandraoneal@example.net,505-904-4607x2366,"349 Townsend Stravenue Apt. 603, Lake Maryport, IN 92205",2024-05-13 12:46:18
b9e5d21c-d2fe-4d09-b190-dc3d5b45ee3a,Gail Jenkins,amandabray@example.org,+1-229-975-3906x03153,"6280 Griffin Stream Apt. 347, Millerstad, RI 24394",2026-03-21 04:45:44
3c90e35a-e6f6-4f01-8220-3f57acb369d3,Elizabeth Scott,bergernicholas@example.net,001-836-296-6445x560,"3101 Denise Point, South Matthew, MH 97671",2026-01-22 13:24:13
48241656-4a6b-4432-9bd9-9e16fd70b411,Caitlin Morgan,terrinelson@example.net,903-734-1688x2579,"04386 Andrews Ridges Suite 956, Guerrerofort, OH 53774",2024-09-03 06:01:46
52f23130-f1bc-4bb1-bae6-f39bb6176f85,William Jordan,carteramanda@example.com,+1-683-577-0480x0455,"075 Courtney Junction Suite 121, East Zachary, ID 73765",2024-09-11 11:52:00
59aa7abd-100f-4f53-a571-3c86ca6edbe7,Leslie Sullivan,bmiller@example.org,(702)901-4516,"Unit 6522 Box 0006, DPO AE 42596",2026-02-25 12:39:43
b44fcbb5-0ab3-49cc-88aa-5ef4ce568ca5,Margaret Mcintyre,adominguez@example.net,757-900-9590,"006 Edward Station, Mossland, PR 18301",2025-07-24 07:14:09
eb950f70-9f4b-4143-b54c-32e57e44d4fb,Stephen Henderson,danielnguyen@example.org,001-756-901-6791,"380 Ana Flat Apt. 450, Oscarfurt, ID 35666",2024-09-28 12:06:52
9ea4cfdb-df80-41ea-b48e-92d6b8e0a105,Charles Johnson,joshuavazquez@example.com,365.813.6971x4761,"9626 Ashley Locks, New Benjaminshire, VA 75629",2024-08-25 17:37:49
6a2d9f3a-ef29-4f9f-b633-64ea23587a60,Tammy Wright,oross@example.net,969-739-3831,"498 Andrew Cliffs Suite 190, Jonesbury, IA 40718",2024-08-29 15:53:57
41f165ab-d991-4c28-85f2-02585000664b,Leslie Haley,gcross@example.com,001-598-898-4318x3540,"1534 Hall Forge Apt. 538, East Lisabury, MI 60469",2024-10-01 00:27:59
ad74a218-53ca-4692-84d0-8bf45c5dd8ed,Whitney Patel,karitucker@example.com,+1-545-659-2195x591,"3607 Johnston Mission Apt. 165, East Carmen, MH 58168",2025-08-06 17:18:59
01b8bc01-f44c-4b0f-b90c-c9a3c589f74e,Janice Morris,jessica74@example.org,470-239-0841,"2165 Hall Tunnel, South Lindsey, GA 49806",2025-04-15 00:49:41
2ca3748e-a3b2-4317-898b-2eea312e0432,Amy Ray,glennblack@example.net,432-617-2292,"032 Paige Road, West Christopher, ID 50383",2024-07-03 07:17:29
27fa27ae-9777-4e42-bae9-ecc6d43290c4,Julie Torres,mmanning@example.org,995.620.0478,"62487 Rios Lake Apt. 573, Aguirrebury, AZ 70634",2025-05-07 15:34:31
d482d18f-8472-4d7b-9036-d4e151c3187e,Sierra Price,davidbest@example.org,(287)379-6933x656,"9793 Rebecca Ports, East Michael, AZ 26304",2025-11-18 08:31:03
1e510fd0-fcd8-4ea6-8296-3d808721fd0b,Rebecca Nguyen,singletonmichael@example.net,818-274-1060,"943 Juan Extension, Johnsonville, VA 00674",2024-05-27 00:34:36
21b4fa3c-83d5-483c-a01d-a8b86d07ca8d,Chris White,david37@example.com,893.333.2121,"PSC 1592, Box 1247, APO AP 83725",2024-11-30 12:07:00
c85155ea-2f6e-478d-845e-4270705b876a,Raymond Rice,wmitchell@example.org,(621)452-4038x9636,"578 Lopez Rapid, West Dale, OK 22855",2025-02-17 08:42:50
275ecfdb-b4c8-44c1-b564-b64522ce8efa,Garrett Johnson,othomas@example.org,+1-225-410-0023x13926,"2190 Cummings Mountain Suite 201, New Bethville, TX 53083",2025-09-05 08:02:53
ef866b08-2010-4047-8515-4b1cfbb9d259,Michael Lewis,lovekim@example.com,+1-695-389-4252x01300,"60975 Ingram Isle Apt. 364, Kristenchester, PA 21011",2026-03-04 08:07:46
e72589fd-7c31-4995-a82d-94d9f412587c,Lisa Jones,sharonmartinez@example.net,475.940.6470,"USS Freeman, FPO AA 11561",2025-09-20 05:20:40
d318747a-35e2-4788-9e96-a0865ac77d89,Justin Thomas,qwoods@example.net,+1-602-488-3224x57746,"Unit 9216 Box 4728, DPO AE 61575",2024-05-15 07:27:10
71b08806-bb8f-4305-ba60-726773f9a8ea,Donald Harrison,xflores@example.net,296-783-5094x469,"47210 Amanda Pass Suite 322, New Julieborough, ME 39689",2024-12-21 12:57:02
83d83e0e-e91c-4c26-a52c-4e006a7c7ba7,Alex Aguilar,pamelaweaver@example.org,458-551-0133,"771 Perez Mountains Suite 987, Port Ralph, CA 02163",2025-12-14 17:29:55
ef732b28-6378-430e-a690-d32c22c4c7c6,Julie Hall,petersondylan@example.org,5853182217,"6476 Richardson Corners, Robinsonmouth, AZ 75892",2025-11-25 00:46:51
8b24d45a-ea75-4821-989c-7537be8b7d23,Jeffrey Sullivan,rjones@example.org,226.729.3747,"120 Hernandez Canyon, Lake Thomas, PR 29369",2025-12-13 05:02:39
13e658ef-17b9-4038-bfeb-f123f1252834,Andrew Mullins,katie34@example.net,211-780-9910x7807,"96868 Teresa Spur, Brownland, WI 19033",2024-08-28 23:43:04
e9a8cbf0-5045-4956-bc0b-a05a66470153,Veronica Hayes,huffmichele@example.net,831.933.6435x49101,"Unit 6615 Box 3330, DPO AE 75344",2025-04-18 00:56:23
f00b0269-106c-4141-bcc8-12aa1c95932f,Russell Decker,tmitchell@example.com,4953310387,"31580 Andrew Passage Suite 008, Port Eric, DE 45289",2025-10-28 00:51:35
550c758a-171e-410d-bffd-c6e22fba2bbc,Brooke Morgan,marcussanchez@example.com,546.708.8733,"445 Richardson Square, North Jessicaburgh, RI 28829",2024-07-06 14:16:12
0dc276ed-07e5-49b2-9bbe-5aafe1368ce7,Patricia Garcia,maria10@example.com,684-229-0367,"29424 Ritter Loop, New Chris, PW 27501",2025-11-22 21:08:51
a2c1f8ac-14a4-4eb2-b5e5-53822f987d93,Blake Reynolds,gainesshari@example.com,954.996.7279x20998,"121 Sanford Light Suite 371, Alexanderton, DE 87218",2024-05-24 03:58:50
963a062e-44c6-4a13-9374-33ec8bd24ca0,Jody Fuller,sarahjensen@example.com,001-212-360-9058x74734,"3828 Anthony Union, Kennedyborough, MP 55025",2025-06-28 06:08:08
930cab2e-f816-4387-9fea-013e9027189a,Robyn Moore,leslieholland@example.net,452-206-2264,"827 Stephanie Summit, Williammouth, IA 13424",2025-07-28 18:20:06
9e62d5e4-2123-460a-b825-c82988c2e4b3,Samantha Cisneros,kaitlyn48@example.net,+1-304-467-0895x335,"911 Rebecca Tunnel Apt. 073, North Alexis, DC 75828",2025-04-04 22:06:20
e49a255e-ee1a-4bbb-81f2-468df34cbad3,Megan Glover,julieaguirre@example.org,001-710-639-1923x806,"899 Christine Alley, North William, IA 72689",2024-11-27 05:27:04
9dffdb2c-1fa3-4249-96f1-d6bf2e4e54eb,Morgan Perez,sarahbird@example.net,001-524-649-9688x706,"19863 Roy Shoals, Port Lucas, NC 41641",2025-04-25 05:39:16
414af6a0-ece8-4002-a19f-298819905253,John Strong,clinejorge@example.org,8262781239,"Unit 7175 Box 9260, DPO AP 85332",2026-02-14 11:19:49
cc285ae8-839c-4b0f-ae7d-03776107042d,Christopher Martinez,ashleyroth@example.org,+1-967-618-5915x0463,"04483 Daniels Islands, New Brian, IN 76699",2024-06-26 22:19:22
3fbaca1b-0f42-4b97-828b-176158fc79e9,Heather Cummings,michael58@example.org,(303)313-7615,"53712 Anthony Bypass Suite 319, Doylestad, NY 72710",2024-06-27 06:31:42
2a728a9b-f9c1-41a3-9aac-d642d46730d9,Brent Brown,uhall@example.com,(678)320-6428,"950 Debbie Prairie, Cooperland, MH 78821",2025-05-28 16:02:36
76964438-946a-444a-a175-49b31c539f6b,Jeffrey Hill,reyesbonnie@example.com,+1-778-333-8886,"USNV Johnson, FPO AP 97155",2024-05-15 21:43:49
b66b7493-8eac-4a1c-a7f1-c50f47314713,George Perez,thomashogan@example.net,989.296.9586,"76889 Joshua Springs, Barberburgh, IN 50064",2024-09-02 00:30:25
cb5e986c-91fd-4b2f-9319-06677e2fc40f,Michael Johnston,monicablackwell@example.org,+1-722-674-9758x884,"79771 Oconnell Mall, North Jeremyton, FM 42481",2024-07-11 14:44:26
0bf4b9d0-2033-4c32-b58b-a346a5584241,Paul Hunter,lauren78@example.org,4235911601,"7048 Glenda Plaza Suite 812, South Gregory, PW 02361",2025-12-10 23:38:56
68e667ce-f18e-4e3c-ae12-9d2525b812b3,Jennifer Rogers,patricia96@example.com,(246)821-0465x9371,"497 Veronica Pines, Port Edward, HI 88343",2025-03-18 10:32:59
b19e4aea-f473-4a3a-b3ce-48256419144c,Crystal Cook,chelseagreen@example.com,668.610.8267,"9905 Mills Curve, Brandonburgh, SD 67996",2024-10-07 08:33:14
b257bfde-acf8-412a-b710-8219e70193c2,Richard Williams,albertharris@example.net,966-893-6072x778,"USCGC White, FPO AP 73351",2025-03-27 20:52:40
2e810f98-dffc-4c65-8f40-aac2e3acc89a,Hector Smith,jonathan57@example.com,9274567153,"36095 Jacob Lights, Gregorystad, TX 23582",2025-11-02 13:44:30
5dceb0cb-4c46-4dc1-80c8-74c0d48907f5,James Small,eddiesnyder@example.org,521.809.8080,"23611 Justin Estate Apt. 365, Georgeport, MD 77039",2025-08-06 02:29:09
4d9ab8b6-78f9-4618-8767-0d9cebd3659e,Meghan Green,chanscott@example.net,9905705103,"PSC 1453, Box 1097, APO AE 91407",2025-01-20 17:38:18
3f9d56e5-6574-4dfb-975f-fee006c0b851,Gabriel Lang,joanna27@example.org,(636)849-9625x86342,"2672 Warren Hollow, Port Henryville, NV 25820",2025-06-12 12:23:03
09ea7082-0609-4275-ad24-4e2a8dcfec3d,Jennifer Lin,ogiles@example.net,(320)273-7125,"14962 Mitchell Gateway Apt. 138, Port Brian, VI 66702",2025-10-12 14:05:46
bb98b8ee-1594-4d9f-9e1d-497740f20d14,Jennifer Davis,brandon77@example.com,783.938.4692,"56250 Jennifer Lights Suite 058, West Donnabury, AK 17179",2025-10-02 22:16:23
7f8b3916-9f4c-4468-9733-6f329dc5095b,Steven Fisher,xlester@example.net,695.895.4789x367,"533 Michael Walk Suite 219, Benjamintown, WY 85522",2025-04-11 10:57:01
daf63053-7eec-4ff1-b69e-811c62770247,Brenda Bass,dosborn@example.com,556.525.1057,"459 Garcia Coves Apt. 185, Velasquezhaven, IL 61826",2025-05-11 10:42:23
ff1526f6-540d-45b9-956e-bcf1f0bcc460,Todd Moore,monique12@example.com,777-290-4583x30116,"59794 Moore Coves, Hardinmouth, NJ 43312",2025-01-14 05:25:55
43187c41-0298-4f87-a0bf-3a36175faad1,Melanie Olsen,angelahall@example.org,(584)785-2256x87409,"37617 Dean Avenue Suite 275, West Angela, GA 21466",2024-12-16 18:19:19
a9ce35c4-292f-4898-ba14-5feb0cec6d45,Steven Rich,ramosdaniel@example.com,403-564-9862x652,"70198 Matthew Light Apt. 971, Donaldton, DE 40365",2025-02-18 14:07:45
9043958b-c2c5-4136-a825-79b1ae53269c,Connie Garcia,snydertheresa@example.com,+1-609-909-7443,"68488 Richard Throughway Apt. 373, Courtneyshire, GU 84399",2024-06-18 10:39:58
6ba02e80-44f1-43e9-816d-2005d20e828b,Kristen Le,miguel78@example.org,(696)232-9197x4183,"9228 Anthony Unions Apt. 677, Ayalahaven, MI 12234",2024-11-11 13:37:09
cc8d0b9c-f02e-4880-8fa5-1a7005edbf55,Jason Carpenter,justin19@example.com,638-666-6622x00428,"3208 Diaz Keys, Mitchellstad, IL 79374",2025-12-08 06:47:18
4b413129-afe8-47a2-80d0-a710ee6ac37d,Austin Jones,lunastephen@example.com,577-774-9751,"97542 Joseph Spurs, Lake Sean, SC 99865",2024-12-01 06:50:13
ca2c0e87-6477-4854-83a4-e15cd9c394a9,Elizabeth Kline,hannah02@example.org,+1-681-781-3271x94698,"414 Harris Shoal, South Yolanda, VI 27635",2025-09-01 14:50:16
4e8ee3ec-e015-478a-9b81-5420f065714b,Thomas Franklin,rebecca00@example.org,001-697-407-7454x0452,"187 Miller Shoals, Lake Stephanie, AS 38367",2025-11-02 23:26:04
58b93620-6667-40e2-9677-f3dc9540cf83,Jeremy Miller,wrightsarah@example.net,(586)788-0795x133,"Unit 6422 Box 5080, DPO AA 30884",2024-10-27 02:32:14
