Año;Autoridad Portuaria;Operacion;Transito;Graneles líquidos;Graneles sólidos;Mercancía general convencional;Mercancía general en contenedor;Mercancía general;Pesca;Avituallamiento;Tráfico interior;TRÁFICO TOTAL;;;
1962;A Coruña;Desembarque;Incluido tránsito;204.092;147.137;110.979;0;110.979;71.917;0;6.319;540.444;;;
1962;A Coruña;Embarque;Incluido tránsito;6.088;357.934;48.127;0;48.127;0;246.628;144;658.921;;;
1962;Alicante;Desembarque;Incluido tránsito;148.633;465.540;269.215;0;269.215;5.932;0;0;889.320;;;
1962;Alicante;Embarque;Incluido tránsito;0;54.872;194.343;0;194.343;0;31;0;249.246;;;
1962;Almería;Desembarque;Incluido tránsito;97.697;161.995;37.804;0;37.804;9.631;0;0;307.127;;;
1962;Almería;Embarque;Incluido tránsito;0;743.387;45.547;0;45.547;0;2.016;0;790.950;;;
1962;Avilés;Desembarque;Incluido tránsito;5.343;2.170.662;203.957;0;203.957;5.711;0;0;2.385.673;;;
1962;Avilés;Embarque;Incluido tránsito;0;847.880;514.331;0;514.331;0;72.515;265;1.434.991;;;
1962;Bahía de Algeciras;Desembarque;Incluido tránsito;17.551;4.185;37.591;0;37.591;49.277;0;0;108.604;;;
1962;Bahía de Algeciras;Embarque;Incluido tránsito;0;0;57.124;0;57.124;0;62.115;0;119.239;;;
1962;Bahía de Cádiz;Desembarque;Incluido tránsito;0;115.134;155.574;0;155.574;39.730;0;7.603;318.041;;;
1962;Bahía de Cádiz;Embarque;Incluido tránsito;0;7.996;116.847;0;116.847;0;228.190;2.969;356.002;;;
1962;Baleares;Desembarque;Incluido tránsito;0;229.308;221.807;0;221.807;2.431;0;0;453.546;;;
1962;Baleares;Embarque;Incluido tránsito;0;53.041;134.720;0;134.720;0;139.689;0;327.450;;;
1962;Barcelona;Desembarque;Incluido tránsito;1.074.466;1.114.975;1.323.102;0;1.323.102;2.902;0;0;3.515.445;;;
1962;Barcelona;Embarque;Incluido tránsito;22.326;488.806;384.320;0;384.320;0;207.969;0;1.103.421;;;
1962;Bilbao;Desembarque;Incluido tránsito;504.408;2.698.776;982.416;0;982.416;2.723;0;293.088;4.481.411;;;
1962;Bilbao;Embarque;Incluido tránsito;59.700;868.323;239.562;0;239.562;0;187.757;604.855;1.960.197;;;
1962;C.A.G.P.;Desembarque;Incluido tránsito;38.501;455.506;520.760;0;520.760;250.202;0;31.427;1.296.396;;;
1962;C.A.G.P.;Embarque;Incluido tránsito;0;2.157.191;899.094;0;899.094;0;212.419;59.505;3.328.209;;;
1962;Cartagena;Desembarque;Incluido tránsito;5.942.915;258.637;89.535;0;89.535;1.012;0;0;6.292.099;;;
1962;Cartagena;Embarque;Incluido tránsito;4.074.060;223.423;266.107;0;266.107;0;374.875;0;4.938.465;;;
1962;Castellón;Desembarque;Incluido tránsito;0;56.434;31.059;0;31.059;10.416;0;0;97.909;;;
1962;Castellón;Embarque;Incluido tránsito;0;5.112;15.695;0;15.695;0;4.292;0;25.099;;;
1962;Ceuta;Desembarque;Incluido tránsito;729.690;32.214;71.015;0;71.015;3.741;0;0;836.660;;;
1962;Ceuta;Embarque;Incluido tránsito;914;9.257;40.961;0;40.961;0;825.786;0;876.918;;;
1962;Ferrol;Desembarque;Incluido tránsito;0;41.312;80.688;0;80.688;13.636;0;39.395;175.031;;;
1962;Ferrol;Embarque;Incluido tránsito;0;90.920;68.951;0;68.951;0;13.987;0;173.858;;;
1962;Gijón;Desembarque;Incluido tránsito;149.024;802.140;252.125;0;252.125;8.400;0;0;1.211.689;;;
1962;Gijón;Embarque;Incluido tránsito;4.212;2.032.640;275.583;0;275.583;0;143.590;0;2.456.025;;;
1962;Huelva;Desembarque;Incluido tránsito;221.872;183.214;43.199;0;43.199;40.109;0;22.628;511.022;;;
1962;Huelva;Embarque;Incluido tránsito;0;1.963.566;82.927;0;82.927;0;140.668;4.757;2.191.918;;;
1962;Las Palmas;Desembarque;Incluido tránsito;1.778.400;161.536;500.281;0;500.281;164.514;0;0;2.604.731;;;
1962;Las Palmas;Embarque;Incluido tránsito;0;33.257;585.203;0;585.203;0;2.367.625;0;2.986.085;;;
1962;Marín y Ría de Pontevedra;Desembarque;Incluido tránsito;0;63.585;48.773;0;48.773;13.109;0;3.159;128.626;;;
1962;Marín y Ría de Pontevedra;Embarque;Incluido tránsito;0;23.607;32.756;0;32.756;0;70.336;0;126.699;;;
1962;Melilla;Desembarque;Incluido tránsito;24.961;18.485;73.088;0;73.088;7.585;0;0;124.119;;;
1962;Melilla;Embarque;Incluido tránsito;0;1.132.426;24.759;0;24.759;0;17.007;0;1.174.192;;;
1962;Málaga;Desembarque;Incluido tránsito;181.994;373.210;240.307;0;240.307;21.222;0;0;816.733;;;
1962;Málaga;Embarque;Incluido tránsito;3.657;41.278;184.701;0;184.701;0;78.622;0;308.258;;;
1962;Pasaia;Desembarque;Incluido tránsito;304.913;659.716;503.182;0;503.182;69.041;0;0;1.536.852;;;
1962;Pasaia;Embarque;Incluido tránsito;517;159.505;92.177;0;92.177;0;105.902;0;358.101;;;
1962;Puerto de Santa María;Desembarque;Incluido tránsito;0;37.769;16.403;0;16.403;6.201;0;0;60.373;;;
1962;Puerto de Santa María;Embarque;Incluido tránsito;0;27.426;25.914;0;25.914;0;30.448;2.861;86.649;;;
1962;San Esteban de Pravia;Desembarque;Incluido tránsito;0;3.193;8.920;0;8.920;8.326;0;0;20.439;;;
1962;San Esteban de Pravia;Embarque;Incluido tránsito;0;1.017.722;464;0;464;0;37.119;0;1.055.305;;;
1962;Santa Cruz de Tenerife;Desembarque;Incluido tránsito;4.250.814;210.011;447.898;0;447.898;14.018;0;0;4.922.741;;;
1962;Santa Cruz de Tenerife;Embarque;Incluido tránsito;2.519.202;33.502;657.509;0;657.509;0;1.265.376;0;4.475.589;;;
1962;Santander;Desembarque;Incluido tránsito;397.174;689.679;315.643;0;315.643;6.930;0;0;1.409.426;;;
1962;Santander;Embarque;Incluido tránsito;31.176;215.173;158.262;0;158.262;0;91.432;0;496.043;;;
1962;Sevilla;Desembarque;Incluido tránsito;454.843;671.761;312.580;0;312.580;2.192;0;83.437;1.524.813;;;
1962;Sevilla;Embarque;Incluido tránsito;300;304.281;265.534;0;265.534;0;94.622;0;664.737;;;
1962;Tarragona;Desembarque;Incluido tránsito;401.195;507.301;182.582;0;182.582;2.946;0;0;1.094.024;;;
1962;Tarragona;Embarque;Incluido tránsito;7.677;36.316;124.815;0;124.815;0;36.701;0;205.509;;;
1962;Valencia;Desembarque;Incluido tránsito;598.967;791.591;327.417;0;327.417;1.040;0;0;1.719.015;;;
1962;Valencia;Embarque;Incluido tránsito;18.646;120.204;556.354;0;556.354;0;62.035;0;757.239;;;
1962;Vigo;Desembarque;Incluido tránsito;281.489;80.241;191.780;0;191.780;85.722;0;16.892;656.124;;;
1962;Vigo;Embarque;Incluido tránsito;1.826;365.510;64.854;0;64.854;0;366.465;14.057;812.712;;;
1962;Vilagarcía;Desembarque;Incluido tránsito;0;25.595;30.863;0;30.863;25;0;13.925;70.408;;;
1962;Vilagarcía;Embarque;Incluido tránsito;0;1.999;103.209;0;103.209;0;0;8.899;114.107;;;
1963;A Coruña;Desembarque;Incluido tránsito;207.576;165.111;125.790;0;125.790;74.091;0;3.485;576.053;;;
1963;A Coruña;Embarque;Incluido tránsito;7.328;351.476;36.950;0;36.950;0;319.120;113;714.987;;;
1963;Alicante;Desembarque;Incluido tránsito;143.438;463.509;293.195;0;293.195;9.368;0;0;909.510;;;
1963;Alicante;Embarque;Incluido tránsito;0;74.694;191.164;0;191.164;0;42.705;0;308.563;;;
1963;Almería;Desembarque;Incluido tránsito;154.720;139.036;57.786;0;57.786;8.456;0;0;359.998;;;
1963;Almería;Embarque;Incluido tránsito;0;637.194;37.131;0;37.131;0;6.828;0;681.153;;;
1963;Avilés;Desembarque;Incluido tránsito;4.461;1.671.335;181.482;0;181.482;8.067;0;0;1.865.345;;;
1963;Avilés;Embarque;Incluido tránsito;0;899.813;537.543;0;537.543;0;66.294;238;1.503.888;;;
1963;Bahía de Algeciras;Desembarque;Incluido tránsito;9.565;4.317;52.192;0;52.192;46.437;0;0;112.511;;;
1963;Bahía de Algeciras;Embarque;Incluido tránsito;0;0;59.514;0;59.514;0;69.451;0;128.965;;;
1963;Bahía de Cádiz;Desembarque;Incluido tránsito;0;96.248;152.869;0;152.869;42.324;0;0;291.441;;;
1963;Bahía de Cádiz;Embarque;Incluido tránsito;0;16.415;120.408;0;120.408;0;240.456;2.218;379.497;;;
1963;Baleares;Desembarque;Incluido tránsito;212.274;311.087;411.246;0;411.246;2.408;0;0;937.015;;;
1963;Baleares;Embarque;Incluido tránsito;0;67.236;139.554;0;139.554;0;139.214;0;346.004;;;
1963;Barcelona;Desembarque;Incluido tránsito;1.339.628;2.430.036;1.803.367;0;1.803.367;3.251;0;0;5.576.282;;;
1963;Barcelona;Embarque;Incluido tránsito;32.238;414.264;469.592;0;469.592;0;233.338;0;1.149.432;;;
1963;Bilbao;Desembarque;Incluido tránsito;513.088;1.652.947;984.418;0;984.418;2.763;0;447.120;3.600.336;;;
1963;Bilbao;Embarque;Incluido tránsito;55.278;627.589;179.920;0;179.920;0;185.682;700.655;1.749.124;;;
1963;C.A.G.P.;Desembarque;Incluido tránsito;71.377;452.391;579.577;0;579.577;238.889;0;51.082;1.393.316;;;
1963;C.A.G.P.;Embarque;Incluido tránsito;8.829;1.928.665;744.049;0;744.049;0;163.763;45.271;2.890.577;;;
1963;Cartagena;Desembarque;Incluido tránsito;6.207.944;374.021;170.353;0;170.353;1.773;0;0;6.754.091;;;
1963;Cartagena;Embarque;Incluido tránsito;4.709.271;263.024;262.682;0;262.682;0;350.083;0;5.585.060;;;
1963;Castellón;Desembarque;Incluido tránsito;0;48.932;53.223;0;53.223;14.836;0;0;116.991;;;
1963;Castellón;Embarque;Incluido tránsito;0;8.175;11.528;0;11.528;0;8.090;0;27.793;;;
1963;Ceuta;Desembarque;Incluido tránsito;872.577;16.812;86.121;0;86.121;3.837;0;0;979.347;;;
1963;Ceuta;Embarque;Incluido tránsito;1.368;3.634;43.382;0;43.382;0;1.022.006;0;1.070.390;;;
1963;Ferrol;Desembarque;Incluido tránsito;0;35.252;69.664;0;69.664;17.824;0;49.118;171.858;;;
1963;Ferrol;Embarque;Incluido tránsito;0;141.302;82.297;0;82.297;0;13.660;0;237.259;;;
1963;Gijón;Desembarque;Incluido tránsito;188.785;697.164;202.757;0;202.757;7.841;0;0;1.096.547;;;
1963;Gijón;Embarque;Incluido tránsito;0;2.022.635;260.062;0;260.062;0;177.590;0;2.460.287;;;
1963;Huelva;Desembarque;Incluido tránsito;257.083;149.125;57.078;0;57.078;36.810;0;20.369;520.465;;;
1963;Huelva;Embarque;Incluido tránsito;0;1.852.281;73.561;0;73.561;0;118.176;534;2.044.552;;;
1963;Las Palmas;Desembarque;Incluido tránsito;1.959.002;195.121;560.040;0;560.040;104.532;0;0;2.818.695;;;
1963;Las Palmas;Embarque;Incluido tránsito;0;20.904;460.106;0;460.106;0;2.348.411;0;2.829.421;;;
1963;Marín y Ría de Pontevedra;Desembarque;Incluido tránsito;0;60.555;41.202;0;41.202;10.374;0;38.125;150.256;;;
1963;Marín y Ría de Pontevedra;Embarque;Incluido tránsito;0;20.770;44.892;0;44.892;0;54.735;0;120.397;;;
1963;Melilla;Desembarque;Incluido tránsito;24.769;8.474;78.967;0;78.967;7.108;0;0;119.318;;;
1963;Melilla;Embarque;Incluido tránsito;0;848.281;28.427;0;28.427;0;13.854;0;890.562;;;
1963;Málaga;Desembarque;Incluido tránsito;266.181;369.118;300.653;0;300.653;20.297;0;0;956.249;;;
1963;Málaga;Embarque;Incluido tránsito;5.816;43.657;128.967;0;128.967;0;79.943;0;258.383;;;
1963;Pasaia;Desembarque;Incluido tránsito;360.403;659.450;541.789;0;541.789;72.006;0;0;1.633.648;;;
1963;Pasaia;Embarque;Incluido tránsito;0;152.293;111.650;0;111.650;0;133.195;0;397.138;;;
1963;Puerto de Santa María;Desembarque;Incluido tránsito;0;47.430;15.059;0;15.059;6.017;0;0;68.506;;;
1963;Puerto de Santa María;Embarque;Incluido tránsito;0;14.993;21.139;0;21.139;0;32.868;2.372;71.372;;;
1963;San Esteban de Pravia;Desembarque;Incluido tránsito;0;2.588;6.983;0;6.983;14.557;0;0;24.128;;;
1963;San Esteban de Pravia;Embarque;Incluido tránsito;0;979.590;422;0;422;0;35.687;0;1.015.699;;;
1963;Santa Cruz de Tenerife;Desembarque;Incluido tránsito;5.135.161;238.103;402.771;0;402.771;17.644;0;0;5.793.679;;;
1963;Santa Cruz de Tenerife;Embarque;Incluido tránsito;3.466.822;30.323;589.099;0;589.099;0;1.299.437;0;5.385.681;;;
1963;Santander;Desembarque;Incluido tránsito;487.176;770.916;286.239;0;286.239;7.107;0;0;1.551.438;;;
1963;Santander;Embarque;Incluido tránsito;16.329;200.608;138.927;0;138.927;0;96.656;0;452.520;;;
1963;Sevilla;Desembarque;Incluido tránsito;505.990;626.473;307.615;0;307.615;1.278;0;55.131;1.496.487;;;
1963;Sevilla;Embarque;Incluido tránsito;4.192;327.098;234.850;0;234.850;0;32.445;0;598.585;;;
1963;Tarragona;Desembarque;Incluido tránsito;519.655;762.467;230.628;0;230.628;3.665;0;0;1.516.415;;;
1963;Tarragona;Embarque;Incluido tránsito;7.551;29.796;128.686;0;128.686;0;47.251;0;213.284;;;
1963;Valencia;Desembarque;Incluido tránsito;825.619;891.913;486.196;0;486.196;1.037;0;0;2.204.765;;;
1963;Valencia;Embarque;Incluido tránsito;18.791;132.749;514.837;0;514.837;0;58.659;0;725.036;;;
1963;Vigo;Desembarque;Incluido tránsito;232.497;86.985;201.751;0;201.751;97.356;0;18.828;637.417;;;
1963;Vigo;Embarque;Incluido tránsito;0;231.199;52.047;0;52.047;0;388.969;14.371;686.586;;;
1963;Vilagarcía;Desembarque;Incluido tránsito;0;24.542;33.875;0;33.875;22;0;16.239;74.678;;;
1963;Vilagarcía;Embarque;Incluido tránsito;0;1.158;84.383;0;84.383;0;0;8.300;93.841;;;
1964;A Coruña;Desembarque;Incluido tránsito;1.618.225;201.623;139.025;0;139.025;85.120;0;3.391;2.047.384;;;
1964;A Coruña;Embarque;Incluido tránsito;1.095.113;578.850;40.327;0;40.327;0;279.161;52;1.993.503;;;
1964;Alicante;Desembarque;Incluido tránsito;137.166;399.184;287.284;0;287.284;9.465;0;0;833.099;;;
1964;Alicante;Embarque;Incluido tránsito;0;53.703;191.616;0;191.616;0;40.836;0;286.155;;;
1964;Almería;Desembarque;Incluido tránsito;161.039;176.741;51.919;0;51.919;8.284;0;0;397.983;;;
1964;Almería;Embarque;Incluido tránsito;758;753.962;35.491;0;35.491;0;10.272;0;800.483;;;
1964;Avilés;Desembarque;Incluido tránsito;4.956;1.620.436;284.502;0;284.502;10.046;0;937;1.920.877;;;
1964;Avilés;Embarque;Incluido tránsito;0;906.368;654.450;0;654.450;0;55.963;937;1.617.718;;;
1964;Bahía de Algeciras;Desembarque;Incluido tránsito;99.651;2.535;65.559;0;65.559;40.713;0;0;208.458;;;
1964;Bahía de Algeciras;Embarque;Incluido tránsito;75.109;0;66.990;0;66.990;0;66.445;0;208.544;;;
1964;Bahía de Cádiz;Desembarque;Incluido tránsito;0;50.096;150.937;0;150.937;41.158;0;2.268;244.459;;;
1964;Bahía de Cádiz;Embarque;Incluido tránsito;0;19.771;136.229;0;136.229;0;239.125;2.589;397.714;;;
1964;Baleares;Desembarque;Incluido tránsito;197.991;299.301;362.305;0;362.305;2.236;0;0;861.833;;;
1964;Baleares;Embarque;Incluido tránsito;0;31.940;148.788;0;148.788;0;87.284;0;268.012;;;
1964;Barcelona;Desembarque;Incluido tránsito;1.499.881;1.408.282;1.938.908;0;1.938.908;3.956;0;0;4.851.027;;;
1964;Barcelona;Embarque;Incluido tránsito;11.569;432.076;374.013;0;374.013;0;230.634;0;1.048.292;;;
1964;Bilbao;Desembarque;Incluido tránsito;651.715;2.729.118;1.127.684;0;1.127.684;2.958;0;346.795;4.858.270;;;
1964;Bilbao;Embarque;Incluido tránsito;61.980;744.789;295.923;0;295.923;0;162.715;426.270;1.691.677;;;
1964;C.A.G.P.;Desembarque;Incluido tránsito;61.757;504.609;603.446;0;603.446;278.060;0;21.613;1.469.485;;;
1964;C.A.G.P.;Embarque;Incluido tránsito;6.301;2.004.707;839.148;0;839.148;0;175.639;13.360;3.039.155;;;
1964;Cartagena;Desembarque;Incluido tránsito;5.852.049;406.402;87.657;0;87.657;1.790;0;0;6.347.898;;;
1964;Cartagena;Embarque;Incluido tránsito;4.142.566;268.088;243.237;0;243.237;0;367.457;0;5.021.348;;;
1964;Castellón;Desembarque;Incluido tránsito;0;74.779;48.389;0;48.389;10.052;0;0;133.220;;;
1964;Castellón;Embarque;Incluido tránsito;0;15.011;17.676;0;17.676;0;10.150;0;42.837;;;
1964;Ceuta;Desembarque;Incluido tránsito;814.463;18.133;75.779;0;75.779;3.549;0;0;911.924;;;
1964;Ceuta;Embarque;Incluido tránsito;990;1.367;45.585;0;45.585;0;1.001.747;0;1.049.689;;;
1964;Ferrol;Desembarque;Incluido tránsito;12.131;48.168;92.391;0;92.391;16.126;0;31.327;200.143;;;
1964;Ferrol;Embarque;Incluido tránsito;0;207.319;68.599;0;68.599;0;19.374;0;295.292;;;
1964;Gijón;Desembarque;Incluido tránsito;239.936;802.116;192.459;0;192.459;9.071;0;0;1.243.582;;;
1964;Gijón;Embarque;Incluido tránsito;3.599;1.699.250;227.868;0;227.868;0;98.257;0;2.028.974;;;
1964;Huelva;Desembarque;Incluido tránsito;399.254;221.152;40.102;0;40.102;40.229;0;22.056;722.793;;;
1964;Huelva;Embarque;Incluido tránsito;0;2.126.608;19.315;0;19.315;0;206.661;148;2.352.732;;;
1964;Las Palmas;Desembarque;Incluido tránsito;2.008.587;193.977;592.010;0;592.010;101.291;0;0;2.895.865;;;
1964;Las Palmas;Embarque;Incluido tránsito;0;12.580;493.911;0;493.911;0;2.396.494;0;2.902.985;;;
1964;Marín y Ría de Pontevedra;Desembarque;Incluido tránsito;0;76.320;38.048;0;38.048;16.152;0;66.841;197.361;;;
1964;Marín y Ría de Pontevedra;Embarque;Incluido tránsito;0;14.940;60.364;0;60.364;0;62.687;0;137.991;;;
1964;Melilla;Desembarque;Incluido tránsito;23.102;5.809;75.982;0;75.982;7.014;0;0;111.907;;;
1964;Melilla;Embarque;Incluido tránsito;0;1.073.306;45.518;0;45.518;0;16.148;0;1.134.972;;;
1964;Málaga;Desembarque;Incluido tránsito;268.576;358.405;323.432;0;323.432;19.738;0;0;970.151;;;
1964;Málaga;Embarque;Incluido tránsito;5.562;47.816;150.528;0;150.528;0;79.125;0;283.031;;;
1964;Pasaia;Desembarque;Incluido tránsito;407.638;615.138;613.922;0;613.922;76.408;0;0;1.713.106;;;
1964;Pasaia;Embarque;Incluido tránsito;254;262.587;171.599;0;171.599;0;130.041;0;564.481;;;
1964;Puerto de Santa María;Desembarque;Incluido tránsito;0;79.150;15.027;0;15.027;6.981;0;2.589;103.747;;;
1964;Puerto de Santa María;Embarque;Incluido tránsito;0;8.050;37.828;0;37.828;0;33.807;2.268;81.953;;;
1964;San Esteban de Pravia;Desembarque;Incluido tránsito;0;3.507;4.170;0;4.170;1.183;0;0;8.860;;;
1964;San Esteban de Pravia;Embarque;Incluido tránsito;0;849.426;496;0;496;0;26.004;0;875.926;;;
1964;Santa Cruz de Tenerife;Desembarque;Incluido tránsito;5.418.023;289.887;441.570;0;441.570;22.759;0;0;6.172.239;;;
1964;Santa Cruz de Tenerife;Embarque;Incluido tránsito;3.889.477;28.045;690.443;0;690.443;0;1.210.367;0;5.818.332;;;
1964;Santander;Desembarque;Incluido tránsito;619.845;885.356;300.000;0;300.000;9.846;0;0;1.815.047;;;
1964;Santander;Embarque;Incluido tránsito;24.173;263.864;139.034;0;139.034;0;110.355;0;537.426;;;
1964;Sevilla;Desembarque;Incluido tránsito;556.832;700.961;238.997;0;238.997;1.108;0;50.184;1.548.082;;;
1964;Sevilla;Embarque;Incluido tránsito;0;403.726;234.017;0;234.017;0;39.104;0;676.847;;;
1964;Tarragona;Desembarque;Incluido tránsito;545.280;779.563;157.203;0;157.203;3.546;0;0;1.485.592;;;
1964;Tarragona;Embarque;Incluido tránsito;8.800;25.396;153.212;0;153.212;0;41.029;0;228.437;;;
1964;Valencia;Desembarque;Incluido tránsito;941.824;829.885;479.271;0;479.271;1.274;0;0;2.252.254;;;
1964;Valencia;Embarque;Incluido tránsito;18.450;141.520;546.522;0;546.522;0;60.399;0;766.891;;;
1964;Vigo;Desembarque;Incluido tránsito;277.876;83.695;184.428;0;184.428;92.252;0;83.088;721.339;;;
1964;Vigo;Embarque;Incluido tránsito;4.193;242.777;52.099;0;52.099;0;394.896;15.458;709.423;;;
1964;Vilagarcía;Desembarque;Incluido tránsito;0;26.467;31.830;0;31.830;800;0;30.413;89.510;;;
1964;Vilagarcía;Embarque;Incluido tránsito;0;1.347;91.707;0;91.707;0;0;19.735;112.789;;;
1965;A Coruña;Desembarque;Incluido tránsito;2.018.654;248.665;158.721;0;158.721;85.511;0;64;2.511.615;;;
1965;A Coruña;Embarque;Incluido tránsito;1.573.799;252.700;24.002;0;24.002;0;267.696;2.326;2.120.523;;;
1965;Alicante;Desembarque;Incluido tránsito;190.878;320.984;486.049;0;486.049;9.075;0;0;1.006.986;;;
1965;Alicante;Embarque;Incluido tránsito;0;44.662;232.535;0;232.535;0;44.564;0;321.761;;;
1965;Almería;Desembarque;Incluido tránsito;175.875;109.553;107.493;0;107.493;7.705;0;0;400.626;;;
1965;Almería;Embarque;Incluido tránsito;0;1.140.646;42.504;0;42.504;0;14.256;0;1.197.406;;;
1965;Avilés;Desembarque;Incluido tránsito;3.998;1.957.866;463.532;0;463.532;6.782;0;13.134;2.445.312;;;
1965;Avilés;Embarque;Incluido tránsito;0;970.456;562.480;0;562.480;0;37.633;11.621;1.582.190;;;
1965;Bahía de Algeciras;Desembarque;Incluido tránsito;161.301;2.352;103.118;0;103.118;48.741;0;0;315.512;;;
1965;Bahía de Algeciras;Embarque;Incluido tránsito;129.501;0;67.296;0;67.296;0;211.195;0;407.992;;;
1965;Bahía de Cádiz;Desembarque;Incluido tránsito;0;65.832;141.591;0;141.591;36.710;0;4.110;248.243;;;
1965;Bahía de Cádiz;Embarque;Incluido tránsito;0;5.614;115.379;0;115.379;0;219.449;0;340.442;;;
1965;Baleares;Desembarque;Incluido tránsito;229.713;263.767;402.710;0;402.710;2.358;0;0;898.548;;;
1965;Baleares;Embarque;Incluido tránsito;0;25.275;165.327;0;165.327;0;86.892;0;277.494;;;
1965;Barcelona;Desembarque;Incluido tránsito;2.110.536;1.732.564;1.955.812;0;1.955.812;5.970;0;0;5.804.882;;;
1965;Barcelona;Embarque;Incluido tránsito;19.233;465.815;422.821;0;422.821;0;251.284;0;1.159.153;;;
1965;Bilbao;Desembarque;Incluido tránsito;859.620;3.048.134;1.750.967;0;1.750.967;4.644;0;369.581;6.032.946;;;
1965;Bilbao;Embarque;Incluido tránsito;45.892;692.621;327.462;0;327.462;0;231.946;320.507;1.618.428;;;
1965;C.A.G.P.;Desembarque;Incluido tránsito;88.358;482.391;805.302;0;805.302;313.017;0;6.300;1.695.368;;;
1965;C.A.G.P.;Embarque;Incluido tránsito;7.250;1.885.069;873.170;0;873.170;0;228.706;21.957;3.016.152;;;
1965;Cartagena;Desembarque;Incluido tránsito;5.716.190;350.719;218.020;0;218.020;2.732;0;0;6.287.661;;;
1965;Cartagena;Embarque;Incluido tránsito;3.626.105;182.512;260.937;0;260.937;0;315.665;0;4.385.219;;;
1965;Castellón;Desembarque;Incluido tránsito;64.785;76.328;75.732;0;75.732;6.211;0;0;223.056;;;
1965;Castellón;Embarque;Incluido tránsito;207;14.856;20.520;0;20.520;0;10.718;0;46.301;;;
1965;Ceuta;Desembarque;Incluido tránsito;780.974;14.936;76.331;0;76.331;3.568;0;0;875.809;;;
1965;Ceuta;Embarque;Incluido tránsito;4.277;942;50.425;0;50.425;0;943.443;0;999.087;;;
1965;Ferrol;Desembarque;Incluido tránsito;49.774;32.212;119.340;0;119.340;14.608;0;0;215.934;;;
1965;Ferrol;Embarque;Incluido tránsito;0;276.673;46.770;0;46.770;0;36.340;37.593;397.376;;;
1965;Gijón;Desembarque;Incluido tránsito;301.394;888.043;280.317;0;280.317;7.058;0;0;1.476.812;;;
1965;Gijón;Embarque;Incluido tránsito;1.869;1.653.794;141.177;0;141.177;0;107.711;0;1.904.551;;;
1965;Huelva;Desembarque;Incluido tránsito;567.337;161.803;68.551;0;68.551;44.462;0;203;842.356;;;
1965;Huelva;Embarque;Incluido tránsito;1.898;2.167.438;16.134;0;16.134;0;218.636;21.089;2.425.195;;;
1965;Las Palmas;Desembarque;Incluido tránsito;1.876.616;168.970;650.524;0;650.524;108.380;0;0;2.804.490;;;
1965;Las Palmas;Embarque;Incluido tránsito;0;7.617;501.370;0;501.370;0;2.413.662;0;2.922.649;;;
1965;Marín y Ría de Pontevedra;Desembarque;Incluido tránsito;2.375;80.957;60.034;0;60.034;12.355;0;89;155.810;;;
1965;Marín y Ría de Pontevedra;Embarque;Incluido tránsito;0;5.165;63.896;0;63.896;0;60.364;161.412;290.837;;;
1965;Melilla;Desembarque;Incluido tránsito;23.114;4.937;75.569;0;75.569;8.139;0;0;111.759;;;
1965;Melilla;Embarque;Incluido tránsito;0;990.488;52.454;0;52.454;0;14.087;0;1.057.029;;;
1965;Málaga;Desembarque;Incluido tránsito;885.971;430.379;245.273;0;245.273;19.560;0;0;1.581.183;;;
1965;Málaga;Embarque;Incluido tránsito;11.169;72.672;115.987;0;115.987;0;95.117;0;294.945;;;
1965;Pasaia;Desembarque;Incluido tránsito;453.501;543.380;924.323;0;924.323;80.810;0;0;2.002.014;;;
1965;Pasaia;Embarque;Incluido tránsito;0;295.303;149.570;0;149.570;0;161.854;0;606.727;;;
1965;Puerto de Santa María;Desembarque;Incluido tránsito;0;103.064;9.641;0;9.641;7.860;0;2.785;123.350;;;
1965;Puerto de Santa María;Embarque;Incluido tránsito;0;18.055;33.265;0;33.265;0;27.462;1.678;80.460;;;
1965;San Esteban de Pravia;Desembarque;Incluido tránsito;0;2.735;2.563;0;2.563;842;0;0;6.140;;;
1965;San Esteban de Pravia;Embarque;Incluido tránsito;0;723.510;0;0;0;0;22.295;0;745.805;;;
1965;Santa Cruz de Tenerife;Desembarque;Incluido tránsito;6.336.444;285.752;427.133;0;427.133;23.936;0;0;7.073.265;;;
1965;Santa Cruz de Tenerife;Embarque;Incluido tránsito;4.698.545;44.757;722.709;0;722.709;0;1.252.183;0;6.718.194;;;
1965;Santander;Desembarque;Incluido tránsito;757.800;918.730;400.397;0;400.397;11.574;0;15.130;2.103.631;;;
1965;Santander;Embarque;Incluido tránsito;6.455;150.029;126.148;0;126.148;0;115.519;15.130;413.281;;;
1965;Sevilla;Desembarque;Incluido tránsito;677.653;792.230;354.398;0;354.398;981;0;0;1.825.262;;;
1965;Sevilla;Embarque;Incluido tránsito;106;340.228;180.577;0;180.577;0;66.748;27.756;615.415;;;
1965;Tarragona;Desembarque;Incluido tránsito;674.985;1.082.709;240.295;0;240.295;3.374;0;0;2.001.363;;;
1965;Tarragona;Embarque;Incluido tránsito;20.258;41.194;187.359;0;187.359;0;59.059;0;307.870;;;
1965;Valencia;Desembarque;Incluido tránsito;984.852;971.710;650.367;0;650.367;1.234;0;0;2.608.163;;;
1965;Valencia;Embarque;Incluido tránsito;19.222;149.778;559.266;0;559.266;0;59.535;0;787.801;;;
1965;Vigo;Desembarque;Incluido tránsito;289.127;71.441;212.483;0;212.483;88.174;0;15.994;677.219;;;
1965;Vigo;Embarque;Incluido tránsito;0;33.321;52.312;0;52.312;0;353.571;69.870;509.074;;;
1965;Vilagarcía;Desembarque;Incluido tránsito;2.153;34.618;36.803;0;36.803;2.263;0;20.964;96.801;;;
1965;Vilagarcía;Embarque;Incluido tránsito;0;634;73.725;0;73.725;0;0;59.730;134.089;;;
1966;A Coruña;Desembarque;Incluido tránsito;2.324.751;306.851;93.169;0;93.169;84.465;0;2.973;2.812.209;;;
1966;A Coruña;Embarque;Incluido tránsito;1.893.611;117.629;24.780;0;24.780;0;242.030;16;2.278.066;;;
1966;Alicante;Desembarque;Incluido tránsito;206.418;259.816;329.278;0;329.278;9.254;0;0;804.766;;;
1966;Alicante;Embarque;Incluido tránsito;0;47.640;207.274;0;207.274;0;42.452;0;297.366;;;
1966;Almería;Desembarque;Incluido tránsito;169.875;130.707;76.965;0;76.965;5.477;0;0;383.024;;;
1966;Almería;Embarque;Incluido tránsito;440;953.205;38.355;0;38.355;0;40.662;0;1.032.662;;;
1966;Avilés;Desembarque;Incluido tránsito;3.062;1.963.241;381.984;0;381.984;6.556;0;53;2.354.896;;;
1966;Avilés;Embarque;Incluido tránsito;0;765.863;657.813;0;657.813;0;42.117;0;1.465.793;;;
1966;Bahía de Algeciras;Desembarque;Incluido tránsito;161.450;2.888;112.649;0;112.649;47.097;0;0;324.084;;;
1966;Bahía de Algeciras;Embarque;Incluido tránsito;137.858;0;74.186;0;74.186;0;87.964;0;300.008;;;
1966;Bahía de Cádiz;Desembarque;Incluido tránsito;0;84.791;183.038;0;183.038;31.006;0;0;298.835;;;
1966;Bahía de Cádiz;Embarque;Incluido tránsito;0;12.286;116.700;0;116.700;0;217.664;1.639;348.289;;;
1966;Baleares;Desembarque;Incluido tránsito;303.056;340.087;460.581;0;460.581;2.499;0;0;1.106.223;;;
1966;Baleares;Embarque;Incluido tránsito;42.690;11.643;156.631;0;156.631;0;94.361;0;305.325;;;
1966;Barcelona;Desembarque;Incluido tránsito;2.393.247;1.651.480;2.036.472;0;2.036.472;6.985;0;0;6.088.184;;;
1966;Barcelona;Embarque;Incluido tránsito;8.753;441.520;428.567;0;428.567;0;212.283;0;1.091.123;;;
1966;Bilbao;Desembarque;Incluido tránsito;1.073.689;2.971.048;1.888.810;0;1.888.810;4.365;0;212.376;6.150.288;;;
1966;Bilbao;Embarque;Incluido tránsito;8.413;840.770;353.029;0;353.029;0;264.126;306.078;1.772.416;;;
1966;C.A.G.P.;Desembarque;Incluido tránsito;134.424;622.650;683.186;0;683.186;286.375;0;19.782;1.746.417;;;
1966;C.A.G.P.;Embarque;Incluido tránsito;6.539;1.773.498;728.950;0;728.950;0;265.833;5.231;2.780.051;;;
1966;Cartagena;Desembarque;Incluido tránsito;5.950.527;485.506;89.413;0;89.413;2.091;0;0;6.527.537;;;
1966;Cartagena;Embarque;Incluido tránsito;4.181.821;303.322;202.322;0;202.322;0;256.734;53.386;4.997.585;;;
1966;Castellón;Desembarque;Incluido tránsito;146.479;86.055;111.224;0;111.224;6.118;0;0;349.876;;;
1966;Castellón;Embarque;Incluido tránsito;1.574;9.788;76.080;0;76.080;0;13.688;0;101.130;;;
1966;Ceuta;Desembarque;Incluido tránsito;776.492;17.189;88.698;0;88.698;4.153;0;0;886.532;;;
1966;Ceuta;Embarque;Incluido tránsito;2.528;1.420;57.241;0;57.241;0;888.950;0;950.139;;;
1966;Ferrol;Desembarque;Incluido tránsito;49.074;42.240;118.216;0;118.216;16.739;0;26.596;252.865;;;
1966;Ferrol;Embarque;Incluido tránsito;0;116.744;46.731;0;46.731;0;42.101;0;205.576;;;
1966;Gijón;Desembarque;Incluido tránsito;357.499;881.252;156.167;0;156.167;6.091;0;0;1.401.009;;;
1966;Gijón;Embarque;Incluido tránsito;20.213;1.646.632;142.214;0;142.214;0;86.278;0;1.895.337;;;
1966;Huelva;Desembarque;Incluido tránsito;343.885;166.346;58.999;0;58.999;47.061;0;7.595;623.886;;;
1966;Huelva;Embarque;Incluido tránsito;730;1.964.477;48.817;0;48.817;0;196.168;8.452;2.218.644;;;
1966;Las Palmas;Desembarque;Incluido tránsito;2.101.982;178.839;743.102;0;743.102;116.481;0;0;3.140.404;;;
1966;Las Palmas;Embarque;Incluido tránsito;0;8.345;512.802;0;512.802;0;2.479.573;0;3.000.720;;;
1966;Marín y Ría de Pontevedra;Desembarque;Incluido tránsito;23.972;90.308;42.634;0;42.634;11.397;0;296.002;464.313;;;
1966;Marín y Ría de Pontevedra;Embarque;Incluido tránsito;0;770;64.335;0;64.335;0;85.900;74;151.079;;;
1966;Melilla;Desembarque;Incluido tránsito;27.350;3.754;82.887;0;82.887;7.914;0;0;121.905;;;
1966;Melilla;Embarque;Incluido tránsito;0;895.991;72.655;0;72.655;0;19.495;0;988.141;;;
1966;Málaga;Desembarque;Incluido tránsito;2.241.377;363.610;117.414;0;117.414;16.743;0;0;2.739.144;;;
1966;Málaga;Embarque;Incluido tránsito;27.910;101.987;137.993;0;137.993;0;97.862;0;365.752;;;
1966;Pasaia;Desembarque;Incluido tránsito;573.097;497.089;876.261;0;876.261;79.154;0;0;2.025.601;;;
1966;Pasaia;Embarque;Incluido tránsito;0;347.726;175.368;0;175.368;0;170.290;0;693.384;;;
1966;Puerto de Santa María;Desembarque;Incluido tránsito;0;110.931;4.364;0;4.364;9.264;0;0;124.559;;;
1966;Puerto de Santa María;Embarque;Incluido tránsito;0;27.723;40.719;0;40.719;0;30.846;1.660;100.948;;;
1966;San Esteban de Pravia;Desembarque;Incluido tránsito;0;1.945;1.460;0;1.460;1.237;0;0;4.642;;;
1966;San Esteban de Pravia;Embarque;Incluido tránsito;0;514.283;0;0;0;0;11.044;0;525.327;;;
1966;Santa Cruz de Tenerife;Desembarque;Incluido tránsito;6.548.253;223.762;489.530;0;489.530;19.667;0;0;7.281.212;;;
1966;Santa Cruz de Tenerife;Embarque;Incluido tránsito;4.964.842;43.340;611.285;0;611.285;0;1.234.775;0;6.854.242;;;
1966;Santander;Desembarque;Incluido tránsito;830.443;918.156;325.906;0;325.906;9.547;0;0;2.084.052;;;
1966;Santander;Embarque;Incluido tránsito;3.253;135.792;53.528;0;53.528;0;126.081;0;318.654;;;
1966;Sevilla;Desembarque;Incluido tránsito;776.058;794.594;228.873;0;228.873;1.446;0;29.756;1.830.727;;;
1966;Sevilla;Embarque;Incluido tránsito;0;329.134;269.295;0;269.295;0;65.477;0;663.906;;;
1966;Tarragona;Desembarque;Incluido tránsito;1.230.211;1.339.119;256.185;0;256.185;2.700;0;21.274;2.849.489;;;
1966;Tarragona;Embarque;Incluido tránsito;384.384;25.251;168.349;0;168.349;0;47.905;21.305;647.194;;;
1966;Valencia;Desembarque;Incluido tránsito;717.972;1.123.417;592.254;0;592.254;989;0;0;2.434.632;;;
1966;Valencia;Embarque;Incluido tránsito;720;115.485;578.468;0;578.468;0;65.474;0;760.147;;;
1966;Vigo;Desembarque;Incluido tránsito;303.542;106.124;156.655;0;156.655;77.312;0;25.612;669.245;;;
1966;Vigo;Embarque;Incluido tránsito;19.552;76.054;55.293;0;55.293;0;313.940;83.045;547.884;;;
1966;Vilagarcía;Desembarque;Incluido tránsito;3.901;29.039;22.257;0;22.257;3.379;0;70.133;128.709;;;
1966;Vilagarcía;Embarque;Incluido tránsito;997;145;55.261;0;55.261;0;0;15.100;71.503;;;
1967;A Coruña;Desembarque;Incluido tránsito;2.310.290;386.110;106.910;0;106.910;90.672;0;3.055;2.897.037;;;
1967;A Coruña;Embarque;Incluido tránsito;1.771.467;71.636;27.321;0;27.321;0;258.462;63;2.128.949;;;
1967;A Coruña;Transbordo;Incluido tránsito;0;0;0;0;0;0;0;0;0;;;
1967;Alicante;Desembarque;Incluido tránsito;305.829;196.563;316.283;0;316.283;9.596;0;0;828.271;;;
1967;Alicante;Embarque;Incluido tránsito;22.310;98.658;240.653;0;240.653;0;39.836;0;401.457;;;
1967;Alicante;Transbordo;Incluido tránsito;0;0;130;0;130;0;0;0;130;;;
1967;Almería;Desembarque;Incluido tránsito;158.653;163.027;58.220;0;58.220;5.040;0;0;384.940;;;
1967;Almería;Embarque;Incluido tránsito;1.007;1.173.546;42.409;0;42.409;0;34.314;0;1.251.276;;;
1967;Almería;Transbordo;Incluido tránsito;0;0;0;0;0;0;0;0;0;;;
1967;Avilés;Desembarque;Incluido tránsito;6.195;2.707.504;475.148;0;475.148;5.551;0;0;3.194.398;;;
1967;Avilés;Embarque;Incluido tránsito;0;1.073.871;876.370;0;876.370;0;52.319;0;2.002.560;;;
1967;Avilés;Transbordo;Incluido tránsito;0;0;0;0;0;0;0;0;0;;;
1967;Bahía de Algeciras;Desembarque;Incluido tránsito;856.742;832;81.179;0;81.179;47.619;0;0;986.372;;;
1967;Bahía de Algeciras;Embarque;Incluido tránsito;392.666;0;66.183;0;66.183;0;178.052;0;636.901;;;
1967;Bahía de Algeciras;Transbordo;Incluido tránsito;0;0;3.436;0;3.436;0;0;0;3.436;;;
1967;Bahía de Cádiz;Desembarque;Incluido tránsito;0;55.841;203.489;0;203.489;34.170;0;0;293.500;;;
1967;Bahía de Cádiz;Embarque;Incluido tránsito;0;11.221;133.324;0;133.324;0;197.274;1.288;343.107;;;
1967;Bahía de Cádiz;Transbordo;Incluido tránsito;0;12.150;0;0;0;0;0;0;12.150;;;
1967;Baleares;Desembarque;Incluido tránsito;308.269;256.146;451.518;0;451.518;1.580;0;0;1.017.513;;;
1967;Baleares;Embarque;Incluido tránsito;58.214;34.228;143.349;0;143.349;0;109.621;0;345.412;;;
1967;Baleares;Transbordo;Incluido tránsito;0;0;0;0;0;0;0;0;0;;;
1967;Barcelona;Desembarque;Incluido tránsito;2.757.467;1.484.137;1.538.372;0;1.538.372;4.872;0;0;5.784.848;;;
1967;Barcelona;Embarque;Incluido tránsito;31.082;504.826;646.106;0;646.106;0;264.774;0;1.446.788;;;
1967;Barcelona;Transbordo;Incluido tránsito;0;0;0;0;0;0;0;0;0;;;
1967;Bilbao;Desembarque;Incluido tránsito;1.011.095;2.750.858;1.553.603;0;1.553.603;3.515;0;446.305;5.765.376;;;
1967;Bilbao;Embarque;Incluido tránsito;191.212;951.299;532.601;0;532.601;0;306.691;753.716;2.735.519;;;
1967;Bilbao;Transbordo;Incluido tránsito;13.480;0;170;0;170;0;0;0;13.650;;;
1967;C.A.G.P.;Desembarque;Incluido tránsito;199.638;584.431;811.126;0;811.126;301.299;0;34.509;1.931.003;;;
1967;C.A.G.P.;Embarque;Incluido tránsito;7.154;1.677.744;620.111;0;620.111;0;257.982;2.775;2.565.766;;;
1967;C.A.G.P.;Transbordo;Incluido tránsito;0;0;0;0;0;0;0;0;0;;;
1967;Cartagena;Desembarque;Incluido tránsito;6.213.351;481.789;125.998;0;125.998;1.751;0;0;6.822.889;;;
1967;Cartagena;Embarque;Incluido tránsito;4.090.852;295.022;228.233;0;228.233;0;285.775;24.565;4.924.447;;;
1967;Cartagena;Transbordo;Incluido tránsito;0;0;0;0;0;0;0;0;0;;;
1967;Castellón;Desembarque;Incluido tránsito;2.300.040;143.181;65.943;0;65.943;7.022;0;0;2.516.186;;;
1967;Castellón;Embarque;Incluido tránsito;1.692.576;5.451;109.309;0;109.309;0;30.806;0;1.838.142;;;
1967;Castellón;Transbordo;Incluido tránsito;0;0;0;0;0;0;0;0;0;;;
1967;Ceuta;Desembarque;Incluido tránsito;697.760;14.061;81.064;0;81.064;4.499;0;0;797.384;;;
1967;Ceuta;Embarque;Incluido tránsito;758;765;46.559;0;46.559;0;815.089;0;863.171;;;
1967;Ceuta;Transbordo;Incluido tránsito;0;0;4.542;0;4.542;0;0;0;4.542;;;
1967;Ferrol;Desembarque;Incluido tránsito;55.749;78.405;81.342;0;81.342;16.408;0;25.672;257.576;;;
1967;Ferrol;Embarque;Incluido tránsito;0;120.530;31.245;0;31.245;0;43.361;0;195.136;;;
1967;Ferrol;Transbordo;Incluido tránsito;0;0;0;0;0;0;0;0;0;;;
1967;Gijón;Desembarque;Incluido tránsito;453.936;967.373;158.128;0;158.128;5.704;0;0;1.585.141;;;
1967;Gijón;Embarque;Incluido tránsito;36.304;1.542.877;154.443;0;154.443;0;75.346;0;1.808.970;;;
1967;Gijón;Transbordo;Incluido tránsito;0;0;0;0;0;0;0;0;0;;;
1967;Huelva;Desembarque;Incluido tránsito;1.570.441;178.152;32.509;0;32.509;47.083;0;671;1.828.856;;;
1967;Huelva;Embarque;Incluido tránsito;717.584;1.893.891;29.917;0;29.917;0;176.479;3.090;2.820.961;;;
1967;Huelva;Transbordo;Incluido tránsito;0;0;235;0;235;0;0;0;235;;;
1967;Las Palmas;Desembarque;Incluido tránsito;2.690.051;159.204;806.311;0;806.311;233.468;0;0;3.889.034;;;
1967;Las Palmas;Embarque;Incluido tránsito;0;7.220;607.698;0;607.698;0;3.342.094;0;3.957.012;;;
1967;Las Palmas;Transbordo;Incluido tránsito;136.990;0;0;0;0;0;0;0;136.990;;;
1967;Marín y Ría de Pontevedra;Desembarque;Incluido tránsito;28.488;117.426;43.800;0;43.800;11.396;0;283.822;484.932;;;
1967;Marín y Ría de Pontevedra;Embarque;Incluido tránsito;0;1.973;64.778;0;64.778;0;95.929;1.517;164.197;;;
1967;Marín y Ría de Pontevedra;Transbordo;Incluido tránsito;0;0;0;0;0;0;0;0;0;;;
1967;Melilla;Desembarque;Incluido tránsito;31.690;11.359;81.287;0;81.287;6.240;0;0;130.576;;;
1967;Melilla;Embarque;Incluido tránsito;0;997.767;62.091;0;62.091;0;36.120;0;1.095.978;;;
1967;Melilla;Transbordo;Incluido tránsito;0;0;0;0;0;0;0;0;0;;;
1967;Málaga;Desembarque;Incluido tránsito;2.536.113;333.945;101.063;0;101.063;17.601;0;0;2.988.722;;;
1967;Málaga;Embarque;Incluido tránsito;11.410;101.192;248.751;0;248.751;0;130.318;0;491.671;;;
1967;Málaga;Transbordo;Incluido tránsito;0;0;58;0;58;0;0;0;58;;;
1967;Pasaia;Desembarque;Incluido tránsito;788.312;876.923;454.272;0;454.272;89.700;0;3.259;2.212.466;;;
1967;Pasaia;Embarque;Incluido tránsito;0;513.685;147.118;0;147.118;0;155.464;3.259;819.526;;;
1967;Pasaia;Transbordo;Incluido tránsito;0;10.288;0;0;0;0;0;0;10.288;;;
1967;Puerto de Santa María;Desembarque;Incluido tránsito;0;57.558;3.884;0;3.884;9.456;0;0;70.898;;;
1967;Puerto de Santa María;Embarque;Incluido tránsito;0;26.131;37.094;0;37.094;0;30.260;1.477;94.962;;;
1967;Puerto de Santa María;Transbordo;Incluido tránsito;0;0;0;0;0;0;0;0;0;;;
1967;San Esteban de Pravia;Desembarque;Incluido tránsito;0;2.284;0;0;0;794;0;0;3.078;;;
1967;San Esteban de Pravia;Embarque;Incluido tránsito;0;558.682;0;0;0;0;10.892;0;569.574;;;
1967;San Esteban de Pravia;Transbordo;Incluido tránsito;0;0;0;0;0;0;0;0;0;;;
1967;Santa Cruz de Tenerife;Desembarque;Incluido tránsito;7.201.069;252.276;816.059;0;816.059;16.557;0;0;8.285.961;;;
1967;Santa Cruz de Tenerife;Embarque;Incluido tránsito;5.754.901;28.625;463.577;0;463.577;0;1.507.870;0;7.754.973;;;
1967;Santa Cruz de Tenerife;Transbordo;Incluido tránsito;0;0;2.196;0;2.196;0;0;0;2.196;;;
1967;Santander;Desembarque;Incluido tránsito;1.141.440;845.797;396.131;0;396.131;7.590;0;0;2.390.958;;;
1967;Santander;Embarque;Incluido tránsito;6.733;202.653;73.468;0;73.468;0;132.561;0;415.415;;;
1967;Santander;Transbordo;Incluido tránsito;0;0;691;0;691;0;0;0;691;;;
1967;Sevilla;Desembarque;Incluido tránsito;784.700;719.203;356.315;0;356.315;2.676;0;28.599;1.891.493;;;
1967;Sevilla;Embarque;Incluido tránsito;955;274.266;294.997;0;294.997;0;57.297;0;627.515;;;
1967;Sevilla;Transbordo;Incluido tránsito;0;0;0;0;0;0;0;0;0;;;
1967;Tarragona;Desembarque;Incluido tránsito;1.514.620;1.230.465;246.392;0;246.392;3.490;0;90.189;3.085.156;;;
1967;Tarragona;Embarque;Incluido tránsito;585.648;83.686;298.967;0;298.967;0;42.871;90.338;1.101.510;;;
1967;Tarragona;Transbordo;Incluido tránsito;0;0;1.504;0;1.504;0;0;0;1.504;;;
1967;Valencia;Desembarque;Incluido tránsito;791.485;1.156.913;535.790;0;535.790;918;0;0;2.485.106;;;
1967;Valencia;Embarque;Incluido tránsito;10.489;206.450;619.033;0;619.033;0;62.255;0;898.227;;;
1967;Valencia;Transbordo;Incluido tránsito;0;0;1.433;0;1.433;0;0;0;1.433;;;
1967;Vigo;Desembarque;Incluido tránsito;353.485;146.465;158.207;0;158.207;83.268;0;73.848;815.273;;;
1967;Vigo;Embarque;Incluido tránsito;25.685;56.912;55.503;0;55.503;0;300.893;115.092;554.085;;;
1967;Vigo;Transbordo;Incluido tránsito;359;0;0;0;0;0;0;0;359;;;
1967;Vilagarcía;Desembarque;Incluido tránsito;2.545;29.857;22.634;0;22.634;458;0;78.559;134.053;;;
1967;Vilagarcía;Embarque;Incluido tránsito;4.067;93;63.213;0;63.213;0;0;6.442;73.815;;;
1967;Vilagarcía;Transbordo;Incluido tránsito;0;0;0;0;0;0;0;0;0;;;
1968;A Coruña;Desembarque;Incluido tránsito;2.536.269;487.508;74.165;0;74.165;105.270;0;1.353;3.204.565;;;
1968;A Coruña;Embarque;Incluido tránsito;1.952.978;67.378;19.347;0;19.347;0;320.594;9;2.360.306;;;
1968;A Coruña;Transbordo;Incluido tránsito;0;0;0;0;0;0;0;0;0;;;
1968;Alicante;Desembarque;Incluido tránsito;330.859;162.437;260.920;0;260.920;10.232;0;0;764.448;;;
1968;Alicante;Embarque;Incluido tránsito;28.035;98.612;286.676;0;286.676;0;39.056;0;452.379;;;
1968;Alicante;Transbordo;Incluido tránsito;0;0;673;0;673;0;0;0;673;;;
1968;Almería;Desembarque;Incluido tránsito;235.862;143.911;26.293;0;26.293;5.691;0;0;411.757;;;
1968;Almería;Embarque;Incluido tránsito;1.419;1.916.738;51.686;0;51.686;0;40.797;0;2.010.640;;;
1968;Almería;Transbordo;Incluido tránsito;0;0;0;0;0;0;0;0;0;;;
1968;Avilés;Desembarque;Incluido tránsito;14.824;3.088.404;398.977;0;398.977;9.809;0;22;3.512.036;;;
1968;Avilés;Embarque;Incluido tránsito;1.150;1.038.559;1.037.983;0;1.037.983;0;72.995;22;2.150.709;;;
1968;Avilés;Transbordo;Incluido tránsito;0;0;0;0;0;0;0;0;0;;;
1968;Bahía de Algeciras;Desembarque;Incluido tránsito;3.511.667;1.330;72.678;0;72.678;41.785;0;4.484;3.631.944;;;
1968;Bahía de Algeciras;Embarque;Incluido tránsito;3.087.753;0;72.009;0;72.009;0;76.998;0;3.236.760;;;
1968;Bahía de Algeciras;Transbordo;Incluido tránsito;0;0;0;0;0;0;0;0;0;;;
1968;Bahía de Cádiz;Desembarque;Incluido tránsito;0;60.202;189.989;0;189.989;31.642;0;0;281.833;;;
1968;Bahía de Cádiz;Embarque;Incluido tránsito;0;27.350;129.264;0;129.264;0;198.858;706;356.178;;;
1968;Bahía de Cádiz;Transbordo;Incluido tránsito;0;0;0;0;0;0;0;0;0;;;
1968;Baleares;Desembarque;Incluido tránsito;351.280;249.968;456.324;0;456.324;1.504;0;0;1.059.076;;;
1968;Baleares;Embarque;Incluido tránsito;653;39.521;132.721;0;132.721;0;186.842;0;359.737;;;
1968;Baleares;Transbordo;Incluido tránsito;0;0;0;0;0;0;0;0;0;;;
1968;Barcelona;Desembarque;Incluido tránsito;2.830.797;1.511.602;1.636.686;0;1.636.686;4.803;0;0;5.983.888;;;
1968;Barcelona;Embarque;Incluido tránsito;13.916;625.050;847.735;0;847.735;0;418.274;0;1.904.975;;;
1968;Barcelona;Transbordo;Incluido tránsito;0;0;0;0;0;0;0;0;0;;;
1968;Bilbao;Desembarque;Incluido tránsito;1.402.646;3.569.659;1.954.233;0;1.954.233;5.726;0;641.905;7.574.169;;;
1968;Bilbao;Embarque;Incluido tránsito;163.702;978.039;887.922;0;887.922;0;267.347;720.831;3.017.841;;;
1968;Bilbao;Transbordo;Incluido tránsito;10.042;0;6.435;0;6.435;0;0;0;16.477;;;
1968;C.A.G.P.;Desembarque;Incluido tránsito;219.676;488.345;846.712;0;846.712;291.398;0;96.538;1.942.669;;;
1968;C.A.G.P.;Embarque;Incluido tránsito;8.261;1.592.298;607.177;0;607.177;0;284.076;3.416;2.495.228;;;
1968;C.A.G.P.;Transbordo;Incluido tránsito;0;0;0;0;0;0;0;0;0;;;
1968;Cartagena;Desembarque;Incluido tránsito;6.846.362;371.499;62.161;0;62.161;2.221;0;0;7.282.243;;;
1968;Cartagena;Embarque;Incluido tránsito;4.370.889;271.884;186.579;0;186.579;0;272.672;32.997;5.135.021;;;
1968;Cartagena;Transbordo;Incluido tránsito;0;0;644;0;644;0;0;0;644;;;
1968;Castellón;Desembarque;Incluido tránsito;2.825.722;130.159;73.529;0;73.529;9.813;0;0;3.039.223;;;
1968;Castellón;Embarque;Incluido tránsito;2.520.726;6.679;65.260;0;65.260;0;24.682;0;2.617.347;;;
1968;Castellón;Transbordo;Incluido tránsito;0;0;0;0;0;0;0;0;0;;;
1968;Ceuta;Desembarque;Incluido tránsito;483.866;13.024;89.317;0;89.317;3.815;0;0;590.022;;;
1968;Ceuta;Embarque;Incluido tránsito;5.005;1.998;52.278;0;52.278;0;568.321;0;627.602;;;
1968;Ceuta;Transbordo;Incluido tránsito;0;930;2.584;0;2.584;0;0;0;3.514;;;
1968;Ferrol;Desembarque;Incluido tránsito;64.006;96.209;86.805;0;86.805;17.258;0;28.304;292.582;;;
1968;Ferrol;Embarque;Incluido tránsito;0;204.404;19.295;0;19.295;0;54.787;0;278.486;;;
1968;Ferrol;Transbordo;Incluido tránsito;0;0;265;0;265;0;0;0;265;;;
1968;Gijón;Desembarque;Incluido tránsito;518.983;1.272.905;185.712;0;185.712;5.855;0;0;1.983.455;;;
1968;Gijón;Embarque;Incluido tránsito;43.887;1.636.746;152.226;0;152.226;0;78.126;0;1.910.985;;;
1968;Gijón;Transbordo;Incluido tránsito;0;2.345;0;0;0;0;0;0;2.345;;;
1968;Huelva;Desembarque;Incluido tránsito;2.145.004;226.653;17.263;0;17.263;41.102;0;14.767;2.444.789;;;
1968;Huelva;Embarque;Incluido tránsito;1.484.799;2.348.126;86.218;0;86.218;0;178.335;14.487;4.111.965;;;
1968;Huelva;Transbordo;Incluido tránsito;0;0;711;0;711;0;0;0;711;;;
1968;Las Palmas;Desembarque;Incluido tránsito;2.916.944;136.855;872.459;0;872.459;239.781;0;0;4.166.039;;;
1968;Las Palmas;Embarque;Incluido tránsito;0;7.704;650.426;0;650.426;0;3.503.945;0;4.162.075;;;
1968;Las Palmas;Transbordo;Incluido tránsito;0;0;137.535;0;137.535;0;0;0;137.535;;;
1968;Marín y Ría de Pontevedra;Desembarque;Incluido tránsito;0;143.026;20.351;0;20.351;13.303;0;285.832;462.512;;;
1968;Marín y Ría de Pontevedra;Embarque;Incluido tránsito;0;5.852;100.661;0;100.661;0;95.638;9.952;212.103;;;
1968;Marín y Ría de Pontevedra;Transbordo;Incluido tránsito;0;0;0;0;0;0;0;0;0;;;
1968;Melilla;Desembarque;Incluido tránsito;29.733;6.354;94.573;0;94.573;8.358;0;0;139.018;;;
1968;Melilla;Embarque;Incluido tránsito;0;738.946;73.324;0;73.324;0;33.008;0;845.278;;;
1968;Melilla;Transbordo;Incluido tránsito;0;0;0;0;0;0;0;0;0;;;
1968;Málaga;Desembarque;Incluido tránsito;2.947.691;183.373;105.784;0;105.784;16.151;0;0;3.252.999;;;
1968;Málaga;Embarque;Incluido tránsito;11.797;144.597;245.701;0;245.701;0;128.742;0;530.837;;;
1968;Málaga;Transbordo;Incluido tránsito;0;0;0;0;0;0;0;0;0;;;
1968;Pasaia;Desembarque;Incluido tránsito;829.098;828.907;874.599;0;874.599;106.523;0;561;2.639.688;;;
1968;Pasaia;Embarque;Incluido tránsito;0;449.531;155.003;0;155.003;0;182.001;561;787.096;;;
1968;Pasaia;Transbordo;Incluido tránsito;1.214;12.880;0;0;0;0;0;0;14.094;;;
1968;Puerto de Santa María;Desembarque;Incluido tránsito;0;19.513;5.751;0;5.751;9.131;0;0;34.395;;;
1968;Puerto de Santa María;Embarque;Incluido tránsito;0;20.938;50.556;0;50.556;0;23.960;866;96.320;;;
1968;Puerto de Santa María;Transbordo;Incluido tránsito;0;0;0;0;0;0;0;0;0;;;
1968;San Esteban de Pravia;Desembarque;Incluido tránsito;0;2.087;0;0;0;485;0;0;2.572;;;
1968;San Esteban de Pravia;Embarque;Incluido tránsito;0;384.045;0;0;0;0;8.128;0;392.173;;;
1968;San Esteban de Pravia;Transbordo;Incluido tránsito;0;0;0;0;0;0;0;0;0;;;
1968;Santa Cruz de Tenerife;Desembarque;Incluido tránsito;7.692.144;194.796;719.902;0;719.902;16.100;0;0;8.622.942;;;
1968;Santa Cruz de Tenerife;Embarque;Incluido tránsito;5.986.773;31.921;522.472;0;522.472;0;1.395.644;0;7.936.810;;;
1968;Santa Cruz de Tenerife;Transbordo;Incluido tránsito;0;0;2.452;0;2.452;0;0;0;2.452;;;
1968;Santander;Desembarque;Incluido tránsito;1.314.941;737.851;387.656;0;387.656;7.626;0;0;2.448.074;;;
1968;Santander;Embarque;Incluido tránsito;2.980;242.263;154.102;0;154.102;0;149.426;0;548.771;;;
1968;Santander;Transbordo;Incluido tránsito;0;0;632;0;632;0;0;0;632;;;
1968;Sevilla;Desembarque;Incluido tránsito;890.534;602.373;343.101;0;343.101;4.567;0;25.723;1.866.298;;;
1968;Sevilla;Embarque;Incluido tránsito;792;254.217;366.181;0;366.181;0;64.243;0;685.433;;;
1968;Sevilla;Transbordo;Incluido tránsito;0;0;0;0;0;0;0;0;0;;;
1968;Tarragona;Desembarque;Incluido tránsito;1.814.924;1.423.977;243.664;0;243.664;3.575;0;139.528;3.625.668;;;
1968;Tarragona;Embarque;Incluido tránsito;637.978;69.127;330.234;0;330.234;0;48.151;139.652;1.225.142;;;
1968;Tarragona;Transbordo;Incluido tránsito;0;0;1.872;0;1.872;0;0;0;1.872;;;
1968;Valencia;Desembarque;Incluido tránsito;975.238;1.232.826;509.767;0;509.767;845;0;0;2.718.676;;;
1968;Valencia;Embarque;Incluido tránsito;7.671;199.646;644.582;0;644.582;0;60.836;0;912.735;;;
1968;Valencia;Transbordo;Incluido tránsito;0;0;8.139;0;8.139;0;0;0;8.139;;;
1968;Vigo;Desembarque;Incluido tránsito;375.811;166.870;147.438;0;147.438;68.664;0;44.856;803.639;;;
1968;Vigo;Embarque;Incluido tránsito;28.108;440.475;66.518;0;66.518;0;289.909;105.720;930.730;;;
1968;Vigo;Transbordo;Incluido tránsito;54.265;10.425;0;0;0;0;0;0;64.690;;;
1968;Vilagarcía;Desembarque;Incluido tránsito;6.695;41.739;23.533;0;23.533;1.996;0;86.016;159.979;;;
1968;Vilagarcía;Embarque;Incluido tránsito;5.329;168;72.299;0;72.299;0;850;1.788;80.434;;;
1968;Vilagarcía;Transbordo;Incluido tránsito;0;0;0;0;0;0;0;0;0;;;
1969;A Coruña;Desembarque;Incluido tránsito;2.633.041;509.238;85.852;0;85.852;76.236;0;897;3.305.264;;;
1969;A Coruña;Embarque;Incluido tránsito;1.959.774;66.809;24.191;0;24.191;0;351.908;52;2.402.734;;;
1969;A Coruña;Transbordo;Incluido tránsito;0;0;0;0;0;0;0;0;0;;;
1969;Alicante;Desembarque;Incluido tránsito;353.627;195.461;284.398;0;284.398;9.212;0;0;842.698;;;
1969;Alicante;Embarque;Incluido tránsito;12.800;150.067;409.790;0;409.790;0;36.700;0;609.357;;;
1969;Alicante;Transbordo;Incluido tránsito;0;0;830;0;830;0;0;0;830;;;
1969;Almería;Desembarque;Incluido tránsito;290.598;133.856;38.879;0;38.879;5.879;0;0;469.212;;;
1969;Almería;Embarque;Incluido tránsito;408;2.087.482;44.121;0;44.121;0;52.744;0;2.184.755;;;
1969;Almería;Transbordo;Incluido tránsito;0;0;0;0;0;0;0;0;0;;;
1969;Avilés;Desembarque;Incluido tránsito;22.902;3.352.980;487.518;0;487.518;8.720;0;0;3.872.120;;;
1969;Avilés;Embarque;Incluido tránsito;0;1.249.077;990.912;0;990.912;0;116.505;0;2.356.494;;;
1969;Avilés;Transbordo;Incluido tránsito;0;0;0;0;0;0;0;0;0;;;
1969;Bahía de Algeciras;Desembarque;Incluido tránsito;3.794.289;3.486;103.424;0;103.424;43.645;0;23.628;3.968.472;;;
1969;Bahía de Algeciras;Embarque;Incluido tránsito;3.303.943;0;93.350;0;93.350;0;76.586;0;3.473.879;;;
1969;Bahía de Algeciras;Transbordo;Incluido tránsito;0;0;0;0;0;0;0;0;0;;;
1969;Bahía de Cádiz;Desembarque;Incluido tránsito;0;26.915;251.284;0;251.284;30.285;0;0;308.484;;;
1969;Bahía de Cádiz;Embarque;Incluido tránsito;0;80.546;151.144;0;151.144;0;177.135;562;409.387;;;
1969;Bahía de Cádiz;Transbordo;Incluido tránsito;0;0;0;0;0;0;0;0;0;;;
1969;Baleares;Desembarque;Incluido tránsito;433.947;252.025;621.560;0;621.560;1.691;0;0;1.309.223;;;
1969;Baleares;Embarque;Incluido tránsito;14.931;13.621;165.630;0;165.630;0;259.132;0;453.314;;;
1969;Baleares;Transbordo;Incluido tránsito;0;0;0;0;0;0;0;0;0;;;
1969;Barcelona;Desembarque;Incluido tránsito;3.261.511;1.459.622;2.028.302;0;2.028.302;5.350;0;0;6.754.785;;;
1969;Barcelona;Embarque;Incluido tránsito;22.439;618.928;887.094;0;887.094;0;305.230;0;1.833.691;;;
1969;Barcelona;Transbordo;Incluido tránsito;0;0;0;0;0;0;0;0;0;;;
1969;Bilbao;Desembarque;Incluido tránsito;1.642.969;3.640.202;1.900.316;0;1.900.316;7.028;0;717.326;7.907.841;;;
1969;Bilbao;Embarque;Incluido tránsito;125.343;1.395.098;929.578;0;929.578;0;311.842;771.602;3.533.463;;;
1969;Bilbao;Transbordo;Incluido tránsito;16.733;0;25.623;0;25.623;0;0;0;42.356;;;
1969;C.A.G.P.;Desembarque;Incluido tránsito;315.035;465.742;930.497;0;930.497;266.825;0;47.212;2.025.311;;;
1969;C.A.G.P.;Embarque;Incluido tránsito;12.105;1.468.328;584.819;0;584.819;0;288.322;47.212;2.400.786;;;
1969;C.A.G.P.;Transbordo;Incluido tránsito;0;0;0;0;0;0;0;0;0;;;
1969;Cartagena;Desembarque;Incluido tránsito;7.212.853;410.512;99.385;0;99.385;1.881;0;0;7.724.631;;;
1969;Cartagena;Embarque;Incluido tránsito;4.454.498;262.009;265.863;0;265.863;0;279.778;25.946;5.288.094;;;
1969;Cartagena;Transbordo;Incluido tránsito;720;0;617;0;617;0;0;0;1.337;;;
1969;Castellón;Desembarque;Incluido tránsito;2.902.554;161.476;103.243;0;103.243;8.262;0;21.787;3.197.322;;;
1969;Castellón;Embarque;Incluido tránsito;2.411.336;14.698;118.126;0;118.126;0;53.682;21.752;2.619.594;;;
1969;Castellón;Transbordo;Incluido tránsito;0;0;375;0;375;0;0;0;375;;;
1969;Ceuta;Desembarque;Incluido tránsito;471.859;8.183;104.510;0;104.510;3.327;0;0;587.879;;;
1969;Ceuta;Embarque;Incluido tránsito;2.336;349;60.284;0;60.284;0;544.121;0;607.090;;;
1969;Ceuta;Transbordo;Incluido tránsito;7.442;500;1.390;0;1.390;0;0;0;9.332;;;
1969;Ferrol;Desembarque;Incluido tránsito;63.435;107.124;145.205;0;145.205;2.397;0;32.499;350.660;;;
1969;Ferrol;Embarque;Incluido tránsito;0;155.158;12.684;0;12.684;0;39.147;0;206.989;;;
1969;Ferrol;Transbordo;Incluido tránsito;0;0;363;0;363;0;0;0;363;;;
1969;Gijón;Desembarque;Incluido tránsito;641.499;1.746.797;305.110;0;305.110;5.052;0;0;2.698.458;;;
1969;Gijón;Embarque;Incluido tránsito;46.717;1.620.288;164.542;0;164.542;0;88.121;0;1.919.668;;;
1969;Gijón;Transbordo;Incluido tránsito;6.241;0;321;0;321;0;0;0;6.562;;;
1969;Huelva;Desembarque;Incluido tránsito;2.765.298;309.710;22.876;0;22.876;38.767;0;1.050;3.137.701;;;
1969;Huelva;Embarque;Incluido tránsito;1.738.639;2.520.831;100.408;0;100.408;0;154.744;1.102;4.515.724;;;
1969;Huelva;Transbordo;Incluido tránsito;0;0;0;0;0;0;0;0;0;;;
1969;Las Palmas;Desembarque;Incluido tránsito;2.808.229;186.089;949.230;0;949.230;267.185;0;0;4.210.733;;;
1969;Las Palmas;Embarque;Incluido tránsito;2.043;5.254;661.970;0;661.970;0;3.412.818;0;4.082.085;;;
1969;Las Palmas;Transbordo;Incluido tránsito;0;0;173.223;0;173.223;0;0;0;173.223;;;
1969;Marín y Ría de Pontevedra;Desembarque;Incluido tránsito;25.196;136.379;16.201;0;16.201;11.845;0;272.176;461.797;;;
1969;Marín y Ría de Pontevedra;Embarque;Incluido tránsito;0;0;113.202;0;113.202;0;92.615;8.278;214.095;;;
1969;Marín y Ría de Pontevedra;Transbordo;Incluido tránsito;0;0;0;0;0;0;0;0;0;;;
1969;Melilla;Desembarque;Incluido tránsito;39.735;3.543;113.898;0;113.898;7.876;0;0;165.052;;;
1969;Melilla;Embarque;Incluido tránsito;0;884.456;82.394;0;82.394;0;44.197;0;1.011.047;;;
1969;Melilla;Transbordo;Incluido tránsito;0;0;0;0;0;0;0;0;0;;;
1969;Málaga;Desembarque;Incluido tránsito;2.850.006;179.178;110.331;0;110.331;14.603;0;0;3.154.118;;;
1969;Málaga;Embarque;Incluido tránsito;18.106;286.380;205.237;0;205.237;0;127.624;0;637.347;;;
1969;Málaga;Transbordo;Incluido tránsito;0;0;0;0;0;0;0;0;0;;;
1969;Pasaia;Desembarque;Incluido tránsito;884.058;850.163;1.089.294;0;1.089.294;90.591;0;0;2.914.106;;;
1969;Pasaia;Embarque;Incluido tránsito;0;451.571;103.975;0;103.975;0;187.308;0;742.854;;;
1969;Pasaia;Transbordo;Incluido tránsito;0;8.530;0;0;0;0;0;0;8.530;;;
1969;Puerto de Santa María;Desembarque;Incluido tránsito;0;23.190;11.406;0;11.406;7.836;0;0;42.432;;;
1969;Puerto de Santa María;Embarque;Incluido tránsito;0;27.336;57.437;0;57.437;0;26.393;0;111.166;;;
1969;Puerto de Santa María;Transbordo;Incluido tránsito;0;0;0;0;0;0;0;0;0;;;
1969;San Esteban de Pravia;Desembarque;Incluido tránsito;0;1.364;0;0;0;443;0;0;1.807;;;
1969;San Esteban de Pravia;Embarque;Incluido tránsito;0;304.240;0;0;0;0;7.839;0;312.079;;;
1969;San Esteban de Pravia;Transbordo;Incluido tránsito;0;0;0;0;0;0;0;0;0;;;
1969;Santa Cruz de Tenerife;Desembarque;Incluido tránsito;8.278.051;146.338;1.054.404;0;1.054.404;15.062;0;0;9.493.855;;;
1969;Santa Cruz de Tenerife;Embarque;Incluido tránsito;6.463.826;17.055;575.453;0;575.453;0;1.678.835;0;8.735.169;;;
1969;Santa Cruz de Tenerife;Transbordo;Incluido tránsito;0;0;10.662;0;10.662;0;0;0;10.662;;;
1969;Santander;Desembarque;Incluido tránsito;1.205.035;751.942;460.237;0;460.237;9.658;0;0;2.426.872;;;
1969;Santander;Embarque;Incluido tránsito;10.143;441.733;65.407;0;65.407;0;147.058;0;664.341;;;
1969;Santander;Transbordo;Incluido tránsito;0;900;450;0;450;0;0;0;1.350;;;
1969;Sevilla;Desembarque;Incluido tránsito;1.106.310;583.284;416.974;0;416.974;3.663;0;19.488;2.129.719;;;
1969;Sevilla;Embarque;Incluido tránsito;25.884;183.512;342.643;0;342.643;0;57.820;0;609.859;;;
1969;Sevilla;Transbordo;Incluido tránsito;0;0;0;0;0;0;0;0;0;;;
1969;Tarragona;Desembarque;Incluido tránsito;1.692.147;1.519.616;259.303;0;259.303;4.447;0;64.194;3.539.707;;;
1969;Tarragona;Embarque;Incluido tránsito;451.496;140.297;310.766;0;310.766;0;41.040;64.418;1.008.017;;;
1969;Tarragona;Transbordo;Incluido tránsito;0;0;10.956;0;10.956;0;0;0;10.956;;;
1969;Valencia;Desembarque;Incluido tránsito;1.196.618;1.214.931;490.557;0;490.557;838;0;0;2.902.944;;;
1969;Valencia;Embarque;Incluido tránsito;26.289;250.225;731.871;0;731.871;0;66.924;0;1.075.309;;;
1969;Valencia;Transbordo;Incluido tránsito;0;0;668;0;668;0;0;0;668;;;
1969;Vigo;Desembarque;Incluido tránsito;434.257;165.731;188.634;0;188.634;72.285;0;39.109;900.016;;;
1969;Vigo;Embarque;Incluido tránsito;26.876;654.877;75.449;0;75.449;0;303.859;107.236;1.168.297;;;
1969;Vigo;Transbordo;Incluido tránsito;2.048;0;80;0;80;0;0;0;2.128;;;
1969;Vilagarcía;Desembarque;Incluido tránsito;7.307;57.825;21.603;0;21.603;2.970;0;89.414;179.119;;;
1969;Vilagarcía;Embarque;Incluido tránsito;4.851;0;73.595;0;73.595;0;1.326;52;79.824;;;
1969;Vilagarcía;Transbordo;Incluido tránsito;0;0;0;0;0;0;0;0;0;;;
1970;A Coruña;Desembarque;Incluido tránsito;3.428.809;559.469;59.801;0;59.801;71.414;0;530;4.120.023;;;
1970;A Coruña;Embarque;Incluido tránsito;2.543.479;104.890;25.061;0;25.061;0;365.700;19;3.039.149;;;
1970;A Coruña;Transbordo;Incluido tránsito;0;19.240;0;0;0;0;0;0;19.240;;;
1970;Alicante;Desembarque;Incluido tránsito;426.464;163.756;233.552;0;233.552;7.696;0;0;831.468;;;
1970;Alicante;Embarque;Incluido tránsito;16.951;99.101;426.691;0;426.691;0;30.576;0;573.319;;;
1970;Alicante;Transbordo;Incluido tránsito;0;0;2.961;0;2.961;0;0;0;2.961;;;
1970;Almería;Desembarque;Incluido tránsito;358.859;56.257;46.148;0;46.148;6.195;0;0;467.459;;;
1970;Almería;Embarque;Incluido tránsito;350;2.001.255;45.871;0;45.871;0;42.784;0;2.090.260;;;
1970;Almería;Transbordo;Incluido tránsito;0;0;0;0;0;0;0;0;0;;;
1970;Avilés;Desembarque;Incluido tránsito;64.408;3.160.217;644.717;0;644.717;8.486;0;0;3.877.828;;;
1970;Avilés;Embarque;Incluido tránsito;16.371;1.313.519;1.315.137;0;1.315.137;0;122.940;0;2.767.967;;;
1970;Avilés;Transbordo;Incluido tránsito;0;0;0;0;0;0;0;0;0;;;
1970;Bahía de Algeciras;Desembarque;Incluido tránsito;4.167.185;2.759;125.730;0;125.730;40.438;0;22.958;4.359.070;;;
1970;Bahía de Algeciras;Embarque;Incluido tránsito;3.690.787;0;131.084;0;131.084;0;70.151;22.958;3.914.980;;;
1970;Bahía de Algeciras;Transbordo;Incluido tránsito;5.535;0;148;0;148;0;0;0;5.683;;;
1970;Bahía de Cádiz;Desembarque;Incluido tránsito;0;36.800;279.976;0;279.976;30.490;0;0;347.266;;;
1970;Bahía de Cádiz;Embarque;Incluido tránsito;0;102.591;194.278;0;194.278;0;153.560;55;450.484;;;
1970;Bahía de Cádiz;Transbordo;Incluido tránsito;0;0;0;0;0;0;0;0;0;;;
1970;Baleares;Desembarque;Incluido tránsito;514.183;425.031;600.524;0;600.524;1.679;0;0;1.541.417;;;
1970;Baleares;Embarque;Incluido tránsito;6.356;10.755;188.632;0;188.632;0;281.488;0;487.231;;;
1970;Baleares;Transbordo;Incluido tránsito;0;0;0;0;0;0;0;0;0;;;
1970;Barcelona;Desembarque;Incluido tránsito;3.211.616;1.361.455;1.830.599;0;1.830.599;6.761;0;0;6.410.431;;;
1970;Barcelona;Embarque;Incluido tránsito;12.197;578.608;1.089.461;0;1.089.461;0;269.882;0;1.950.148;;;
1970;Barcelona;Transbordo;Incluido tránsito;0;0;0;0;0;0;0;0;0;;;
1970;Bilbao;Desembarque;Incluido tránsito;2.130.874;4.290.960;2.278.005;0;2.278.005;3.595;0;484.540;9.187.974;;;
1970;Bilbao;Embarque;Incluido tránsito;93.721;1.351.546;1.039.040;0;1.039.040;0;310.722;661.856;3.456.885;;;
1970;Bilbao;Transbordo;Incluido tránsito;26;0;15.203;0;15.203;0;0;0;15.229;;;
1970;C.A.G.P.;Desembarque;Incluido tránsito;404.276;441.215;1.046.947;0;1.046.947;289.431;0;23.636;2.205.505;;;
1970;C.A.G.P.;Embarque;Incluido tránsito;25.094;1.573.746;623.293;0;623.293;0;323.543;79.082;2.624.758;;;
1970;C.A.G.P.;Transbordo;Incluido tránsito;0;0;0;0;0;0;0;0;0;;;
1970;Cartagena;Desembarque;Incluido tránsito;8.926.104;421.242;88.231;0;88.231;2.061;0;0;9.437.638;;;
1970;Cartagena;Embarque;Incluido tránsito;6.014.752;157.684;230.408;0;230.408;0;297.345;34.983;6.735.172;;;
1970;Cartagena;Transbordo;Incluido tránsito;606;0;0;0;0;0;0;0;606;;;
1970;Castellón;Desembarque;Incluido tránsito;2.890.561;158.915;122.356;0;122.356;10.645;0;40.987;3.223.464;;;
1970;Castellón;Embarque;Incluido tránsito;2.434.262;26.759;110.594;0;110.594;0;57.904;4.114;2.633.633;;;
1970;Castellón;Transbordo;Incluido tránsito;0;0;0;0;0;0;0;0;0;;;
1970;Ceuta;Desembarque;Incluido tránsito;609.483;8.361;120.231;0;120.231;3.426;0;0;741.501;;;
1970;Ceuta;Embarque;Incluido tránsito;2.250;317;67.988;0;67.988;0;706.678;0;777.233;;;
1970;Ceuta;Transbordo;Incluido tránsito;35.958;0;1.179;0;1.179;0;0;0;37.137;;;
1970;Ferrol;Desembarque;Incluido tránsito;73.198;139.019;184.268;0;184.268;2.393;0;97.459;496.337;;;
1970;Ferrol;Embarque;Incluido tránsito;0;191.183;21.198;0;21.198;0;48.124;0;260.505;;;
1970;Ferrol;Transbordo;Incluido tránsito;0;0;924;0;924;0;0;0;924;;;
1970;Gijón;Desembarque;Incluido tránsito;731.513;3.536.836;460.055;0;460.055;5.410;0;0;4.733.814;;;
1970;Gijón;Embarque;Incluido tránsito;48.209;1.238.022;130.566;0;130.566;0;138.238;253;1.555.288;;;
1970;Gijón;Transbordo;Incluido tránsito;0;115.436;252;0;252;0;0;0;115.688;;;
1970;Huelva;Desembarque;Incluido tránsito;3.307.586;530.571;31.591;0;31.591;31.918;0;32.477;3.934.143;;;
1970;Huelva;Embarque;Incluido tránsito;2.156.085;2.433.302;135.989;0;135.989;0;162.610;31.698;4.919.684;;;
1970;Huelva;Transbordo;Incluido tránsito;0;0;0;0;0;0;0;0;0;;;
1970;Las Palmas;Desembarque;Incluido tránsito;3.035.863;179.225;1.061.739;0;1.061.739;235.042;0;0;4.511.869;;;
1970;Las Palmas;Embarque;Incluido tránsito;0;6.713;431.430;0;431.430;0;3.551.116;0;3.989.259;;;
1970;Las Palmas;Transbordo;Incluido tránsito;0;0;287.492;0;287.492;0;0;0;287.492;;;
1970;Marín y Ría de Pontevedra;Desembarque;Incluido tránsito;25.613;143.780;8.405;0;8.405;12.043;0;221.149;410.990;;;
1970;Marín y Ría de Pontevedra;Embarque;Incluido tránsito;0;220;117.471;0;117.471;0;93.665;8.257;219.613;;;
1970;Marín y Ría de Pontevedra;Transbordo;Incluido tránsito;0;0;0;0;0;0;0;0;0;;;
1970;Melilla;Desembarque;Incluido tránsito;38.731;3.904;111.628;0;111.628;8.952;0;0;163.215;;;
1970;Melilla;Embarque;Incluido tránsito;0;824.122;63.542;0;63.542;0;50.022;0;937.686;;;
1970;Melilla;Transbordo;Incluido tránsito;0;0;0;0;0;0;0;0;0;;;
1970;Málaga;Desembarque;Incluido tránsito;3.300.710;149.847;93.979;0;93.979;16.556;0;0;3.561.092;;;
1970;Málaga;Embarque;Incluido tránsito;4.360;167.781;170.842;0;170.842;0;112.927;0;455.910;;;
1970;Málaga;Transbordo;Incluido tránsito;0;0;0;0;0;0;0;0;0;;;
1970;Pasaia;Desembarque;Incluido tránsito;984.159;752.428;910.766;0;910.766;87.799;0;8.896;2.744.048;;;
1970;Pasaia;Embarque;Incluido tránsito;12.226;472.576;103.470;0;103.470;0;211.724;8.896;808.892;;;
1970;Pasaia;Transbordo;Incluido tránsito;0;3.900;0;0;0;0;0;0;3.900;;;
1970;Puerto de Santa María;Desembarque;Incluido tránsito;0;230;26.043;0;26.043;7.638;0;0;33.911;;;
1970;Puerto de Santa María;Embarque;Incluido tránsito;0;1.820;57.277;0;57.277;0;27.952;0;87.049;;;
1970;Puerto de Santa María;Transbordo;Incluido tránsito;0;0;0;0;0;0;0;0;0;;;
1970;San Esteban de Pravia;Desembarque;Incluido tránsito;0;1.715;0;0;0;495;0;0;2.210;;;
1970;San Esteban de Pravia;Embarque;Incluido tránsito;0;260.969;202;0;202;0;5.858;0;267.029;;;
1970;San Esteban de Pravia;Transbordo;Incluido tránsito;0;0;0;0;0;0;0;0;0;;;
1970;Santa Cruz de Tenerife;Desembarque;Incluido tránsito;7.172.579;104.649;824.918;0;824.918;30.679;0;0;8.132.825;;;
1970;Santa Cruz de Tenerife;Embarque;Incluido tránsito;5.689.981;22.586;528.856;0;528.856;0;1.590.391;0;7.831.814;;;
1970;Santa Cruz de Tenerife;Transbordo;Incluido tránsito;0;0;7.083;0;7.083;0;0;0;7.083;;;
1970;Santander;Desembarque;Incluido tránsito;1.323.668;768.720;639.102;0;639.102;12.078;0;0;2.743.568;;;
1970;Santander;Embarque;Incluido tránsito;18.095;341.584;72.135;0;72.135;0;164.561;0;596.375;;;
1970;Santander;Transbordo;Incluido tránsito;0;15.584;8.481;0;8.481;0;0;0;24.065;;;
1970;Sevilla;Desembarque;Incluido tránsito;1.150.793;469.913;295.644;0;295.644;3.458;0;19.488;1.939.296;;;
1970;Sevilla;Embarque;Incluido tránsito;39.534;227.322;311.549;0;311.549;0;54.810;0;633.215;;;
1970;Sevilla;Transbordo;Incluido tránsito;0;0;0;0;0;0;0;0;0;;;
1970;Tarragona;Desembarque;Incluido tránsito;1.754.955;1.544.504;253.533;0;253.533;6.638;0;3.062;3.562.692;;;
1970;Tarragona;Embarque;Incluido tránsito;437.287;73.544;327.631;0;327.631;0;43.272;3.067;884.801;;;
1970;Tarragona;Transbordo;Incluido tránsito;0;0;1.713;0;1.713;0;0;0;1.713;;;
1970;Valencia;Desembarque;Incluido tránsito;1.318.524;1.289.093;396.133;0;396.133;981;0;0;3.004.731;;;
1970;Valencia;Embarque;Incluido tránsito;100.295;151.985;769.092;0;769.092;0;76.842;0;1.098.214;;;
1970;Valencia;Transbordo;Incluido tránsito;0;0;5.718;0;5.718;0;0;0;5.718;;;
1970;Vigo;Desembarque;Incluido tránsito;494.334;137.752;168.920;0;168.920;79.149;0;50.531;930.686;;;
1970;Vigo;Embarque;Incluido tránsito;28.333;862.209;90.995;0;90.995;0;287.880;117.978;1.387.395;;;
1970;Vigo;Transbordo;Incluido tránsito;40.013;0;164;0;164;0;0;0;40.177;;;
1970;Vilagarcía;Desembarque;Incluido tránsito;17.556;58.026;30.329;0;30.329;1.907;0;152.373;260.191;;;
1970;Vilagarcía;Embarque;Incluido tránsito;4.726;0;74.542;0;74.542;0;3.086;0;82.354;;;
1970;Vilagarcía;Transbordo;Incluido tránsito;0;0;0;0;0;0;0;0;0;;;
1971;A Coruña;Desembarque;Incluido tránsito;3.725.681;563.618;58.284;0;58.284;69.326;0;140;4.417.049;;;
1971;A Coruña;Embarque;Incluido tránsito;2.719.095;58.587;31.122;0;31.122;0;385.227;9;3.194.040;;;
1971;A Coruña;Transbordo;Incluido tránsito;0;0;1.276;0;1.276;0;0;0;1.276;;;
1971;Alicante;Desembarque;Incluido tránsito;496.890;211.094;252.839;0;252.839;6.863;0;0;967.686;;;
1971;Alicante;Embarque;Incluido tránsito;14.504;64.190;429.376;0;429.376;0;38.625;0;546.695;;;
1971;Alicante;Transbordo;Incluido tránsito;0;0;1.550;0;1.550;0;0;0;1.550;;;
1971;Almería;Desembarque;Incluido tránsito;310.117;39.856;42.087;0;42.087;7.920;0;0;399.980;;;
1971;Almería;Embarque;Incluido tránsito;0;2.149.161;52.772;0;52.772;0;78.635;0;2.280.568;;;
1971;Almería;Transbordo;Incluido tránsito;0;0;0;0;0;0;0;0;0;;;
1971;Avilés;Desembarque;Incluido tránsito;126.637;3.240.824;539.564;0;539.564;10.779;0;3.075;3.920.879;;;
1971;Avilés;Embarque;Incluido tránsito;20.105;1.211.978;1.561.785;0;1.561.785;0;138.442;3.075;2.935.385;;;
1971;Avilés;Transbordo;Incluido tránsito;0;0;0;0;0;0;0;0;0;;;
1971;Bahía de Algeciras;Desembarque;Incluido tránsito;4.650.826;3.050;144.817;0;144.817;49.798;0;41.999;4.890.490;;;
1971;Bahía de Algeciras;Embarque;Incluido tránsito;3.652.555;0;135.692;0;135.692;0;82.617;42.040;3.912.904;;;
1971;Bahía de Algeciras;Transbordo;Incluido tránsito;0;0;260;0;260;0;0;0;260;;;
1971;Bahía de Cádiz;Desembarque;Incluido tránsito;0;26.584;233.250;0;233.250;27.107;0;0;286.941;;;
1971;Bahía de Cádiz;Embarque;Incluido tránsito;0;87.856;161.834;0;161.834;0;169.102;0;418.792;;;
1971;Bahía de Cádiz;Transbordo;Incluido tránsito;0;10;5.652;0;5.652;0;0;0;5.662;;;
1971;Baleares;Desembarque;Incluido tránsito;624.950;310.045;729.116;0;729.116;1.574;0;0;1.665.685;;;
1971;Baleares;Embarque;Incluido tránsito;51.545;14.800;195.515;0;195.515;0;362.808;0;624.668;;;
1971;Baleares;Transbordo;Incluido tránsito;0;0;0;0;0;0;0;0;0;;;
1971;Barcelona;Desembarque;Incluido tránsito;3.922.042;1.486.738;1.718.241;0;1.718.241;6.399;0;0;7.133.420;;;
1971;Barcelona;Embarque;Incluido tránsito;111.948;667.508;1.428.903;0;1.428.903;0;284.438;0;2.492.797;;;
1971;Barcelona;Transbordo;Incluido tránsito;0;0;0;0;0;0;0;0;0;;;
1971;Bilbao;Desembarque;Incluido tránsito;2.614.874;4.354.827;1.650.988;0;1.650.988;2.365;0;539.240;9.162.294;;;
1971;Bilbao;Embarque;Incluido tránsito;150.427;1.078.582;1.569.437;0;1.569.437;0;332.934;702.106;3.833.486;;;
1971;Bilbao;Transbordo;Incluido tránsito;35.148;0;3.597;0;3.597;0;0;0;38.745;;;
1971;C.A.G.P.;Desembarque;Incluido tránsito;500.486;348.618;1.161.277;0;1.161.277;309.746;0;84.243;2.404.370;;;
1971;C.A.G.P.;Embarque;Incluido tránsito;12.928;1.452.479;690.354;0;690.354;0;373.111;16.657;2.545.529;;;
1971;C.A.G.P.;Transbordo;Incluido tránsito;0;0;0;0;0;0;0;0;0;;;
1971;Cartagena;Desembarque;Incluido tránsito;9.175.593;460.148;68.100;0;68.100;1.868;0;0;9.705.709;;;
1971;Cartagena;Embarque;Incluido tránsito;5.822.153;109.102;190.408;0;190.408;0;336.036;43.065;6.500.764;;;
1971;Cartagena;Transbordo;Incluido tránsito;0;0;0;0;0;0;0;0;0;;;
1971;Castellón;Desembarque;Incluido tránsito;3.243.844;134.254;149.948;0;149.948;7.570;0;64.666;3.600.282;;;
1971;Castellón;Embarque;Incluido tránsito;2.541.503;19.346;91.022;0;91.022;0;124.478;21.181;2.797.530;;;
1971;Castellón;Transbordo;Incluido tránsito;0;0;0;0;0;0;0;0;0;;;
1971;Ceuta;Desembarque;Incluido tránsito;539.287;8.099;141.073;0;141.073;2.454;0;0;690.913;;;
1971;Ceuta;Embarque;Incluido tránsito;64;202;71.906;0;71.906;0;597.005;0;669.177;;;
1971;Ceuta;Transbordo;Incluido tránsito;0;0;1.701;0;1.701;0;0;0;1.701;;;
1971;Ferrol;Desembarque;Incluido tránsito;67.372;115.953;153.938;0;153.938;2.186;0;75.519;414.968;;;
1971;Ferrol;Embarque;Incluido tránsito;0;265.709;24.725;0;24.725;0;45.704;0;336.138;;;
1971;Ferrol;Transbordo;Incluido tránsito;0;0;0;0;0;0;0;0;0;;;
1971;Gijón;Desembarque;Incluido tránsito;998.741;3.826.912;210.299;0;210.299;6.336;0;0;5.042.288;;;
1971;Gijón;Embarque;Incluido tránsito;64.775;1.010.924;316.767;0;316.767;0;142.481;5.666;1.540.613;;;
1971;Gijón;Transbordo;Incluido tránsito;16.859;278.830;9.296;0;9.296;0;0;0;304.985;;;
1971;Huelva;Desembarque;Incluido tránsito;4.020.102;686.339;39.587;0;39.587;29.431;0;9.374;4.784.833;;;
1971;Huelva;Embarque;Incluido tránsito;2.805.261;2.075.599;111.191;0;111.191;0;167.641;6.361;5.166.053;;;
1971;Huelva;Transbordo;Incluido tránsito;0;0;0;0;0;0;0;0;0;;;
1971;Las Palmas;Desembarque;Incluido tránsito;2.179.281;153.902;1.034.987;0;1.034.987;237.621;0;0;3.605.791;;;
1971;Las Palmas;Embarque;Incluido tránsito;0;9.500;667.287;0;667.287;0;2.516.569;0;3.193.356;;;
1971;Las Palmas;Transbordo;Incluido tránsito;17.542;0;123.943;0;123.943;0;0;0;141.485;;;
1971;Marín y Ría de Pontevedra;Desembarque;Incluido tránsito;22.367;190.640;18.110;0;18.110;10.860;0;218.240;460.217;;;
1971;Marín y Ría de Pontevedra;Embarque;Incluido tránsito;0;500;124.929;0;124.929;0;80.975;185;206.589;;;
1971;Marín y Ría de Pontevedra;Transbordo;Incluido tránsito;0;0;0;0;0;0;0;0;0;;;
1971;Melilla;Desembarque;Incluido tránsito;35.770;0;114.928;0;114.928;8.373;0;0;159.071;;;
1971;Melilla;Embarque;Incluido tránsito;0;468.733;48.482;0;48.482;0;47.917;0;565.132;;;
1971;Melilla;Transbordo;Incluido tránsito;0;0;0;0;0;0;0;0;0;;;
1971;Málaga;Desembarque;Incluido tránsito;3.771.786;264.146;101.822;0;101.822;17.846;0;0;4.155.600;;;
1971;Málaga;Embarque;Incluido tránsito;11.718;106.477;168.910;0;168.910;0;123.846;0;410.951;;;
1971;Málaga;Transbordo;Incluido tránsito;0;0;0;0;0;0;0;0;0;;;
1971;Pasaia;Desembarque;Incluido tránsito;1.093.191;789.875;1.083.649;0;1.083.649;82.241;0;0;3.048.956;;;
1971;Pasaia;Embarque;Incluido tránsito;12.389;356.958;104.776;0;104.776;0;213.145;0;687.268;;;
1971;Pasaia;Transbordo;Incluido tránsito;0;0;85;0;85;0;0;0;85;;;
1971;Puerto de Santa María;Desembarque;Incluido tránsito;0;1.554;12.826;0;12.826;9.163;0;0;23.543;;;
1971;Puerto de Santa María;Embarque;Incluido tránsito;0;9.570;74.031;0;74.031;0;35.127;0;118.728;;;
1971;Puerto de Santa María;Transbordo;Incluido tránsito;0;0;0;0;0;0;0;0;0;;;
1971;San Esteban de Pravia;Desembarque;Incluido tránsito;0;1.769;0;0;0;453;0;0;2.222;;;
1971;San Esteban de Pravia;Embarque;Incluido tránsito;0;203.598;0;0;0;0;4.894;0;208.492;;;
1971;San Esteban de Pravia;Transbordo;Incluido tránsito;0;0;0;0;0;0;0;0;0;;;
1971;Santa Cruz de Tenerife;Desembarque;Incluido tránsito;7.672.143;139.742;953.117;0;953.117;24.933;0;0;8.789.935;;;
1971;Santa Cruz de Tenerife;Embarque;Incluido tránsito;5.684.872;37.244;503.285;0;503.285;0;1.547.591;0;7.772.992;;;
1971;Santa Cruz de Tenerife;Transbordo;Incluido tránsito;0;0;8.807;0;8.807;0;0;0;8.807;;;
1971;Santander;Desembarque;Incluido tránsito;1.480.262;862.351;504.180;0;504.180;11.803;0;0;2.858.596;;;
1971;Santander;Embarque;Incluido tránsito;19.227;231.195;125.535;0;125.535;0;159.982;0;535.939;;;
1971;Santander;Transbordo;Incluido tránsito;22.517;13.334;575;0;575;0;0;0;36.426;;;
1971;Sevilla;Desembarque;Incluido tránsito;1.267.211;607.801;256.735;0;256.735;3.826;0;19.488;2.155.061;;;
1971;Sevilla;Embarque;Incluido tránsito;42.873;237.354;297.440;0;297.440;0;71.566;0;649.233;;;
1971;Sevilla;Transbordo;Incluido tránsito;0;0;0;0;0;0;0;0;0;;;
1971;Tarragona;Desembarque;Incluido tránsito;2.148.899;1.782.078;218.758;0;218.758;7.247;0;1.796;4.158.778;;;
1971;Tarragona;Embarque;Incluido tránsito;495.509;49.052;293.204;0;293.204;0;64.045;1.812;903.622;;;
1971;Tarragona;Transbordo;Incluido tránsito;0;0;920;0;920;0;0;0;920;;;
1971;Valencia;Desembarque;Incluido tránsito;1.423.963;1.407.738;457.394;0;457.394;1.279;0;0;3.290.374;;;
1971;Valencia;Embarque;Incluido tránsito;95.573;142.702;828.552;0;828.552;0;82.101;0;1.148.928;;;
1971;Valencia;Transbordo;Incluido tránsito;0;0;5.111;0;5.111;0;0;0;5.111;;;
1971;Vigo;Desembarque;Incluido tránsito;505.935;136.361;133.023;0;133.023;73.179;0;57.654;906.152;;;
1971;Vigo;Embarque;Incluido tránsito;23.313;763.695;113.716;0;113.716;0;291.910;132.230;1.324.864;;;
1971;Vigo;Transbordo;Incluido tránsito;38.224;0;0;0;0;0;0;0;38.224;;;
1971;Vilagarcía;Desembarque;Incluido tránsito;14.948;53.045;23.480;0;23.480;1.782;0;254.115;347.370;;;
1971;Vilagarcía;Embarque;Incluido tránsito;4.025;0;70.250;0;70.250;0;4.786;0;79.061;;;
1971;Vilagarcía;Transbordo;Incluido tránsito;0;0;0;0;0;0;0;0;0;;;
1972;A Coruña;Desembarque;Incluido tránsito;4.079.554;617.817;94.793;0;94.793;94.985;0;500;4.887.649;;;
1972;A Coruña;Embarque;Incluido tránsito;2.834.661;64.135;45.634;0;45.634;0;419.815;60;3.364.305;;;
1972;A Coruña;Transbordo;Incluido tránsito;0;0;549;0;549;0;0;0;549;;;
1972;Alicante;Desembarque;Incluido tránsito;593.323;164.911;272.868;0;272.868;7.916;0;0;1.039.018;;;
1972;Alicante;Embarque;Incluido tránsito;13.055;78.259;385.434;0;385.434;0;41.116;0;517.864;;;
1972;Alicante;Transbordo;Incluido tránsito;0;0;536;0;536;0;0;0;536;;;
1972;Almería;Desembarque;Incluido tránsito;342.479;57.334;49.621;0;49.621;7.031;0;0;456.465;;;
1972;Almería;Embarque;Incluido tránsito;0;2.360.817;47.477;0;47.477;0;51.076;0;2.459.370;;;
1972;Almería;Transbordo;Incluido tránsito;0;0;0;0;0;0;0;0;0;;;
1972;Avilés;Desembarque;Incluido tránsito;290.474;3.170.637;487.600;0;487.600;10.521;0;0;3.959.232;;;
1972;Avilés;Embarque;Incluido tránsito;26.970;1.029.963;1.696.535;0;1.696.535;0;159.908;0;2.913.376;;;
1972;Avilés;Transbordo;Incluido tránsito;0;0;0;0;0;0;0;0;0;;;
1972;Bahía de Algeciras;Desembarque;Incluido tránsito;4.843.453;7.997;192.160;0;192.160;55.778;0;44.208;5.143.596;;;
1972;Bahía de Algeciras;Embarque;Incluido tránsito;3.949.071;2.192;195.556;0;195.556;0;90.343;44.248;4.281.410;;;
1972;Bahía de Algeciras;Transbordo;Incluido tránsito;0;0;0;0;0;0;0;0;0;;;
1972;Bahía de Cádiz;Desembarque;Incluido tránsito;0;30.433;257.967;0;257.967;29.629;0;0;318.029;;;
1972;Bahía de Cádiz;Embarque;Incluido tránsito;0;152.248;219.006;0;219.006;0;153.852;0;525.106;;;
1972;Bahía de Cádiz;Transbordo;Incluido tránsito;0;0;0;0;0;0;0;0;0;;;
1972;Baleares;Desembarque;Incluido tránsito;748.174;385.801;739.683;0;739.683;1.620;0;0;1.875.278;;;
1972;Baleares;Embarque;Incluido tránsito;53.351;15.202;217.681;0;217.681;0;359.582;0;645.816;;;
1972;Baleares;Transbordo;Incluido tránsito;0;0;1.039;0;1.039;0;0;0;1.039;;;
1972;Barcelona;Desembarque;Incluido tránsito;4.207.988;1.704.732;1.928.410;0;1.928.410;8.514;0;0;7.849.644;;;
1972;Barcelona;Embarque;Incluido tránsito;207.838;1.235.406;1.500.536;0;1.500.536;0;332.106;0;3.275.886;;;
1972;Barcelona;Transbordo;Incluido tránsito;0;0;0;0;0;0;0;0;0;;;
1972;Bilbao;Desembarque;Incluido tránsito;3.890.624;4.555.634;1.683.760;0;1.683.760;2.179;0;689.007;10.821.204;;;
1972;Bilbao;Embarque;Incluido tránsito;741.441;764.570;1.593.254;0;1.593.254;0;303.167;831.465;4.233.897;;;
1972;Bilbao;Transbordo;Incluido tránsito;20.564;13.649;0;0;0;0;0;0;34.213;;;
1972;C.A.G.P.;Desembarque;Incluido tránsito;622.754;342.265;1.387.141;0;1.387.141;290.593;0;104.238;2.746.991;;;
1972;C.A.G.P.;Embarque;Incluido tránsito;9.957;1.261.607;859.005;0;859.005;0;372.561;2.830;2.505.960;;;
1972;C.A.G.P.;Transbordo;Incluido tránsito;0;0;0;0;0;0;0;0;0;;;
1972;Cartagena;Desembarque;Incluido tránsito;9.228.870;633.403;127.717;0;127.717;1.772;0;0;9.991.762;;;
1972;Cartagena;Embarque;Incluido tránsito;6.206.886;168.985;208.615;0;208.615;0;272.088;25.506;6.882.080;;;
1972;Cartagena;Transbordo;Incluido tránsito;0;0;0;0;0;0;0;0;0;;;
1972;Castellón;Desembarque;Incluido tránsito;3.477.979;154.217;185.255;0;185.255;6.740;0;38.754;3.862.945;;;
1972;Castellón;Embarque;Incluido tránsito;2.823.066;30.219;145.526;0;145.526;0;134.689;29.800;3.163.300;;;
1972;Castellón;Transbordo;Incluido tránsito;0;0;0;0;0;0;0;0;0;;;
1972;Ceuta;Desembarque;Incluido tránsito;567.760;8.454;165.776;0;165.776;2.068;0;0;744.058;;;
1972;Ceuta;Embarque;Incluido tránsito;56;345;88.439;0;88.439;0;660.431;0;749.271;;;
1972;Ceuta;Transbordo;Incluido tránsito;0;0;1.100;0;1.100;0;0;0;1.100;;;
1972;Ferrol;Desembarque;Incluido tránsito;88.985;103.764;144.226;0;144.226;5.403;0;12.908;355.286;;;
1972;Ferrol;Embarque;Incluido tránsito;0;260.879;13.574;0;13.574;0;53.550;0;328.003;;;
1972;Ferrol;Transbordo;Incluido tránsito;0;0;217;0;217;0;0;0;217;;;
1972;Gijón;Desembarque;Incluido tránsito;1.086.198;5.025.042;145.843;0;145.843;4.973;0;0;6.262.056;;;
1972;Gijón;Embarque;Incluido tránsito;59.192;2.084.020;641.029;0;641.029;0;144.425;8.886;2.937.552;;;
1972;Gijón;Transbordo;Incluido tránsito;9.003;32.081;13.721;0;13.721;0;0;0;54.805;;;
1972;Huelva;Desembarque;Incluido tránsito;3.758.703;988.676;38.268;0;38.268;24.101;0;182.355;4.992.103;;;
1972;Huelva;Embarque;Incluido tránsito;2.262.937;895.096;79.087;0;79.087;0;152.472;184.741;3.574.333;;;
1972;Huelva;Transbordo;Incluido tránsito;0;0;0;0;0;0;0;0;0;;;
1972;Las Palmas;Desembarque;Incluido tránsito;2.295.287;153.644;1.466.880;0;1.466.880;61.806;0;0;3.977.617;;;
1972;Las Palmas;Embarque;Incluido tránsito;0;2.488;689.214;0;689.214;0;2.564.138;0;3.255.840;;;
1972;Las Palmas;Transbordo;Incluido tránsito;6.236;0;281.199;0;281.199;0;0;0;287.435;;;
1972;Marín y Ría de Pontevedra;Desembarque;Incluido tránsito;15.419;212.774;8.018;0;8.018;10.090;0;221.242;467.543;;;
1972;Marín y Ría de Pontevedra;Embarque;Incluido tránsito;0;0;140.076;0;140.076;0;81.555;107;221.738;;;
1972;Marín y Ría de Pontevedra;Transbordo;Incluido tránsito;0;0;0;0;0;0;0;0;0;;;
1972;Melilla;Desembarque;Incluido tránsito;42.396;3.506;121.936;0;121.936;9.546;0;0;177.384;;;
1972;Melilla;Embarque;Incluido tránsito;0;316.992;38.285;0;38.285;0;37.765;0;393.042;;;
1972;Melilla;Transbordo;Incluido tránsito;0;0;0;0;0;0;0;0;0;;;
1972;Málaga;Desembarque;Incluido tránsito;4.037.429;134.972;98.187;0;98.187;14.879;0;0;4.285.467;;;
1972;Málaga;Embarque;Incluido tránsito;3.115;175.662;206.368;0;206.368;0;124.610;0;509.755;;;
1972;Málaga;Transbordo;Incluido tránsito;0;0;0;0;0;0;0;0;0;;;
1972;Pasaia;Desembarque;Incluido tránsito;1.188.067;707.922;1.403.423;0;1.403.423;87.518;0;1.838;3.388.768;;;
1972;Pasaia;Embarque;Incluido tránsito;12.281;364.307;254.236;0;254.236;0;214.853;0;845.677;;;
1972;Pasaia;Transbordo;Incluido tránsito;0;0;0;0;0;0;0;0;0;;;
1972;Puerto de Santa María;Desembarque;Incluido tránsito;0;12.461;28.385;0;28.385;9.741;0;0;50.587;;;
1972;Puerto de Santa María;Embarque;Incluido tránsito;0;28.759;118.981;0;118.981;0;45.487;0;193.227;;;
1972;Puerto de Santa María;Transbordo;Incluido tránsito;0;0;0;0;0;0;0;0;0;;;
1972;San Esteban de Pravia;Desembarque;Incluido tránsito;0;1.106;0;0;0;446;0;0;1.552;;;
1972;San Esteban de Pravia;Embarque;Incluido tránsito;0;160.494;0;0;0;0;3.545;0;164.039;;;
1972;San Esteban de Pravia;Transbordo;Incluido tránsito;0;0;0;0;0;0;0;0;0;;;
1972;Santa Cruz de Tenerife;Desembarque;Incluido tránsito;7.410.746;151.391;1.302.948;0;1.302.948;24.835;0;0;8.889.920;;;
1972;Santa Cruz de Tenerife;Embarque;Incluido tránsito;5.858.912;36.587;432.289;0;432.289;0;1.577.277;0;7.905.065;;;
1972;Santa Cruz de Tenerife;Transbordo;Incluido tránsito;0;0;8.290;0;8.290;0;0;0;8.290;;;
1972;Santander;Desembarque;Incluido tránsito;1.531.398;904.630;546.527;0;546.527;10.961;0;0;2.993.516;;;
1972;Santander;Embarque;Incluido tránsito;14.372;311.612;170.079;0;170.079;0;171.497;0;667.560;;;
1972;Santander;Transbordo;Incluido tránsito;0;6.452;10.160;0;10.160;0;0;0;16.612;;;
1972;Sevilla;Desembarque;Incluido tránsito;1.346.787;748.511;256.384;0;256.384;3.896;0;19.488;2.375.066;;;
1972;Sevilla;Embarque;Incluido tránsito;17.287;346.332;270.056;0;270.056;0;72.420;0;706.095;;;
1972;Sevilla;Transbordo;Incluido tránsito;0;0;0;0;0;0;0;0;0;;;
1972;Tarragona;Desembarque;Incluido tránsito;2.204.274;1.973.611;214.414;0;214.414;10.082;0;0;4.402.381;;;
1972;Tarragona;Embarque;Incluido tránsito;483.587;89.600;325.257;0;325.257;0;85.425;0;983.869;;;
1972;Tarragona;Transbordo;Incluido tránsito;0;0;7.680;0;7.680;0;0;0;7.680;;;
1972;Valencia;Desembarque;Incluido tránsito;1.488.201;1.418.980;498.485;0;498.485;2.398;0;0;3.408.064;;;
1972;Valencia;Embarque;Incluido tránsito;14.428;336.268;928.717;0;928.717;0;91.516;0;1.370.929;;;
1972;Valencia;Transbordo;Incluido tránsito;0;0;13.443;0;13.443;0;0;0;13.443;;;
1972;Vigo;Desembarque;Incluido tránsito;532.467;212.104;171.628;0;171.628;86.793;0;27.296;1.030.288;;;
1972;Vigo;Embarque;Incluido tránsito;11.929;649.015;94.798;0;94.798;0;268.564;172.347;1.196.653;;;
1972;Vigo;Transbordo;Incluido tránsito;32.206;0;514;0;514;0;0;0;32.720;;;
1972;Vilagarcía;Desembarque;Incluido tránsito;20.060;65.419;38.757;0;38.757;5.046;0;329.931;459.213;;;
1972;Vilagarcía;Embarque;Incluido tránsito;2.529;0;77.179;0;77.179;0;7.812;0;87.520;;;
1972;Vilagarcía;Transbordo;Incluido tránsito;0;0;0;0;0;0;0;0;0;;;
1973;A Coruña;Desembarque;Incluido tránsito;3.742.610;654.009;83.842;0;83.842;91.056;0;535;4.572.052;;;
1973;A Coruña;Embarque;Incluido tránsito;2.622.068;54.806;46.887;0;46.887;0;378.650;0;3.102.411;;;
1973;A Coruña;Transbordo;Incluido tránsito;0;0;0;0;0;0;0;0;0;;;
1973;Alicante;Desembarque;Incluido tránsito;757.138;161.387;259.859;54.622;314.481;8.371;0;0;1.241.377;;;
1973;Alicante;Embarque;Incluido tránsito;10.665;154.835;396.054;88.740;484.794;0;41.776;0;692.070;;;
1973;Alicante;Transbordo;Incluido tránsito;0;0;352;0;352;0;0;0;352;;;
1973;Almería;Desembarque;Incluido tránsito;357.146;39.107;66.973;0;66.973;8.677;0;0;471.903;;;
1973;Almería;Embarque;Incluido tránsito;0;2.128.832;46.269;0;46.269;0;59.366;0;2.234.467;;;
1973;Almería;Transbordo;Incluido tránsito;0;0;0;0;0;0;0;0;0;;;
1973;Avilés;Desembarque;Incluido tránsito;401.873;2.985.855;333.763;307;334.070;10.586;0;0;3.732.384;;;
1973;Avilés;Embarque;Incluido tránsito;18.207;862.652;1.759.316;307;1.759.623;0;105.205;0;2.745.687;;;
1973;Avilés;Transbordo;Incluido tránsito;0;0;0;0;0;0;0;0;0;;;
1973;Bahía de Algeciras;Desembarque;Incluido tránsito;5.253.423;21.130;215.679;0;215.679;49.356;0;98.042;5.637.630;;;
1973;Bahía de Algeciras;Embarque;Incluido tránsito;4.451.913;0;198.522;0;198.522;0;311.339;98.239;5.060.013;;;
1973;Bahía de Algeciras;Transbordo;Incluido tránsito;0;0;0;0;0;0;0;0;0;;;
1973;Bahía de Cádiz;Desembarque;Incluido tránsito;0;16.710;130.718;173.965;304.683;41.062;0;0;362.455;;;
1973;Bahía de Cádiz;Embarque;Incluido tránsito;0;105.802;9.042;225.111;234.153;0;144.943;0;484.898;;;
1973;Bahía de Cádiz;Transbordo;Incluido tránsito;0;0;2.379;0;2.379;0;0;0;2.379;;;
1973;Baleares;Desembarque;Incluido tránsito;818.549;431.126;838.892;49.353;888.245;1.732;0;0;2.139.652;;;
1973;Baleares;Embarque;Incluido tránsito;45.952;4.469;183.845;45.630;229.475;0;381.943;0;661.839;;;
1973;Baleares;Transbordo;Incluido tránsito;0;0;8.500;0;8.500;0;0;0;8.500;;;
1973;Barcelona;Desembarque;Incluido tránsito;4.898.773;1.805.810;1.974.164;235.806;2.209.970;10.102;0;0;8.924.655;;;
1973;Barcelona;Embarque;Incluido tránsito;186.250;829.584;1.311.680;149.482;1.461.162;0;400.869;0;2.877.865;;;
1973;Barcelona;Transbordo;Incluido tránsito;0;0;0;0;0;0;0;0;0;;;
1973;Bilbao;Desembarque;Incluido tránsito;6.569.975;4.158.855;1.759.776;250.533;2.010.309;1.913;0;699.994;13.441.046;;;
1973;Bilbao;Embarque;Incluido tránsito;2.993.219;1.311.312;1.236.009;434.821;1.670.830;0;516.289;791.987;7.283.637;;;
1973;Bilbao;Transbordo;Incluido tránsito;0;5.500;0;0;0;0;0;0;5.500;;;
1973;C.A.G.P.;Desembarque;Incluido tránsito;716.354;395.581;1.465.424;0;1.465.424;297.809;0;109.480;2.984.648;;;
1973;C.A.G.P.;Embarque;Incluido tránsito;11.036;1.581.246;735.786;0;735.786;0;424.254;6.411;2.758.733;;;
1973;C.A.G.P.;Transbordo;Incluido tránsito;0;0;0;0;0;0;0;0;0;;;
1973;Cartagena;Desembarque;Incluido tránsito;9.164.215;698.494;98.857;12.757;111.614;1.306;0;0;9.975.629;;;
1973;Cartagena;Embarque;Incluido tránsito;6.020.455;225.541;226.775;68.346;295.121;0;277.338;27.112;6.845.567;;;
1973;Cartagena;Transbordo;Incluido tránsito;0;0;64;0;64;0;0;0;64;;;
1973;Castellón;Desembarque;Incluido tránsito;3.678.979;156.788;153.838;14.280;168.118;6.016;0;0;4.009.901;;;
1973;Castellón;Embarque;Incluido tránsito;2.423.619;52.138;133.679;67.042;200.721;0;121.426;0;2.797.904;;;
1973;Castellón;Transbordo;Incluido tránsito;0;0;65;0;65;0;0;0;65;;;
1973;Ceuta;Desembarque;Incluido tránsito;700.994;8.581;187.472;0;187.472;1.927;0;0;898.974;;;
1973;Ceuta;Embarque;Incluido tránsito;41.060;659;100.881;0;100.881;0;789.041;0;931.641;;;
1973;Ceuta;Transbordo;Incluido tránsito;0;0;1.032;0;1.032;0;0;0;1.032;;;
1973;Ferrol;Desembarque;Incluido tránsito;84.037;159.595;187.680;0;187.680;2.366;0;8.384;442.062;;;
1973;Ferrol;Embarque;Incluido tránsito;0;231.974;31.969;0;31.969;0;45.562;0;309.505;;;
1973;Ferrol;Transbordo;Incluido tránsito;0;0;280;0;280;0;0;0;280;;;
1973;Gijón;Desembarque;Incluido tránsito;1.410.356;6.948.340;215.099;1.795;216.894;4.999;0;0;8.580.589;;;
1973;Gijón;Embarque;Incluido tránsito;54.884;1.074.214;835.706;13.505;849.211;0;123.066;47.932;2.149.307;;;
1973;Gijón;Transbordo;Incluido tránsito;0;0;40;0;40;0;0;0;40;;;
1973;Huelva;Desembarque;Incluido tránsito;3.650.068;1.214.958;42.702;0;42.702;24.847;0;218.031;5.150.606;;;
1973;Huelva;Embarque;Incluido tránsito;2.173.516;1.901.930;92.564;0;92.564;0;162.326;218.020;4.548.356;;;
1973;Huelva;Transbordo;Incluido tránsito;0;1.017;0;0;0;0;0;0;1.017;;;
1973;Las Palmas;Desembarque;Incluido tránsito;2.414.810;194.582;1.072.632;130.500;1.203.132;57.704;0;0;3.870.228;;;
1973;Las Palmas;Embarque;Incluido tránsito;5.481;5.319;561.169;90.214;651.383;0;2.650.729;0;3.312.912;;;
1973;Las Palmas;Transbordo;Incluido tránsito;0;0;148.360;0;148.360;0;0;0;148.360;;;
1973;Marín y Ría de Pontevedra;Desembarque;Incluido tránsito;22.828;226.818;20.643;0;20.643;9.805;0;220.850;500.944;;;
1973;Marín y Ría de Pontevedra;Embarque;Incluido tránsito;0;0;150.167;0;150.167;0;87.637;157;237.961;;;
1973;Marín y Ría de Pontevedra;Transbordo;Incluido tránsito;0;0;0;0;0;0;0;0;0;;;
1973;Melilla;Desembarque;Incluido tránsito;47.351;2.813;112.869;0;112.869;7.104;0;0;170.137;;;
1973;Melilla;Embarque;Incluido tránsito;0;498.771;34.275;0;34.275;0;44.520;0;577.566;;;
1973;Melilla;Transbordo;Incluido tránsito;0;0;0;0;0;0;0;0;0;;;
1973;Málaga;Desembarque;Incluido tránsito;6.059.564;222.300;118.186;1.215;119.401;14.074;0;0;6.415.339;;;
1973;Málaga;Embarque;Incluido tránsito;4.663;277.373;166.996;1.215;168.211;0;140.699;0;590.946;;;
1973;Málaga;Transbordo;Incluido tránsito;0;0;0;0;0;0;0;0;0;;;
1973;Pasaia;Desembarque;Incluido tránsito;1.300.496;538.549;1.449.467;19.703;1.469.170;71.581;0;3.233;3.383.029;;;
1973;Pasaia;Embarque;Incluido tránsito;6.138;303.363;157.560;12.458;170.018;0;233.328;0;712.847;;;
1973;Pasaia;Transbordo;Incluido tránsito;0;0;0;0;0;0;0;0;0;;;
1973;Puerto de Santa María;Desembarque;Incluido tránsito;0;4.462;5.814;26.441;32.255;8.901;0;0;45.618;;;
1973;Puerto de Santa María;Embarque;Incluido tránsito;0;52.446;85.119;71.499;156.618;0;44.982;0;254.046;;;
1973;Puerto de Santa María;Transbordo;Incluido tránsito;0;0;6.001;0;6.001;0;0;0;6.001;;;
1973;San Esteban de Pravia;Desembarque;Incluido tránsito;0;1.247;0;0;0;173;0;0;1.420;;;
1973;San Esteban de Pravia;Embarque;Incluido tránsito;0;137.846;187;0;187;0;2.256;0;140.289;;;
1973;San Esteban de Pravia;Transbordo;Incluido tránsito;0;0;0;0;0;0;0;0;0;;;
1973;Santa Cruz de Tenerife;Desembarque;Incluido tránsito;6.905.467;206.270;1.079.405;120.700;1.200.105;20.650;0;0;8.332.492;;;
1973;Santa Cruz de Tenerife;Embarque;Incluido tránsito;5.214.746;46.143;493.434;61.106;554.540;0;1.459.413;0;7.274.842;;;
1973;Santa Cruz de Tenerife;Transbordo;Incluido tránsito;0;0;6.004;0;6.004;0;0;0;6.004;;;
1973;Santander;Desembarque;Incluido tránsito;1.611.356;946.745;561.291;2.337;563.628;12.161;0;0;3.133.890;;;
1973;Santander;Embarque;Incluido tránsito;8.567;339.364;109.401;1.709;111.110;0;167.781;0;626.822;;;
1973;Santander;Transbordo;Incluido tránsito;0;10.817;268;0;268;0;0;0;11.085;;;
1973;Sevilla;Desembarque;Incluido tránsito;1.294.299;694.936;371.083;973;372.056;4.153;0;19.488;2.384.932;;;
1973;Sevilla;Embarque;Incluido tránsito;15.043;453.368;349.680;3.324;353.004;0;83.720;0;905.135;;;
1973;Sevilla;Transbordo;Incluido tránsito;0;0;0;0;0;0;0;0;0;;;
1973;Tarragona;Desembarque;Incluido tránsito;2.574.226;2.043.315;288.954;46.265;335.219;8.289;0;0;4.961.049;;;
1973;Tarragona;Embarque;Incluido tránsito;530.435;76.650;347.482;106.359;453.841;0;103.350;0;1.164.276;;;
1973;Tarragona;Transbordo;Incluido tránsito;0;0;376;0;376;0;0;0;376;;;
1973;Valencia;Desembarque;Incluido tránsito;1.568.235;1.648.337;516.770;90.474;607.244;2.646;0;0;3.826.462;;;
1973;Valencia;Embarque;Incluido tránsito;8.720;502.681;674.259;79.800;754.059;0;95.055;0;1.360.515;;;
1973;Valencia;Transbordo;Incluido tránsito;0;0;7.665;0;7.665;0;0;0;7.665;;;
1973;Vigo;Desembarque;Incluido tránsito;656.305;340.848;167.448;10.223;177.671;81.763;0;36.301;1.292.888;;;
1973;Vigo;Embarque;Incluido tránsito;16.834;495.529;100.781;6.816;107.597;0;288.462;177.979;1.086.401;;;
1973;Vigo;Transbordo;Incluido tránsito;30.339;0;0;0;0;0;0;0;30.339;;;
1973;Vilagarcía;Desembarque;Incluido tránsito;28.853;89.789;27.232;0;27.232;5.117;0;397.722;548.713;;;
1973;Vilagarcía;Embarque;Incluido tránsito;5.584;0;78.374;0;78.374;0;8.028;0;91.986;;;
1973;Vilagarcía;Transbordo;Incluido tránsito;0;0;0;0;0;0;0;0;0;;;
1974;A Coruña;Desembarque;Incluido tránsito;4.296.218;882.256;84.887;33;84.920;82.945;0;355;5.346.694;;;
1974;A Coruña;Embarque;Incluido tránsito;2.908.070;42.807;39.889;0;39.889;0;469.073;0;3.459.839;;;
1974;A Coruña;Transbordo;Incluido tránsito;58.405;0;0;0;0;0;0;0;58.405;;;
1974;Alicante;Desembarque;Incluido tránsito;817.053;178.215;225.883;113.873;339.756;8.524;0;0;1.343.548;;;
1974;Alicante;Embarque;Incluido tránsito;9.563;112.158;410.077;147.827;557.904;0;37.178;0;716.803;;;
1974;Alicante;Transbordo;Incluido tránsito;18;40;1.885;0;1.885;0;0;0;1.943;;;
1974;Almería;Desembarque;Incluido tránsito;346.281;28.725;56.871;0;56.871;8.592;0;0;440.469;;;
1974;Almería;Embarque;Incluido tránsito;0;2.959.764;45.147;0;45.147;0;53.210;0;3.058.121;;;
1974;Almería;Transbordo;Incluido tránsito;0;0;0;0;0;0;0;0;0;;;
1974;Avilés;Desembarque;Incluido tránsito;420.002;2.658.984;636.557;0;636.557;8.674;0;0;3.724.217;;;
1974;Avilés;Embarque;Incluido tránsito;17.755;929.463;1.794.360;0;1.794.360;0;92.289;0;2.833.867;;;
1974;Avilés;Transbordo;Incluido tránsito;0;0;0;0;0;0;0;0;0;;;
1974;Bahía de Algeciras;Desembarque;Incluido tránsito;5.977.933;67.046;221.343;0;221.343;38.042;0;98.415;6.402.779;;;
1974;Bahía de Algeciras;Embarque;Incluido tránsito;5.229.056;2.228;217.755;0;217.755;0;112.467;98.608;5.660.114;;;
1974;Bahía de Algeciras;Transbordo;Incluido tránsito;0;0;0;0;0;0;0;0;0;;;
1974;Bahía de Cádiz;Desembarque;Incluido tránsito;0;38.777;163.494;277.478;440.972;41.946;0;0;521.695;;;
1974;Bahía de Cádiz;Embarque;Incluido tránsito;60.892;85.833;26.105;168.317;194.422;0;180.112;0;521.259;;;
1974;Bahía de Cádiz;Transbordo;Incluido tránsito;0;0;2.771;0;2.771;0;0;0;2.771;;;
1974;Baleares;Desembarque;Incluido tránsito;780.111;313.417;772.494;50.064;822.558;1.853;0;0;1.917.939;;;
1974;Baleares;Embarque;Incluido tránsito;54.872;1.602;237.690;25.760;263.450;0;338.850;0;658.774;;;
1974;Baleares;Transbordo;Incluido tránsito;0;0;1.047;0;1.047;0;0;0;1.047;;;
1974;Barcelona;Desembarque;Incluido tránsito;5.047.508;2.010.606;2.021.054;273.762;2.294.816;11.174;0;0;9.364.104;;;
1974;Barcelona;Embarque;Incluido tránsito;241.397;661.793;1.398.603;187.339;1.585.942;0;374.017;0;2.863.149;;;
1974;Barcelona;Transbordo;Incluido tránsito;0;0;0;0;0;0;0;0;0;;;
1974;Bilbao;Desembarque;Incluido tránsito;7.030.878;4.385.297;1.885.939;316.027;2.201.966;1.627;0;669.282;14.289.050;;;
1974;Bilbao;Embarque;Incluido tránsito;2.860.304;1.200.084;1.385.515;452.327;1.837.842;0;501.542;807.309;7.207.081;;;
1974;Bilbao;Transbordo;Incluido tránsito;0;3.800;32;0;32;0;0;0;3.832;;;
1974;C.A.G.P.;Desembarque;Incluido tránsito;755.150;603.851;1.043.385;112.307;1.155.692;310.440;0;165.967;2.991.100;;;
1974;C.A.G.P.;Embarque;Incluido tránsito;13.818;1.727.173;607.179;20.995;628.174;0;436.053;6.528;2.811.746;;;
1974;C.A.G.P.;Transbordo;Incluido tránsito;0;0;0;0;0;0;0;0;0;;;
1974;Cartagena;Desembarque;Incluido tránsito;8.915.053;767.611;88.025;12.646;100.671;1.123;0;0;9.784.458;;;
1974;Cartagena;Embarque;Incluido tránsito;5.631.750;297.979;158.920;64.310;223.230;0;281.646;31.866;6.466.471;;;
1974;Cartagena;Transbordo;Incluido tránsito;0;0;0;0;0;0;0;0;0;;;
1974;Castellón;Desembarque;Incluido tránsito;4.116.532;182.865;135.756;18.509;154.265;7.715;0;0;4.461.377;;;
1974;Castellón;Embarque;Incluido tránsito;2.376.475;89.070;102.362;76.278;178.640;0;103.007;0;2.747.192;;;
1974;Castellón;Transbordo;Incluido tránsito;0;0;1.521;0;1.521;0;0;0;1.521;;;
1974;Ceuta;Desembarque;Incluido tránsito;586.616;12.823;194.538;0;194.538;2.801;0;0;796.778;;;
1974;Ceuta;Embarque;Incluido tránsito;1.850;603;103.988;0;103.988;0;644.801;0;751.242;;;
1974;Ceuta;Transbordo;Incluido tránsito;0;0;876;0;876;0;0;0;876;;;
1974;Ferrol;Desembarque;Incluido tránsito;119.221;145.403;288.090;0;288.090;1.852;0;9.425;563.991;;;
1974;Ferrol;Embarque;Incluido tránsito;0;351.522;24.171;0;24.171;0;61.457;0;437.150;;;
1974;Ferrol;Transbordo;Incluido tránsito;0;0;0;0;0;0;0;0;0;;;
1974;Gijón;Desembarque;Incluido tránsito;1.813.302;8.456.003;225.299;2.533;227.832;5.013;0;0;10.502.150;;;
1974;Gijón;Embarque;Incluido tránsito;48.380;856.676;597.139;11.376;608.515;0;117.257;52.282;1.683.110;;;
1974;Gijón;Transbordo;Incluido tránsito;1.034;0;0;0;0;0;0;0;1.034;;;
1974;Huelva;Desembarque;Incluido tránsito;4.131.414;1.457.900;55.065;0;55.065;23.854;0;60.627;5.728.860;;;
1974;Huelva;Embarque;Incluido tránsito;2.530.138;2.232.001;175.846;0;175.846;0;166.965;58.832;5.163.782;;;
1974;Huelva;Transbordo;Incluido tránsito;0;0;0;0;0;0;0;0;0;;;
1974;Las Palmas;Desembarque;Incluido tránsito;2.095.273;180.110;895.237;200.102;1.095.339;52.420;0;0;3.423.142;;;
1974;Las Palmas;Embarque;Incluido tránsito;5.094;2.739;507.921;119.977;627.898;0;2.425.629;0;3.061.360;;;
1974;Las Palmas;Transbordo;Incluido tránsito;4.782;0;160.670;0;160.670;0;0;0;165.452;;;
1974;Marín y Ría de Pontevedra;Desembarque;Incluido tránsito;25.016;284.192;46.421;0;46.421;7.883;0;209.572;573.084;;;
1974;Marín y Ría de Pontevedra;Embarque;Incluido tránsito;0;11.000;117.730;0;117.730;0;77.681;189;206.600;;;
1974;Marín y Ría de Pontevedra;Transbordo;Incluido tránsito;0;0;0;0;0;0;0;0;0;;;
1974;Melilla;Desembarque;Incluido tránsito;38.467;1.051;119.869;0;119.869;5.715;0;0;165.102;;;
1974;Melilla;Embarque;Incluido tránsito;0;559.958;32.903;0;32.903;0;33.066;0;625.927;;;
1974;Melilla;Transbordo;Incluido tránsito;0;0;0;0;0;0;0;0;0;;;
1974;Málaga;Desembarque;Incluido tránsito;7.119.772;450.476;96.241;29.283;125.524;12.241;0;0;7.708.013;;;
1974;Málaga;Embarque;Incluido tránsito;1.500;168.756;202.240;32.396;234.636;0;110.234;0;515.126;;;
1974;Málaga;Transbordo;Incluido tránsito;0;0;0;0;0;0;0;0;0;;;
1974;Pasaia;Desembarque;Incluido tránsito;1.496.594;402.297;1.478.910;17.286;1.496.196;65.987;0;3.459;3.464.533;;;
1974;Pasaia;Embarque;Incluido tránsito;8.643;337.907;174.085;14.579;188.664;0;237.686;0;772.900;;;
1974;Pasaia;Transbordo;Incluido tránsito;0;0;0;0;0;0;0;0;0;;;
1974;Puerto de Santa María;Desembarque;Incluido tránsito;0;430;5.112;41.049;46.161;8.149;0;0;54.740;;;
1974;Puerto de Santa María;Embarque;Incluido tránsito;0;63.915;90.439;90.836;181.275;0;48.138;0;293.328;;;
1974;Puerto de Santa María;Transbordo;Incluido tránsito;0;0;4.385;0;4.385;0;0;0;4.385;;;
1974;San Esteban de Pravia;Desembarque;Incluido tránsito;0;943;824;0;824;79;0;0;1.846;;;
1974;San Esteban de Pravia;Embarque;Incluido tránsito;0;85.062;690;0;690;0;1.456;0;87.208;;;
1974;San Esteban de Pravia;Transbordo;Incluido tránsito;0;0;0;0;0;0;0;0;0;;;
1974;Santa Cruz de Tenerife;Desembarque;Incluido tránsito;7.440.549;504.675;568.837;160.565;729.402;14.744;0;0;8.689.370;;;
1974;Santa Cruz de Tenerife;Embarque;Incluido tránsito;5.561.422;24.688;470.761;113.096;583.857;0;1.249.500;0;7.419.467;;;
1974;Santa Cruz de Tenerife;Transbordo;Incluido tránsito;0;0;27.695;0;27.695;0;0;0;27.695;;;
1974;Santander;Desembarque;Incluido tránsito;1.692.725;1.238.686;737.860;1.714;739.574;8.401;0;0;3.679.386;;;
1974;Santander;Embarque;Incluido tránsito;10.418;331.593;86.752;328;87.080;0;192.366;0;621.457;;;
1974;Santander;Transbordo;Incluido tránsito;0;63.498;1.591;0;1.591;0;0;0;65.089;;;
1974;Sevilla;Desembarque;Incluido tránsito;1.147.187;720.555;374.356;1.485;375.841;3.582;0;19.488;2.266.653;;;
1974;Sevilla;Embarque;Incluido tránsito;10.687;509.358;420.967;18.094;439.061;0;75.362;0;1.034.468;;;
1974;Sevilla;Transbordo;Incluido tránsito;0;0;0;0;0;0;0;0;0;;;
1974;Tarragona;Desembarque;Incluido tránsito;2.782.877;2.462.426;173.405;66.977;240.382;11.022;0;0;5.496.707;;;
1974;Tarragona;Embarque;Incluido tránsito;607.792;107.797;275.902;124.246;400.148;0;142.280;0;1.258.017;;;
1974;Tarragona;Transbordo;Incluido tránsito;0;0;187;0;187;0;0;0;187;;;
1974;Valencia;Desembarque;Incluido tránsito;1.699.785;1.749.304;417.397;74.883;492.280;2.811;0;0;3.944.180;;;
1974;Valencia;Embarque;Incluido tránsito;83.733;427.801;636.783;121.606;758.389;0;105.171;0;1.375.094;;;
1974;Valencia;Transbordo;Incluido tránsito;0;1.026;5.019;0;5.019;0;0;0;6.045;;;
1974;Vigo;Desembarque;Incluido tránsito;684.890;320.440;170.983;61.721;232.704;82.931;0;67.650;1.388.615;;;
1974;Vigo;Embarque;Incluido tránsito;25.816;629.963;110.789;43.748;154.537;0;283.641;86.134;1.180.091;;;
1974;Vigo;Transbordo;Incluido tránsito;31.878;0;0;0;0;0;0;0;31.878;;;
1974;Vilagarcía;Desembarque;Incluido tránsito;33.546;90.802;51.198;0;51.198;3.422;0;417.544;596.512;;;
1974;Vilagarcía;Embarque;Incluido tránsito;5.567;72.207;67.912;0;67.912;0;7.280;0;152.966;;;
1974;Vilagarcía;Transbordo;Incluido tránsito;0;0;0;0;0;0;0;0;0;;;
1975;A Coruña;Desembarque;Incluido tránsito;3.814.069;917.097;71.155;632;71.787;93.522;0;0;4.896.475;;;
1975;A Coruña;Embarque;Incluido tránsito;2.498.035;57.655;37.722;18;37.740;0;413.922;0;3.007.352;;;
1975;A Coruña;Transbordo;Incluido tránsito;0;0;0;0;0;0;0;0;0;;;
1975;Alicante;Desembarque;Incluido tránsito;794.329;148.611;177.025;127.215;304.240;10.091;0;0;1.257.271;;;
1975;Alicante;Embarque;Incluido tránsito;8.443;75.587;490.538;139.371;629.909;0;37.574;0;751.513;;;
1975;Alicante;Transbordo;Incluido tránsito;0;0;477;0;477;0;0;0;477;;;
1975;Almería;Desembarque;Incluido tránsito;311.242;46.040;30.212;0;30.212;8.007;0;0;395.501;;;
1975;Almería;Embarque;Incluido tránsito;0;2.252.861;37.853;0;37.853;0;51.158;0;2.341.872;;;
1975;Almería;Transbordo;Incluido tránsito;0;0;612;0;612;0;0;0;612;;;
1975;Avilés;Desembarque;Incluido tránsito;426.410;2.589.278;577.916;0;577.916;9.831;0;0;3.603.435;;;
1975;Avilés;Embarque;Incluido tránsito;13.119;610.193;1.515.754;0;1.515.754;0;98.100;0;2.237.166;;;
1975;Avilés;Transbordo;Incluido tránsito;0;0;0;0;0;0;0;0;0;;;
1975;Bahía de Algeciras;Desembarque;Incluido tránsito;5.490.757;60.089;138.456;105.560;244.016;33.345;0;94.956;5.923.163;;;
1975;Bahía de Algeciras;Embarque;Incluido tránsito;4.826.183;2.160;146.233;137.110;283.343;0;126.772;95.574;5.334.032;;;
1975;Bahía de Algeciras;Transbordo;Incluido tránsito;0;0;144.970;0;144.970;0;0;0;144.970;;;
1975;Bahía de Cádiz;Desembarque;Incluido tránsito;2.042;89.266;159.584;172.279;331.863;45.104;0;0;468.275;;;
1975;Bahía de Cádiz;Embarque;Incluido tránsito;74.651;57.343;32.316;199.365;231.681;0;171.183;0;534.858;;;
1975;Bahía de Cádiz;Transbordo;Incluido tránsito;0;0;1.868;0;1.868;0;0;0;1.868;;;
1975;Baleares;Desembarque;Incluido tránsito;831.090;153.960;743.549;35.565;779.114;2.146;0;0;1.766.310;;;
1975;Baleares;Embarque;Incluido tránsito;42.726;481;267.379;36.024;303.403;0;389.918;0;736.528;;;
1975;Baleares;Transbordo;Incluido tránsito;0;0;1.263;0;1.263;0;0;0;1.263;;;
1975;Barcelona;Desembarque;Incluido tránsito;4.547.134;1.999.324;1.573.714;293.925;1.867.639;14.190;0;0;8.428.287;;;
1975;Barcelona;Embarque;Incluido tránsito;149.499;883.247;1.962.774;241.305;2.204.079;0;420.085;0;3.656.910;;;
1975;Barcelona;Transbordo;Incluido tránsito;0;0;0;0;0;0;0;0;0;;;
1975;Bilbao;Desembarque;Incluido tránsito;6.648.621;4.733.946;2.153.507;256.494;2.410.001;2.105;0;696.139;14.490.812;;;
1975;Bilbao;Embarque;Incluido tránsito;2.535.716;659.911;1.263.823;431.705;1.695.528;0;506.432;851.510;6.249.097;;;
1975;Bilbao;Transbordo;Incluido tránsito;0;0;0;0;0;0;0;0;0;;;
1975;C.A.G.P.;Desembarque;Incluido tránsito;693.161;702.650;885.494;196.079;1.081.573;312.835;0;140.981;2.931.200;;;
1975;C.A.G.P.;Embarque;Incluido tránsito;0;1.678.545;689.842;46.094;735.936;0;426.292;3.991;2.844.764;;;
1975;C.A.G.P.;Transbordo;Incluido tránsito;0;0;0;0;0;0;0;0;0;;;
1975;Cartagena;Desembarque;Incluido tránsito;8.077.697;854.624;54.199;12.715;66.914;1.107;0;0;9.000.342;;;
1975;Cartagena;Embarque;Incluido tránsito;5.008.950;160.075;125.672;60.335;186.007;0;269.401;18.933;5.643.366;;;
1975;Cartagena;Transbordo;Incluido tránsito;0;0;713;0;713;0;0;0;713;;;
1975;Castellón;Desembarque;Incluido tránsito;3.355.823;144.995;128.781;19.428;148.209;7.933;0;0;3.656.960;;;
1975;Castellón;Embarque;Incluido tránsito;1.876.683;29.386;138.345;86.433;224.778;0;81.264;0;2.212.111;;;
1975;Castellón;Transbordo;Incluido tránsito;0;0;312;0;312;0;0;0;312;;;
1975;Ceuta;Desembarque;Incluido tránsito;541.702;64.151;170.694;106;170.800;1.848;0;0;778.501;;;
1975;Ceuta;Embarque;Incluido tránsito;33.436;99;99.758;5;99.763;0;620.298;0;753.596;;;
1975;Ceuta;Transbordo;Incluido tránsito;0;0;180;0;180;0;0;0;180;;;
1975;Ferrol;Desembarque;Incluido tránsito;139.216;144.505;239.959;7;239.966;1.936;0;9.205;534.828;;;
1975;Ferrol;Embarque;Incluido tránsito;0;389.659;25.573;0;25.573;0;59.839;11;475.082;;;
1975;Ferrol;Transbordo;Incluido tránsito;0;0;0;0;0;0;0;0;0;;;
1975;Gijón;Desembarque;Incluido tránsito;1.782.532;8.412.306;390.333;4.713;395.046;4.931;0;0;10.594.815;;;
1975;Gijón;Embarque;Incluido tránsito;44.194;916.372;732.286;17.502;749.788;0;238.206;1.286;1.949.846;;;
1975;Gijón;Transbordo;Incluido tránsito;8.740;0;0;0;0;0;0;0;8.740;;;
1975;Huelva;Desembarque;Incluido tránsito;3.788.082;1.876.568;48.433;0;48.433;26.806;0;43.065;5.782.954;;;
1975;Huelva;Embarque;Incluido tránsito;2.361.215;2.440.844;249.037;0;249.037;0;167.736;43.109;5.261.941;;;
1975;Huelva;Transbordo;Incluido tránsito;0;0;0;0;0;0;0;0;0;;;
1975;Las Palmas;Desembarque;Incluido tránsito;1.762.113;258.837;750.237;189.677;939.914;48.556;0;0;3.009.420;;;
1975;Las Palmas;Embarque;Incluido tránsito;5.636;0;523.599;145.492;669.091;0;2.047.738;0;2.722.465;;;
1975;Las Palmas;Transbordo;Incluido tránsito;655;0;134.324;0;134.324;0;0;0;134.979;;;
1975;Marín y Ría de Pontevedra;Desembarque;Incluido tránsito;14.069;190.145;13.413;0;13.413;9.654;0;213.110;440.391;;;
1975;Marín y Ría de Pontevedra;Embarque;Incluido tránsito;0;4.500;92.111;0;92.111;0;77.230;0;173.841;;;
1975;Marín y Ría de Pontevedra;Transbordo;Incluido tránsito;0;0;0;0;0;0;0;0;0;;;
1975;Melilla;Desembarque;Incluido tránsito;37.999;763;115.953;0;115.953;5.165;0;0;159.880;;;
1975;Melilla;Embarque;Incluido tránsito;0;318.374;39.718;0;39.718;0;35.251;0;393.343;;;
1975;Melilla;Transbordo;Incluido tránsito;0;0;0;0;0;0;0;0;0;;;
1975;Málaga;Desembarque;Incluido tránsito;6.283.652;344.784;132.106;500;132.606;10.977;0;0;6.772.019;;;
1975;Málaga;Embarque;Incluido tránsito;1.532;243.558;417.337;800;418.137;0;109.480;0;772.707;;;
1975;Málaga;Transbordo;Incluido tránsito;0;0;0;0;0;0;0;0;0;;;
1975;Pasaia;Desembarque;Incluido tránsito;1.434.783;252.255;1.065.056;12.205;1.077.261;60.950;0;3.439;2.828.688;;;
1975;Pasaia;Embarque;Incluido tránsito;6.916;262.073;204.435;15.914;220.349;0;242.851;0;732.189;;;
1975;Pasaia;Transbordo;Incluido tránsito;0;0;0;0;0;0;0;0;0;;;
1975;Puerto de Santa María;Desembarque;Incluido tránsito;0;0;17.106;44.206;61.312;7.656;0;0;68.968;;;
1975;Puerto de Santa María;Embarque;Incluido tránsito;0;5.534;114.523;78.134;192.657;0;42.885;0;241.076;;;
1975;Puerto de Santa María;Transbordo;Incluido tránsito;0;0;2.708;0;2.708;0;0;0;2.708;;;
1975;San Esteban de Pravia;Desembarque;Incluido tránsito;0;494;31.702;0;31.702;82;0;0;32.278;;;
1975;San Esteban de Pravia;Embarque;Incluido tránsito;0;58.935;0;0;0;0;1.315;0;60.250;;;
1975;San Esteban de Pravia;Transbordo;Incluido tránsito;0;0;0;0;0;0;0;0;0;;;
1975;Santa Cruz de Tenerife;Desembarque;Incluido tránsito;6.040.103;537.619;558.080;199.908;757.988;11.523;0;0;7.347.233;;;
1975;Santa Cruz de Tenerife;Embarque;Incluido tránsito;4.413.571;19.487;565.251;130.296;695.547;0;1.281.186;0;6.409.791;;;
1975;Santa Cruz de Tenerife;Transbordo;Incluido tránsito;0;0;22.926;0;22.926;0;0;0;22.926;;;
1975;Santander;Desembarque;Incluido tránsito;1.625.165;1.666.626;585.491;2.093;587.584;13.689;0;0;3.893.064;;;
1975;Santander;Embarque;Incluido tránsito;6.922;359.938;155.690;1.972;157.662;0;161.389;0;685.911;;;
1975;Santander;Transbordo;Incluido tránsito;0;52.835;2.513;0;2.513;0;0;0;55.348;;;
1975;Sevilla;Desembarque;Incluido tránsito;1.179.204;941.548;338.934;5.385;344.319;3.659;0;19.488;2.488.218;;;
1975;Sevilla;Embarque;Incluido tránsito;9.366;531.316;386.192;24.480;410.672;0;80.450;0;1.031.804;;;
1975;Sevilla;Transbordo;Incluido tránsito;0;0;0;0;0;0;0;0;0;;;
1975;Tarragona;Desembarque;Incluido tránsito;3.621.746;2.757.887;142.459;33.397;175.856;14.558;0;0;6.570.047;;;
1975;Tarragona;Embarque;Incluido tránsito;877.340;112.566;473.034;90.220;563.254;0;175.272;0;1.728.432;;;
1975;Tarragona;Transbordo;Incluido tránsito;0;0;233;0;233;0;0;0;233;;;
1975;Valencia;Desembarque;Incluido tránsito;1.480.604;1.555.938;390.279;103.636;493.915;4.234;0;0;3.534.691;;;
1975;Valencia;Embarque;Incluido tránsito;162.662;563.737;613.345;120.260;733.605;0;102.805;0;1.562.809;;;
1975;Valencia;Transbordo;Incluido tránsito;0;1.647;3.780;0;3.780;0;0;0;5.427;;;
1975;Vigo;Desembarque;Incluido tránsito;682.990;362.477;130.482;89.951;220.433;92.605;0;46.435;1.404.940;;;
1975;Vigo;Embarque;Incluido tránsito;10.137;409.330;75.189;67.269;142.458;0;281.944;93.959;937.828;;;
1975;Vigo;Transbordo;Incluido tránsito;20.050;0;0;0;0;0;0;0;20.050;;;
1975;Vilagarcía;Desembarque;Incluido tránsito;28.999;105.392;23.008;0;23.008;3.788;0;503.306;664.493;;;
1975;Vilagarcía;Embarque;Incluido tránsito;8.869;137.602;64.680;0;64.680;0;4.637;0;215.788;;;
1975;Vilagarcía;Transbordo;Incluido tránsito;0;0;0;0;0;0;0;0;0;;;
1976;A Coruña;Desembarque;Incluido tránsito;3.894.237;903.005;97.613;206;97.819;93.115;0;0;4.988.176;;;
1976;A Coruña;Embarque;Incluido tránsito;2.397.065;36.369;43.183;0;43.183;0;461.583;0;2.938.200;;;
1976;A Coruña;Transbordo;Incluido tránsito;0;0;0;0;0;0;0;0;0;;;
1976;Alicante;Desembarque;Incluido tránsito;844.039;148.509;169.112;135.163;304.275;9.554;0;0;1.306.377;;;
1976;Alicante;Embarque;Incluido tránsito;2.388;118.744;361.070;154.030;515.100;0;35.189;0;671.421;;;
1976;Alicante;Transbordo;Incluido tránsito;0;0;0;0;0;0;0;0;0;;;
1976;Almería;Desembarque;Incluido tránsito;417.846;9.793;33.853;0;33.853;11.826;0;0;473.318;;;
1976;Almería;Embarque;Incluido tránsito;0;2.354.044;47.113;0;47.113;0;53.589;0;2.454.746;;;
1976;Almería;Transbordo;Incluido tránsito;0;0;0;0;0;0;0;0;0;;;
1976;Avilés;Desembarque;Incluido tránsito;463.707;2.398.780;217.886;0;217.886;10.934;0;0;3.091.307;;;
1976;Avilés;Embarque;Incluido tránsito;10.362;485.965;1.468.904;0;1.468.904;0;92.291;0;2.057.522;;;
1976;Avilés;Transbordo;Incluido tránsito;0;0;0;0;0;0;0;0;0;;;
1976;Bahía de Algeciras;Desembarque;Incluido tránsito;6.288.558;78.161;260.474;281.503;541.977;40.285;0;113.735;7.062.716;;;
1976;Bahía de Algeciras;Embarque;Incluido tránsito;5.321.072;0;271.072;334.614;605.686;0;140.474;114.769;6.182.001;;;
1976;Bahía de Algeciras;Transbordo;Incluido tránsito;0;0;0;0;0;0;0;0;0;;;
1976;Bahía de Cádiz;Desembarque;Incluido tránsito;80;84.002;58.751;150.580;209.331;37.386;0;0;330.799;;;
1976;Bahía de Cádiz;Embarque;Incluido tránsito;70.191;157.735;38.718;269.457;308.175;0;158.104;0;694.205;;;
1976;Bahía de Cádiz;Transbordo;Incluido tránsito;0;0;5.471;0;5.471;0;0;0;5.471;;;
1976;Baleares;Desembarque;Incluido tránsito;843.533;145.517;802.957;37.699;840.656;2.423;0;0;1.832.129;;;
1976;Baleares;Embarque;Incluido tránsito;70.607;4.787;316.408;39.133;355.541;0;442.770;0;873.705;;;
1976;Baleares;Transbordo;Incluido tránsito;0;0;12.083;0;12.083;0;0;0;12.083;;;
1976;Barcelona;Desembarque;Incluido tránsito;5.262.819;1.832.446;1.577.322;399.745;1.977.067;14.544;0;0;9.086.876;;;
1976;Barcelona;Embarque;Incluido tránsito;125.565;1.411.307;2.361.193;428.298;2.789.491;0;403.172;0;4.729.535;;;
1976;Barcelona;Transbordo;Incluido tránsito;0;0;0;0;0;0;0;0;0;;;
1976;Bilbao;Desembarque;Incluido tránsito;7.191.835;4.775.108;2.452.975;300.274;2.753.249;1.788;0;417.753;15.139.733;;;
1976;Bilbao;Embarque;Incluido tránsito;2.325.650;807.421;1.320.689;472.762;1.793.451;0;617.323;582.473;6.126.318;;;
1976;Bilbao;Transbordo;Incluido tránsito;207.629;52.147;0;0;0;0;0;0;259.776;;;
1976;C.A.G.P.;Desembarque;Incluido tránsito;675.633;686.175;962.686;302.294;1.264.980;383.254;0;147.499;3.157.541;;;
1976;C.A.G.P.;Embarque;Incluido tránsito;8.668;2.114.642;898.009;74.193;972.202;0;446.922;5.018;3.547.452;;;
1976;C.A.G.P.;Transbordo;Incluido tránsito;0;0;0;0;0;0;0;0;0;;;
1976;Cartagena;Desembarque;Incluido tránsito;7.532.651;657.111;56.068;17.880;73.948;1.508;0;0;8.265.218;;;
1976;Cartagena;Embarque;Incluido tránsito;4.790.326;241.123;202.117;111.324;313.441;0;180.645;26.499;5.552.034;;;
1976;Cartagena;Transbordo;Incluido tránsito;0;0;0;0;0;0;0;0;0;;;
1976;Castellón;Desembarque;Incluido tránsito;3.999.441;152.317;124.869;31.606;156.475;8.197;0;0;4.316.430;;;
1976;Castellón;Embarque;Incluido tránsito;1.485.113;83.385;515.905;114.496;630.401;0;66.491;0;2.265.390;;;
1976;Castellón;Transbordo;Incluido tránsito;0;0;0;0;0;0;0;0;0;;;
1976;Ceuta;Desembarque;Incluido tránsito;536.158;27.075;201.495;37;201.532;3.217;0;0;767.982;;;
1976;Ceuta;Embarque;Incluido tránsito;0;117;121.903;19;121.922;0;657.919;0;779.958;;;
1976;Ceuta;Transbordo;Incluido tránsito;0;0;0;0;0;0;0;0;0;;;
1976;Ferrol;Desembarque;Incluido tránsito;127.894;173.811;120.897;212;121.109;1.444;0;19.200;443.458;;;
1976;Ferrol;Embarque;Incluido tránsito;0;409.082;53.277;180;53.457;0;41.205;0;503.744;;;
1976;Ferrol;Transbordo;Incluido tránsito;0;0;385;0;385;0;0;0;385;;;
1976;Gijón;Desembarque;Incluido tránsito;1.947.467;8.969.694;308.378;1.156;309.534;4.773;0;474;11.231.942;;;
1976;Gijón;Embarque;Incluido tránsito;37.187;944.662;977.702;4.673;982.375;0;193.287;0;2.157.511;;;
1976;Gijón;Transbordo;Incluido tránsito;200;0;0;0;0;0;0;0;200;;;
1976;Huelva;Desembarque;Incluido tránsito;3.942.582;1.418.010;16.801;0;16.801;24.222;0;0;5.401.615;;;
1976;Huelva;Embarque;Incluido tránsito;2.115.766;2.473.899;362.106;0;362.106;0;163.483;0;5.115.254;;;
1976;Huelva;Transbordo;Incluido tránsito;0;0;0;0;0;0;0;0;0;;;
1976;Las Palmas;Desembarque;Incluido tránsito;1.386.710;322.264;672.797;260.396;933.193;70.866;0;0;2.713.033;;;
1976;Las Palmas;Embarque;Incluido tránsito;0;0;535.273;164.296;699.569;0;1.676.791;0;2.376.360;;;
1976;Las Palmas;Transbordo;Incluido tránsito;0;0;125.277;0;125.277;0;0;0;125.277;;;
1976;Marín y Ría de Pontevedra;Desembarque;Incluido tránsito;5.295;235.898;11.318;0;11.318;9.821;0;102.569;364.901;;;
1976;Marín y Ría de Pontevedra;Embarque;Incluido tránsito;0;0;88.655;0;88.655;0;79.977;25;168.657;;;
1976;Marín y Ría de Pontevedra;Transbordo;Incluido tránsito;0;0;0;0;0;0;0;0;0;;;
1976;Melilla;Desembarque;Incluido tránsito;34.173;10.430;170.896;0;170.896;6.706;0;0;222.205;;;
1976;Melilla;Embarque;Incluido tránsito;0;359.822;92.361;0;92.361;0;38.881;0;491.064;;;
1976;Melilla;Transbordo;Incluido tránsito;0;0;0;0;0;0;0;0;0;;;
1976;Málaga;Desembarque;Incluido tránsito;6.672.095;218.278;101.879;1.900;103.779;16.317;0;0;7.010.469;;;
1976;Málaga;Embarque;Incluido tránsito;200;311.906;305.659;4.100;309.759;0;101.781;0;723.646;;;
1976;Málaga;Transbordo;Incluido tránsito;0;0;0;0;0;0;0;0;0;;;
1976;Pasaia;Desembarque;Incluido tránsito;1.599.122;204.976;1.293.261;9.351;1.302.612;69.998;0;2.070;3.178.778;;;
1976;Pasaia;Embarque;Incluido tránsito;9.123;396.438;243.782;19.124;262.906;0;241.025;0;909.492;;;
1976;Pasaia;Transbordo;Incluido tránsito;0;0;0;0;0;0;0;0;0;;;
1976;Puerto de Santa María;Desembarque;Incluido tránsito;0;854;19.017;52.300;71.317;6.911;0;0;79.082;;;
1976;Puerto de Santa María;Embarque;Incluido tránsito;0;49.738;161.902;151.202;313.104;0;47.986;0;410.828;;;
1976;Puerto de Santa María;Transbordo;Incluido tránsito;0;0;0;0;0;0;0;0;0;;;
1976;San Esteban de Pravia;Desembarque;Incluido tránsito;0;591;54.875;0;54.875;95;0;0;55.561;;;
1976;San Esteban de Pravia;Embarque;Incluido tránsito;0;36.327;0;0;0;0;1.129;0;37.456;;;
1976;San Esteban de Pravia;Transbordo;Incluido tránsito;0;0;0;0;0;0;0;0;0;;;
1976;Santa Cruz de Tenerife;Desembarque;Incluido tránsito;6.253.844;621.820;544.043;278.190;822.233;10.480;0;0;7.708.377;;;
1976;Santa Cruz de Tenerife;Embarque;Incluido tránsito;4.592.155;19.651;534.878;181.541;716.419;0;1.559.074;0;6.887.299;;;
1976;Santa Cruz de Tenerife;Transbordo;Incluido tránsito;0;0;44.701;0;44.701;0;0;0;44.701;;;
1976;Santander;Desembarque;Incluido tránsito;1.821.216;1.399.961;622.842;10.636;633.478;14.646;0;0;3.869.301;;;
1976;Santander;Embarque;Incluido tránsito;25.659;460.221;169.653;870;170.523;0;142.249;0;798.652;;;
1976;Santander;Transbordo;Incluido tránsito;0;0;0;0;0;0;0;0;0;;;
1976;Sevilla;Desembarque;Incluido tránsito;1.260.619;680.873;301.142;5.128;306.270;4.493;0;19.488;2.271.743;;;
1976;Sevilla;Embarque;Incluido tránsito;28.765;486.891;298.670;27.921;326.591;0;67.586;0;909.833;;;
1976;Sevilla;Transbordo;Incluido tránsito;0;0;0;0;0;0;0;0;0;;;
1976;Tarragona;Desembarque;Incluido tránsito;7.559.592;2.641.589;207.400;8.022;215.422;11.418;0;0;10.428.021;;;
1976;Tarragona;Embarque;Incluido tránsito;4.588.863;168.151;681.329;15.674;697.003;0;235.237;0;5.689.254;;;
1976;Tarragona;Transbordo;Incluido tránsito;0;0;0;0;0;0;0;0;0;;;
1976;Valencia;Desembarque;Incluido tránsito;1.850.860;1.103.526;1.055.720;147.599;1.203.319;3.627;0;0;4.161.332;;;
1976;Valencia;Embarque;Incluido tránsito;195.730;790.410;793.381;190.259;983.640;0;97.136;0;2.066.916;;;
1976;Valencia;Transbordo;Incluido tránsito;0;0;0;0;0;0;0;0;0;;;
1976;Vigo;Desembarque;Incluido tránsito;619.371;398.581;146.444;94.418;240.862;81.877;0;51.507;1.392.198;;;
1976;Vigo;Embarque;Incluido tránsito;490;324.688;112.729;78.857;191.586;0;285.514;92.371;894.649;;;
1976;Vigo;Transbordo;Incluido tránsito;0;0;0;0;0;0;0;0;0;;;
1976;Vilagarcía;Desembarque;Incluido tránsito;30.319;105.330;40.685;0;40.685;5.185;0;576.723;758.242;;;
1976;Vilagarcía;Embarque;Incluido tránsito;4.568;177.651;83.381;0;83.381;0;4.905;0;270.505;;;
1976;Vilagarcía;Transbordo;Incluido tránsito;0;0;0;0;0;0;0;0;0;;;
1977;A Coruña;Desembarque;Incluido tránsito;3.874.586;881.019;100.556;485;101.041;87.198;0;0;4.943.844;;;
1977;A Coruña;Embarque;Incluido tránsito;2.594.238;32.082;47.696;1.978;49.674;0;462.315;0;3.138.309;;;
1977;A Coruña;Transbordo;Incluido tránsito;93.420;0;0;0;0;0;0;0;93.420;;;
1977;Alicante;Desembarque;Incluido tránsito;870.512;161.998;194.264;134.109;328.373;10.343;0;0;1.371.226;;;
1977;Alicante;Embarque;Incluido tránsito;9.833;45.210;650.400;171.334;821.734;0;34.736;0;911.513;;;
1977;Alicante;Transbordo;Incluido tránsito;0;0;0;0;0;0;0;0;0;;;
1977;Almería;Desembarque;Incluido tránsito;394.322;10.369;23.922;0;23.922;8.864;0;0;437.477;;;
1977;Almería;Embarque;Incluido tránsito;0;2.928.363;227.265;0;227.265;0;45.739;0;3.201.367;;;
1977;Almería;Transbordo;Incluido tránsito;0;0;40;0;40;0;0;0;40;;;
1977;Avilés;Desembarque;Incluido tránsito;519.262;2.793.210;214.704;0;214.704;11.178;0;0;3.538.354;;;
1977;Avilés;Embarque;Incluido tránsito;2.382;584.252;1.640.541;0;1.640.541;0;71.077;0;2.298.252;;;
1977;Avilés;Transbordo;Incluido tránsito;0;0;0;0;0;0;0;0;0;;;
1977;Bahía de Algeciras;Desembarque;Incluido tránsito;6.175.161;80.278;313.500;488.063;801.563;38.332;0;126.524;7.221.858;;;
1977;Bahía de Algeciras;Embarque;Incluido tránsito;4.172.512;0;342.822;553.440;896.262;0;219.890;147.978;5.436.642;;;
1977;Bahía de Algeciras;Transbordo;Incluido tránsito;0;0;0;0;0;0;0;0;0;;;
1977;Bahía de Cádiz;Desembarque;Incluido tránsito;18.000;67.173;144.533;211.745;356.278;31.454;0;0;472.905;;;
1977;Bahía de Cádiz;Embarque;Incluido tránsito;86.184;124.274;78.229;353.260;431.489;0;194.759;0;836.706;;;
1977;Bahía de Cádiz;Transbordo;Incluido tránsito;5.979;0;0;0;0;0;0;0;5.979;;;
1977;Baleares;Desembarque;Incluido tránsito;920.236;220.614;765.176;272.077;1.037.253;2.629;0;0;2.180.732;;;
1977;Baleares;Embarque;Incluido tránsito;65.476;16.255;324.229;139.748;463.977;0;370.372;0;916.080;;;
1977;Baleares;Transbordo;Incluido tránsito;0;0;0;0;0;0;0;0;0;;;
1977;Barcelona;Desembarque;Incluido tránsito;5.222.857;2.187.882;1.770.807;445.884;2.216.691;16.499;0;0;9.643.929;;;
1977;Barcelona;Embarque;Incluido tránsito;123.998;1.899.543;2.966.875;486.391;3.453.266;0;479.249;0;5.956.056;;;
1977;Barcelona;Transbordo;Incluido tránsito;0;0;0;0;0;0;0;0;0;;;
1977;Bilbao;Desembarque;Incluido tránsito;6.716.805;4.097.015;1.686.029;313.534;1.999.563;2.007;0;919.783;13.735.173;;;
1977;Bilbao;Embarque;Incluido tránsito;2.594.361;766.063;1.500.255;491.031;1.991.286;0;651.364;1.047.144;7.050.218;;;
1977;Bilbao;Transbordo;Incluido tránsito;324.520;0;561;0;561;0;0;0;325.081;;;
1977;C.A.G.P.;Desembarque;Incluido tránsito;734.754;662.145;843.273;350.858;1.194.131;431.345;0;145.197;3.167.572;;;
1977;C.A.G.P.;Embarque;Incluido tránsito;9.833;2.472.052;1.597.039;87.703;1.684.742;0;451.007;7.583;4.625.217;;;
1977;C.A.G.P.;Transbordo;Incluido tránsito;0;0;0;0;0;0;0;0;0;;;
1977;Cartagena;Desembarque;Incluido tránsito;7.479.816;993.190;60.884;20.798;81.682;1.628;0;0;8.556.316;;;
1977;Cartagena;Embarque;Incluido tránsito;4.483.794;250.555;232.753;119.517;352.270;0;276.944;19.153;5.382.716;;;
1977;Cartagena;Transbordo;Incluido tránsito;0;0;0;0;0;0;0;0;0;;;
1977;Castellón;Desembarque;Incluido tránsito;3.258.354;163.070;92.374;32.697;125.071;7.171;0;0;3.553.666;;;
1977;Castellón;Embarque;Incluido tránsito;1.478.741;43.894;580.451;117.793;698.244;0;83.090;0;2.303.969;;;
1977;Castellón;Transbordo;Incluido tránsito;0;0;0;0;0;0;0;0;0;;;
1977;Ceuta;Desembarque;Incluido tránsito;557.932;44.759;271.836;2.089;273.925;3.083;0;0;879.699;;;
1977;Ceuta;Embarque;Incluido tránsito;13.409;0;166.292;62;166.354;0;683.651;0;863.414;;;
1977;Ceuta;Transbordo;Incluido tránsito;0;0;0;0;0;0;0;0;0;;;
1977;Ferrol;Desembarque;Incluido tránsito;151.902;143.312;75.478;0;75.478;1.404;0;14.837;386.933;;;
1977;Ferrol;Embarque;Incluido tránsito;0;440.467;40.879;0;40.879;0;46.432;0;527.778;;;
1977;Ferrol;Transbordo;Incluido tránsito;0;0;0;0;0;0;0;0;0;;;
1977;Gijón;Desembarque;Incluido tránsito;1.717.729;8.097.841;125.666;54;125.720;2.722;0;0;9.944.012;;;
1977;Gijón;Embarque;Incluido tránsito;40.744;1.092.052;849.149;385;849.534;0;157.985;0;2.140.315;;;
1977;Gijón;Transbordo;Incluido tránsito;0;0;0;0;0;0;0;0;0;;;
1977;Huelva;Desembarque;Incluido tránsito;4.373.231;2.073.063;32.647;0;32.647;21.699;0;0;6.500.640;;;
1977;Huelva;Embarque;Incluido tránsito;2.093.614;2.615.668;464.781;0;464.781;0;176.819;3.516;5.354.398;;;
1977;Huelva;Transbordo;Incluido tránsito;0;0;0;0;0;0;0;0;0;;;
1977;Las Palmas;Desembarque;Incluido tránsito;1.488.041;355.181;743.978;422.240;1.166.218;43.679;0;0;3.053.119;;;
1977;Las Palmas;Embarque;Incluido tránsito;1.437;3.089;722.316;216.105;938.421;0;1.656.166;0;2.599.113;;;
1977;Las Palmas;Transbordo;Incluido tránsito;28.333;1.500;86.568;0;86.568;0;0;0;116.401;;;
1977;Marín y Ría de Pontevedra;Desembarque;Incluido tránsito;1.430;251.198;6.275;0;6.275;8.376;0;51.513;318.792;;;
1977;Marín y Ría de Pontevedra;Embarque;Incluido tránsito;0;0;120.721;0;120.721;0;68.923;6;189.650;;;
1977;Marín y Ría de Pontevedra;Transbordo;Incluido tránsito;0;0;0;0;0;0;0;0;0;;;
1977;Melilla;Desembarque;Incluido tránsito;44.869;9.807;291.109;0;291.109;7.679;0;0;353.464;;;
1977;Melilla;Embarque;Incluido tránsito;0;466.505;112.642;0;112.642;0;36.832;0;615.979;;;
1977;Melilla;Transbordo;Incluido tránsito;0;0;0;0;0;0;0;0;0;;;
1977;Málaga;Desembarque;Incluido tránsito;6.035.646;322.436;94.564;1.240;95.804;11.994;0;0;6.465.880;;;
1977;Málaga;Embarque;Incluido tránsito;1.254;281.455;418.515;4.000;422.515;0;95.020;0;800.244;;;
1977;Málaga;Transbordo;Incluido tránsito;0;0;0;0;0;0;0;0;0;;;
1977;Pasaia;Desembarque;Incluido tránsito;1.363.520;590.439;1.227.149;7.747;1.234.896;57.089;0;3.962;3.249.906;;;
1977;Pasaia;Embarque;Incluido tránsito;14.457;459.547;401.156;24.122;425.278;0;207.858;0;1.107.140;;;
1977;Pasaia;Transbordo;Incluido tránsito;0;0;0;0;0;0;0;0;0;;;
1977;Puerto de Santa María;Desembarque;Incluido tránsito;0;0;2.609;61.637;64.246;9.208;0;0;73.454;;;
1977;Puerto de Santa María;Embarque;Incluido tránsito;0;99.018;253.829;200.196;454.025;0;52.922;0;605.965;;;
1977;Puerto de Santa María;Transbordo;Incluido tránsito;0;0;0;0;0;0;0;0;0;;;
1977;San Esteban de Pravia;Desembarque;Incluido tránsito;0;764;30.331;0;30.331;40;0;0;31.135;;;
1977;San Esteban de Pravia;Embarque;Incluido tránsito;0;21.826;0;0;0;0;919;0;22.745;;;
1977;San Esteban de Pravia;Transbordo;Incluido tránsito;0;0;0;0;0;0;0;0;0;;;
1977;Santa Cruz de Tenerife;Desembarque;Incluido tránsito;7.227.635;634.919;593.680;340.474;934.154;8.024;0;0;8.804.732;;;
1977;Santa Cruz de Tenerife;Embarque;Incluido tránsito;4.730.486;18.644;567.458;230.546;798.004;0;1.581.903;0;7.129.037;;;
1977;Santa Cruz de Tenerife;Transbordo;Incluido tránsito;26.243;0;16.791;0;16.791;0;0;0;43.034;;;
1977;Santander;Desembarque;Incluido tránsito;1.836.070;1.293.536;554.404;1.787;556.191;12.631;0;0;3.698.428;;;
1977;Santander;Embarque;Incluido tránsito;28.795;436.186;332.089;541;332.630;0;122.572;0;920.183;;;
1977;Santander;Transbordo;Incluido tránsito;0;0;0;0;0;0;0;0;0;;;
1977;Sevilla;Desembarque;Incluido tránsito;1.125.198;840.340;321.824;5.986;327.810;4.589;0;19.488;2.317.425;;;
1977;Sevilla;Embarque;Incluido tránsito;27.704;363.207;515.281;52.934;568.215;0;72.793;0;1.031.919;;;
1977;Sevilla;Transbordo;Incluido tránsito;0;0;0;0;0;0;0;0;0;;;
1977;Tarragona;Desembarque;Incluido tránsito;7.720.473;2.865.650;177.835;1.497;179.332;11.357;0;991;10.777.803;;;
1977;Tarragona;Embarque;Incluido tránsito;4.448.619;48.988;803.709;6.480;810.189;0;268.582;991;5.577.369;;;
1977;Tarragona;Transbordo;Incluido tránsito;0;0;0;0;0;0;0;0;0;;;
1977;Valencia;Desembarque;Incluido tránsito;1.843.183;1.109.886;998.727;184.480;1.183.207;3.031;0;0;4.139.307;;;
1977;Valencia;Embarque;Incluido tránsito;134.797;1.037.453;996.305;289.340;1.285.645;0;101.618;0;2.559.513;;;
1977;Valencia;Transbordo;Incluido tránsito;0;0;630;0;630;0;0;0;630;;;
1977;Vigo;Desembarque;Incluido tránsito;676.872;441.416;189.617;108.737;298.354;79.012;0;44.657;1.540.311;;;
1977;Vigo;Embarque;Incluido tránsito;0;34.595;127.470;97.228;224.698;0;311.528;96.286;667.107;;;
1977;Vigo;Transbordo;Incluido tránsito;7.824;0;939;0;939;0;0;0;8.763;;;
1977;Vilagarcía;Desembarque;Incluido tránsito;33.984;140.503;30.118;0;30.118;7.163;0;639.398;851.166;;;
1977;Vilagarcía;Embarque;Incluido tránsito;5.897;137.400;119.812;0;119.812;0;8.109;0;271.218;;;
1977;Vilagarcía;Transbordo;Incluido tránsito;0;0;0;0;0;0;0;0;0;;;
1978;A Coruña;Desembarque;Incluido tránsito;3.939.792;968.751;99.867;1.118;100.985;83.937;0;0;5.093.465;;;
1978;A Coruña;Embarque;Incluido tránsito;2.086.040;26.140;95.206;13.854;109.060;0;447.693;0;2.668.933;;;
1978;A Coruña;Transbordo;Incluido tránsito;0;0;0;0;0;0;0;0;0;;;
1978;Alicante;Desembarque;Incluido tránsito;956.389;142.868;180.565;134.412;314.977;11.129;0;0;1.425.363;;;
1978;Alicante;Embarque;Incluido tránsito;18.311;55.372;769.468;177.668;947.136;0;65.169;0;1.085.988;;;
1978;Alicante;Transbordo;Incluido tránsito;0;0;300;0;300;0;0;0;300;;;
1978;Almería;Desembarque;Incluido tránsito;414.416;6.766;34.072;0;34.072;8.762;0;0;464.016;;;
1978;Almería;Embarque;Incluido tránsito;0;3.504.952;331.934;0;331.934;0;45.980;0;3.882.866;;;
1978;Almería;Transbordo;Incluido tránsito;0;0;0;0;0;0;0;0;0;;;
1978;Avilés;Desembarque;Incluido tránsito;365.857;2.597.009;226.301;0;226.301;11.565;0;0;3.200.732;;;
1978;Avilés;Embarque;Incluido tránsito;27.734;661.248;1.693.122;0;1.693.122;0;67.085;0;2.449.189;;;
1978;Avilés;Transbordo;Incluido tránsito;0;0;0;0;0;0;0;0;0;;;
1978;Bahía de Algeciras;Desembarque;Incluido tránsito;6.700.064;79.593;369.346;598.508;967.854;37.146;0;153.919;7.938.576;;;
1978;Bahía de Algeciras;Embarque;Incluido tránsito;4.452.953;246;481.524;651.837;1.133.361;0;326.790;273.655;6.187.005;;;
1978;Bahía de Algeciras;Transbordo;Incluido tránsito;0;2.569;150;0;150;0;0;0;2.719;;;
1978;Bahía de Cádiz;Desembarque;Incluido tránsito;22.256;38.006;147.452;87.885;235.337;25.191;0;0;320.790;;;
1978;Bahía de Cádiz;Embarque;Incluido tránsito;102.663;78.695;206.363;219.064;425.427;0;164.286;0;771.071;;;
1978;Bahía de Cádiz;Transbordo;Incluido tránsito;0;0;595;0;595;0;0;0;595;;;
1978;Baleares;Desembarque;Incluido tránsito;878.342;210.531;751.158;359.901;1.111.059;2.332;0;0;2.202.264;;;
1978;Baleares;Embarque;Incluido tránsito;2.009;15.652;322.439;151.337;473.776;0;445.793;0;937.230;;;
1978;Baleares;Transbordo;Incluido tránsito;0;0;0;0;0;0;0;0;0;;;
1978;Barcelona;Desembarque;Incluido tránsito;5.329.151;1.893.823;1.297.121;453.033;1.750.154;16.059;0;0;8.989.187;;;
1978;Barcelona;Embarque;Incluido tránsito;128.504;2.482.497;2.644.955;634.584;3.279.539;0;472.006;0;6.362.546;;;
1978;Barcelona;Transbordo;Incluido tránsito;0;0;0;0;0;0;0;0;0;;;
1978;Bilbao;Desembarque;Incluido tránsito;6.867.681;3.704.321;1.000.635;344.179;1.344.814;1.746;0;825.665;12.744.227;;;
1978;Bilbao;Embarque;Incluido tránsito;2.792.039;762.562;1.988.633;533.400;2.522.033;0;635.598;997.274;7.709.506;;;
1978;Bilbao;Transbordo;Incluido tránsito;0;0;0;0;0;0;0;0;0;;;
1978;C.A.G.P.;Desembarque;Incluido tránsito;2.479.752;705.168;930.805;468.314;1.399.119;376.557;0;134.647;5.095.243;;;
1978;C.A.G.P.;Embarque;Incluido tránsito;7.923;2.976.168;1.633.506;154.585;1.788.091;0;478.311;32.725;5.283.218;;;
1978;C.A.G.P.;Transbordo;Incluido tránsito;0;0;0;0;0;0;0;0;0;;;
1978;Cartagena;Desembarque;Incluido tránsito;6.494.770;836.183;93.362;19.706;113.068;1.199;0;0;7.445.220;;;
1978;Cartagena;Embarque;Incluido tránsito;3.876.249;214.393;299.616;114.251;413.867;0;263.146;22.452;4.790.107;;;
1978;Cartagena;Transbordo;Incluido tránsito;0;0;0;0;0;0;0;0;0;;;
1978;Castellón;Desembarque;Incluido tránsito;3.293.387;150.636;120.754;29.956;150.710;6.361;0;0;3.601.094;;;
1978;Castellón;Embarque;Incluido tránsito;1.292.752;28.559;513.199;123.556;636.755;0;67.762;0;2.025.828;;;
1978;Castellón;Transbordo;Incluido tránsito;0;0;0;0;0;0;0;0;0;;;
1978;Ceuta;Desembarque;Incluido tránsito;778.390;39.011;308.298;1.781;310.079;2.616;0;0;1.130.096;;;
1978;Ceuta;Embarque;Incluido tránsito;30.093;47;187.092;286;187.378;0;833.909;0;1.051.427;;;
1978;Ceuta;Transbordo;Incluido tránsito;0;0;0;0;0;0;0;0;0;;;
1978;Ferrol;Desembarque;Incluido tránsito;109.446;154.271;37.996;0;37.996;1.678;0;702;304.093;;;
1978;Ferrol;Embarque;Incluido tránsito;0;366.921;51.176;0;51.176;0;48.637;115;466.849;;;
1978;Ferrol;Transbordo;Incluido tránsito;0;0;0;0;0;0;0;0;0;;;
1978;Gijón;Desembarque;Incluido tránsito;1.731.040;7.916.464;98.847;399;99.246;2.738;0;88;9.749.576;;;
1978;Gijón;Embarque;Incluido tránsito;44.842;996.903;714.790;883;715.673;0;180.082;0;1.937.500;;;
1978;Gijón;Transbordo;Incluido tránsito;0;2.674;0;0;0;0;0;0;2.674;;;
1978;Huelva;Desembarque;Incluido tránsito;4.067.174;2.102.265;33.890;0;33.890;26.032;0;0;6.229.361;;;
1978;Huelva;Embarque;Incluido tránsito;2.161.284;2.387.895;502.891;0;502.891;0;173.879;6.033;5.231.982;;;
1978;Huelva;Transbordo;Incluido tránsito;0;0;0;0;0;0;0;0;0;;;
1978;Las Palmas;Desembarque;Incluido tránsito;1.414.177;323.272;856.274;426.490;1.282.764;42.424;0;0;3.062.637;;;
1978;Las Palmas;Embarque;Incluido tránsito;8.560;401;650.499;266.013;916.512;0;1.678.406;0;2.603.879;;;
1978;Las Palmas;Transbordo;Incluido tránsito;350;0;46.131;0;46.131;0;0;0;46.481;;;
1978;Marín y Ría de Pontevedra;Desembarque;Incluido tránsito;4.500;216.599;15.163;0;15.163;7.573;0;34.964;278.799;;;
1978;Marín y Ría de Pontevedra;Embarque;Incluido tránsito;0;0;140.022;0;140.022;0;64.687;0;204.709;;;
1978;Marín y Ría de Pontevedra;Transbordo;Incluido tránsito;0;0;2.059;0;2.059;0;0;0;2.059;;;
1978;Melilla;Desembarque;Incluido tránsito;41.368;7.566;287.887;0;287.887;8.788;0;0;345.609;;;
1978;Melilla;Embarque;Incluido tránsito;0;81.467;80.157;0;80.157;0;32.806;0;194.430;;;
1978;Melilla;Transbordo;Incluido tránsito;0;0;0;0;0;0;0;0;0;;;
1978;Málaga;Desembarque;Incluido tránsito;6.208.962;335.622;87.223;0;87.223;16.328;0;0;6.648.135;;;
1978;Málaga;Embarque;Incluido tránsito;3.191;383.448;380.325;0;380.325;0;116.753;0;883.717;;;
1978;Málaga;Transbordo;Incluido tránsito;0;0;0;0;0;0;0;0;0;;;
1978;Pasaia;Desembarque;Incluido tránsito;1.311.924;413.769;1.158.230;8.807;1.167.037;53.541;0;1.915;2.948.186;;;
1978;Pasaia;Embarque;Incluido tránsito;11.407;406.513;641.823;16.660;658.483;0;211.029;0;1.287.432;;;
1978;Pasaia;Transbordo;Incluido tránsito;0;0;0;0;0;0;0;0;0;;;
1978;Puerto de Santa María;Desembarque;Incluido tránsito;2.611;1.650;2.924;52.126;55.050;9.356;0;0;68.667;;;
1978;Puerto de Santa María;Embarque;Incluido tránsito;0;208.351;182.526;146.036;328.562;0;87.156;0;624.069;;;
1978;Puerto de Santa María;Transbordo;Incluido tránsito;0;0;0;0;0;0;0;0;0;;;
1978;San Esteban de Pravia;Desembarque;Incluido tránsito;0;612;30.026;0;30.026;100;0;0;30.738;;;
1978;San Esteban de Pravia;Embarque;Incluido tránsito;0;2.648;777;0;777;0;706;0;4.131;;;
1978;San Esteban de Pravia;Transbordo;Incluido tránsito;0;0;0;0;0;0;0;0;0;;;
1978;Santa Cruz de Tenerife;Desembarque;Incluido tránsito;6.856.650;667.433;593.600;377.729;971.329;14.484;0;0;8.509.896;;;
1978;Santa Cruz de Tenerife;Embarque;Incluido tránsito;4.860.810;4.058;516.454;281.620;798.074;0;1.573.817;0;7.236.759;;;
1978;Santa Cruz de Tenerife;Transbordo;Incluido tránsito;1.120;0;10.964;0;10.964;0;0;0;12.084;;;
1978;Santander;Desembarque;Incluido tránsito;1.822.511;1.252.073;433.246;1.553;434.799;12.948;0;0;3.522.331;;;
1978;Santander;Embarque;Incluido tránsito;29.441;368.477;365.552;1.102;366.654;0;104.293;0;868.865;;;
1978;Santander;Transbordo;Incluido tránsito;0;0;0;0;0;0;0;0;0;;;
1978;Sevilla;Desembarque;Incluido tránsito;1.157.818;841.135;243.322;13.208;256.530;3.871;0;19.488;2.278.842;;;
1978;Sevilla;Embarque;Incluido tránsito;56.118;461.184;417.383;125.553;542.936;0;60.845;0;1.121.083;;;
1978;Sevilla;Transbordo;Incluido tránsito;0;0;0;0;0;0;0;0;0;;;
1978;Tarragona;Desembarque;Incluido tránsito;8.421.500;2.924.703;134.849;3.532;138.381;11.884;0;9.913;11.506.381;;;
1978;Tarragona;Embarque;Incluido tránsito;4.817.064;294.685;929.918;11.267;941.185;0;358.603;9.825;6.421.362;;;
1978;Tarragona;Transbordo;Incluido tránsito;0;0;0;0;0;0;0;0;0;;;
1978;Valencia;Desembarque;Incluido tránsito;1.940.689;1.154.268;824.846;199.215;1.024.061;1.981;0;0;4.120.999;;;
1978;Valencia;Embarque;Incluido tránsito;73.593;1.367.061;1.005.596;367.915;1.373.511;0;110.000;0;2.924.165;;;
1978;Valencia;Transbordo;Incluido tránsito;0;0;0;0;0;0;0;0;0;;;
1978;Vigo;Desembarque;Incluido tránsito;755.260;368.294;140.843;88.707;229.550;74.585;0;51.109;1.478.798;;;
1978;Vigo;Embarque;Incluido tránsito;0;17.455;188.579;83.116;271.695;0;304.160;76.372;669.682;;;
1978;Vigo;Transbordo;Incluido tránsito;20.393;0;956;0;956;0;0;0;21.349;;;
1978;Vilagarcía;Desembarque;Incluido tránsito;32.430;101.938;18.598;0;18.598;4.296;0;695.606;852.868;;;
1978;Vilagarcía;Embarque;Incluido tránsito;6.205;128.460;103.829;0;103.829;0;7.796;0;246.290;;;
1978;Vilagarcía;Transbordo;Incluido tránsito;0;0;0;0;0;0;0;0;0;;;
1979;A Coruña;Desembarque;Incluido tránsito;3.809.809;1.123.499;250.608;1.218;251.826;79.692;0;0;5.264.826;;;
1979;A Coruña;Embarque;Incluido tránsito;2.066.800;37.944;117.433;5.268;122.701;0;480.236;0;2.707.681;;;
1979;A Coruña;Transbordo;Incluido tránsito;0;6.650;0;0;0;0;0;0;6.650;;;
1979;Alicante;Desembarque;Incluido tránsito;942.092;131.365;179.186;135.933;315.119;10.316;0;0;1.398.892;;;
1979;Alicante;Embarque;Incluido tránsito;33.046;48.499;817.361;196.220;1.013.581;0;39.280;0;1.134.406;;;
1979;Alicante;Transbordo;Incluido tránsito;0;0;0;0;0;0;0;0;0;;;
1979;Almería;Desembarque;Incluido tránsito;381.000;6.153;32.221;0;32.221;11.645;0;0;431.019;;;
1979;Almería;Embarque;Incluido tránsito;0;3.881.368;252.895;0;252.895;0;56.253;0;4.190.516;;;
1979;Almería;Transbordo;Incluido tránsito;0;0;0;0;0;0;0;0;0;;;
1979;Avilés;Desembarque;Incluido tránsito;420.986;2.665.830;263.344;0;263.344;10.122;0;0;3.360.282;;;
1979;Avilés;Embarque;Incluido tránsito;26.560;693.685;1.352.088;9;1.352.097;0;74.987;0;2.147.329;;;
1979;Avilés;Transbordo;Incluido tránsito;0;0;0;0;0;0;0;0;0;;;
1979;Bahía de Algeciras;Desembarque;Incluido tránsito;8.684.636;113.225;371.927;916.498;1.288.425;26.511;0;271.805;10.384.602;;;
1979;Bahía de Algeciras;Embarque;Incluido tránsito;6.461.064;258;502.958;1.042.506;1.545.464;0;483.891;456.433;8.947.110;;;
1979;Bahía de Algeciras;Transbordo;Incluido tránsito;0;0;0;0;0;0;0;0;0;;;
1979;Bahía de Cádiz;Desembarque;Incluido tránsito;45.945;75.897;191.761;80.386;272.147;30.122;0;0;424.111;;;
1979;Bahía de Cádiz;Embarque;Incluido tránsito;101.536;79.143;195.990;222.711;418.701;0;215.182;0;814.562;;;
1979;Bahía de Cádiz;Transbordo;Incluido tránsito;1.981;6.640;93;0;93;0;0;0;8.714;;;
1979;Baleares;Desembarque;Incluido tránsito;926.632;267.792;716.298;378.910;1.095.208;2.295;0;0;2.291.927;;;
1979;Baleares;Embarque;Incluido tránsito;5.044;28.102;329.605;175.785;505.390;0;395.852;0;934.388;;;
1979;Baleares;Transbordo;Incluido tránsito;0;0;0;0;0;0;0;0;0;;;
1979;Barcelona;Desembarque;Incluido tránsito;5.798.177;2.122.831;1.265.620;525.933;1.791.553;18.375;0;0;9.730.936;;;
1979;Barcelona;Embarque;Incluido tránsito;185.500;2.871.343;2.423.922;632.097;3.056.019;0;472.794;0;6.585.656;;;
1979;Barcelona;Transbordo;Incluido tránsito;0;0;0;0;0;0;0;0;0;;;
1979;Bilbao;Desembarque;Incluido tránsito;8.744.282;4.000.828;1.317.597;383.220;1.700.817;991;0;770.618;15.217.536;;;
1979;Bilbao;Embarque;Incluido tránsito;4.454.588;837.852;1.739.242;613.248;2.352.490;0;625.744;994.084;9.264.758;;;
1979;Bilbao;Transbordo;Incluido tránsito;1.787.922;0;0;0;0;0;0;0;1.787.922;;;
1979;C.A.G.P.;Desembarque;Incluido tránsito;2.457.621;1.151.818;925.431;510.652;1.436.083;375.552;0;172.625;5.593.699;;;
1979;C.A.G.P.;Embarque;Incluido tránsito;8.339;3.525.746;1.262.855;181.016;1.443.871;0;509.289;35.180;5.522.425;;;
1979;C.A.G.P.;Transbordo;Incluido tránsito;0;0;0;0;0;0;0;0;0;;;
1979;Cartagena;Desembarque;Incluido tránsito;7.488.807;946.317;104.068;15.087;119.155;1.344;0;0;8.555.623;;;
1979;Cartagena;Embarque;Incluido tránsito;4.891.191;317.331;345.910;106.428;452.338;0;314.423;20.362;5.995.645;;;
1979;Cartagena;Transbordo;Incluido tránsito;0;0;0;0;0;0;0;0;0;;;
1979;Castellón;Desembarque;Incluido tránsito;2.702.097;123.495;223.793;31.291;255.084;7.710;0;987;3.089.373;;;
1979;Castellón;Embarque;Incluido tránsito;1.222.977;17.851;474.198;117.423;591.621;0;101.736;987;1.935.172;;;
1979;Castellón;Transbordo;Incluido tránsito;0;0;0;0;0;0;0;0;0;;;
1979;Ceuta;Desembarque;Incluido tránsito;659.027;27.964;302.880;2.732;305.612;2.058;0;0;994.661;;;
1979;Ceuta;Embarque;Incluido tránsito;3.999;47;204.055;163;204.218;0;710.823;0;919.087;;;
1979;Ceuta;Transbordo;Incluido tránsito;0;0;0;0;0;0;0;0;0;;;
1979;Ferrol;Desembarque;Incluido tránsito;120.713;120.629;69.667;0;69.667;1.854;0;5.743;318.606;;;
1979;Ferrol;Embarque;Incluido tránsito;0;415.535;52.798;0;52.798;0;43.235;0;511.568;;;
1979;Ferrol;Transbordo;Incluido tránsito;8.957;0;64;0;64;0;0;0;9.021;;;
1979;Gijón;Desembarque;Incluido tránsito;1.908.588;8.555.145;129.669;3.140;132.809;2.946;0;811;10.600.299;;;
1979;Gijón;Embarque;Incluido tránsito;56.700;987.066;669.744;2.242;671.986;0;194.624;170;1.910.546;;;
1979;Gijón;Transbordo;Incluido tránsito;0;0;0;0;0;0;0;0;0;;;
1979;Huelva;Desembarque;Incluido tránsito;4.026.084;2.098.713;24.098;0;24.098;22.313;0;0;6.171.208;;;
1979;Huelva;Embarque;Incluido tránsito;1.680.467;2.167.930;298.088;0;298.088;0;151.736;0;4.298.221;;;
1979;Huelva;Transbordo;Incluido tránsito;0;0;0;0;0;0;0;0;0;;;
1979;Las Palmas;Desembarque;Incluido tránsito;1.223.970;425.534;848.211;440.886;1.289.097;36.508;0;0;2.975.109;;;
1979;Las Palmas;Embarque;Incluido tránsito;1.449;5.115;634.149;289.717;923.866;0;1.509.231;0;2.439.661;;;
1979;Las Palmas;Transbordo;Incluido tránsito;0;1.517;32.260;0;32.260;0;0;0;33.777;;;
1979;Marín y Ría de Pontevedra;Desembarque;Incluido tránsito;3.114;223.711;31.389;0;31.389;6.935;0;27.140;292.289;;;
1979;Marín y Ría de Pontevedra;Embarque;Incluido tránsito;0;1.905;148.935;0;148.935;0;69.257;4;220.101;;;
1979;Marín y Ría de Pontevedra;Transbordo;Incluido tránsito;0;0;0;0;0;0;0;0;0;;;
1979;Melilla;Desembarque;Incluido tránsito;42.536;20.646;183.035;0;183.035;5.955;0;0;252.172;;;
1979;Melilla;Embarque;Incluido tránsito;1.004;71.417;78.601;0;78.601;0;33.031;0;184.053;;;
1979;Melilla;Transbordo;Incluido tránsito;0;0;0;0;0;0;0;0;0;;;
1979;Málaga;Desembarque;Incluido tránsito;7.009.374;322.608;108.871;0;108.871;14.677;0;0;7.455.530;;;
1979;Málaga;Embarque;Incluido tránsito;2.185;295.951;537.665;0;537.665;0;104.216;0;940.017;;;
1979;Málaga;Transbordo;Incluido tránsito;0;0;0;0;0;0;0;0;0;;;
1979;Pasaia;Desembarque;Incluido tránsito;1.450.358;596.117;1.409.144;16.581;1.425.725;39.608;0;1.956;3.513.764;;;
1979;Pasaia;Embarque;Incluido tránsito;16.075;495.880;608.497;18.975;627.472;0;199.105;0;1.338.532;;;
1979;Pasaia;Transbordo;Incluido tránsito;0;0;0;0;0;0;0;0;0;;;
1979;Puerto de Santa María;Desembarque;Incluido tránsito;13.245;0;1.338;28.456;29.794;10.061;0;0;53.100;;;
1979;Puerto de Santa María;Embarque;Incluido tránsito;15.651;134.066;185.582;79.608;265.190;0;95.059;0;509.966;;;
1979;Puerto de Santa María;Transbordo;Incluido tránsito;0;0;0;0;0;0;0;0;0;;;
1979;San Esteban de Pravia;Desembarque;Incluido tránsito;0;643;57.008;0;57.008;44;0;0;57.695;;;
1979;San Esteban de Pravia;Embarque;Incluido tránsito;0;0;330;0;330;0;3.676;0;4.006;;;
1979;San Esteban de Pravia;Transbordo;Incluido tránsito;0;0;0;0;0;0;0;0;0;;;
1979;Santa Cruz de Tenerife;Desembarque;Incluido tránsito;6.037.223;683.093;615.071;416.166;1.031.237;28.380;0;0;7.779.933;;;
1979;Santa Cruz de Tenerife;Embarque;Incluido tránsito;3.433.402;6.496;618.570;296.888;915.458;0;1.654.520;0;6.009.876;;;
1979;Santa Cruz de Tenerife;Transbordo;Incluido tránsito;0;0;3.080;0;3.080;0;0;0;3.080;;;
1979;Santander;Desembarque;Incluido tránsito;1.728.513;1.535.248;437.563;11.655;449.218;9.584;0;0;3.722.563;;;
1979;Santander;Embarque;Incluido tránsito;49.027;374.042;345.211;3.735;348.946;0;119.853;0;891.868;;;
1979;Santander;Transbordo;Incluido tránsito;0;0;0;0;0;0;0;0;0;;;
1979;Sevilla;Desembarque;Incluido tránsito;1.128.636;885.906;283.947;47.698;331.645;3.876;0;19.488;2.369.551;;;
1979;Sevilla;Embarque;Incluido tránsito;37.786;442.039;319.977;127.806;447.783;0;69.422;0;997.030;;;
1979;Sevilla;Transbordo;Incluido tránsito;0;0;0;0;0;0;0;0;0;;;
1979;Tarragona;Desembarque;Incluido tránsito;8.137.498;3.159.126;108.697;652;109.349;11.081;0;18.377;11.435.431;;;
1979;Tarragona;Embarque;Incluido tránsito;4.209.146;232.512;811.670;5.888;817.558;0;361.921;18.666;5.639.803;;;
1979;Tarragona;Transbordo;Incluido tránsito;0;0;0;0;0;0;0;0;0;;;
1979;Valencia;Desembarque;Incluido tránsito;1.873.412;1.152.843;770.812;292.922;1.063.734;2.516;0;0;4.092.505;;;
1979;Valencia;Embarque;Incluido tránsito;193.268;1.115.001;933.564;532.452;1.466.016;0;125.338;0;2.899.623;;;
1979;Valencia;Transbordo;Incluido tránsito;0;0;0;0;0;0;0;0;0;;;
1979;Vigo;Desembarque;Incluido tránsito;723.296;343.161;143.447;103.985;247.432;75.273;0;53.170;1.442.332;;;
1979;Vigo;Embarque;Incluido tránsito;0;35.136;191.232;113.682;304.914;0;346.582;93.337;779.969;;;
1979;Vigo;Transbordo;Incluido tránsito;20.168;0;623;0;623;0;0;0;20.791;;;
1979;Vilagarcía;Desembarque;Incluido tránsito;30.632;143.570;15.175;0;15.175;4.223;0;737.557;931.157;;;
1979;Vilagarcía;Embarque;Incluido tránsito;4.746;157.074;105.979;0;105.979;0;9.027;0;276.826;;;
1979;Vilagarcía;Transbordo;Incluido tránsito;0;0;0;0;0;0;0;0;0;;;
1980;A Coruña;Desembarque;Incluido tránsito;4.167.035;1.225.266;449.548;1.302;450.850;84.990;0;0;5.928.141;;;
1980;A Coruña;Embarque;Incluido tránsito;2.383.867;28.615;457.889;1.123;459.012;0;474.608;0;3.346.102;;;
1980;A Coruña;Transbordo;Incluido tránsito;0;0;0;0;0;0;0;0;0;;;
1980;Alicante;Desembarque;Incluido tránsito;859.402;154.204;187.408;127.844;315.252;8.964;0;0;1.337.822;;;
1980;Alicante;Embarque;Incluido tránsito;29.292;20.198;927.100;207.452;1.134.552;0;29.812;0;1.213.854;;;
1980;Alicante;Transbordo;Incluido tránsito;0;0;500;0;500;0;0;0;500;;;
1980;Almería;Desembarque;Incluido tránsito;417.893;13.258;22.685;0;22.685;9.799;0;0;463.635;;;
1980;Almería;Embarque;Incluido tránsito;0;3.957.135;118.822;0;118.822;0;50.403;0;4.126.360;;;
1980;Almería;Transbordo;Incluido tránsito;0;0;0;0;0;0;0;0;0;;;
1980;Avilés;Desembarque;Incluido tránsito;344.451;2.789.295;167.491;0;167.491;11.045;0;0;3.312.282;;;
1980;Avilés;Embarque;Incluido tránsito;10.983;496.737;1.251.712;0;1.251.712;0;70.752;0;1.830.184;;;
1980;Avilés;Transbordo;Incluido tránsito;0;0;0;0;0;0;0;0;0;;;
1980;Bahía de Algeciras;Desembarque;Incluido tránsito;9.136.758;119.537;370.306;1.019.372;1.389.678;27.476;0;238.100;10.911.549;;;
1980;Bahía de Algeciras;Embarque;Incluido tránsito;9.567.481;7.685;464.120;1.125.946;1.590.066;0;454.607;408.412;12.028.251;;;
1980;Bahía de Algeciras;Transbordo;Incluido tránsito;0;1.590;0;0;0;0;0;0;1.590;;;
1980;Bahía de Cádiz;Desembarque;Incluido tránsito;35.873;131.956;176.235;109.611;285.846;26.018;0;0;479.693;;;
1980;Bahía de Cádiz;Embarque;Incluido tránsito;64.972;67.866;193.317;263.725;457.042;0;206.750;0;796.630;;;
1980;Bahía de Cádiz;Transbordo;Incluido tránsito;0;8.459;0;0;0;0;0;0;8.459;;;
1980;Baleares;Desembarque;Incluido tránsito;844.102;199.741;638.913;433.565;1.072.478;1.988;0;0;2.118.309;;;
1980;Baleares;Embarque;Incluido tránsito;2.249;2.216;276.161;267.424;543.585;0;427.117;0;975.167;;;
1980;Baleares;Transbordo;Incluido tránsito;0;0;0;0;0;0;0;0;0;;;
1980;Barcelona;Desembarque;Incluido tránsito;5.762.776;2.784.699;965.145;503.907;1.469.052;19.998;0;0;10.036.525;;;
1980;Barcelona;Embarque;Incluido tránsito;371.990;3.133.325;2.128.633;713.941;2.842.574;0;454.493;0;6.802.382;;;
1980;Barcelona;Transbordo;Incluido tránsito;0;0;0;0;0;0;0;0;0;;;
1980;Bilbao;Desembarque;Incluido tránsito;8.159.573;4.144.460;1.224.732;374.882;1.599.614;871;0;800.810;14.705.328;;;
1980;Bilbao;Embarque;Incluido tránsito;4.040.169;939.685;1.429.869;574.510;2.004.379;0;666.873;953.141;8.604.247;;;
1980;Bilbao;Transbordo;Incluido tránsito;924.449;0;0;0;0;0;0;0;924.449;;;
1980;C.A.G.P.;Desembarque;Incluido tránsito;2.655.577;2.932.906;1.600.312;536.996;2.137.308;377.267;0;208.694;8.311.752;;;
1980;C.A.G.P.;Embarque;Incluido tránsito;9.513;5.652.974;2.010.834;218.711;2.229.545;0;535.946;34.079;8.462.057;;;
1980;C.A.G.P.;Transbordo;Incluido tránsito;0;0;0;0;0;0;0;0;0;;;
1980;Cartagena;Desembarque;Incluido tránsito;7.231.547;1.083.563;76.981;12.850;89.831;1.094;0;0;8.406.035;;;
1980;Cartagena;Embarque;Incluido tránsito;4.441.340;298.408;230.489;85.676;316.165;0;281.502;23.767;5.361.182;;;
1980;Cartagena;Transbordo;Incluido tránsito;0;0;0;0;0;0;0;0;0;;;
1980;Castellón;Desembarque;Incluido tránsito;3.470.898;172.986;40.976;23.765;64.741;7.617;0;0;3.716.242;;;
1980;Castellón;Embarque;Incluido tránsito;1.108.162;28.882;498.467;99.335;597.802;0;57.781;0;1.792.627;;;
1980;Castellón;Transbordo;Incluido tránsito;0;0;0;0;0;0;0;0;0;;;
1980;Ceuta;Desembarque;Incluido tránsito;1.239.964;39.012;325.071;1.541;326.612;1.578;0;0;1.607.166;;;
1980;Ceuta;Embarque;Incluido tránsito;18.148;0;209.034;875;209.909;0;668.820;0;896.877;;;
1980;Ceuta;Transbordo;Incluido tránsito;0;0;0;0;0;0;0;0;0;;;
1980;Ferrol;Desembarque;Incluido tránsito;130.436;159.199;90.698;0;90.698;1.925;0;7.154;389.412;;;
1980;Ferrol;Embarque;Incluido tránsito;0;292.015;133.466;0;133.466;0;49.523;0;475.004;;;
1980;Ferrol;Transbordo;Incluido tránsito;0;0;0;0;0;0;0;0;0;;;
1980;Gijón;Desembarque;Incluido tránsito;1.888.298;8.551.516;100.926;3.208;104.134;2.901;0;1.740;10.548.589;;;
1980;Gijón;Embarque;Incluido tránsito;77.522;1.111.845;652.175;1.994;654.169;0;165.815;0;2.009.351;;;
1980;Gijón;Transbordo;Incluido tránsito;0;481;0;0;0;0;0;0;481;;;
1980;Huelva;Desembarque;Incluido tránsito;3.408.506;1.909.923;21.912;2.412;24.324;20.420;0;0;5.363.173;;;
1980;Huelva;Embarque;Incluido tránsito;1.836.172;2.339.737;364.347;2.045;366.392;0;152.306;0;4.694.607;;;
1980;Huelva;Transbordo;Incluido tránsito;0;0;0;0;0;0;0;0;0;;;
1980;Las Palmas;Desembarque;Incluido tránsito;1.414.856;375.771;863.177;462.971;1.326.148;35.308;0;0;3.152.083;;;
1980;Las Palmas;Embarque;Incluido tránsito;343;743;677.836;297.739;975.575;0;1.615.087;0;2.591.748;;;
1980;Las Palmas;Transbordo;Incluido tránsito;0;0;28.063;0;28.063;0;0;0;28.063;;;
1980;Marín y Ría de Pontevedra;Desembarque;Incluido tránsito;1.650;188.365;26.687;0;26.687;7.514;0;19.012;243.228;;;
1980;Marín y Ría de Pontevedra;Embarque;Incluido tránsito;0;8.668;184.060;0;184.060;0;73.015;0;265.743;;;
1980;Marín y Ría de Pontevedra;Transbordo;Incluido tránsito;0;0;0;0;0;0;0;0;0;;;
1980;Melilla;Desembarque;Incluido tránsito;40.516;22.532;141.165;1.899;143.064;3.970;0;0;210.082;;;
1980;Melilla;Embarque;Incluido tránsito;0;52.799;64.418;444;64.862;0;30.923;0;148.584;;;
1980;Melilla;Transbordo;Incluido tránsito;0;0;0;0;0;0;0;0;0;;;
1980;Málaga;Desembarque;Incluido tránsito;6.587.349;424.538;110.549;0;110.549;13.758;0;0;7.136.194;;;
1980;Málaga;Embarque;Incluido tránsito;1.626;288.349;606.592;0;606.592;0;137.972;0;1.034.539;;;
1980;Málaga;Transbordo;Incluido tránsito;0;0;0;0;0;0;0;0;0;;;
1980;Pasaia;Desembarque;Incluido tránsito;1.379.577;642.657;1.818.442;20.600;1.839.042;37.184;0;2.861;3.901.321;;;
1980;Pasaia;Embarque;Incluido tránsito;13.443;373.034;667.293;30.236;697.529;0;180.934;66.987;1.331.927;;;
1980;Pasaia;Transbordo;Incluido tránsito;0;0;0;0;0;0;0;0;0;;;
1980;Puerto de Santa María;Desembarque;Incluido tránsito;13.357;1.120;883;22.364;23.247;10.921;0;0;48.645;;;
1980;Puerto de Santa María;Embarque;Incluido tránsito;46.323;203.708;145.393;79.112;224.505;0;90.505;0;565.041;;;
1980;Puerto de Santa María;Transbordo;Incluido tránsito;0;0;0;0;0;0;0;0;0;;;
1980;San Esteban de Pravia;Desembarque;Incluido tránsito;0;0;22.221;0;22.221;36;0;0;22.257;;;
1980;San Esteban de Pravia;Embarque;Incluido tránsito;0;0;0;0;0;0;3.664;0;3.664;;;
1980;San Esteban de Pravia;Transbordo;Incluido tránsito;0;0;0;0;0;0;0;0;0;;;
1980;Santa Cruz de Tenerife;Desembarque;Incluido tránsito;6.164.554;531.266;588.058;426.729;1.014.787;43.093;0;0;7.753.700;;;
1980;Santa Cruz de Tenerife;Embarque;Incluido tránsito;4.425.115;3.997;377.373;375.476;752.849;0;1.566.724;0;6.748.685;;;
1980;Santa Cruz de Tenerife;Transbordo;Incluido tránsito;0;0;10.909;0;10.909;0;0;0;10.909;;;
1980;Santander;Desembarque;Incluido tránsito;1.588.083;1.466.411;378.298;6.227;384.525;9.033;0;0;3.448.052;;;
1980;Santander;Embarque;Incluido tránsito;42.754;448.313;366.944;3.169;370.113;0;100.468;0;961.648;;;
1980;Santander;Transbordo;Incluido tránsito;0;0;286;0;286;0;0;0;286;;;
1980;Sevilla;Desembarque;Incluido tránsito;1.004.502;858.130;378.290;68.098;446.388;4.430;0;19.488;2.332.938;;;
1980;Sevilla;Embarque;Incluido tránsito;29.075;556.174;305.131;129.518;434.649;0;57.127;0;1.077.025;;;
1980;Sevilla;Transbordo;Incluido tránsito;0;0;0;0;0;0;0;0;0;;;
1980;Tarragona;Desembarque;Incluido tránsito;10.003.418;4.018.922;206.168;20.088;226.256;11.136;0;11.659;14.271.391;;;
1980;Tarragona;Embarque;Incluido tránsito;4.073.053;503.907;609.364;23.519;632.883;0;339.237;11.659;5.560.739;;;
1980;Tarragona;Transbordo;Incluido tránsito;0;0;0;0;0;0;0;0;0;;;
1980;Valencia;Desembarque;Incluido tránsito;1.870.328;1.463.245;916.931;332.230;1.249.161;3.590;0;0;4.586.324;;;
1980;Valencia;Embarque;Incluido tránsito;203.518;1.449.803;959.912;624.929;1.584.841;0;179.538;0;3.417.700;;;
1980;Valencia;Transbordo;Incluido tránsito;0;0;0;0;0;0;0;0;0;;;
1980;Vigo;Desembarque;Incluido tránsito;764.196;417.840;193.143;87.057;280.200;75.489;0;57.726;1.595.451;;;
1980;Vigo;Embarque;Incluido tránsito;0;460;253.768;123.564;377.332;0;358.273;84.407;820.472;;;
1980;Vigo;Transbordo;Incluido tránsito;24.893;0;739;0;739;0;0;0;25.632;;;
1980;Vilagarcía;Desembarque;Incluido tránsito;38.055;156.921;17.621;0;17.621;2.930;0;727.428;942.955;;;
1980;Vilagarcía;Embarque;Incluido tránsito;4.388;137.970;148.579;0;148.579;0;11.625;0;302.562;;;
1980;Vilagarcía;Transbordo;Incluido tránsito;0;0;0;0;0;0;0;0;0;;;
1981;A Coruña;Desembarque;Incluido tránsito;4.114.394;1.223.911;179.486;481;179.967;89.546;0;0;5.607.818;;;
1981;A Coruña;Embarque;Incluido tránsito;2.402.024;21.030;243.497;208;243.705;0;376.676;0;3.043.435;;;
1981;A Coruña;Transbordo;Incluido tránsito;0;0;0;0;0;0;0;0;0;;;
1981;Alicante;Desembarque;Incluido tránsito;797.018;272.853;216.338;89.245;305.583;10.930;0;0;1.386.384;;;
1981;Alicante;Embarque;Incluido tránsito;37.212;29.507;948.501;228.836;1.177.337;0;45.047;0;1.289.103;;;
1981;Alicante;Transbordo;Incluido tránsito;0;0;0;0;0;0;0;0;0;;;
1981;Almería;Desembarque;Incluido tránsito;359.612;42.388;28.796;0;28.796;11.554;0;0;442.350;;;
1981;Almería;Embarque;Incluido tránsito;0;3.976.057;87.057;0;87.057;0;57.707;0;4.120.821;;;
1981;Almería;Transbordo;Incluido tránsito;0;0;0;0;0;0;0;0;0;;;
1981;Avilés;Desembarque;Incluido tránsito;309.159;2.124.010;148.566;0;148.566;13.813;0;0;2.595.548;;;
1981;Avilés;Embarque;Incluido tránsito;50.610;449.873;1.558.242;0;1.558.242;0;68.015;0;2.126.740;;;
1981;Avilés;Transbordo;Incluido tránsito;0;0;0;0;0;0;0;0;0;;;
1981;Bahía de Algeciras;Desembarque;Incluido tránsito;7.971.260;122.227;418.846;1.125.133;1.543.979;27.349;0;181.507;9.846.322;;;
1981;Bahía de Algeciras;Embarque;Incluido tránsito;8.015.630;8.455;531.326;1.287.925;1.819.251;0;410.808;350.012;10.604.156;;;
1981;Bahía de Algeciras;Transbordo;Incluido tránsito;0;3.900;1.319;0;1.319;0;0;0;5.219;;;
1981;Bahía de Cádiz;Desembarque;Incluido tránsito;34.108;224.745;192.512;94.890;287.402;29.920;0;0;576.175;;;
1981;Bahía de Cádiz;Embarque;Incluido tránsito;51.109;78.749;223.751;259.288;483.039;0;263.359;0;876.256;;;
1981;Bahía de Cádiz;Transbordo;Incluido tránsito;0;23.423;0;0;0;0;0;0;23.423;;;
1981;Baleares;Desembarque;Incluido tránsito;849.527;178.020;577.828;481.676;1.059.504;2.104;0;0;2.089.155;;;
1981;Baleares;Embarque;Incluido tránsito;494;14.888;206.973;306.086;513.059;0;387.626;0;916.067;;;
1981;Baleares;Transbordo;Incluido tránsito;0;0;0;0;0;0;0;0;0;;;
1981;Barcelona;Desembarque;Incluido tránsito;5.746.123;3.307.769;843.947;544.229;1.388.176;14.668;0;0;10.456.736;;;
1981;Barcelona;Embarque;Incluido tránsito;227.205;3.989.597;2.165.962;905.676;3.071.638;0;400.045;0;7.688.485;;;
1981;Barcelona;Transbordo;Incluido tránsito;0;0;0;0;0;0;0;0;0;;;
1981;Bilbao;Desembarque;Incluido tránsito;7.437.954;4.255.520;1.200.595;370.156;1.570.751;561;0;980.327;14.245.113;;;
1981;Bilbao;Embarque;Incluido tránsito;2.652.407;1.145.039;1.726.394;692.650;2.419.044;0;593.091;1.069.989;7.879.570;;;
1981;Bilbao;Transbordo;Incluido tránsito;491.922;10.537;421;0;421;0;0;0;502.880;;;
1981;C.A.G.P.;Desembarque;Incluido tránsito;1.215.310;3.140.295;1.231.182;594.160;1.825.342;374.981;0;203.944;6.759.872;;;
1981;C.A.G.P.;Embarque;Incluido tránsito;15.295;5.301.705;2.056.753;130.204;2.186.957;0;470.822;32.999;8.007.778;;;
1981;C.A.G.P.;Transbordo;Incluido tránsito;0;0;0;0;0;0;0;0;0;;;
1981;Cartagena;Desembarque;Incluido tránsito;7.054.413;1.088.634;54.851;17.475;72.326;1.477;0;0;8.216.850;;;
1981;Cartagena;Embarque;Incluido tránsito;4.013.737;377.777;216.483;123.101;339.584;0;213.956;121.683;5.066.737;;;
1981;Cartagena;Transbordo;Incluido tránsito;0;0;0;0;0;0;0;0;0;;;
1981;Castellón;Desembarque;Incluido tránsito;3.712.403;175.978;11.896;7.045;18.941;8.553;0;0;3.915.875;;;
1981;Castellón;Embarque;Incluido tránsito;1.520.151;8.138;568.520;63.695;632.215;0;62.910;0;2.223.414;;;
1981;Castellón;Transbordo;Incluido tránsito;0;0;0;0;0;0;0;0;0;;;
1981;Ceuta;Desembarque;Incluido tránsito;2.838.676;26.152;279.053;775;279.828;1.266;0;0;3.145.922;;;
1981;Ceuta;Embarque;Incluido tránsito;9.158;615;186.054;741;186.795;0;610.498;0;807.066;;;
1981;Ceuta;Transbordo;Incluido tránsito;0;0;48;0;48;0;0;0;48;;;
1981;Ferrol;Desembarque;Incluido tránsito;105.530;123.836;143.134;0;143.134;1.618;0;7.605;381.723;;;
1981;Ferrol;Embarque;Incluido tránsito;0;203.269;177.929;0;177.929;0;76.387;0;457.585;;;
1981;Ferrol;Transbordo;Incluido tránsito;0;0;0;0;0;0;0;0;0;;;
1981;Gijón;Desembarque;Incluido tránsito;1.505.451;8.783.672;96.712;1.232;97.944;3.221;0;6.460;10.396.748;;;
1981;Gijón;Embarque;Incluido tránsito;41.566;1.312.729;632.913;2.101;635.014;0;118.602;150;2.108.061;;;
1981;Gijón;Transbordo;Incluido tránsito;8.789;1.882;0;0;0;0;0;0;10.671;;;
1981;Huelva;Desembarque;Incluido tránsito;4.049.584;2.002.435;23.642;87;23.729;18.324;0;0;6.094.072;;;
1981;Huelva;Embarque;Incluido tránsito;1.925.737;2.345.128;453.227;0;453.227;0;102.510;0;4.826.602;;;
1981;Huelva;Transbordo;Incluido tránsito;0;0;0;0;0;0;0;0;0;;;
1981;Las Palmas;Desembarque;Incluido tránsito;1.726.674;324.332;771.833;461.855;1.233.688;33.093;0;0;3.317.787;;;
1981;Las Palmas;Embarque;Incluido tránsito;222;216;811.764;239.605;1.051.369;0;2.017.817;0;3.069.624;;;
1981;Las Palmas;Transbordo;Incluido tránsito;0;0;14.406;0;14.406;0;0;0;14.406;;;
1981;Marín y Ría de Pontevedra;Desembarque;Incluido tránsito;3.366;152.546;11.175;0;11.175;7.451;0;14.980;189.518;;;
1981;Marín y Ría de Pontevedra;Embarque;Incluido tránsito;0;10.880;194.380;0;194.380;0;69.275;0;274.535;;;
1981;Marín y Ría de Pontevedra;Transbordo;Incluido tránsito;0;0;0;0;0;0;0;0;0;;;
1981;Melilla;Desembarque;Incluido tránsito;29.557;14.112;157.879;6.299;164.178;5.007;0;0;212.854;;;
1981;Melilla;Embarque;Incluido tránsito;0;17.143;68.121;1.411;69.532;0;37.780;0;124.455;;;
1981;Melilla;Transbordo;Incluido tránsito;0;0;0;0;0;0;0;0;0;;;
1981;Málaga;Desembarque;Incluido tránsito;6.086.449;312.394;101.033;4.028;105.061;14.036;0;0;6.517.940;;;
1981;Málaga;Embarque;Incluido tránsito;9.740;367.809;711.944;5.183;717.127;0;124.572;0;1.219.248;;;
1981;Málaga;Transbordo;Incluido tránsito;0;0;0;0;0;0;0;0;0;;;
1981;Pasaia;Desembarque;Incluido tránsito;1.308.077;594.577;1.576.934;9.798;1.586.732;22.293;0;0;3.511.679;;;
1981;Pasaia;Embarque;Incluido tránsito;13.985;592.807;759.316;20.213;779.529;0;133.441;91.184;1.610.946;;;
1981;Pasaia;Transbordo;Incluido tránsito;0;0;0;0;0;0;0;0;0;;;
1981;Puerto de Santa María;Desembarque;Incluido tránsito;6.725;5.675;133;16.814;16.947;10.770;0;0;40.117;;;
1981;Puerto de Santa María;Embarque;Incluido tránsito;73.111;238.458;175.181;75.539;250.720;0;98.017;0;660.306;;;
1981;Puerto de Santa María;Transbordo;Incluido tránsito;0;0;0;0;0;0;0;0;0;;;
1981;San Esteban de Pravia;Desembarque;Incluido tránsito;0;0;31.270;0;31.270;31;0;0;31.301;;;
1981;San Esteban de Pravia;Embarque;Incluido tránsito;0;0;0;0;0;0;4.019;0;4.019;;;
1981;San Esteban de Pravia;Transbordo;Incluido tránsito;0;0;0;0;0;0;0;0;0;;;
1981;Santa Cruz de Tenerife;Desembarque;Incluido tránsito;6.648.532;571.636;535.713;383.559;919.272;26.023;0;0;8.165.463;;;
1981;Santa Cruz de Tenerife;Embarque;Incluido tránsito;4.224.138;3.830;483.877;243.654;727.531;0;1.249.535;0;6.205.034;;;
1981;Santa Cruz de Tenerife;Transbordo;Incluido tránsito;0;0;3.067;0;3.067;0;0;0;3.067;;;
1981;Santander;Desembarque;Incluido tránsito;1.121.209;1.482.414;224.337;4.006;228.343;7.759;0;0;2.839.725;;;
1981;Santander;Embarque;Incluido tránsito;42.554;620.588;510.539;4.002;514.541;0;108.658;0;1.286.341;;;
1981;Santander;Transbordo;Incluido tránsito;0;0;3.883;0;3.883;0;0;0;3.883;;;
1981;Sevilla;Desembarque;Incluido tránsito;826.597;832.221;525.485;23.083;548.568;4.133;0;19.488;2.231.007;;;
1981;Sevilla;Embarque;Incluido tránsito;45.711;668.233;340.527;133.834;474.361;0;35.708;0;1.224.013;;;
1981;Sevilla;Transbordo;Incluido tránsito;0;0;0;0;0;0;0;0;0;;;
1981;Tarragona;Desembarque;Incluido tránsito;8.973.170;5.198.000;112.070;21.024;133.094;9.992;0;4.220;14.318.476;;;
1981;Tarragona;Embarque;Incluido tránsito;4.251.417;969.817;522.258;61.273;583.531;0;202.008;4.237;6.011.010;;;
1981;Tarragona;Transbordo;Incluido tránsito;0;0;0;0;0;0;0;0;0;;;
1981;Valencia;Desembarque;Incluido tránsito;1.593.269;1.784.459;730.190;408.250;1.138.440;2.452;0;0;4.518.620;;;
1981;Valencia;Embarque;Incluido tránsito;83.408;1.469.301;1.206.935;973.750;2.180.685;0;190.311;0;3.923.705;;;
1981;Valencia;Transbordo;Incluido tránsito;0;0;0;0;0;0;0;0;0;;;
1981;Vigo;Desembarque;Incluido tránsito;705.895;427.930;138.925;97.580;236.505;76.568;0;49.405;1.496.303;;;
1981;Vigo;Embarque;Incluido tránsito;500;0;221.363;131.095;352.458;0;320.034;90.771;763.763;;;
1981;Vigo;Transbordo;Incluido tránsito;12.067;0;0;0;0;0;0;0;12.067;;;
1981;Vilagarcía;Desembarque;Incluido tránsito;38.401;160.733;15.397;0;15.397;2.491;0;644.631;861.653;;;
1981;Vilagarcía;Embarque;Incluido tránsito;4.757;132.134;133.500;0;133.500;0;11.071;0;281.462;;;
1981;Vilagarcía;Transbordo;Incluido tránsito;0;0;0;0;0;0;0;0;0;;;
1982;A Coruña;Desembarque;Incluido tránsito;3.353.513;1.346.175;109.335;336;109.671;85.884;0;0;4.895.243;;;
1982;A Coruña;Embarque;Incluido tránsito;1.851.407;63.493;183.644;451;184.095;0;393.749;0;2.492.744;;;
1982;A Coruña;Transbordo;Incluido tránsito;0;0;0;0;0;0;0;0;0;;;
1982;Alicante;Desembarque;Incluido tránsito;837.435;292.958;221.175;93.480;314.655;10.618;0;0;1.455.666;;;
1982;Alicante;Embarque;Incluido tránsito;3.894;837.454;168.469;240.952;409.421;0;50.755;0;1.301.524;;;
1982;Alicante;Transbordo;Incluido tránsito;0;0;0;0;0;0;0;0;0;;;
1982;Almería;Desembarque;Incluido tránsito;292.472;186.975;39.037;0;39.037;15.977;0;0;534.461;;;
1982;Almería;Embarque;Incluido tránsito;0;3.828.772;189.819;0;189.819;0;54.952;0;4.073.543;;;
1982;Almería;Transbordo;Incluido tránsito;0;0;0;0;0;0;0;0;0;;;
1982;Avilés;Desembarque;Incluido tránsito;322.120;2.136.328;82.631;0;82.631;13.635;0;0;2.554.714;;;
1982;Avilés;Embarque;Incluido tránsito;52.959;564.763;1.221.121;0;1.221.121;0;68.031;0;1.906.874;;;
1982;Avilés;Transbordo;Incluido tránsito;0;0;0;0;0;0;0;0;0;;;
1982;Bahía de Algeciras;Desembarque;Incluido tránsito;7.453.922;135.633;511.920;1.156.939;1.668.859;34.623;0;158.908;9.451.945;;;
1982;Bahía de Algeciras;Embarque;Incluido tránsito;6.986.557;6.876;749.642;1.326.154;2.075.796;0;379.280;317.871;9.766.380;;;
1982;Bahía de Algeciras;Transbordo;Incluido tránsito;0;1.200;15.535;0;15.535;0;0;0;16.735;;;
1982;Bahía de Cádiz;Desembarque;Incluido tránsito;562.045;334.257;203.003;148.605;351.608;27.946;0;0;1.275.856;;;
1982;Bahía de Cádiz;Embarque;Incluido tránsito;47.660;17.166;171.020;314.108;485.128;0;282.878;0;832.832;;;
1982;Bahía de Cádiz;Transbordo;Incluido tránsito;0;0;0;0;0;0;0;0;0;;;
1982;Baleares;Desembarque;Incluido tránsito;759.304;204.633;676.252;522.471;1.198.723;2.010;0;0;2.164.670;;;
1982;Baleares;Embarque;Incluido tránsito;0;6.905;174.096;332.010;506.106;0;451.824;0;964.835;;;
1982;Baleares;Transbordo;Incluido tránsito;0;0;0;0;0;0;0;0;0;;;
1982;Barcelona;Desembarque;Incluido tránsito;5.209.808;4.113.432;888.494;584.827;1.473.321;12.404;0;0;10.808.965;;;
1982;Barcelona;Embarque;Incluido tránsito;290.996;3.641.393;2.251.919;1.049.730;3.301.649;0;367.731;0;7.601.769;;;
1982;Barcelona;Transbordo;Incluido tránsito;0;0;0;0;0;0;0;0;0;;;
1982;Bilbao;Desembarque;Incluido tránsito;8.058.199;4.571.066;1.316.078;449.867;1.765.945;241;0;980.340;15.375.791;;;
1982;Bilbao;Embarque;Incluido tránsito;3.446.766;1.179.126;1.590.084;733.088;2.323.172;0;613.055;1.065.194;8.627.313;;;
1982;Bilbao;Transbordo;Incluido tránsito;0;0;0;0;0;0;0;0;0;;;
1982;C.A.G.P.;Desembarque;Incluido tránsito;1.203.411;3.038.640;1.490.859;517.099;2.007.958;336.842;0;198.239;6.785.090;;;
1982;C.A.G.P.;Embarque;Incluido tránsito;23.622;4.904.261;2.051.085;113.167;2.164.252;0;466.701;25.287;7.584.123;;;
1982;C.A.G.P.;Transbordo;Incluido tránsito;0;0;0;0;0;0;0;0;0;;;
1982;Cartagena;Desembarque;Incluido tránsito;7.404.732;1.434.693;55.178;17.589;72.767;1.825;0;0;8.914.017;;;
1982;Cartagena;Embarque;Incluido tránsito;5.001.899;482.575;147.474;110.310;257.784;0;136.782;15.726;5.894.766;;;
1982;Cartagena;Transbordo;Incluido tránsito;0;0;0;0;0;0;0;0;0;;;
1982;Castellón;Desembarque;Incluido tránsito;3.568.586;173.405;55.633;12.691;68.324;12.235;0;0;3.822.550;;;
1982;Castellón;Embarque;Incluido tránsito;1.801.345;6.704;864.627;86.363;950.990;0;54.449;0;2.813.488;;;
1982;Castellón;Transbordo;Incluido tránsito;0;0;0;0;0;0;0;0;0;;;
1982;Ceuta;Desembarque;Incluido tránsito;2.561.059;22.349;297.086;784;297.870;1.573;0;0;2.882.851;;;
1982;Ceuta;Embarque;Incluido tránsito;57.865;512;188.808;54;188.862;0;923.074;0;1.170.313;;;
1982;Ceuta;Transbordo;Incluido tránsito;0;0;0;0;0;0;0;0;0;;;
1982;Ferrol;Desembarque;Incluido tránsito;81.404;138.507;35.090;0;35.090;1.891;0;5.772;262.664;;;
1982;Ferrol;Embarque;Incluido tránsito;0;342.295;168.843;0;168.843;0;48.492;0;559.630;;;
1982;Ferrol;Transbordo;Incluido tránsito;0;5.247;0;0;0;0;0;0;5.247;;;
1982;Gijón;Desembarque;Incluido tránsito;1.325.451;8.524.365;78.995;588;79.583;3.451;0;675;9.933.525;;;
1982;Gijón;Embarque;Incluido tránsito;35.092;952.416;581.336;6.757;588.093;0;105.261;0;1.680.862;;;
1982;Gijón;Transbordo;Incluido tránsito;0;0;0;0;0;0;0;0;0;;;
1982;Huelva;Desembarque;Incluido tránsito;3.152.507;1.947.449;24.414;3.001;27.415;14.908;0;1.238;5.143.517;;;
1982;Huelva;Embarque;Incluido tránsito;1.935.587;1.802.443;447.536;0;447.536;0;110.028;0;4.295.594;;;
1982;Huelva;Transbordo;Incluido tránsito;0;0;0;0;0;0;0;0;0;;;
1982;Las Palmas;Desembarque;Incluido tránsito;1.617.942;356.119;605.108;619.938;1.225.046;41.792;0;0;3.240.899;;;
1982;Las Palmas;Embarque;Incluido tránsito;0;9.174;703.289;298.977;1.002.266;0;1.803.270;0;2.814.710;;;
1982;Las Palmas;Transbordo;Incluido tránsito;36.037;0;6.297;0;6.297;0;0;0;42.334;;;
1982;Marín y Ría de Pontevedra;Desembarque;Incluido tránsito;0;295.314;5.509;0;5.509;6.131;0;16.458;323.412;;;
1982;Marín y Ría de Pontevedra;Embarque;Incluido tránsito;0;18.166;144.986;0;144.986;0;63.969;0;227.121;;;
1982;Marín y Ría de Pontevedra;Transbordo;Incluido tránsito;0;0;0;0;0;0;0;0;0;;;
1982;Melilla;Desembarque;Incluido tránsito;38.750;8.510;169.241;9.011;178.252;4.291;0;0;229.803;;;
1982;Melilla;Embarque;Incluido tránsito;0;18.125;74.497;1.606;76.103;0;47.287;0;141.515;;;
1982;Melilla;Transbordo;Incluido tránsito;0;0;0;0;0;0;0;0;0;;;
1982;Málaga;Desembarque;Incluido tránsito;5.389.633;512.371;110.407;2.546;112.953;12.451;0;0;6.027.408;;;
1982;Málaga;Embarque;Incluido tránsito;6.758;176.091;538.371;2.754;541.125;0;118.480;0;842.454;;;
1982;Málaga;Transbordo;Incluido tránsito;0;0;0;0;0;0;0;0;0;;;
1982;Pasaia;Desembarque;Incluido tránsito;1.164.604;639.539;1.936.408;12.497;1.948.905;22.551;0;0;3.775.599;;;
1982;Pasaia;Embarque;Incluido tránsito;13.311;611.964;846.388;14.454;860.842;0;132.539;54.852;1.673.508;;;
1982;Pasaia;Transbordo;Incluido tránsito;0;0;0;0;0;0;0;0;0;;;
1982;Puerto de Santa María;Desembarque;Incluido tránsito;5.010;4.938;1.735;17.776;19.511;10.054;0;0;39.513;;;
1982;Puerto de Santa María;Embarque;Incluido tránsito;37.904;244.550;220.942;66.148;287.090;0;94.602;0;664.146;;;
1982;Puerto de Santa María;Transbordo;Incluido tránsito;0;0;0;0;0;0;0;0;0;;;
1982;Santa Cruz de Tenerife;Desembarque;Incluido tránsito;5.900.441;574.275;495.422;410.999;906.421;24.534;0;0;7.405.671;;;
1982;Santa Cruz de Tenerife;Embarque;Incluido tránsito;3.867.785;2.911;455.077;255.494;710.571;0;1.189.152;0;5.770.419;;;
1982;Santa Cruz de Tenerife;Transbordo;Incluido tránsito;0;0;7.694;0;7.694;0;0;0;7.694;;;
1982;Santander;Desembarque;Incluido tránsito;966.548;1.654.683;215.128;4.547;219.675;6.674;0;0;2.847.580;;;
1982;Santander;Embarque;Incluido tránsito;54.804;282.780;324.766;16.064;340.830;0;103.465;0;781.879;;;
1982;Santander;Transbordo;Incluido tránsito;0;0;0;0;0;0;0;0;0;;;
1982;Sevilla;Desembarque;Incluido tránsito;789.455;912.186;523.537;35.871;559.408;3.931;0;19.488;2.284.468;;;
1982;Sevilla;Embarque;Incluido tránsito;47.591;383.294;542.956;130.041;672.997;0;49.327;0;1.153.209;;;
1982;Sevilla;Transbordo;Incluido tránsito;0;0;0;0;0;0;0;0;0;;;
1982;Tarragona;Desembarque;Incluido tránsito;8.188.539;4.517.180;92.816;14.988;107.804;9.927;0;11.961;12.835.411;;;
1982;Tarragona;Embarque;Incluido tránsito;4.358.788;1.154.733;365.040;72.281;437.321;0;141.727;13.866;6.106.435;;;
1982;Tarragona;Transbordo;Incluido tránsito;0;0;0;0;0;0;0;0;0;;;
1982;Valencia;Desembarque;Incluido tránsito;1.509.097;2.050.271;696.538;468.519;1.165.057;2.872;0;0;4.727.297;;;
1982;Valencia;Embarque;Incluido tránsito;168.264;1.429.003;919.166;1.012.897;1.932.063;0;194.421;0;3.723.751;;;
1982;Valencia;Transbordo;Incluido tránsito;0;0;0;0;0;0;0;0;0;;;
1982;Vigo;Desembarque;Incluido tránsito;692.103;599.637;209.304;121.319;330.623;74.153;0;37.676;1.734.192;;;
1982;Vigo;Embarque;Incluido tránsito;0;84.695;210.907;131.981;342.888;0;275.808;75.889;779.280;;;
1982;Vigo;Transbordo;Incluido tránsito;8.097;0;6.321;0;6.321;0;0;0;14.418;;;
1982;Vilagarcía;Desembarque;Incluido tránsito;38.986;143.743;9.174;0;9.174;1.735;0;578.087;771.725;;;
1982;Vilagarcía;Embarque;Incluido tránsito;5.634;90.145;116.000;0;116.000;0;8.917;0;220.696;;;
1982;Vilagarcía;Transbordo;Incluido tránsito;0;0;0;0;0;0;0;0;0;;;
1983;A Coruña;Desembarque;Incluido tránsito;3.660.652;1.249.243;195.672;132;195.804;85.310;0;0;5.191.009;;;
1983;A Coruña;Embarque;Incluido tránsito;2.265.831;269.796;204.895;2;204.897;0;377.367;0;3.117.891;;;
1983;A Coruña;Transbordo;Incluido tránsito;0;0;0;0;0;0;0;0;0;;;
1983;Alicante;Desembarque;Incluido tránsito;766.748;243.087;207.938;103.880;311.818;9.887;0;0;1.331.540;;;
1983;Alicante;Embarque;Incluido tránsito;9.007;973.911;154.836;233.407;388.243;0;46.469;0;1.417.630;;;
1983;Alicante;Transbordo;Incluido tránsito;0;3.825;0;0;0;0;0;0;3.825;;;
1983;Almería;Desembarque;Incluido tránsito;244.364;194.837;38.423;0;38.423;15.043;0;0;492.667;;;
1983;Almería;Embarque;Incluido tránsito;0;4.194.500;70.127;0;70.127;0;70.945;0;4.335.572;;;
1983;Almería;Transbordo;Incluido tránsito;0;0;0;0;0;0;0;0;0;;;
1983;Avilés;Desembarque;Incluido tránsito;265.360;2.232.545;106.196;0;106.196;13.835;0;0;2.617.936;;;
1983;Avilés;Embarque;Incluido tránsito;74.414;734.323;1.367.526;0;1.367.526;0;62.909;0;2.239.172;;;
1983;Avilés;Transbordo;Incluido tránsito;0;0;0;0;0;0;0;0;0;;;
1983;Bahía de Algeciras;Desembarque;Incluido tránsito;6.819.793;206.073;470.813;1.189.851;1.660.664;22.317;0;224.458;8.933.305;;;
1983;Bahía de Algeciras;Embarque;Incluido tránsito;6.124.151;6.856;689.741;1.362.188;2.051.929;0;375.641;420.165;8.978.742;;;
1983;Bahía de Algeciras;Transbordo;Incluido tránsito;0;5.200;0;0;0;0;0;0;5.200;;;
1983;Bahía de Cádiz;Desembarque;Incluido tránsito;1.506.293;191.485;143.420;256.361;399.781;42.733;0;0;2.140.292;;;
1983;Bahía de Cádiz;Embarque;Incluido tránsito;1.073.786;273.001;334.980;544.488;879.468;0;425.564;0;2.651.819;;;
1983;Bahía de Cádiz;Transbordo;Incluido tránsito;0;21.540;0;0;0;0;0;0;21.540;;;
1983;Baleares;Desembarque;Incluido tránsito;642.912;222.663;820.923;567.611;1.388.534;2.225;0;0;2.256.334;;;
1983;Baleares;Embarque;Incluido tránsito;0;11.741;175.525;357.036;532.561;0;379.092;0;923.394;;;
1983;Baleares;Transbordo;Incluido tránsito;0;0;0;0;0;0;0;0;0;;;
1983;Barcelona;Desembarque;Incluido tránsito;5.531.095;4.233.914;850.993;666.351;1.517.344;10.634;0;0;11.292.987;;;
1983;Barcelona;Embarque;Incluido tránsito;258.801;4.328.457;2.476.669;1.151.150;3.627.819;0;418.271;0;8.633.348;;;
1983;Barcelona;Transbordo;Incluido tránsito;0;0;0;0;0;0;0;0;0;;;
1983;Bilbao;Desembarque;Incluido tránsito;8.655.671;4.793.585;801.630;406.583;1.208.213;341;0;996.707;15.654.517;;;
1983;Bilbao;Embarque;Incluido tránsito;4.608.786;1.051.832;1.580.399;839.688;2.420.087;0;711.060;1.078.193;9.869.958;;;
1983;Bilbao;Transbordo;Incluido tránsito;223.092;0;103;0;103;0;0;0;223.195;;;
1983;C.A.G.P.;Desembarque;Incluido tránsito;1.275.032;3.217.140;1.308.512;698.188;2.006.700;163.216;0;11.577;6.673.665;;;
1983;C.A.G.P.;Embarque;Incluido tránsito;29.806;5.375.851;1.564.141;126.944;1.691.085;0;205.468;1.913;7.304.123;;;
1983;C.A.G.P.;Transbordo;Incluido tránsito;0;0;0;0;0;0;0;0;0;;;
1983;Cartagena;Desembarque;Incluido tránsito;6.105.061;1.535.633;98.080;23.130;121.210;2.115;0;0;7.764.019;;;
1983;Cartagena;Embarque;Incluido tránsito;3.800.003;329.487;265.660;128.859;394.519;0;131.691;22.713;4.678.413;;;
1983;Cartagena;Transbordo;Incluido tránsito;0;0;0;0;0;0;0;0;0;;;
1983;Castellón;Desembarque;Incluido tránsito;3.774.406;175.666;80.330;18.528;98.858;10.662;0;0;4.059.592;;;
1983;Castellón;Embarque;Incluido tránsito;1.790.034;30.293;936.286;79.272;1.015.558;0;59.167;0;2.895.052;;;
1983;Castellón;Transbordo;Incluido tránsito;0;0;0;0;0;0;0;0;0;;;
1983;Ceuta;Desembarque;Incluido tránsito;3.652.370;25.475;311.430;602;312.032;1.440;0;0;3.991.317;;;
1983;Ceuta;Embarque;Incluido tránsito;19.282;506;219.161;92;219.253;0;1.150.414;0;1.389.455;;;
1983;Ceuta;Transbordo;Incluido tránsito;0;0;0;0;0;0;0;0;0;;;
1983;Ferrol;Desembarque;Incluido tránsito;45.376;356.628;39.153;0;39.153;1.196;0;4.050;446.403;;;
1983;Ferrol;Embarque;Incluido tránsito;1.443;270.606;252.029;0;252.029;0;43.763;2.297;570.138;;;
1983;Ferrol;Transbordo;Incluido tránsito;0;0;0;0;0;0;0;0;0;;;
1983;Gijón;Desembarque;Incluido tránsito;1.321.262;7.122.902;59.902;3.907;63.809;2.207;0;300;8.510.480;;;
1983;Gijón;Embarque;Incluido tránsito;40.953;1.119.843;509.066;17.632;526.698;0;102.969;146;1.790.609;;;
1983;Gijón;Transbordo;Incluido tránsito;0;0;0;0;0;0;0;0;0;;;
1983;Huelva;Desembarque;Incluido tránsito;3.153.221;2.110.666;48.941;797;49.738;12.379;0;0;5.326.004;;;
1983;Huelva;Embarque;Incluido tránsito;1.823.209;1.878.626;528.577;60;528.637;0;107.684;0;4.338.156;;;
1983;Huelva;Transbordo;Incluido tránsito;0;0;0;0;0;0;0;0;0;;;
1983;Las Palmas;Desembarque;Incluido tránsito;2.301.627;346.704;582.918;628.459;1.211.377;17.693;0;0;3.877.401;;;
1983;Las Palmas;Embarque;Incluido tránsito;9.677;44.835;611.155;344.162;955.317;0;1.675.258;0;2.685.087;;;
1983;Las Palmas;Transbordo;Incluido tránsito;0;94.151;18.214;0;18.214;0;0;0;112.365;;;
1983;Marín y Ría de Pontevedra;Desembarque;Incluido tránsito;3.185;224.148;6.611;168;6.779;4.807;0;12.160;251.079;;;
1983;Marín y Ría de Pontevedra;Embarque;Incluido tránsito;0;24.613;138.617;5.647;144.264;0;65.074;0;233.951;;;
1983;Marín y Ría de Pontevedra;Transbordo;Incluido tránsito;0;0;0;0;0;0;0;0;0;;;
1983;Melilla;Desembarque;Incluido tránsito;28.480;10.428;156.647;10.080;166.727;2.824;0;0;208.459;;;
1983;Melilla;Embarque;Incluido tránsito;3.150;22.405;70.344;2.105;72.449;0;39.576;0;137.580;;;
1983;Melilla;Transbordo;Incluido tránsito;0;0;0;0;0;0;0;0;0;;;
1983;Málaga;Desembarque;Incluido tránsito;5.825.740;253.254;142.235;7.649;149.884;18.230;0;0;6.247.108;;;
1983;Málaga;Embarque;Incluido tránsito;10.700;372.525;371.246;18.323;389.569;0;97.992;0;870.786;;;
1983;Málaga;Transbordo;Incluido tránsito;0;0;0;0;0;0;0;0;0;;;
1983;Pasaia;Desembarque;Incluido tránsito;1.092.309;619.409;1.649.979;13.014;1.662.993;21.994;0;0;3.396.705;;;
1983;Pasaia;Embarque;Incluido tránsito;22.294;349.823;1.232.793;14.453;1.247.246;0;139.429;9.760;1.768.552;;;
1983;Pasaia;Transbordo;Incluido tránsito;0;0;0;0;0;0;0;0;0;;;
1983;Santa Cruz de Tenerife;Desembarque;Incluido tránsito;6.538.485;599.450;435.493;593.938;1.029.431;7.090;0;0;8.174.456;;;
1983;Santa Cruz de Tenerife;Embarque;Incluido tránsito;4.873.466;33.410;392.543;367.215;759.758;0;1.487.657;0;7.154.291;;;
1983;Santa Cruz de Tenerife;Transbordo;Incluido tránsito;0;0;6.346;0;6.346;0;0;0;6.346;;;
1983;Santander;Desembarque;Incluido tránsito;1.006.993;1.433.291;214.411;13.152;227.563;7.262;0;0;2.675.109;;;
1983;Santander;Embarque;Incluido tránsito;57.594;309.716;501.086;22.010;523.096;0;106.956;0;997.362;;;
1983;Santander;Transbordo;Incluido tránsito;0;0;0;0;0;0;0;0;0;;;
1983;Sevilla;Desembarque;Incluido tránsito;738.408;760.363;591.566;97.274;688.840;6.344;0;19.870;2.213.825;;;
1983;Sevilla;Embarque;Incluido tránsito;0;714.260;515.079;131.920;646.999;0;40.672;0;1.401.931;;;
1983;Sevilla;Transbordo;Incluido tránsito;0;0;0;0;0;0;0;0;0;;;
1983;Tarragona;Desembarque;Incluido tránsito;12.168.639;3.949.051;88.719;24.881;113.600;10.416;0;8.772;16.250.478;;;
1983;Tarragona;Embarque;Incluido tránsito;6.416.847;1.936.429;485.056;111.232;596.288;0;144.108;8.794;9.102.466;;;
1983;Tarragona;Transbordo;Incluido tránsito;0;0;0;0;0;0;0;0;0;;;
1983;Valencia;Desembarque;Incluido tránsito;1.398.113;1.907.074;692.335;426.959;1.119.294;3.252;0;0;4.427.733;;;
1983;Valencia;Embarque;Incluido tránsito;261.404;1.562.138;900.989;1.143.950;2.044.939;0;176.008;0;4.044.489;;;
1983;Valencia;Transbordo;Incluido tránsito;0;0;0;0;0;0;0;0;0;;;
1983;Vigo;Desembarque;Incluido tránsito;697.979;513.383;180.883;139.082;319.965;73.374;0;31.552;1.636.253;;;
1983;Vigo;Embarque;Incluido tránsito;0;283;264.799;161.400;426.199;0;273.445;77.347;777.274;;;
1983;Vigo;Transbordo;Incluido tránsito;12.215;0;818;0;818;0;0;0;13.033;;;
1983;Vilagarcía;Desembarque;Incluido tránsito;33.310;140.924;6.679;0;6.679;1.180;0;495.690;677.783;;;
1983;Vilagarcía;Embarque;Incluido tránsito;1.994;48.139;132.299;0;132.299;0;10.610;0;193.042;;;
1983;Vilagarcía;Transbordo;Incluido tránsito;0;0;0;0;0;0;0;0;0;;;
1984;A Coruña;Desembarque;Incluido tránsito;3.835.551;1.023.134;207.208;52;207.260;96.410;0;0;5.162.355;;;
1984;A Coruña;Embarque;Incluido tránsito;2.397.335;292.876;257.177;801;257.978;0;363.400;0;3.311.589;;;
1984;A Coruña;Transbordo;Incluido tránsito;0;0;0;0;0;0;0;0;0;;;
1984;Alicante;Desembarque;Incluido tránsito;732.893;255.747;186.234;101.632;287.866;8.009;0;0;1.284.515;;;
1984;Alicante;Embarque;Incluido tránsito;5.461;810.399;158.415;235.593;394.008;0;34.064;0;1.243.932;;;
1984;Alicante;Transbordo;Incluido tránsito;0;10.577;0;0;0;0;0;0;10.577;;;
1984;Almería;Desembarque;Incluido tránsito;220.261;430.484;39.041;0;39.041;14.886;0;0;704.672;;;
1984;Almería;Embarque;Incluido tránsito;0;5.194.295;66.291;0;66.291;0;49.907;0;5.310.493;;;
1984;Almería;Transbordo;Incluido tránsito;0;0;0;0;0;0;0;0;0;;;
1984;Avilés;Desembarque;Incluido tránsito;199.242;2.093.991;17.728;0;17.728;13.674;0;0;2.324.635;;;
1984;Avilés;Embarque;Incluido tránsito;39.254;508.601;1.468.106;0;1.468.106;0;58.272;0;2.074.233;;;
1984;Avilés;Transbordo;Incluido tránsito;0;0;0;0;0;0;0;0;0;;;
1984;Bahía de Algeciras;Desembarque;Incluido tránsito;7.535.252;273.516;695.263;1.436.802;2.132.065;19.396;0;688.805;10.649.034;;;
1984;Bahía de Algeciras;Embarque;Incluido tránsito;5.944.666;9.995;880.430;1.603.767;2.484.197;0;495.935;27.220;8.962.013;;;
1984;Bahía de Algeciras;Transbordo;Incluido tránsito;0;5.625;0;0;0;0;0;0;5.625;;;
1984;Bahía de Cádiz;Desembarque;Incluido tránsito;1.557.528;330.387;90.162;294.785;384.947;36.822;0;0;2.309.684;;;
1984;Bahía de Cádiz;Embarque;Incluido tránsito;54.669;447.220;286.714;545.619;832.333;0;395.538;0;1.729.760;;;
1984;Bahía de Cádiz;Transbordo;Incluido tránsito;0;5.055;0;0;0;0;0;0;5.055;;;
1984;Baleares;Desembarque;Incluido tránsito;675.837;230.827;668.317;711.647;1.379.964;2.136;0;0;2.288.764;;;
1984;Baleares;Embarque;Incluido tránsito;0;8.962;135.611;447.223;582.834;0;354.772;0;946.568;;;
1984;Baleares;Transbordo;Incluido tránsito;0;0;0;0;0;0;0;0;0;;;
1984;Barcelona;Desembarque;Incluido tránsito;5.064.983;3.516.869;678.625;954.110;1.632.735;7.635;0;0;10.222.222;;;
1984;Barcelona;Embarque;Incluido tránsito;345.780;3.702.045;2.241.648;1.650.030;3.891.678;0;456.090;0;8.395.593;;;
1984;Barcelona;Transbordo;Incluido tránsito;0;0;0;0;0;0;0;0;0;;;
1984;Bilbao;Desembarque;Incluido tránsito;8.867.961;4.225.956;1.021.630;488.379;1.510.009;218;0;839.685;15.443.829;;;
1984;Bilbao;Embarque;Incluido tránsito;4.731.429;1.094.513;2.144.306;1.059.210;3.203.516;0;689.459;902.671;10.621.588;;;
1984;Bilbao;Transbordo;Incluido tránsito;0;0;0;0;0;0;0;0;0;;;
1984;C.A.G.P.;Desembarque;Incluido tránsito;1.313.723;2.577.063;1.343.834;614.516;1.958.350;131.560;0;12.898;5.993.594;;;
1984;C.A.G.P.;Embarque;Incluido tránsito;4.725;3.068.423;1.440.300;135.962;1.576.262;0;119.962;2.892;4.772.264;;;
1984;C.A.G.P.;Transbordo;Incluido tránsito;0;0;0;0;0;0;0;0;0;;;
1984;Cartagena;Desembarque;Incluido tránsito;5.065.544;1.061.897;149.887;36.227;186.114;1.253;0;0;6.314.808;;;
1984;Cartagena;Embarque;Incluido tránsito;3.281.676;346.201;271.861;205.740;477.601;0;133.745;10.594;4.249.817;;;
1984;Cartagena;Transbordo;Incluido tránsito;0;0;0;0;0;0;0;0;0;;;
1984;Castellón;Desembarque;Incluido tránsito;3.681.234;185.228;74.783;9.334;84.117;10.252;0;0;3.960.831;;;
1984;Castellón;Embarque;Incluido tránsito;2.358.491;31.801;693.837;65.555;759.392;0;78.676;0;3.228.360;;;
1984;Castellón;Transbordo;Incluido tránsito;0;0;0;0;0;0;0;0;0;;;
1984;Ceuta;Desembarque;Incluido tránsito;1.664.888;20.170;302.024;5.096;307.120;1.383;0;0;1.993.561;;;
1984;Ceuta;Embarque;Incluido tránsito;0;611;208.542;169;208.711;0;1.281.602;0;1.490.924;;;
1984;Ceuta;Transbordo;Incluido tránsito;0;0;0;0;0;0;0;0;0;;;
1984;Ferrol;Desembarque;Incluido tránsito;32.440;653.379;10.349;80;10.429;1.201;0;361;697.810;;;
1984;Ferrol;Embarque;Incluido tránsito;0;297.097;223.220;0;223.220;0;50.273;0;570.590;;;
1984;Ferrol;Transbordo;Incluido tránsito;0;0;0;0;0;0;0;0;0;;;
1984;Gijón;Desembarque;Incluido tránsito;1.207.555;8.076.396;64.189;2.648;66.837;3.275;0;1.439;9.355.502;;;
1984;Gijón;Embarque;Incluido tránsito;38.033;1.065.152;441.125;14.085;455.210;0;100.232;1.439;1.660.066;;;
1984;Gijón;Transbordo;Incluido tránsito;0;0;0;0;0;0;0;0;0;;;
1984;Huelva;Desembarque;Incluido tránsito;2.934.601;2.327.951;65.517;422;65.939;10.996;0;95;5.339.582;;;
1984;Huelva;Embarque;Incluido tránsito;1.881.870;1.873.536;398.957;26;398.983;0;86.615;0;4.241.004;;;
1984;Huelva;Transbordo;Incluido tránsito;0;0;0;0;0;0;0;0;0;;;
1984;Las Palmas;Desembarque;Incluido tránsito;2.334.592;399.300;557.452;692.513;1.249.965;17.782;0;0;4.001.639;;;
1984;Las Palmas;Embarque;Incluido tránsito;9.425;61.028;675.708;342.447;1.018.155;0;1.924.859;0;3.013.467;;;
1984;Las Palmas;Transbordo;Incluido tránsito;0;0;14.588;0;14.588;0;0;0;14.588;;;
1984;Marín y Ría de Pontevedra;Desembarque;Incluido tránsito;17.694;158.602;2.339;0;2.339;4.315;0;0;182.950;;;
1984;Marín y Ría de Pontevedra;Embarque;Incluido tránsito;0;27.970;145.807;52;145.859;0;62.843;0;236.672;;;
1984;Marín y Ría de Pontevedra;Transbordo;Incluido tránsito;0;0;0;0;0;0;0;0;0;;;
1984;Melilla;Desembarque;Incluido tránsito;33.909;11.687;165.342;9.423;174.765;2.949;0;0;223.310;;;
1984;Melilla;Embarque;Incluido tránsito;0;32.533;79.638;2.300;81.938;0;39.643;0;154.114;;;
1984;Melilla;Transbordo;Incluido tránsito;0;0;0;0;0;0;0;0;0;;;
1984;Málaga;Desembarque;Incluido tránsito;5.567.440;262.802;128.968;8.149;137.117;11.544;0;0;5.978.903;;;
1984;Málaga;Embarque;Incluido tránsito;58.030;234.744;380.225;21.676;401.901;0;90.742;0;785.417;;;
1984;Málaga;Transbordo;Incluido tránsito;0;0;0;0;0;0;0;0;0;;;
1984;Pasaia;Desembarque;Incluido tránsito;936.932;465.031;1.589.925;11.455;1.601.380;7.722;0;0;3.011.065;;;
1984;Pasaia;Embarque;Incluido tránsito;13.464;232.256;1.137.353;23.839;1.161.192;0;108.321;2.159;1.517.392;;;
1984;Pasaia;Transbordo;Incluido tránsito;0;0;0;0;0;0;0;0;0;;;
1984;Santa Cruz de Tenerife;Desembarque;Incluido tránsito;5.641.958;579.453;384.161;641.912;1.026.073;7.939;0;0;7.255.423;;;
1984;Santa Cruz de Tenerife;Embarque;Incluido tránsito;4.128.159;2.543;441.745;288.988;730.733;0;1.274.766;0;6.136.201;;;
1984;Santa Cruz de Tenerife;Transbordo;Incluido tránsito;0;0;11.052;0;11.052;0;0;0;11.052;;;
1984;Santander;Desembarque;Incluido tránsito;917.465;1.287.316;215.761;6.285;222.046;7.203;0;0;2.434.030;;;
1984;Santander;Embarque;Incluido tránsito;77.325;402.319;439.656;9.506;449.162;0;108.248;0;1.037.054;;;
1984;Santander;Transbordo;Incluido tránsito;0;0;0;0;0;0;0;0;0;;;
1984;Sevilla;Desembarque;Incluido tránsito;743.442;535.230;636.210;70.168;706.378;4.851;0;19.525;2.009.426;;;
1984;Sevilla;Embarque;Incluido tránsito;2.972;482.071;623.960;185.859;809.819;0;37.266;0;1.332.128;;;
1984;Sevilla;Transbordo;Incluido tránsito;0;0;0;0;0;0;0;0;0;;;
1984;Tarragona;Desembarque;Incluido tránsito;9.869.162;3.174.937;90.298;38.440;128.738;8.970;0;0;13.181.807;;;
1984;Tarragona;Embarque;Incluido tránsito;6.172.835;1.334.119;497.938;118.850;616.788;0;162.552;0;8.286.294;;;
1984;Tarragona;Transbordo;Incluido tránsito;0;0;0;0;0;0;0;0;0;;;
1984;Valencia;Desembarque;Incluido tránsito;1.271.782;1.805.385;635.945;729.889;1.365.834;2.627;0;0;4.445.628;;;
1984;Valencia;Embarque;Incluido tránsito;312.490;1.426.432;721.539;1.726.156;2.447.695;0;181.157;0;4.367.774;;;
1984;Valencia;Transbordo;Incluido tránsito;2.885;0;0;0;0;0;0;0;2.885;;;
1984;Vigo;Desembarque;Incluido tránsito;697.303;451.246;203.892;146.945;350.837;83.170;0;40.147;1.622.703;;;
1984;Vigo;Embarque;Incluido tránsito;0;51.088;296.444;176.749;473.193;0;301.870;90.634;916.785;;;
1984;Vigo;Transbordo;Incluido tránsito;13.947;0;0;0;0;0;0;0;13.947;;;
1984;Vilagarcía;Desembarque;Incluido tránsito;30.652;144.001;14.769;0;14.769;2.492;0;13.338;205.252;;;
1984;Vilagarcía;Embarque;Incluido tránsito;2.598;46.011;104.778;0;104.778;0;11.561;0;164.948;;;
1984;Vilagarcía;Transbordo;Incluido tránsito;0;0;0;0;0;0;0;0;0;;;
1985;A Coruña;Desembarque;Incluido tránsito;4.456.478;1.200.040;267.945;429;268.374;86.843;0;0;6.011.735;;;
1985;A Coruña;Embarque;Incluido tránsito;2.658.459;371.621;256.653;838;257.491;0;370.320;0;3.657.891;;;
1985;A Coruña;Transbordo;Incluido tránsito;0;0;0;0;0;0;0;0;0;;;
1985;Alicante;Desembarque;Incluido tránsito;770.342;258.534;193.818;123.541;317.359;8.841;0;0;1.355.076;;;
1985;Alicante;Embarque;Incluido tránsito;5.683;914.902;114.793;225.099;339.892;0;36.661;0;1.297.138;;;
1985;Alicante;Transbordo;Incluido tránsito;0;0;0;0;0;0;0;0;0;;;
1985;Almería;Desembarque;Incluido tránsito;231.531;883.435;40.640;0;40.640;12.710;0;0;1.168.316;;;
1985;Almería;Embarque;Incluido tránsito;0;6.449.317;77.708;0;77.708;0;45.363;0;6.572.388;;;
1985;Almería;Transbordo;Incluido tránsito;0;0;0;0;0;0;0;0;0;;;
1985;Avilés;Desembarque;Incluido tránsito;223.919;2.014.149;18.889;0;18.889;14.089;0;0;2.271.046;;;
1985;Avilés;Embarque;Incluido tránsito;52.000;552.985;1.502.179;0;1.502.179;0;46.348;0;2.153.512;;;
1985;Avilés;Transbordo;Incluido tránsito;11.143;0;0;0;0;0;0;0;11.143;;;
1985;Bahía de Algeciras;Desembarque;Incluido tránsito;6.485.289;835.689;587.226;1.495.586;2.082.812;22.118;0;258.530;9.684.438;;;
1985;Bahía de Algeciras;Embarque;Incluido tránsito;7.727.477;6.093;800.193;1.682.747;2.482.940;0;542.535;528.277;11.287.322;;;
1985;Bahía de Algeciras;Transbordo;Incluido tránsito;0;0;0;0;0;0;0;0;0;;;
1985;Bahía de Cádiz;Desembarque;Incluido tránsito;1.480.173;197.556;148.059;314.097;462.156;35.165;0;0;2.175.050;;;
1985;Bahía de Cádiz;Embarque;Incluido tránsito;59.526;265.495;402.188;655.984;1.058.172;0;397.246;0;1.780.439;;;
1985;Bahía de Cádiz;Transbordo;Incluido tránsito;0;3.760;245;0;245;0;0;0;4.005;;;
1985;Baleares;Desembarque;Incluido tránsito;604.676;243.808;659.779;756.365;1.416.144;2.222;0;0;2.266.850;;;
1985;Baleares;Embarque;Incluido tránsito;0;12.856;127.897;474.485;602.382;0;223.784;0;839.022;;;
1985;Baleares;Transbordo;Incluido tránsito;0;0;0;0;0;0;0;0;0;;;
1985;Barcelona;Desembarque;Incluido tránsito;5.439.441;3.020.373;440.839;1.512.875;1.953.714;7.284;0;0;10.420.812;;;
1985;Barcelona;Embarque;Incluido tránsito;245.299;3.157.596;1.850.553;2.118.946;3.969.499;0;435.849;0;7.808.243;;;
1985;Barcelona;Transbordo;Incluido tránsito;0;0;0;0;0;0;0;0;0;;;
1985;Bilbao;Desembarque;Incluido tránsito;9.798.786;4.865.919;1.083.529;534.424;1.617.953;264;0;994.162;17.277.084;;;
1985;Bilbao;Embarque;Incluido tránsito;5.636.138;978.377;2.000.476;958.739;2.959.215;0;710.071;1.075.533;11.359.334;;;
1985;Bilbao;Transbordo;Incluido tránsito;0;0;0;0;0;0;0;0;0;;;
1985;C.A.G.P.;Desembarque;Incluido tránsito;1.197.710;2.669.289;1.242.609;653.420;1.896.029;164.887;0;16.108;5.944.023;;;
1985;C.A.G.P.;Embarque;Incluido tránsito;4.483;2.757.424;1.093.876;162.505;1.256.381;0;104.455;4.873;4.127.616;;;
1985;C.A.G.P.;Transbordo;Incluido tránsito;0;0;0;0;0;0;0;0;0;;;
1985;Cartagena;Desembarque;Incluido tránsito;5.472.132;1.027.557;117.384;41.352;158.736;1.183;0;0;6.659.608;;;
1985;Cartagena;Embarque;Incluido tránsito;4.142.156;322.088;191.179;217.885;409.064;0;89.249;24.691;4.987.248;;;
1985;Cartagena;Transbordo;Incluido tránsito;0;0;0;0;0;0;0;0;0;;;
1985;Castellón;Desembarque;Incluido tránsito;3.795.337;194.444;73.817;2.211;76.028;9.546;0;0;4.075.355;;;
1985;Castellón;Embarque;Incluido tránsito;2.808.837;36.947;555.414;1.184;556.598;0;45.979;0;3.448.361;;;
1985;Castellón;Transbordo;Incluido tránsito;0;0;0;0;0;0;0;0;0;;;
1985;Ceuta;Desembarque;Incluido tránsito;3.008.827;28.989;353.661;4.358;358.019;1.272;0;0;3.397.107;;;
1985;Ceuta;Embarque;Incluido tránsito;0;731;227.909;83;227.992;0;1.158.653;424.409;1.811.785;;;
1985;Ceuta;Transbordo;Incluido tránsito;0;0;0;0;0;0;0;0;0;;;
1985;Ferrol;Desembarque;Incluido tránsito;30.958;426.752;26.189;0;26.189;1.129;0;0;485.028;;;
1985;Ferrol;Embarque;Incluido tránsito;0;354.031;288.990;0;288.990;0;37.199;0;680.220;;;
1985;Ferrol;Transbordo;Incluido tránsito;0;0;0;0;0;0;0;0;0;;;
1985;Gijón;Desembarque;Incluido tránsito;1.176.126;9.437.361;62.955;805;63.760;2.479;0;3.141;10.682.867;;;
1985;Gijón;Embarque;Incluido tránsito;34.132;1.603.342;561.812;9.161;570.973;0;111.155;3.141;2.322.743;;;
1985;Gijón;Transbordo;Incluido tránsito;0;0;0;0;0;0;0;0;0;;;
1985;Huelva;Desembarque;Incluido tránsito;3.136.099;2.247.686;37.855;65;37.920;10.973;0;0;5.432.678;;;
1985;Huelva;Embarque;Incluido tránsito;2.178.615;1.273.969;389.036;122;389.158;0;87.792;0;3.929.534;;;
1985;Huelva;Transbordo;Incluido tránsito;0;0;0;0;0;0;0;0;0;;;
1985;Las Palmas;Desembarque;Incluido tránsito;2.466.493;413.486;877.596;740.681;1.618.277;23.946;0;0;4.522.202;;;
1985;Las Palmas;Embarque;Incluido tránsito;44.619;51.937;766.397;495.991;1.262.388;0;1.947.432;0;3.306.376;;;
1985;Las Palmas;Transbordo;Incluido tránsito;0;0;13.511;0;13.511;0;0;0;13.511;;;
1985;Marín y Ría de Pontevedra;Desembarque;Incluido tránsito;15.121;202.704;13.856;0;13.856;4.634;0;0;236.315;;;
1985;Marín y Ría de Pontevedra;Embarque;Incluido tránsito;0;29.068;145.186;0;145.186;0;59.974;0;234.228;;;
1985;Marín y Ría de Pontevedra;Transbordo;Incluido tránsito;0;0;0;0;0;0;0;0;0;;;
1985;Melilla;Desembarque;Incluido tránsito;31.604;15.692;176.868;11.069;187.937;1.958;0;0;237.191;;;
1985;Melilla;Embarque;Incluido tránsito;0;29.150;94.518;2.786;97.304;0;27.782;0;154.236;;;
1985;Melilla;Transbordo;Incluido tránsito;0;0;0;0;0;0;0;0;0;;;
1985;Málaga;Desembarque;Incluido tránsito;5.887.848;251.118;120.185;4.365;124.550;11.684;0;0;6.275.200;;;
1985;Málaga;Embarque;Incluido tránsito;150.755;397.728;243.151;34.605;277.756;0;119.043;0;945.282;;;
1985;Málaga;Transbordo;Incluido tránsito;0;0;0;0;0;0;0;0;0;;;
1985;Pasaia;Desembarque;Incluido tránsito;920.566;410.346;1.866.669;63.680;1.930.349;25.400;0;0;3.286.661;;;
1985;Pasaia;Embarque;Incluido tránsito;15.323;182.177;1.373.340;74.907;1.448.247;0;123.926;4.131;1.773.804;;;
1985;Pasaia;Transbordo;Incluido tránsito;0;0;0;0;0;0;0;0;0;;;
1985;Santa Cruz de Tenerife;Desembarque;Incluido tránsito;5.135.057;535.764;631.600;701.524;1.333.124;6.760;0;0;7.010.705;;;
1985;Santa Cruz de Tenerife;Embarque;Incluido tránsito;3.444.214;6.197;406.974;328.727;735.701;0;992.712;0;5.178.824;;;
1985;Santa Cruz de Tenerife;Transbordo;Incluido tránsito;0;0;13.126;0;13.126;0;0;0;13.126;;;
1985;Santander;Desembarque;Incluido tránsito;884.201;1.244.641;285.665;11.163;296.828;6.181;0;0;2.431.851;;;
1985;Santander;Embarque;Incluido tránsito;79.252;651.870;538.420;4.475;542.895;0;110.037;0;1.384.054;;;
1985;Santander;Transbordo;Incluido tránsito;0;0;0;0;0;0;0;0;0;;;
1985;Sevilla;Desembarque;Incluido tránsito;571.571;1.148.432;77.686;110.719;188.405;4.810;0;19.770;1.932.988;;;
1985;Sevilla;Embarque;Incluido tránsito;9.020;594.907;482.180;217.322;699.502;0;36.686;0;1.340.115;;;
1985;Sevilla;Transbordo;Incluido tránsito;0;0;0;0;0;0;0;0;0;;;
1985;Tarragona;Desembarque;Incluido tránsito;9.920.887;3.406.711;95.176;43.366;138.542;9.942;0;3.007;13.479.089;;;
1985;Tarragona;Embarque;Incluido tránsito;5.757.092;1.200.967;488.948;127.286;616.234;0;148.201;3.007;7.725.501;;;
1985;Tarragona;Transbordo;Incluido tránsito;0;25.000;188;0;188;0;0;0;25.188;;;
1985;Valencia;Desembarque;Incluido tránsito;1.207.848;1.447.714;671.852;909.786;1.581.638;2.257;0;0;4.239.457;;;
1985;Valencia;Embarque;Incluido tránsito;316.182;1.548.884;686.260;2.001.862;2.688.122;0;187.416;0;4.740.604;;;
1985;Valencia;Transbordo;Incluido tránsito;0;0;0;0;0;0;0;0;0;;;
1985;Vigo;Desembarque;Incluido tránsito;715.800;408.322;236.021;160.334;396.355;81.592;0;48.381;1.650.450;;;
1985;Vigo;Embarque;Incluido tránsito;250;133.751;384.906;167.413;552.319;0;300.268;99.254;1.085.842;;;
1985;Vigo;Transbordo;Incluido tránsito;15.723;0;0;0;0;0;0;0;15.723;;;
1985;Vilagarcía;Desembarque;Incluido tránsito;32.404;144.446;20.122;0;20.122;1.423;0;947;199.342;;;
1985;Vilagarcía;Embarque;Incluido tránsito;5.593;47.225;109.768;0;109.768;0;11.620;7;174.213;;;
1985;Vilagarcía;Transbordo;Incluido tránsito;0;0;0;0;0;0;0;0;0;;;
1986;A Coruña;Desembarque;Incluido tránsito;5.634.551;1.190.340;282.494;344;282.838;79.350;0;0;7.187.079;;;
1986;A Coruña;Embarque;Incluido tránsito;3.777.009;351.544;254.469;7.850;262.319;0;497.078;169.849;5.057.799;;;
1986;A Coruña;Transbordo;Incluido tránsito;0;0;0;0;0;0;0;0;0;;;
1986;Alicante;Desembarque;Incluido tránsito;789.675;374.504;185.404;83.106;268.510;15.653;0;0;1.448.342;;;
1986;Alicante;Embarque;Incluido tránsito;1.587;1.023.401;130.890;216.001;346.891;0;35.605;0;1.407.484;;;
1986;Alicante;Transbordo;Incluido tránsito;0;0;1.593;0;1.593;0;0;0;1.593;;;
1986;Almería;Desembarque;Incluido tránsito;224.096;1.214.818;40.079;628;40.707;11.077;0;0;1.490.698;;;
1986;Almería;Embarque;Incluido tránsito;2.989;6.043.771;208.499;1.925;210.424;0;45.215;0;6.302.399;;;
1986;Almería;Transbordo;Incluido tránsito;0;0;0;0;0;0;0;0;0;;;
1986;Avilés;Desembarque;Incluido tránsito;246.998;2.148.617;32.788;0;32.788;16.397;0;0;2.444.800;;;
1986;Avilés;Embarque;Incluido tránsito;66.038;492.037;1.274.551;0;1.274.551;0;47.579;0;1.880.205;;;
1986;Avilés;Transbordo;Incluido tránsito;7.636;0;0;0;0;0;0;0;7.636;;;
1986;Bahía de Algeciras;Desembarque;Incluido tránsito;7.359.169;1.390.515;514.649;1.756.928;2.271.577;24.342;0;216.899;11.262.502;;;
1986;Bahía de Algeciras;Embarque;Incluido tránsito;7.545.988;14.227;665.141;1.903.407;2.568.548;0;792.165;704.795;11.625.723;;;
1986;Bahía de Algeciras;Transbordo;Incluido tránsito;0;3.065;0;0;0;0;0;0;3.065;;;
1986;Bahía de Cádiz;Desembarque;Incluido tránsito;2.025.642;284.220;163.785;241.784;405.569;34.795;0;0;2.750.226;;;
1986;Bahía de Cádiz;Embarque;Incluido tránsito;51.400;346.314;244.170;508.014;752.184;0;318.752;0;1.468.650;;;
1986;Bahía de Cádiz;Transbordo;Incluido tránsito;0;0;0;0;0;0;0;0;0;;;
1986;Baleares;Desembarque;Incluido tránsito;590.976;193.450;836.213;601.271;1.437.484;1.966;0;0;2.223.876;;;
1986;Baleares;Embarque;Incluido tránsito;0;15.148;425.930;186.580;612.510;0;294.238;0;921.896;;;
1986;Baleares;Transbordo;Incluido tránsito;0;0;0;0;0;0;0;0;0;;;
1986;Barcelona;Desembarque;Incluido tránsito;5.657.401;2.939.131;570.094;1.526.451;2.096.545;6.165;0;0;10.699.242;;;
1986;Barcelona;Embarque;Incluido tránsito;373.551;2.800.951;1.443.109;2.031.419;3.474.528;0;396.739;0;7.045.769;;;
1986;Barcelona;Transbordo;Incluido tránsito;0;0;0;0;0;0;0;0;0;;;
1986;Bilbao;Desembarque;Incluido tránsito;9.864.481;4.125.422;1.310.316;468.281;1.778.597;339;0;843.430;16.612.269;;;
1986;Bilbao;Embarque;Incluido tránsito;5.590.263;591.711;1.232.783;825.212;2.057.995;0;559.322;925.339;9.724.630;;;
1986;Bilbao;Transbordo;Incluido tránsito;0;0;217;0;217;0;0;0;217;;;
1986;C.A.G.P.;Desembarque;Incluido tránsito;1.256.931;2.677.448;701.460;695.612;1.397.072;128.317;0;12.621;5.472.389;;;
1986;C.A.G.P.;Embarque;Incluido tránsito;2.128;548.848;646.098;236.396;882.494;0;84.083;22.952;1.540.505;;;
1986;C.A.G.P.;Transbordo;Incluido tránsito;0;0;0;0;0;0;0;0;0;;;
1986;Cartagena;Desembarque;Incluido tránsito;5.640.525;1.125.733;198.493;38.214;236.707;949;0;0;7.003.914;;;
1986;Cartagena;Embarque;Incluido tránsito;3.905.356;288.328;168.391;215.404;383.795;0;122.502;9.672;4.709.653;;;
1986;Cartagena;Transbordo;Incluido tránsito;0;0;0;0;0;0;0;0;0;;;
1986;Castellón;Desembarque;Incluido tránsito;3.921.065;191.285;66.860;95;66.955;15.934;0;0;4.195.239;;;
1986;Castellón;Embarque;Incluido tránsito;2.864.102;38.207;294.122;2.211;296.333;0;29.959;0;3.228.601;;;
1986;Castellón;Transbordo;Incluido tránsito;0;0;0;0;0;0;0;0;0;;;
1986;Ceuta;Desembarque;Incluido tránsito;1.408.891;29.173;338.645;19.548;358.193;1.138;0;0;1.797.395;;;
1986;Ceuta;Embarque;Incluido tránsito;0;471;231.347;4.130;235.477;0;764.276;245.107;1.245.331;;;
1986;Ceuta;Transbordo;Incluido tránsito;0;0;0;0;0;0;0;0;0;;;
1986;Ferrol;Desembarque;Incluido tránsito;12.598;248.359;37.350;0;37.350;1.002;0;0;299.309;;;
1986;Ferrol;Embarque;Incluido tránsito;0;420.286;141.128;0;141.128;0;28.147;150;589.711;;;
1986;Ferrol;Transbordo;Incluido tránsito;0;0;0;0;0;0;0;0;0;;;
1986;Gijón;Desembarque;Incluido tránsito;1.099.806;8.062.677;82.495;2.526;85.021;2.638;0;4.756;9.254.898;;;
1986;Gijón;Embarque;Incluido tránsito;11.808;997.206;500.445;8.732;509.177;0;122.118;58.396;1.698.705;;;
1986;Gijón;Transbordo;Incluido tránsito;0;0;0;0;0;0;0;0;0;;;
1986;Huelva;Desembarque;Incluido tránsito;3.850.712;2.594.702;52.259;212;52.471;13.638;0;2.114;6.513.637;;;
1986;Huelva;Embarque;Incluido tránsito;3.210.656;1.007.631;381.654;12;381.666;0;88.031;0;4.687.984;;;
1986;Huelva;Transbordo;Incluido tránsito;0;0;0;0;0;0;0;0;0;;;
1986;Las Palmas;Desembarque;Incluido tránsito;2.608.164;210.246;842.026;902.481;1.744.507;18.584;0;0;4.581.501;;;
1986;Las Palmas;Embarque;Incluido tránsito;183.276;42.086;507.399;506.067;1.013.466;0;1.997.622;0;3.236.450;;;
1986;Las Palmas;Transbordo;Incluido tránsito;0;0;38.034;0;38.034;0;0;0;38.034;;;
1986;Marín y Ría de Pontevedra;Desembarque;Incluido tránsito;14.646;246.980;6.730;3.472;10.202;3.659;0;0;275.487;;;
1986;Marín y Ría de Pontevedra;Embarque;Incluido tránsito;0;30.783;188.730;3.614;192.344;0;53.674;0;276.801;;;
1986;Marín y Ría de Pontevedra;Transbordo;Incluido tránsito;0;0;0;0;0;0;0;0;0;;;
1986;Melilla;Desembarque;Incluido tránsito;29.566;11.710;173.423;14.134;187.557;956;0;0;229.789;;;
1986;Melilla;Embarque;Incluido tránsito;0;29.335;91.938;2.968;94.906;0;24.026;0;148.267;;;
1986;Melilla;Transbordo;Incluido tránsito;0;0;0;0;0;0;0;0;0;;;
1986;Málaga;Desembarque;Incluido tránsito;6.300.245;257.948;108.472;18.148;126.620;13.108;0;0;6.697.921;;;
1986;Málaga;Embarque;Incluido tránsito;64.647;455.657;242.112;22.071;264.183;0;103.473;0;887.960;;;
1986;Málaga;Transbordo;Incluido tránsito;0;0;0;0;0;0;0;0;0;;;
1986;Pasaia;Desembarque;Incluido tránsito;827.243;428.822;1.675.348;102.584;1.777.932;15.309;0;0;3.049.306;;;
1986;Pasaia;Embarque;Incluido tránsito;11.629;158.643;905.420;140.910;1.046.330;0;107.544;3.374;1.327.520;;;
1986;Pasaia;Transbordo;Incluido tránsito;0;0;0;0;0;0;0;0;0;;;
1986;Santa Cruz de Tenerife;Desembarque;Incluido tránsito;5.473.094;685.622;462.466;774.371;1.236.837;3.815;0;0;7.399.368;;;
1986;Santa Cruz de Tenerife;Embarque;Incluido tránsito;3.623.775;4.046;388.673;319.475;708.148;0;974.528;0;5.310.497;;;
1986;Santa Cruz de Tenerife;Transbordo;Incluido tránsito;0;0;2.215;0;2.215;0;0;0;2.215;;;
1986;Santander;Desembarque;Incluido tránsito;741.007;1.479.225;375.819;10.103;385.922;6.295;0;0;2.612.449;;;
1986;Santander;Embarque;Incluido tránsito;39.094;472.936;470.724;29.207;499.931;0;87.004;0;1.098.965;;;
1986;Santander;Transbordo;Incluido tránsito;0;0;0;0;0;0;0;0;0;;;
1986;Sevilla;Desembarque;Incluido tránsito;115.839;1.081.541;133.600;78.570;212.170;4.284;0;19.840;1.433.674;;;
1986;Sevilla;Embarque;Incluido tránsito;9.498;564.250;213.409;260.325;473.734;0;30.424;0;1.077.906;;;
1986;Sevilla;Transbordo;Incluido tránsito;0;0;0;0;0;0;0;0;0;;;
1986;Tarragona;Desembarque;Incluido tránsito;11.465.926;3.843.917;104.152;23.476;127.628;8.528;0;1.317;15.447.316;;;
1986;Tarragona;Embarque;Incluido tránsito;5.893.797;876.601;509.901;111.121;621.022;0;187.780;1.317;7.580.517;;;
1986;Tarragona;Transbordo;Incluido tránsito;0;0;0;0;0;0;0;0;0;;;
1986;Valencia;Desembarque;Incluido tránsito;1.211.515;1.778.141;1.203.854;839.866;2.043.720;3.477;0;0;5.036.853;;;
1986;Valencia;Embarque;Incluido tránsito;269.399;2.556.095;909.303;1.756.169;2.665.472;0;173.202;0;5.664.168;;;
1986;Valencia;Transbordo;Incluido tránsito;0;0;0;0;0;0;0;0;0;;;
1986;Vigo;Desembarque;Incluido tránsito;739.962;361.034;277.322;188.891;466.213;91.889;0;42.678;1.701.776;;;
1986;Vigo;Embarque;Incluido tránsito;0;222.660;369.599;188.678;558.277;0;292.372;91.325;1.164.634;;;
1986;Vigo;Transbordo;Incluido tránsito;8.701;0;0;0;0;0;0;0;8.701;;;
1986;Vilagarcía;Desembarque;Incluido tránsito;34.822;159.227;21.383;0;21.383;652;0;3.431;219.515;;;
1986;Vilagarcía;Embarque;Incluido tránsito;5.098;35.970;96.155;0;96.155;0;12.534;0;149.757;;;
1986;Vilagarcía;Transbordo;Incluido tránsito;0;0;0;0;0;0;0;0;0;;;
1987;A Coruña;Desembarque;Incluido tránsito;5.229.284;1.058.681;192.209;104;192.313;91.764;0;0;6.572.042;;;
1987;A Coruña;Embarque;Incluido tránsito;3.721.205;401.729;115.284;9.931;125.215;0;861.675;669.758;5.779.582;;;
1987;A Coruña;Transbordo;Incluido tránsito;0;0;0;0;0;0;0;0;0;;;
1987;Alicante;Desembarque;Incluido tránsito;790.982;344.958;203.694;90.791;294.485;13.159;0;0;1.443.584;;;
1987;Alicante;Embarque;Incluido tránsito;3.258;606.201;162.989;241.643;404.632;0;34.625;0;1.048.716;;;
1987;Alicante;Transbordo;Incluido tránsito;0;0;0;0;0;0;0;0;0;;;
1987;Almería;Desembarque;Incluido tránsito;233.004;870.481;43.907;1.230;45.137;11.474;0;0;1.160.096;;;
1987;Almería;Embarque;Incluido tránsito;0;6.351.945;251.514;4.362;255.876;0;44.590;0;6.652.411;;;
1987;Almería;Transbordo;Incluido tránsito;0;0;0;0;0;0;0;0;0;;;
1987;Avilés;Desembarque;Incluido tránsito;257.385;1.232.931;32.714;0;32.714;15.181;0;0;1.538.211;;;
1987;Avilés;Embarque;Incluido tránsito;102.985;359.842;1.259.059;0;1.259.059;0;38.456;0;1.760.342;;;
1987;Avilés;Transbordo;Incluido tránsito;0;0;0;0;0;0;0;0;0;;;
1987;Bahía de Algeciras;Desembarque;Incluido tránsito;7.848.592;1.353.726;579.668;2.198.588;2.778.256;25.759;0;188.805;12.195.138;;;
1987;Bahía de Algeciras;Embarque;Incluido tránsito;8.293.812;28.091;674.606;2.150.409;2.825.015;0;922.684;628.820;12.698.422;;;
1987;Bahía de Algeciras;Transbordo;Incluido tránsito;0;5.000;14.582;0;14.582;0;0;0;19.582;;;
1987;Bahía de Cádiz;Desembarque;Incluido tránsito;2.194.907;215.118;182.522;299.487;482.009;33.962;0;0;2.925.996;;;
1987;Bahía de Cádiz;Embarque;Incluido tránsito;29.339;414.026;275.575;547.676;823.251;0;300.368;0;1.566.984;;;
1987;Bahía de Cádiz;Transbordo;Incluido tránsito;0;0;0;0;0;0;0;0;0;;;
1987;Baleares;Desembarque;Incluido tránsito;697.987;278.105;876.739;684.829;1.561.568;1.838;0;0;2.539.498;;;
1987;Baleares;Embarque;Incluido tránsito;0;0;451.036;208.695;659.731;0;131.557;0;791.288;;;
1987;Baleares;Transbordo;Incluido tránsito;0;0;0;0;0;0;0;0;0;;;
1987;Barcelona;Desembarque;Incluido tránsito;5.948.486;2.347.569;622.574;1.720.322;2.342.896;6.123;0;0;10.645.074;;;
1987;Barcelona;Embarque;Incluido tránsito;358.977;2.230.859;1.387.426;2.258.083;3.645.509;0;396.739;0;6.632.084;;;
1987;Barcelona;Transbordo;Incluido tránsito;0;0;0;0;0;0;0;0;0;;;
1987;Bilbao;Desembarque;Incluido tránsito;9.523.534;4.751.150;1.002.571;660.654;1.663.225;308;0;1.017.333;16.955.550;;;
1987;Bilbao;Embarque;Incluido tránsito;5.139.861;706.333;1.184.763;1.014.074;2.198.837;0;569.241;1.073.927;9.688.199;;;
1987;Bilbao;Transbordo;Incluido tránsito;2.400;0;0;0;0;0;0;0;2.400;;;
1987;C.A.G.P.;Desembarque;Incluido tránsito;1.287.866;3.341.314;912.120;701.938;1.614.058;71.683;0;33.655;6.348.576;;;
1987;C.A.G.P.;Embarque;Incluido tránsito;923;600.785;766.736;157.031;923.767;0;98.843;14.279;1.638.597;;;
1987;C.A.G.P.;Transbordo;Incluido tránsito;0;0;0;0;0;0;0;0;0;;;
1987;Cartagena;Desembarque;Incluido tránsito;6.868.533;1.044.639;183.482;29.178;212.660;868;0;0;8.126.700;;;
1987;Cartagena;Embarque;Incluido tránsito;4.892.122;283.361;229.306;216.088;445.394;0;140.158;18.744;5.779.779;;;
1987;Cartagena;Transbordo;Incluido tránsito;0;0;0;0;0;0;0;0;0;;;
1987;Castellón;Desembarque;Incluido tránsito;3.538.340;209.339;97.099;731;97.830;15.125;0;0;3.860.634;;;
1987;Castellón;Embarque;Incluido tránsito;2.623.434;91.234;198.770;10.362;209.132;0;35.639;0;2.959.439;;;
1987;Castellón;Transbordo;Incluido tránsito;0;0;0;0;0;0;0;0;0;;;
1987;Ceuta;Desembarque;Incluido tránsito;2.957.683;17.149;406.101;19.480;425.581;922;0;0;3.401.335;;;
1987;Ceuta;Embarque;Incluido tránsito;7.910;0;252.382;4.936;257.318;0;647.674;178.193;1.091.095;;;
1987;Ceuta;Transbordo;Incluido tránsito;0;0;0;0;0;0;0;0;0;;;
1987;Ferrol;Desembarque;Incluido tránsito;22.665;312.037;24.788;0;24.788;1.117;0;93;360.700;;;
1987;Ferrol;Embarque;Incluido tránsito;7.898;433.761;211.296;0;211.296;0;25.909;575;679.439;;;
1987;Ferrol;Transbordo;Incluido tránsito;0;0;0;0;0;0;0;0;0;;;
1987;Gijón;Desembarque;Incluido tránsito;1.094.848;8.535.584;50.414;1.269;51.683;3.763;0;4.910;9.690.788;;;
1987;Gijón;Embarque;Incluido tránsito;12.973;1.146.031;289.305;10.268;299.573;0;105.729;60.992;1.625.298;;;
1987;Gijón;Transbordo;Incluido tránsito;0;0;0;0;0;0;0;0;0;;;
1987;Huelva;Desembarque;Incluido tránsito;3.406.350;2.767.611;25.799;62;25.861;12.374;0;0;6.212.196;;;
1987;Huelva;Embarque;Incluido tránsito;2.258.543;1.102.720;410.049;0;410.049;0;94.354;0;3.865.666;;;
1987;Huelva;Transbordo;Incluido tránsito;0;0;0;0;0;0;0;0;0;;;
1987;Las Palmas;Desembarque;Incluido tránsito;2.728.683;370.902;860.776;980.495;1.841.271;5.787;0;0;4.946.643;;;
1987;Las Palmas;Embarque;Incluido tránsito;54.134;2.654;610.418;563.817;1.174.235;0;1.950.431;0;3.181.454;;;
1987;Las Palmas;Transbordo;Incluido tránsito;0;0;70.936;0;70.936;0;0;0;70.936;;;
1987;Marín y Ría de Pontevedra;Desembarque;Incluido tránsito;9.342;182.598;41.204;0;41.204;5.113;0;0;238.257;;;
1987;Marín y Ría de Pontevedra;Embarque;Incluido tránsito;0;19.445;219.179;0;219.179;0;45.600;0;284.224;;;
1987;Marín y Ría de Pontevedra;Transbordo;Incluido tránsito;0;0;0;0;0;0;0;0;0;;;
1987;Melilla;Desembarque;Incluido tránsito;32.336;12.584;192.369;24.555;216.924;522;0;0;262.366;;;
1987;Melilla;Embarque;Incluido tránsito;0;44.310;93.681;4.934;98.615;0;23.285;0;166.210;;;
1987;Melilla;Transbordo;Incluido tránsito;0;0;0;0;0;0;0;0;0;;;
1987;Málaga;Desembarque;Incluido tránsito;6.651.939;299.646;137.853;12.513;150.366;11.942;0;0;7.113.893;;;
1987;Málaga;Embarque;Incluido tránsito;75.108;293.992;242.114;23.465;265.579;0;78.078;0;712.757;;;
1987;Málaga;Transbordo;Incluido tránsito;0;0;0;0;0;0;0;0;0;;;
1987;Pasaia;Desembarque;Incluido tránsito;720.310;366.663;1.324.349;81.622;1.405.971;12.448;0;0;2.505.392;;;
1987;Pasaia;Embarque;Incluido tránsito;7.492;197.210;587.672;80.653;668.325;0;86.062;0;959.089;;;
1987;Pasaia;Transbordo;Incluido tránsito;0;0;0;0;0;0;0;0;0;;;
1987;Santa Cruz de Tenerife;Desembarque;Incluido tránsito;4.930.633;806.092;643.367;896.886;1.540.253;3.884;0;0;7.280.862;;;
1987;Santa Cruz de Tenerife;Embarque;Incluido tránsito;3.357.189;6.428;459.624;350.456;810.080;0;1.210.929;0;5.384.626;;;
1987;Santa Cruz de Tenerife;Transbordo;Incluido tránsito;0;0;1.171;0;1.171;0;0;0;1.171;;;
1987;Santander;Desembarque;Incluido tránsito;604.087;1.414.965;350.913;22.831;373.744;6.068;0;0;2.398.864;;;
1987;Santander;Embarque;Incluido tránsito;24.400;441.798;393.972;3.681;397.653;0;85.896;0;949.747;;;
1987;Santander;Transbordo;Incluido tránsito;0;0;0;0;0;0;0;0;0;;;
1987;Sevilla;Desembarque;Incluido tránsito;99.862;893.126;130.530;82.403;212.933;4.167;0;19.840;1.229.928;;;
1987;Sevilla;Embarque;Incluido tránsito;55.851;954.131;177.404;283.375;460.779;0;26.875;0;1.497.636;;;
1987;Sevilla;Transbordo;Incluido tránsito;0;0;0;0;0;0;0;0;0;;;
1987;Tarragona;Desembarque;Incluido tránsito;12.837.574;4.208.688;121.009;30.514;151.523;8.465;0;772;17.207.022;;;
1987;Tarragona;Embarque;Incluido tránsito;5.324.611;874.958;396.001;88.258;484.259;0;145.250;809;6.829.887;;;
1987;Tarragona;Transbordo;Incluido tránsito;0;0;0;0;0;0;0;0;0;;;
1987;Valencia;Desembarque;Incluido tránsito;1.226.367;1.664.361;1.410.695;1.147.040;2.557.735;4.925;0;0;5.453.388;;;
1987;Valencia;Embarque;Incluido tránsito;207.082;1.580.743;868.363;2.052.665;2.921.028;0;177.752;0;4.886.605;;;
1987;Valencia;Transbordo;Incluido tránsito;0;0;0;0;0;0;0;0;0;;;
1987;Vigo;Desembarque;Incluido tránsito;762.901;324.032;248.835;276.398;525.233;87.263;0;55.363;1.754.792;;;
1987;Vigo;Embarque;Incluido tránsito;0;0;404.017;223.380;627.397;0;278.734;93.921;1.000.052;;;
1987;Vigo;Transbordo;Incluido tránsito;4.028;0;5.458;0;5.458;0;0;0;9.486;;;
1987;Vilagarcía;Desembarque;Incluido tránsito;31.206;164.130;33.214;0;33.214;260;0;2.591;231.401;;;
1987;Vilagarcía;Embarque;Incluido tránsito;3.700;6.671;88.070;0;88.070;0;12.543;5.382;116.366;;;
1987;Vilagarcía;Transbordo;Incluido tránsito;0;0;0;0;0;0;0;0;0;;;
1988;A Coruña;Desembarque;Incluido tránsito;5.753.471;1.243.425;44.905;12;44.917;93.790;0;0;7.135.603;;;
1988;A Coruña;Embarque;Incluido tránsito;3.701.278;392.267;94.199;858;95.057;0;532.426;719.574;5.440.602;;;
1988;A Coruña;Transbordo;Incluido tránsito;0;0;0;0;0;0;0;0;0;;;
1988;Alicante;Desembarque;Incluido tránsito;880.058;266.729;217.598;79.983;297.581;12.822;0;0;1.457.190;;;
1988;Alicante;Embarque;Incluido tránsito;2.916;462.549;172.389;256.113;428.502;0;39.568;0;933.535;;;
1988;Alicante;Transbordo;Incluido tránsito;0;0;0;0;0;0;0;0;0;;;
1988;Almería;Desembarque;Incluido tránsito;258.826;1.353.571;107.705;1.461;109.166;8.709;0;0;1.730.272;;;
1988;Almería;Embarque;Incluido tránsito;0;5.996.768;128.015;4.656;132.671;0;48.063;0;6.177.502;;;
1988;Almería;Transbordo;Incluido tránsito;838;0;0;0;0;0;0;0;838;;;
1988;Avilés;Desembarque;Incluido tránsito;271.993;963.872;38.914;0;38.914;15.485;0;0;1.290.264;;;
1988;Avilés;Embarque;Incluido tránsito;121.521;485.620;1.063.480;0;1.063.480;0;36.471;0;1.707.092;;;
1988;Avilés;Transbordo;Incluido tránsito;2.741;0;0;0;0;0;0;0;2.741;;;
1988;Bahía de Algeciras;Desembarque;Incluido tránsito;8.599.005;1.417.926;806.850;1.876.290;2.683.140;19.165;0;83.091;12.802.327;;;
1988;Bahía de Algeciras;Embarque;Incluido tránsito;6.394.823;17.313;468.094;2.334.522;2.802.616;0;919.929;768.017;10.902.698;;;
1988;Bahía de Algeciras;Transbordo;Incluido tránsito;0;11.552;0;0;0;0;0;0;11.552;;;
1988;Bahía de Cádiz;Desembarque;Incluido tránsito;538.924;278.291;338.753;311.653;650.406;31.577;0;0;1.499.198;;;
1988;Bahía de Cádiz;Embarque;Incluido tránsito;89.529;391.198;353.579;596.849;950.428;0;307.082;0;1.738.237;;;
1988;Bahía de Cádiz;Transbordo;Incluido tránsito;1.287;0;0;0;0;0;0;0;1.287;;;
1988;Baleares;Desembarque;Incluido tránsito;712.227;278.638;1.118.755;765.290;1.884.045;1.844;0;0;2.876.754;;;
1988;Baleares;Embarque;Incluido tránsito;0;15.820;536.772;232.919;769.691;0;136.446;0;921.957;;;
1988;Baleares;Transbordo;Incluido tránsito;0;0;0;0;0;0;0;0;0;;;
1988;Barcelona;Desembarque;Incluido tránsito;6.339.032;2.838.906;718.285;1.930.869;2.649.154;5.886;0;0;11.832.978;;;
1988;Barcelona;Embarque;Incluido tránsito;399.830;1.912.926;1.409.182;2.413.996;3.823.178;0;331.899;0;6.467.833;;;
1988;Barcelona;Transbordo;Incluido tránsito;0;0;0;0;0;0;0;0;0;;;
1988;Bilbao;Desembarque;Incluido tránsito;10.126.219;5.528.062;1.073.794;687.686;1.761.480;299;0;1.193.809;18.609.869;;;
1988;Bilbao;Embarque;Incluido tránsito;5.593.566;872.299;1.352.445;1.098.209;2.450.654;0;373.977;1.280.873;10.571.369;;;
1988;Bilbao;Transbordo;Incluido tránsito;0;0;0;0;0;0;0;0;0;;;
1988;C.A.G.P.;Desembarque;Incluido tránsito;1.312.444;3.428.510;1.042.960;804.792;1.847.752;110.638;0;39.119;6.738.463;;;
1988;C.A.G.P.;Embarque;Incluido tránsito;392;803.995;762.138;263.690;1.025.828;0;109.222;16.329;1.955.766;;;
1988;C.A.G.P.;Transbordo;Incluido tránsito;0;0;0;0;0;0;0;0;0;;;
1988;Cartagena;Desembarque;Incluido tránsito;4.664.869;1.101.814;261.656;28.918;290.574;881;0;0;6.058.138;;;
1988;Cartagena;Embarque;Incluido tránsito;3.396.577;304.458;247.531;195.626;443.157;0;98.482;2.255;4.244.929;;;
1988;Cartagena;Transbordo;Incluido tránsito;0;0;0;0;0;0;0;0;0;;;
1988;Castellón;Desembarque;Incluido tránsito;3.639.042;230.743;187.058;1.646;188.704;13.466;0;0;4.071.955;;;
1988;Castellón;Embarque;Incluido tránsito;2.621.880;110.206;178.549;17.893;196.442;0;29.513;0;2.958.041;;;
1988;Castellón;Transbordo;Incluido tránsito;0;0;0;0;0;0;0;0;0;;;
1988;Ceuta;Desembarque;Incluido tránsito;1.718.586;6.210;472.060;17.483;489.543;794;0;0;2.215.133;;;
1988;Ceuta;Embarque;Incluido tránsito;0;0;279.575;3.925;283.500;0;634.590;190.503;1.108.593;;;
1988;Ceuta;Transbordo;Incluido tránsito;0;0;0;0;0;0;0;0;0;;;
1988;Ferrol;Desembarque;Incluido tránsito;43.746;376.511;30.920;0;30.920;1.490;0;0;452.667;;;
1988;Ferrol;Embarque;Incluido tránsito;36.604;378.870;106.638;0;106.638;0;30.787;230;553.129;;;
1988;Ferrol;Transbordo;Incluido tránsito;0;0;0;0;0;0;0;0;0;;;
1988;Gijón;Desembarque;Incluido tránsito;1.122.454;7.986.223;55.569;1.642;57.211;4.131;0;962;9.170.981;;;
1988;Gijón;Embarque;Incluido tránsito;3.497;1.339.898;284.048;18.079;302.127;0;108.627;66.395;1.820.544;;;
1988;Gijón;Transbordo;Incluido tránsito;0;0;0;0;0;0;0;0;0;;;
1988;Huelva;Desembarque;Incluido tránsito;3.800.141;3.012.861;62.006;0;62.006;10.922;0;0;6.885.930;;;
1988;Huelva;Embarque;Incluido tránsito;2.263.462;1.282.009;320.239;24;320.263;0;83.284;0;3.949.018;;;
1988;Huelva;Transbordo;Incluido tránsito;0;0;0;0;0;0;0;0;0;;;
1988;Las Palmas;Desembarque;Incluido tránsito;2.557.831;372.628;793.440;1.180.481;1.973.921;2.464;0;0;4.906.844;;;
1988;Las Palmas;Embarque;Incluido tránsito;76.605;7.388;807.862;407.325;1.215.187;0;1.824.444;0;3.123.624;;;
1988;Las Palmas;Transbordo;Incluido tránsito;0;5.244;3.890;0;3.890;0;0;0;9.134;;;
1988;Marín y Ría de Pontevedra;Desembarque;Incluido tránsito;7.009;256.693;139.471;0;139.471;7.384;0;0;410.557;;;
1988;Marín y Ría de Pontevedra;Embarque;Incluido tránsito;0;22.986;219.104;0;219.104;0;60.114;0;302.204;;;
1988;Marín y Ría de Pontevedra;Transbordo;Incluido tránsito;0;0;0;0;0;0;0;0;0;;;
1988;Melilla;Desembarque;Incluido tránsito;34.868;6.424;186.757;35.772;222.529;135;0;0;263.956;;;
1988;Melilla;Embarque;Incluido tránsito;0;13.045;93.589;6.256;99.845;0;18.670;0;131.560;;;
1988;Melilla;Transbordo;Incluido tránsito;0;0;0;0;0;0;0;0;0;;;
1988;Málaga;Desembarque;Incluido tránsito;6.958.678;283.445;219.942;16.925;236.867;9.164;0;0;7.488.154;;;
1988;Málaga;Embarque;Incluido tránsito;139.935;268.847;238.362;20.112;258.474;0;74.585;0;741.841;;;
1988;Málaga;Transbordo;Incluido tránsito;0;0;0;0;0;0;0;0;0;;;
1988;Pasaia;Desembarque;Incluido tránsito;696.815;267.139;1.675.707;85.338;1.761.045;13.228;0;0;2.738.227;;;
1988;Pasaia;Embarque;Incluido tránsito;11.959;382.790;486.881;91.567;578.448;0;78.887;0;1.052.084;;;
1988;Pasaia;Transbordo;Incluido tránsito;0;0;0;0;0;0;0;0;0;;;
1988;Santa Cruz de Tenerife;Desembarque;Incluido tránsito;4.444.396;818.341;626.799;952.784;1.579.583;3.588;0;0;6.845.908;;;
1988;Santa Cruz de Tenerife;Embarque;Incluido tránsito;2.668.608;11.043;550.666;314.718;865.384;0;1.228.535;0;4.773.570;;;
1988;Santa Cruz de Tenerife;Transbordo;Incluido tránsito;40.295;1.400;5.976;0;5.976;0;0;0;47.671;;;
1988;Santander;Desembarque;Incluido tránsito;600.157;1.669.446;331.757;25.842;357.599;6.199;0;0;2.633.401;;;
1988;Santander;Embarque;Incluido tránsito;16.958;717.121;403.006;10.099;413.105;0;77.711;0;1.224.895;;;
1988;Santander;Transbordo;Incluido tránsito;0;0;0;0;0;0;0;0;0;;;
1988;Sevilla;Desembarque;Incluido tránsito;104.931;1.032.251;218.728;58.363;277.091;3.751;0;19.480;1.437.504;;;
1988;Sevilla;Embarque;Incluido tránsito;79.383;795.242;133.405;227.656;361.061;0;24.082;0;1.259.768;;;
1988;Sevilla;Transbordo;Incluido tránsito;0;0;0;0;0;0;0;0;0;;;
1988;Tarragona;Desembarque;Incluido tránsito;11.015.020;3.886.768;167.720;38.723;206.443;10.992;0;155.674;15.274.897;;;
1988;Tarragona;Embarque;Incluido tránsito;5.888.719;812.559;346.209;91.091;437.300;0;202.831;156.028;7.497.437;;;
1988;Tarragona;Transbordo;Incluido tránsito;0;0;0;0;0;0;0;0;0;;;
1988;Valencia;Desembarque;Incluido tránsito;1.414.446;1.883.876;1.386.328;1.303.904;2.690.232;4.451;0;0;5.993.005;;;
1988;Valencia;Embarque;Incluido tránsito;169.517;1.539.986;825.103;2.128.175;2.953.278;0;178.513;0;4.841.294;;;
1988;Valencia;Transbordo;Incluido tránsito;0;0;0;0;0;0;0;0;0;;;
1988;Vigo;Desembarque;Incluido tránsito;777.483;360.179;271.843;267.377;539.220;76.809;0;46.473;1.800.164;;;
1988;Vigo;Embarque;Incluido tránsito;3.569;0;467.683;246.237;713.920;0;252.286;89.753;1.059.528;;;
1988;Vigo;Transbordo;Incluido tránsito;2.371;0;0;0;0;0;0;0;2.371;;;
1988;Vilagarcía;Desembarque;Incluido tránsito;87.814;171.834;40.072;0;40.072;8;0;4.455;304.183;;;
1988;Vilagarcía;Embarque;Incluido tránsito;5.500;2.606;81.844;0;81.844;0;14.259;7.636;111.845;;;
1988;Vilagarcía;Transbordo;Incluido tránsito;0;0;0;0;0;0;0;0;0;;;
1989;A Coruña;Desembarque;Incluido tránsito;6.040.960;1.716.648;66.330;38;66.368;76.776;0;0;7.900.752;;;
1989;A Coruña;Embarque;Incluido tránsito;3.920.044;690.308;117.643;772;118.415;0;341.763;762.834;5.833.364;;;
1989;A Coruña;Transbordo;Incluido tránsito;0;0;0;0;0;0;0;0;0;;;
1989;Alicante;Desembarque;Incluido tránsito;962.061;390.949;250.223;81.754;331.977;12.311;0;0;1.697.298;;;
1989;Alicante;Embarque;Incluido tránsito;5.447;420.821;159.328;270.029;429.357;0;42.090;0;897.715;;;
1989;Alicante;Transbordo;Incluido tránsito;0;0;0;0;0;0;0;0;0;;;
1989;Almería;Desembarque;Incluido tránsito;237.101;1.297.040;117.445;1.774;119.219;8.225;0;0;1.661.585;;;
1989;Almería;Embarque;Incluido tránsito;0;5.591.937;90.613;6.319;96.932;0;44.406;0;5.733.275;;;
1989;Almería;Transbordo;Incluido tránsito;0;0;0;0;0;0;0;0;0;;;
1989;Avilés;Desembarque;Incluido tránsito;304.478;946.639;395.428;0;395.428;16.830;0;0;1.663.375;;;
1989;Avilés;Embarque;Incluido tránsito;100.260;291.778;1.393.816;0;1.393.816;0;41.410;0;1.827.264;;;
1989;Avilés;Transbordo;Incluido tránsito;3.920;0;0;0;0;0;0;0;3.920;;;
1989;Bahía de Algeciras;Desembarque;Incluido tránsito;8.659.462;1.565.217;915.848;1.770.536;2.686.384;21.482;0;40.599;12.973.144;;;
1989;Bahía de Algeciras;Embarque;Incluido tránsito;7.826.340;16.494;1.277.041;1.735.095;3.012.136;0;905.116;699.353;12.459.439;;;
1989;Bahía de Algeciras;Transbordo;Incluido tránsito;0;0;1.549;0;1.549;0;0;0;1.549;;;
1989;Bahía de Cádiz;Desembarque;Incluido tránsito;161.814;328.559;410.189;207.219;617.408;34.215;0;10.607;1.152.603;;;
1989;Bahía de Cádiz;Embarque;Incluido tránsito;49.423;352.391;387.088;531.184;918.272;0;296.069;0;1.616.155;;;
1989;Bahía de Cádiz;Transbordo;Incluido tránsito;0;8.541;0;0;0;0;0;0;8.541;;;
1989;Baleares;Desembarque;Incluido tránsito;1.116.986;1.317.711;1.763.183;1.183.322;2.946.505;2.316;0;38.946;5.422.464;;;
1989;Baleares;Embarque;Incluido tránsito;0;102.680;787.159;339.987;1.127.146;0;243.790;16.153;1.489.769;;;
1989;Baleares;Transbordo;Incluido tránsito;0;0;0;0;0;0;0;0;0;;;
1989;Barcelona;Desembarque;Incluido tránsito;6.749.092;2.144.864;863.517;2.138.013;3.001.530;5.432;0;0;11.900.918;;;
1989;Barcelona;Embarque;Incluido tránsito;461.315;1.923.330;1.139.094;2.724.462;3.863.556;0;369.847;0;6.618.048;;;
1989;Barcelona;Transbordo;Incluido tránsito;0;0;0;0;0;0;0;0;0;;;
1989;Bilbao;Desembarque;Incluido tránsito;10.755.069;5.799.227;1.303.561;780.083;2.083.644;194;0;1.471.487;20.109.621;;;
1989;Bilbao;Embarque;Incluido tránsito;5.252.223;919.216;1.026.226;1.130.296;2.156.522;0;274.642;1.594.292;10.196.895;;;
1989;Bilbao;Transbordo;Incluido tránsito;0;0;0;0;0;0;0;0;0;;;
1989;C.A.G.P.;Desembarque;Incluido tránsito;628.918;2.191.654;98.731;0;98.731;2.650;0;0;2.921.953;;;
1989;C.A.G.P.;Embarque;Incluido tránsito;16.894;644.546;105.538;0;105.538;0;21.257;0;788.235;;;
1989;C.A.G.P.;Transbordo;Incluido tránsito;0;0;0;0;0;0;0;0;0;;;
1989;Cartagena;Desembarque;Incluido tránsito;5.477.367;1.189.504;311.475;39.702;351.177;795;0;0;7.018.843;;;
1989;Cartagena;Embarque;Incluido tránsito;3.017.131;453.709;197.170;208.225;405.395;0;88.986;211;3.965.432;;;
1989;Cartagena;Transbordo;Incluido tránsito;0;0;0;0;0;0;0;0;0;;;
1989;Castellón;Desembarque;Incluido tránsito;3.428.241;263.335;237.156;2.796;239.952;14.338;0;0;3.945.866;;;
1989;Castellón;Embarque;Incluido tránsito;2.274.843;93.618;227.549;31.179;258.728;0;29.759;0;2.656.948;;;
1989;Castellón;Transbordo;Incluido tránsito;0;0;0;0;0;0;0;0;0;;;
1989;Ceuta;Desembarque;Incluido tránsito;2.350.071;32.391;527.153;18.042;545.195;849;0;0;2.928.506;;;
1989;Ceuta;Embarque;Incluido tránsito;75.459;0;292.495;4.525;297.020;0;640.888;0;1.013.367;;;
1989;Ceuta;Transbordo;Incluido tránsito;0;0;0;0;0;0;0;0;0;;;
1989;Ferrol;Desembarque;Incluido tránsito;31.766;466.090;34.879;0;34.879;1.338;0;0;534.073;;;
1989;Ferrol;Embarque;Incluido tránsito;212;276.708;73.267;111;73.378;0;17.994;2.480;370.772;;;
1989;Ferrol;Transbordo;Incluido tránsito;0;0;0;0;0;0;0;0;0;;;
1989;Gijón;Desembarque;Incluido tránsito;1.213.447;9.585.646;111.431;6.255;117.686;4.246;0;253;10.921.278;;;
1989;Gijón;Embarque;Incluido tránsito;12.433;1.131.181;149.255;30.970;180.225;0;129.910;85.190;1.538.939;;;
1989;Gijón;Transbordo;Incluido tránsito;0;0;0;0;0;0;0;0;0;;;
1989;Huelva;Desembarque;Incluido tránsito;4.217.853;2.588.569;177.018;0;177.018;12.214;0;14.669;7.010.323;;;
1989;Huelva;Embarque;Incluido tránsito;1.776.696;1.225.773;335.908;0;335.908;0;84.274;14.669;3.437.320;;;
1989;Huelva;Transbordo;Incluido tránsito;0;0;0;0;0;0;0;0;0;;;
1989;Las Palmas;Desembarque;Incluido tránsito;2.812.721;831.419;1.019.587;1.330.880;2.350.467;114.185;0;0;6.108.792;;;
1989;Las Palmas;Embarque;Incluido tránsito;90.817;20.928;972.050;503.634;1.475.684;0;1.854.126;0;3.441.555;;;
1989;Las Palmas;Transbordo;Incluido tránsito;0;0;4.827;0;4.827;0;0;0;4.827;;;
1989;Marín y Ría de Pontevedra;Desembarque;Incluido tránsito;5.409;231.617;173.944;0;173.944;8.536;0;0;419.506;;;
1989;Marín y Ría de Pontevedra;Embarque;Incluido tránsito;0;20.215;164.924;0;164.924;0;66.283;0;251.422;;;
1989;Marín y Ría de Pontevedra;Transbordo;Incluido tránsito;0;0;0;0;0;0;0;0;0;;;
1989;Melilla;Desembarque;Incluido tránsito;31.704;10.112;224.237;37.993;262.230;87;0;0;304.133;;;
1989;Melilla;Embarque;Incluido tránsito;0;0;105.468;6.982;112.450;0;17.258;0;129.708;;;
1989;Melilla;Transbordo;Incluido tránsito;0;0;0;0;0;0;0;0;0;;;
1989;Málaga;Desembarque;Incluido tránsito;7.254.486;283.523;217.102;15.054;232.156;7.500;0;0;7.777.665;;;
1989;Málaga;Embarque;Incluido tránsito;27.201;243.995;217.229;25.635;242.864;0;78.928;4.500;597.488;;;
1989;Málaga;Transbordo;Incluido tránsito;0;0;0;0;0;0;0;0;0;;;
1989;Pasaia;Desembarque;Incluido tránsito;652.888;578.154;1.769.186;120.371;1.889.557;10.921;0;0;3.131.520;;;
1989;Pasaia;Embarque;Incluido tránsito;20.085;320.866;468.817;111.530;580.347;0;83.061;0;1.004.359;;;
1989;Pasaia;Transbordo;Incluido tránsito;0;0;0;0;0;0;0;0;0;;;
1989;Santa Cruz de Tenerife;Desembarque;Incluido tránsito;4.934.429;1.006.035;1.062.871;1.094.721;2.157.592;2.863;0;0;8.100.919;;;
1989;Santa Cruz de Tenerife;Embarque;Incluido tránsito;2.662.028;66.348;961.118;359.412;1.320.530;0;1.234.551;0;5.283.457;;;
1989;Santa Cruz de Tenerife;Transbordo;Incluido tránsito;0;2.350;2.977;0;2.977;0;0;0;5.327;;;
1989;Santander;Desembarque;Incluido tránsito;647.562;1.948.690;399.825;18.971;418.796;5.625;0;0;3.020.673;;;
1989;Santander;Embarque;Incluido tránsito;45.581;499.142;333.846;6.856;340.702;0;70.356;0;955.781;;;
1989;Santander;Transbordo;Incluido tránsito;0;0;0;0;0;0;0;0;0;;;
1989;Sevilla;Desembarque;Incluido tránsito;84.932;1.077.984;244.301;57.107;301.408;3.268;0;18.940;1.486.532;;;
1989;Sevilla;Embarque;Incluido tránsito;46.262;801.266;117.420;206.823;324.243;0;28.414;0;1.200.185;;;
1989;Sevilla;Transbordo;Incluido tránsito;0;0;0;0;0;0;0;0;0;;;
1989;Tarragona;Desembarque;Incluido tránsito;13.060.554;5.111.159;197.510;39.246;236.756;7.467;0;129.021;18.544.957;;;
1989;Tarragona;Embarque;Incluido tránsito;5.831.344;1.320.967;356.477;97.852;454.329;0;251.662;129.346;7.987.648;;;
1989;Tarragona;Transbordo;Incluido tránsito;0;0;0;0;0;0;0;0;0;;;
1989;Valencia;Desembarque;Incluido tránsito;1.701.653;1.831.235;1.638.929;1.572.293;3.211.222;3.951;0;0;6.748.061;;;
1989;Valencia;Embarque;Incluido tránsito;144.091;1.618.481;966.940;2.379.811;3.346.751;0;181.100;0;5.290.423;;;
1989;Valencia;Transbordo;Incluido tránsito;0;0;0;0;0;0;0;0;0;;;
1989;Vigo;Desembarque;Incluido tránsito;872.559;372.445;308.751;292.386;601.137;71.176;0;25.417;1.942.734;;;
1989;Vigo;Embarque;Incluido tránsito;0;0;532.670;251.259;783.929;0;237.471;63.942;1.085.342;;;
1989;Vigo;Transbordo;Incluido tránsito;0;0;0;0;0;0;0;0;0;;;
1989;Vilagarcía;Desembarque;Incluido tránsito;94.008;210.854;25.704;0;25.704;0;0;4.445;335.011;;;
1989;Vilagarcía;Embarque;Incluido tránsito;5.808;616;72.880;0;72.880;0;10.985;14.884;105.173;;;
1989;Vilagarcía;Transbordo;Incluido tránsito;0;0;0;0;0;0;0;0;0;;;
1990;A Coruña;Desembarque;Incluido tránsito;5.518.478;1.634.707;69.025;0;69.025;73.651;0;0;7.295.861;;;
1990;A Coruña;Embarque;Incluido tránsito;3.559.432;486.553;107.393;4.220;111.613;0;349.828;782.715;5.290.141;;;
1990;A Coruña;Transbordo;Incluido tránsito;0;0;0;0;0;0;0;0;0;;;
1990;Alicante;Desembarque;Incluido tránsito;1.065.965;501.276;255.029;98.186;353.215;18.631;0;0;1.939.087;;;
1990;Alicante;Embarque;Incluido tránsito;13.459;208.597;113.300;244.084;357.384;0;37.130;0;616.570;;;
1990;Alicante;Transbordo;Incluido tránsito;0;0;0;0;0;0;0;0;0;;;
1990;Almería;Desembarque;Incluido tránsito;231.831;1.234.569;187.893;2.333;190.226;10.280;0;0;1.666.906;;;
1990;Almería;Embarque;Incluido tránsito;0;4.948.783;105.528;9.609;115.137;0;72.234;0;5.136.154;;;
1990;Almería;Transbordo;Incluido tránsito;0;0;0;0;0;0;0;0;0;;;
1990;Avilés;Desembarque;Incluido tránsito;417.592;962.645;306.854;0;306.854;19.017;0;0;1.706.108;;;
1990;Avilés;Embarque;Incluido tránsito;134.126;386.171;1.538.816;0;1.538.816;0;55.538;0;2.114.651;;;
1990;Avilés;Transbordo;Incluido tránsito;2.401;0;0;0;0;0;0;0;2.401;;;
1990;Bahía de Algeciras;Desembarque;Incluido tránsito;9.222.114;1.514.828;873.292;2.433.854;3.307.146;17.503;0;22.999;14.084.590;;;
1990;Bahía de Algeciras;Embarque;Incluido tránsito;6.496.223;30.561;1.138.546;2.486.323;3.624.869;0;990.552;768.180;11.910.385;;;
1990;Bahía de Algeciras;Transbordo;Incluido tránsito;342.428;0;0;0;0;0;0;0;342.428;;;
1990;Bahía de Cádiz;Desembarque;Incluido tránsito;208.959;393.481;563.225;196.531;759.756;34.150;0;7.696;1.404.042;;;
1990;Bahía de Cádiz;Embarque;Incluido tránsito;41.346;392.348;495.908;527.603;1.023.511;0;222.752;51.665;1.731.622;;;
1990;Bahía de Cádiz;Transbordo;Incluido tránsito;0;0;200;0;200;0;0;0;200;;;
1990;Baleares;Desembarque;Incluido tránsito;1.098.939;1.116.948;1.695.566;1.056.009;2.751.575;2.222;0;46.106;5.015.790;;;
1990;Baleares;Embarque;Incluido tránsito;0;122.411;717.525;314.759;1.032.284;0;202.959;15.168;1.372.822;;;
1990;Baleares;Transbordo;Incluido tránsito;0;0;0;0;0;0;0;0;0;;;
1990;Barcelona;Desembarque;Incluido tránsito;6.990.618;2.854.700;685.555;2.131.429;2.816.984;5.588;0;0;12.667.890;;;
1990;Barcelona;Embarque;Incluido tránsito;447.406;1.293.053;1.180.928;2.446.050;3.626.978;0;385.453;0;5.752.890;;;
1990;Barcelona;Transbordo;Incluido tránsito;0;0;0;0;0;0;0;0;0;;;
1990;Bilbao;Desembarque;Incluido tránsito;10.057.719;5.650.660;1.391.057;886.666;2.277.723;181;0;2.270.795;20.257.078;;;
1990;Bilbao;Embarque;Incluido tránsito;4.355.629;765.469;996.236;1.102.023;2.098.259;0;211.940;2.377.909;9.809.206;;;
1990;Bilbao;Transbordo;Incluido tránsito;0;0;0;0;0;0;0;0;0;;;
1990;C.A.G.P.;Desembarque;Incluido tránsito;691.998;2.532.216;212.161;0;212.161;2.670;0;0;3.439.045;;;
1990;C.A.G.P.;Embarque;Incluido tránsito;49.747;703.131;121.768;0;121.768;0;25.796;0;900.442;;;
1990;C.A.G.P.;Transbordo;Incluido tránsito;0;0;0;0;0;0;0;0;0;;;
1990;Cartagena;Desembarque;Incluido tránsito;6.928.790;902.084;598.343;26.417;624.760;685;0;0;8.456.319;;;
1990;Cartagena;Embarque;Incluido tránsito;4.316.335;387.237;303.787;220.969;524.756;0;109.576;167;5.338.071;;;
1990;Cartagena;Transbordo;Incluido tránsito;0;0;0;0;0;0;0;0;0;;;
1990;Castellón;Desembarque;Incluido tránsito;4.122.767;338.074;219.238;8.249;227.487;13.751;0;0;4.702.079;;;
1990;Castellón;Embarque;Incluido tránsito;2.810.222;96.552;213.626;36.092;249.718;0;36.597;0;3.193.089;;;
1990;Castellón;Transbordo;Incluido tránsito;0;0;0;0;0;0;0;0;0;;;
1990;Ceuta;Desembarque;Incluido tránsito;1.762.992;38.683;550.716;20.321;571.037;867;0;0;2.373.579;;;
1990;Ceuta;Embarque;Incluido tránsito;135.364;1;309.804;243;310.047;0;770.515;0;1.215.927;;;
1990;Ceuta;Transbordo;Incluido tránsito;0;0;6.482;0;6.482;0;0;0;6.482;;;
1990;Ferrol;Desembarque;Incluido tránsito;42.832;807.211;102.706;0;102.706;1.097;0;0;953.846;;;
1990;Ferrol;Embarque;Incluido tránsito;2.845;166.570;120.454;0;120.454;0;33.511;535;323.915;;;
1990;Ferrol;Transbordo;Incluido tránsito;0;0;0;0;0;0;0;0;0;;;
1990;Gijón;Desembarque;Incluido tránsito;1.219.705;9.157.047;72.598;7.915;80.513;4.750;0;0;10.462.015;;;
1990;Gijón;Embarque;Incluido tránsito;24.269;922.229;112.690;53.298;165.988;0;134.655;91.596;1.338.737;;;
1990;Gijón;Transbordo;Incluido tránsito;0;0;0;0;0;0;0;0;0;;;
1990;Huelva;Desembarque;Incluido tránsito;4.339.353;2.475.327;72.383;0;72.383;11.134;0;5.861;6.904.058;;;
1990;Huelva;Embarque;Incluido tránsito;1.921.908;890.992;307.079;4;307.083;0;68.437;9.626;3.198.046;;;
1990;Huelva;Transbordo;Incluido tránsito;2.059;0;0;0;0;0;0;0;2.059;;;
1990;Las Palmas;Desembarque;Incluido tránsito;2.672.051;660.633;1.038.571;1.389.458;2.428.029;174.351;0;0;5.935.064;;;
1990;Las Palmas;Embarque;Incluido tránsito;66.981;46.389;875.362;635.890;1.511.252;0;1.879.951;0;3.504.573;;;
1990;Las Palmas;Transbordo;Incluido tránsito;40.001;0;81.710;0;81.710;0;0;0;121.711;;;
1990;Marín y Ría de Pontevedra;Desembarque;Incluido tránsito;18.915;300.607;70.096;244;70.340;10.041;0;0;399.903;;;
1990;Marín y Ría de Pontevedra;Embarque;Incluido tránsito;0;21.515;116.851;4.923;121.774;0;72.331;0;215.620;;;
1990;Marín y Ría de Pontevedra;Transbordo;Incluido tránsito;0;0;0;0;0;0;0;0;0;;;
1990;Melilla;Desembarque;Incluido tránsito;34.891;14.215;243.560;34.784;278.344;24;0;0;327.474;;;
1990;Melilla;Embarque;Incluido tránsito;0;0;123.552;6.557;130.109;0;12.790;0;142.899;;;
1990;Melilla;Transbordo;Incluido tránsito;0;0;0;0;0;0;0;0;0;;;
1990;Málaga;Desembarque;Incluido tránsito;7.506.588;683.728;267.479;12.458;279.937;6.350;0;0;8.476.603;;;
1990;Málaga;Embarque;Incluido tránsito;132.393;250.080;266.332;22.006;288.338;0;94.525;0;765.336;;;
1990;Málaga;Transbordo;Incluido tránsito;0;0;0;0;0;0;0;0;0;;;
1990;Pasaia;Desembarque;Incluido tránsito;564.613;572.726;1.656.392;94.285;1.750.677;12.790;0;0;2.900.806;;;
1990;Pasaia;Embarque;Incluido tránsito;18.252;251.633;509.859;68.830;578.689;0;73.008;0;921.582;;;
1990;Pasaia;Transbordo;Incluido tránsito;0;0;0;0;0;0;0;0;0;;;
1990;Santa Cruz de Tenerife;Desembarque;Incluido tránsito;5.010.375;891.665;993.028;1.056.611;2.049.639;3.935;0;0;7.955.614;;;
1990;Santa Cruz de Tenerife;Embarque;Incluido tránsito;2.600.603;73.357;992.763;367.363;1.360.126;0;1.168.059;0;5.202.145;;;
1990;Santa Cruz de Tenerife;Transbordo;Incluido tránsito;38.894;0;1.347;0;1.347;0;0;0;40.241;;;
1990;Santander;Desembarque;Incluido tránsito;634.437;2.243.168;441.886;1.659;443.545;6.338;0;0;3.327.488;;;
1990;Santander;Embarque;Incluido tránsito;55.965;375.498;327.288;2.471;329.759;0;52.366;0;813.588;;;
1990;Santander;Transbordo;Incluido tránsito;0;0;0;0;0;0;0;0;0;;;
1990;Sevilla;Desembarque;Incluido tránsito;69.101;1.390.915;292.524;71.008;363.532;3.501;0;0;1.827.049;;;
1990;Sevilla;Embarque;Incluido tránsito;106.986;731.864;161.280;212.298;373.578;0;30.801;0;1.243.229;;;
1990;Sevilla;Transbordo;Incluido tránsito;0;0;0;0;0;0;0;0;0;;;
1990;Tarragona;Desembarque;Incluido tránsito;11.578.854;5.629.378;170.467;50.907;221.374;4.752;0;170.271;17.604.629;;;
1990;Tarragona;Embarque;Incluido tránsito;5.488.236;931.836;293.886;100.809;394.695;0;236.273;170.760;7.221.800;;;
1990;Tarragona;Transbordo;Incluido tránsito;0;0;0;0;0;0;0;0;0;;;
1990;Valencia;Desembarque;Incluido tránsito;1.797.832;2.070.907;1.567.415;1.645.590;3.213.005;3.990;0;0;7.085.734;;;
1990;Valencia;Embarque;Incluido tránsito;314.843;1.265.318;1.025.650;2.288.390;3.314.040;0;192.311;0;5.086.512;;;
1990;Valencia;Transbordo;Incluido tránsito;0;0;0;0;0;0;0;0;0;;;
1990;Vigo;Desembarque;Incluido tránsito;887.893;424.303;311.019;296.665;607.684;69.593;0;20.953;2.010.426;;;
1990;Vigo;Embarque;Incluido tránsito;0;0;542.177;232.337;774.514;0;256.440;76.541;1.107.495;;;
1990;Vigo;Transbordo;Incluido tránsito;137;0;291;0;291;0;0;0;428;;;
1990;Vilagarcía;Desembarque;Incluido tránsito;108.524;220.223;26.789;0;26.789;4.766;0;0;360.302;;;
1990;Vilagarcía;Embarque;Incluido tránsito;6.897;0;52.696;0;52.696;0;12.044;10.010;81.647;;;
1990;Vilagarcía;Transbordo;Incluido tránsito;0;0;0;0;0;0;0;0;0;;;
1991;A Coruña;Desembarque;Incluido tránsito;5.647.310;1.912.467;66.153;1.534;67.687;63.932;0;0;7.691.396;;;
1991;A Coruña;Embarque;Incluido tránsito;3.510.114;269.370;103.678;1.545;105.223;0;406.184;863.890;5.154.781;;;
1991;A Coruña;Transbordo;Incluido tránsito;0;0;0;0;0;0;0;0;0;;;
1991;Alicante;Desembarque;Incluido tránsito;1.140.943;448.094;208.197;104.262;312.459;18.363;0;0;1.919.859;;;
1991;Alicante;Embarque;Incluido tránsito;18.940;233.296;116.116;276.121;392.237;0;32.803;0;677.276;;;
1991;Alicante;Transbordo;Incluido tránsito;0;0;0;0;0;0;0;0;0;;;
1991;Almería;Desembarque;Incluido tránsito;66.965;1.794.275;74.561;2.646;77.207;12.318;0;0;1.950.765;;;
1991;Almería;Embarque;Incluido tránsito;0;5.552.375;107.541;10.478;118.019;0;45.754;0;5.716.148;;;
1991;Almería;Transbordo;Incluido tránsito;0;0;0;0;0;0;0;0;0;;;
1991;Avilés;Desembarque;Incluido tránsito;424.822;1.098.928;254.692;0;254.692;16.164;0;0;1.794.606;;;
1991;Avilés;Embarque;Incluido tránsito;173.201;268.776;1.650.419;0;1.650.419;0;46.914;0;2.139.310;;;
1991;Avilés;Transbordo;Incluido tránsito;1.770;0;0;0;0;0;0;0;1.770;;;
1991;Bahía de Algeciras;Desembarque;Incluido tránsito;10.125.110;1.698.862;987.246;3.256.614;4.243.860;17.069;0;40.795;16.125.696;;;
1991;Bahía de Algeciras;Embarque;Incluido tránsito;6.942.555;22.438;1.586.182;3.330.912;4.917.094;0;913.816;657.903;13.453.806;;;
1991;Bahía de Algeciras;Transbordo;Incluido tránsito;57.948;0;0;0;0;0;0;0;57.948;;;
1991;Bahía de Cádiz;Desembarque;Incluido tránsito;256.345;394.215;566.988;197.266;764.254;31.959;0;8.025;1.454.798;;;
1991;Bahía de Cádiz;Embarque;Incluido tránsito;32.267;338.216;577.937;461.502;1.039.439;0;259.844;55.599;1.725.365;;;
1991;Bahía de Cádiz;Transbordo;Incluido tránsito;0;0;1.046;0;1.046;0;0;0;1.046;;;
1991;Baleares;Desembarque;Incluido tránsito;1.265.080;1.015.557;1.857.856;897.277;2.755.133;2.746;0;0;5.038.516;;;
1991;Baleares;Embarque;Incluido tránsito;0;33.968;933.151;263.047;1.196.198;0;83.959;0;1.314.125;;;
1991;Baleares;Transbordo;Incluido tránsito;0;0;0;0;0;0;0;0;0;;;
1991;Barcelona;Desembarque;Incluido tránsito;7.208.835;2.861.850;449.137;2.539.148;2.988.285;5.896;0;0;13.064.866;;;
1991;Barcelona;Embarque;Incluido tránsito;417.340;1.075.235;1.299.532;2.461.670;3.761.202;0;404.235;0;5.658.012;;;
1991;Barcelona;Transbordo;Incluido tránsito;0;0;0;0;0;0;0;0;0;;;
1991;Bilbao;Desembarque;Incluido tránsito;11.085.415;5.612.621;1.292.281;902.906;2.195.187;137;0;2.491.765;21.385.125;;;
1991;Bilbao;Embarque;Incluido tránsito;5.216.279;820.270;1.296.328;1.154.371;2.450.699;0;218.030;2.584.560;11.289.838;;;
1991;Bilbao;Transbordo;Incluido tránsito;0;0;0;0;0;0;0;0;0;;;
1991;C.A.G.P.;Desembarque;Incluido tránsito;874.543;2.447.463;245.437;0;245.437;2.251;0;0;3.569.694;;;
1991;C.A.G.P.;Embarque;Incluido tránsito;71.382;729.663;159.144;0;159.144;0;27.515;0;987.704;;;
1991;C.A.G.P.;Transbordo;Incluido tránsito;0;0;0;0;0;0;0;0;0;;;
1991;Cartagena;Desembarque;Incluido tránsito;6.853.612;1.382.450;204.676;21.165;225.841;2.140;0;1.783;8.465.826;;;
1991;Cartagena;Embarque;Incluido tránsito;4.646.057;323.017;102.036;196.286;298.322;0;117.044;17.296;5.401.736;;;
1991;Cartagena;Transbordo;Incluido tránsito;0;0;0;0;0;0;0;0;0;;;
1991;Castellón;Desembarque;Incluido tránsito;3.976.672;247.323;102.698;6.833;109.531;15.084;0;0;4.348.610;;;
1991;Castellón;Embarque;Incluido tránsito;2.553.024;59.496;241.081;53.607;294.688;0;32.323;0;2.939.531;;;
1991;Castellón;Transbordo;Incluido tránsito;0;0;0;0;0;0;0;0;0;;;
1991;Ceuta;Desembarque;Incluido tránsito;2.979.636;41.291;582.321;19.634;601.955;737;0;0;3.623.619;;;
1991;Ceuta;Embarque;Incluido tránsito;230.357;371;335.453;3.342;338.795;0;639.701;0;1.209.224;;;
1991;Ceuta;Transbordo;Incluido tránsito;0;458;39.875;0;39.875;0;0;0;40.333;;;
1991;Ferrol;Desembarque;Incluido tránsito;26.124;1.228.895;69.516;0;69.516;1.351;0;0;1.325.886;;;
1991;Ferrol;Embarque;Incluido tránsito;2.879;50.420;125.624;0;125.624;0;29.185;1.204;209.312;;;
1991;Ferrol;Transbordo;Incluido tránsito;0;0;0;0;0;0;0;0;0;;;
1991;Gijón;Desembarque;Incluido tránsito;1.428.259;10.231.395;52.065;7.963;60.028;3.445;0;0;11.723.127;;;
1991;Gijón;Embarque;Incluido tránsito;25.085;974.051;140.337;51.339;191.676;0;150.036;97.304;1.438.152;;;
1991;Gijón;Transbordo;Incluido tránsito;0;0;0;0;0;0;0;0;0;;;
1991;Huelva;Desembarque;Incluido tránsito;4.332.096;2.458.919;64.048;0;64.048;10.275;0;0;6.865.338;;;
1991;Huelva;Embarque;Incluido tránsito;1.400.181;776.493;299.298;0;299.298;0;65.634;0;2.541.606;;;
1991;Huelva;Transbordo;Incluido tránsito;0;0;0;0;0;0;0;0;0;;;
1991;Las Palmas;Desembarque;Incluido tránsito;2.774.972;637.223;956.837;1.466.840;2.423.677;110.571;0;0;5.946.443;;;
1991;Las Palmas;Embarque;Incluido tránsito;72.912;47.155;803.133;654.682;1.457.815;0;1.672.684;0;3.250.566;;;
1991;Las Palmas;Transbordo;Incluido tránsito;150;0;43.085;0;43.085;0;0;0;43.235;;;
1991;Marín y Ría de Pontevedra;Desembarque;Incluido tránsito;12.149;331.317;116.716;0;116.716;10.472;0;0;470.654;;;
1991;Marín y Ría de Pontevedra;Embarque;Incluido tránsito;0;17.775;125.955;3.220;129.175;0;68.533;0;215.483;;;
1991;Marín y Ría de Pontevedra;Transbordo;Incluido tránsito;0;0;3.345;0;3.345;0;0;0;3.345;;;
1991;Melilla;Desembarque;Incluido tránsito;39.859;14.428;292.521;44.965;337.486;12;0;0;391.785;;;
1991;Melilla;Embarque;Incluido tránsito;0;0;136.445;8.817;145.262;0;13.444;0;158.706;;;
1991;Melilla;Transbordo;Incluido tránsito;0;0;0;0;0;0;0;0;0;;;
1991;Málaga;Desembarque;Incluido tránsito;7.385.547;815.237;269.373;7.774;277.147;8.402;0;0;8.486.333;;;
1991;Málaga;Embarque;Incluido tránsito;153.449;147.163;262.318;25.888;288.206;0;92.504;19;681.341;;;
1991;Málaga;Transbordo;Incluido tránsito;0;0;116;0;116;0;0;0;116;;;
1991;Pasaia;Desembarque;Incluido tránsito;593.547;1.609.621;543.241;119.009;662.250;10.258;0;0;2.875.676;;;
1991;Pasaia;Embarque;Incluido tránsito;4.599;200.624;700.499;115.687;816.186;0;81.630;0;1.103.039;;;
1991;Pasaia;Transbordo;Incluido tránsito;0;0;0;0;0;0;0;0;0;;;
1991;Santa Cruz de Tenerife;Desembarque;Incluido tránsito;5.063.537;933.342;958.953;1.144.895;2.103.848;3.845;0;0;8.104.572;;;
1991;Santa Cruz de Tenerife;Embarque;Incluido tránsito;2.622.188;97.282;949.990;443.341;1.393.331;0;1.095.797;0;5.208.598;;;
1991;Santa Cruz de Tenerife;Transbordo;Incluido tránsito;0;0;409;0;409;0;0;0;409;;;
1991;Santander;Desembarque;Incluido tránsito;792.315;2.353.570;396.259;1.090;397.349;5.640;0;0;3.548.874;;;
1991;Santander;Embarque;Incluido tránsito;24.457;388.411;269.655;1.613;271.268;0;55.133;0;739.269;;;
1991;Santander;Transbordo;Incluido tránsito;0;0;0;0;0;0;0;0;0;;;
1991;Sevilla;Desembarque;Incluido tránsito;102.011;1.770.480;231.363;92.147;323.510;3.237;0;0;2.199.238;;;
1991;Sevilla;Embarque;Incluido tránsito;12.447;849.923;105.018;198.943;303.961;0;28.971;0;1.195.302;;;
1991;Sevilla;Transbordo;Incluido tránsito;0;0;0;0;0;0;0;0;0;;;
1991;Tarragona;Desembarque;Incluido tránsito;10.956.902;6.469.903;111.664;59.440;171.104;7.294;0;181.550;17.786.753;;;
1991;Tarragona;Embarque;Incluido tránsito;4.701.803;992.967;259.740;174.790;434.530;0;245.830;182.075;6.557.205;;;
1991;Tarragona;Transbordo;Incluido tránsito;0;0;0;0;0;0;0;0;0;;;
1991;Valencia;Desembarque;Incluido tránsito;1.689.916;2.247.274;1.734.841;1.592.960;3.327.801;3.438;0;0;7.268.429;;;
1991;Valencia;Embarque;Incluido tránsito;397.336;942.855;928.823;2.256.777;3.185.600;0;225.523;0;4.751.314;;;
1991;Valencia;Transbordo;Incluido tránsito;0;0;0;0;0;0;0;0;0;;;
1991;Vigo;Desembarque;Incluido tránsito;891.656;444.043;337.370;336.130;673.500;76.873;0;17.035;2.103.107;;;
1991;Vigo;Embarque;Incluido tránsito;0;3.209;572.949;256.948;829.897;0;282.189;83.221;1.198.516;;;
1991;Vigo;Transbordo;Incluido tránsito;0;0;2.487;0;2.487;0;0;0;2.487;;;
1991;Vilagarcía;Desembarque;Incluido tránsito;105.477;231.938;26.430;0;26.430;5.406;0;0;369.251;;;
1991;Vilagarcía;Embarque;Incluido tránsito;7.139;0;34.637;0;34.637;0;10.563;5.511;57.850;;;
1991;Vilagarcía;Transbordo;Incluido tránsito;0;0;0;0;0;0;0;0;0;;;
1992;A Coruña;Desembarque;Incluido tránsito;6.263.639;2.027.761;91.831;0;91.831;59.987;0;0;8.443.218;;;
1992;A Coruña;Embarque;Incluido tránsito;3.770.794;369.383;74.725;0;74.725;0;313.052;291.204;4.819.158;;;
1992;A Coruña;Transbordo;Incluido tránsito;0;0;0;0;0;0;0;0;0;;;
1992;Alicante;Desembarque;Incluido tránsito;1.085.348;652.094;97.312;153.700;251.012;16.080;0;0;2.004.534;;;
1992;Alicante;Embarque;Incluido tránsito;18.871;306.648;86.991;269.896;356.887;0;33.397;0;715.803;;;
1992;Alicante;Transbordo;Incluido tránsito;0;0;0;0;0;0;0;0;0;;;
1992;Almería;Desembarque;Incluido tránsito;30.550;2.056.315;90.853;1.759;92.612;11.690;0;0;2.191.167;;;
1992;Almería;Embarque;Incluido tránsito;10.801;4.742.164;129.691;9.403;139.094;0;35.358;0;4.927.417;;;
1992;Almería;Transbordo;Incluido tránsito;0;0;0;0;0;0;0;0;0;;;
1992;Avilés;Desembarque;Incluido tránsito;287.299;849.230;331.182;0;331.182;14.800;0;0;1.482.511;;;
1992;Avilés;Embarque;Incluido tránsito;332.782;295.905;1.521.522;0;1.521.522;0;50.100;0;2.200.309;;;
1992;Avilés;Transbordo;Incluido tránsito;0;0;0;0;0;0;0;0;0;;;
1992;Bahía de Algeciras;Desembarque;Incluido tránsito;10.039.029;2.034.485;1.069.431;3.353.436;4.422.867;19.645;0;30.221;16.546.247;;;
1992;Bahía de Algeciras;Embarque;Incluido tránsito;6.856.260;16.899;1.416.154;3.515.954;4.932.108;0;1.122.838;551.763;13.479.868;;;
1992;Bahía de Algeciras;Transbordo;Incluido tránsito;1.550;0;0;0;0;0;0;0;1.550;;;
1992;Bahía de Cádiz;Desembarque;Incluido tránsito;250.426;258.611;517.454;202.794;720.248;31.011;0;5.311;1.265.607;;;
1992;Bahía de Cádiz;Embarque;Incluido tránsito;25.177;357.387;695.694;485.706;1.181.400;0;213.801;35.528;1.813.293;;;
1992;Bahía de Cádiz;Transbordo;Incluido tránsito;0;1.412;0;0;0;0;0;0;1.412;;;
1992;Baleares;Desembarque;Incluido tránsito;1.157.002;1.091.176;1.511.570;906.220;2.417.790;3.155;0;0;4.669.123;;;
1992;Baleares;Embarque;Incluido tránsito;0;80.627;667.539;247.800;915.339;0;76.278;0;1.072.244;;;
1992;Baleares;Transbordo;Incluido tránsito;0;0;0;0;0;0;0;0;0;;;
1992;Barcelona;Desembarque;Incluido tránsito;7.139.647;2.525.287;641.771;2.701.542;3.343.313;6.366;0;0;13.014.613;;;
1992;Barcelona;Embarque;Incluido tránsito;388.473;683.624;1.257.658;2.999.923;4.257.581;0;485.412;0;5.815.090;;;
1992;Barcelona;Transbordo;Incluido tránsito;0;0;0;0;0;0;0;0;0;;;
1992;Bilbao;Desembarque;Incluido tránsito;10.587.618;5.070.884;1.404.065;910.945;2.315.010;134;0;2.391.110;20.364.756;;;
1992;Bilbao;Embarque;Incluido tránsito;4.432.710;807.194;1.080.712;1.223.324;2.304.036;0;201.229;2.450.436;10.195.605;;;
1992;Bilbao;Transbordo;Incluido tránsito;0;0;0;0;0;0;0;0;0;;;
1992;Cartagena;Desembarque;Incluido tránsito;6.227.026;1.439.346;88.250;22.007;110.257;3.108;0;0;7.779.737;;;
1992;Cartagena;Embarque;Incluido tránsito;3.680.100;293.286;73.472;176.159;249.631;0;107.218;20;4.330.255;;;
1992;Cartagena;Transbordo;Incluido tránsito;0;0;0;0;0;0;0;0;0;;;
1992;Castellón;Desembarque;Incluido tránsito;4.496.311;389.977;65.142;13.805;78.947;14.233;0;0;4.979.468;;;
1992;Castellón;Embarque;Incluido tránsito;1.852.353;98.823;220.490;123.531;344.021;0;24.638;0;2.319.835;;;
1992;Castellón;Transbordo;Incluido tránsito;0;0;0;0;0;0;0;0;0;;;
1992;Ceuta;Desembarque;Incluido tránsito;2.494.425;49.422;587.717;26.082;613.799;486;0;0;3.158.132;;;
1992;Ceuta;Embarque;Incluido tránsito;262.515;62;329.815;4.486;334.301;0;684.288;0;1.281.166;;;
1992;Ceuta;Transbordo;Incluido tránsito;0;0;0;0;0;0;0;0;0;;;
1992;Ferrol-San Cibrao;Desembarque;Incluido tránsito;260.225;3.551.642;116.248;0;116.248;1.205;0;0;3.929.320;;;
1992;Ferrol-San Cibrao;Embarque;Incluido tránsito;11.364;658.435;227.589;1.037;228.626;0;25.667;195;924.287;;;
1992;Ferrol-San Cibrao;Transbordo;Incluido tránsito;0;0;217;0;217;0;0;0;217;;;
1992;Gijón;Desembarque;Incluido tránsito;1.379.226;9.928.925;48.162;8.266;56.428;5.081;0;0;11.369.660;;;
1992;Gijón;Embarque;Incluido tránsito;43.179;886.513;146.702;50.870;197.572;0;106.933;72.450;1.306.647;;;
1992;Gijón;Transbordo;Incluido tránsito;0;0;0;0;0;0;0;0;0;;;
1992;Huelva;Desembarque;Incluido tránsito;5.279.510;2.365.457;45.984;0;45.984;12.019;0;0;7.702.970;;;
1992;Huelva;Embarque;Incluido tránsito;1.877.830;689.612;336.195;0;336.195;0;62.944;0;2.966.581;;;
1992;Huelva;Transbordo;Incluido tránsito;0;0;0;0;0;0;0;0;0;;;
1992;Las Palmas;Desembarque;Incluido tránsito;2.930.377;631.267;965.346;1.605.252;2.570.598;60.549;0;0;6.192.791;;;
1992;Las Palmas;Embarque;Incluido tránsito;93.525;64.042;858.825;698.387;1.557.212;0;1.610.080;0;3.324.859;;;
1992;Las Palmas;Transbordo;Incluido tránsito;0;22;51.198;0;51.198;0;0;0;51.220;;;
1992;Marín y Ría de Pontevedra;Desembarque;Incluido tránsito;14.079;370.195;166.032;0;166.032;8.293;0;0;558.599;;;
1992;Marín y Ría de Pontevedra;Embarque;Incluido tránsito;960;23.980;181.049;0;181.049;0;62.497;0;268.486;;;
1992;Marín y Ría de Pontevedra;Transbordo;Incluido tránsito;0;0;1.007;0;1.007;0;0;0;1.007;;;
1992;Melilla;Desembarque;Incluido tránsito;44.788;28.597;326.273;67.159;393.432;7;0;0;466.824;;;
1992;Melilla;Embarque;Incluido tránsito;0;0;148.552;11.403;159.955;0;15.993;0;175.948;;;
1992;Melilla;Transbordo;Incluido tránsito;0;0;0;0;0;0;0;0;0;;;
1992;Motril;Desembarque;Incluido tránsito;681.149;354.417;183.790;0;183.790;2.438;0;0;1.221.794;;;
1992;Motril;Embarque;Incluido tránsito;16.839;103.140;92.700;0;92.700;0;25.125;0;237.804;;;
1992;Motril;Transbordo;Incluido tránsito;0;0;0;0;0;0;0;0;0;;;
1992;Málaga;Desembarque;Incluido tránsito;7.507.113;875.644;173.350;4.751;178.101;9.336;0;0;8.570.194;;;
1992;Málaga;Embarque;Incluido tránsito;34.408;204.196;337.684;30.278;367.962;0;89.929;0;696.495;;;
1992;Málaga;Transbordo;Incluido tránsito;0;0;0;0;0;0;0;0;0;;;
1992;Pasaia;Desembarque;Incluido tránsito;630.624;1.921.102;490.912;1.782;492.694;10.181;0;0;3.054.601;;;
1992;Pasaia;Embarque;Incluido tránsito;3.060;190.441;807.323;1.054;808.377;0;81.618;0;1.083.496;;;
1992;Pasaia;Transbordo;Incluido tránsito;0;0;0;0;0;0;0;0;0;;;
1992;Santa Cruz de Tenerife;Desembarque;Incluido tránsito;4.599.459;891.293;957.949;1.208.576;2.166.525;4.087;0;0;7.661.364;;;
1992;Santa Cruz de Tenerife;Embarque;Incluido tránsito;2.371.960;96.210;1.003.225;499.976;1.503.201;0;989.530;0;4.960.901;;;
1992;Santa Cruz de Tenerife;Transbordo;Incluido tránsito;0;8.400;929;0;929;0;0;0;9.329;;;
1992;Santander;Desembarque;Incluido tránsito;588.302;2.031.684;406.349;3.772;410.121;6.440;0;0;3.036.547;;;
1992;Santander;Embarque;Incluido tránsito;22.769;423.737;270.831;648;271.479;0;58.178;0;776.163;;;
1992;Santander;Transbordo;Incluido tránsito;0;0;0;0;0;0;0;0;0;;;
1992;Sevilla;Desembarque;Incluido tránsito;136.905;1.750.586;123.034;85.769;208.803;2.661;0;0;2.098.955;;;
1992;Sevilla;Embarque;Incluido tránsito;23.649;854.239;97.664;205.179;302.843;0;44.287;0;1.225.018;;;
1992;Sevilla;Transbordo;Incluido tránsito;0;0;0;0;0;0;0;0;0;;;
1992;Tarragona;Desembarque;Incluido tránsito;12.061.679;6.221.543;111.221;61.729;172.950;9.732;0;0;18.465.904;;;
1992;Tarragona;Embarque;Incluido tránsito;4.792.955;889.611;215.008;244.531;459.539;0;293.246;0;6.435.351;;;
1992;Tarragona;Transbordo;Incluido tránsito;0;0;0;0;0;0;0;0;0;;;
1992;Valencia;Desembarque;Incluido tránsito;907.369;2.186.601;1.768.878;1.640.915;3.409.793;5.216;0;0;6.508.979;;;
1992;Valencia;Embarque;Incluido tránsito;275.535;1.166.312;874.185;2.377.479;3.251.664;0;182.088;0;4.875.599;;;
1992;Valencia;Transbordo;Incluido tránsito;0;0;0;0;0;0;0;0;0;;;
1992;Vigo;Desembarque;Incluido tránsito;865.364;445.342;395.610;366.186;761.796;85.143;0;16.101;2.173.746;;;
1992;Vigo;Embarque;Incluido tránsito;5.732;0;556.548;287.004;843.552;0;254.561;72.826;1.176.671;;;
1992;Vigo;Transbordo;Incluido tránsito;0;0;633;0;633;0;0;0;633;;;
1992;Vilagarcía;Desembarque;Incluido tránsito;100.819;283.381;55.688;0;55.688;3.702;0;0;443.590;;;
1992;Vilagarcía;Embarque;Incluido tránsito;5.698;0;22.148;0;22.148;0;10.375;57.646;95.867;;;
1992;Vilagarcía;Transbordo;Incluido tránsito;0;0;0;0;0;0;0;0;0;;;
1993;A Coruña;Desembarque;Incluido tránsito;5.436.127;2.115.367;83.142;0;83.142;63.657;0;0;7.698.293;;;
1993;A Coruña;Embarque;Incluido tránsito;2.960.754;385.533;122.614;0;122.614;0;305.948;275.161;4.050.010;;;
1993;A Coruña;Transbordo;Incluido tránsito;9.000;0;0;0;0;0;0;0;9.000;;;
1993;Alicante;Desembarque;Incluido tránsito;307.018;633.004;63.993;129.535;193.528;16.382;0;0;1.149.932;;;
1993;Alicante;Embarque;Incluido tránsito;14.479;569.270;65.336;277.436;342.772;0;28.445;0;954.966;;;
1993;Alicante;Transbordo;Incluido tránsito;0;8.937;0;0;0;0;0;0;8.937;;;
1993;Almería;Desembarque;Incluido tránsito;4.053;1.945.459;113.713;794;114.507;9.785;0;0;2.073.804;;;
1993;Almería;Embarque;Incluido tránsito;748;4.743.127;164.512;9.152;173.664;0;49.080;0;4.966.619;;;
1993;Almería;Transbordo;Incluido tránsito;0;0;0;0;0;0;0;0;0;;;
1993;Avilés;Desembarque;Incluido tránsito;322.381;871.760;128.473;0;128.473;11.512;0;0;1.334.126;;;
1993;Avilés;Embarque;Incluido tránsito;346.562;142.789;1.577.582;363;1.577.945;0;45.045;0;2.112.341;;;
1993;Avilés;Transbordo;Incluido tránsito;0;0;0;0;0;0;0;0;0;;;
1993;Bahía de Algeciras;Desembarque;Incluido tránsito;9.370.178;1.819.288;1.146.800;3.886.157;5.032.957;18.012;0;0;16.240.435;;;
1993;Bahía de Algeciras;Embarque;Incluido tránsito;5.353.580;15.655;2.024.824;4.214.002;6.238.826;0;1.317.922;832.798;13.758.781;;;
1993;Bahía de Algeciras;Transbordo;Incluido tránsito;0;0;236;0;236;0;0;0;236;;;
1993;Bahía de Cádiz;Desembarque;Incluido tránsito;352.860;270.863;570.363;215.544;785.907;34.225;0;3;1.443.858;;;
1993;Bahía de Cádiz;Embarque;Incluido tránsito;97.082;534.266;907.300;529.978;1.437.278;0;188.293;36.401;2.293.320;;;
1993;Bahía de Cádiz;Transbordo;Incluido tránsito;0;5.946;1.808;0;1.808;0;0;0;7.754;;;
1993;Baleares;Desembarque;Incluido tránsito;1.216.492;1.048.398;1.729.296;742.918;2.472.214;3.027;0;0;4.740.131;;;
1993;Baleares;Embarque;Incluido tránsito;0;55.231;725.354;161.086;886.440;0;54.549;0;996.220;;;
1993;Baleares;Transbordo;Incluido tránsito;0;0;0;0;0;0;0;0;0;;;
1993;Barcelona;Desembarque;Incluido tránsito;7.297.571;2.221.994;675.292;2.271.301;2.946.593;5.907;0;0;12.472.065;;;
1993;Barcelona;Embarque;Incluido tránsito;360.752;886.740;1.096.443;2.872.299;3.968.742;0;430.556;0;5.646.790;;;
1993;Barcelona;Transbordo;Incluido tránsito;0;0;0;0;0;0;0;0;0;;;
1993;Bilbao;Desembarque;Incluido tránsito;10.154.488;5.134.412;1.132.304;863.248;1.995.552;86;0;2.352.969;19.637.507;;;
1993;Bilbao;Embarque;Incluido tránsito;4.407.751;571.214;1.262.181;1.476.716;2.738.897;0;232.142;2.418.442;10.368.446;;;
1993;Bilbao;Transbordo;Incluido tránsito;0;0;0;0;0;0;0;0;0;;;
1993;Cartagena;Desembarque;Incluido tránsito;5.544.458;1.382.964;45.756;29.542;75.298;3.068;0;0;7.005.788;;;
1993;Cartagena;Embarque;Incluido tránsito;2.924.917;146.479;38.908;187.724;226.632;0;105.854;0;3.403.882;;;
1993;Cartagena;Transbordo;Incluido tránsito;0;0;0;0;0;0;0;0;0;;;
1993;Castellón;Desembarque;Incluido tránsito;4.258.718;343.551;45.517;16.887;62.404;15.876;0;0;4.680.549;;;
1993;Castellón;Embarque;Incluido tránsito;1.722.551;138.106;191.197;176.402;367.599;0;23.722;0;2.251.978;;;
1993;Castellón;Transbordo;Incluido tránsito;0;0;1.878;0;1.878;0;0;0;1.878;;;
1993;Ceuta;Desembarque;Incluido tránsito;2.525.330;55.429;596.686;29.356;626.042;378;0;0;3.207.179;;;
1993;Ceuta;Embarque;Incluido tránsito;223.907;237;334.746;5.089;339.835;0;761.123;0;1.325.102;;;
1993;Ceuta;Transbordo;Incluido tránsito;0;0;63;0;63;0;0;0;63;;;
1993;Ferrol-San Cibrao;Desembarque;Incluido tránsito;330.210;3.540.475;56.174;0;56.174;858;0;0;3.927.717;;;
1993;Ferrol-San Cibrao;Embarque;Incluido tránsito;34.354;664.473;195.295;0;195.295;0;12.117;249;906.488;;;
1993;Ferrol-San Cibrao;Transbordo;Incluido tránsito;0;0;0;0;0;0;0;0;0;;;
1993;Gijón;Desembarque;Incluido tránsito;1.226.569;9.937.276;35.403;12.964;48.367;6.005;0;625;11.218.842;;;
1993;Gijón;Embarque;Incluido tránsito;29.616;925.210;279.922;58.725;338.647;0;100.519;67.728;1.461.720;;;
1993;Gijón;Transbordo;Incluido tránsito;0;0;0;0;0;0;0;0;0;;;
1993;Huelva;Desembarque;Incluido tránsito;5.428.575;2.338.528;3.781;0;3.781;12.046;0;128;7.783.058;;;
1993;Huelva;Embarque;Incluido tránsito;2.235.828;781.035;256.925;0;256.925;0;53.295;0;3.327.083;;;
1993;Huelva;Transbordo;Incluido tránsito;0;0;0;0;0;0;0;0;0;;;
1993;Las Palmas;Desembarque;Incluido tránsito;2.817.999;616.605;810.430;1.668.413;2.478.843;61.575;0;0;5.975.022;;;
1993;Las Palmas;Embarque;Incluido tránsito;118.736;34.021;952.699;751.498;1.704.197;0;1.414.007;0;3.270.961;;;
1993;Las Palmas;Transbordo;Incluido tránsito;0;0;11.044;0;11.044;0;0;0;11.044;;;
1993;Marín y Ría de Pontevedra;Desembarque;Incluido tránsito;8.477;494.025;64.260;2.262;66.522;6.551;0;0;575.575;;;
1993;Marín y Ría de Pontevedra;Embarque;Incluido tránsito;0;8.760;210.476;12.803;223.279;0;52.486;0;284.525;;;
1993;Marín y Ría de Pontevedra;Transbordo;Incluido tránsito;0;0;0;0;0;0;0;0;0;;;
1993;Melilla;Desembarque;Incluido tránsito;49.305;36.128;397.086;77.800;474.886;0;0;0;560.319;;;
1993;Melilla;Embarque;Incluido tránsito;0;0;180.911;11.937;192.848;0;19.485;0;212.333;;;
1993;Melilla;Transbordo;Incluido tránsito;0;0;0;0;0;0;0;0;0;;;
1993;Motril;Desembarque;Incluido tránsito;636.312;354.671;65.331;0;65.331;3.035;0;0;1.059.349;;;
1993;Motril;Embarque;Incluido tránsito;11.240;100.097;115.507;0;115.507;0;25.606;0;252.450;;;
1993;Motril;Transbordo;Incluido tránsito;0;0;0;0;0;0;0;0;0;;;
1993;Málaga;Desembarque;Incluido tránsito;6.456.245;968.742;144.913;7.381;152.294;7.419;0;0;7.584.700;;;
1993;Málaga;Embarque;Incluido tránsito;53.479;236.290;485.671;45.121;530.792;0;100.790;0;921.351;;;
1993;Málaga;Transbordo;Incluido tránsito;0;0;0;0;0;0;0;0;0;;;
1993;Pasaia;Desembarque;Incluido tránsito;579.894;2.095.788;405.930;0;405.930;13.412;0;0;3.095.024;;;
1993;Pasaia;Embarque;Incluido tránsito;12.240;196.710;912.357;0;912.357;0;76.182;0;1.197.489;;;
1993;Pasaia;Transbordo;Incluido tránsito;0;0;0;0;0;0;0;0;0;;;
1993;Santa Cruz de Tenerife;Desembarque;Incluido tránsito;4.518.816;675.575;1.017.437;1.163.080;2.180.517;3.505;0;0;7.378.413;;;
1993;Santa Cruz de Tenerife;Embarque;Incluido tránsito;2.440.900;70.846;1.000.632;492.603;1.493.235;0;814.135;0;4.819.116;;;
1993;Santa Cruz de Tenerife;Transbordo;Incluido tránsito;4.040;61.771;5.861;0;5.861;0;0;0;71.672;;;
1993;Santander;Desembarque;Incluido tránsito;594.603;1.852.527;333.378;1.639;335.017;7.273;0;0;2.789.420;;;
1993;Santander;Embarque;Incluido tránsito;30.109;519.530;399.548;1.284;400.832;0;52.442;0;1.002.913;;;
1993;Santander;Transbordo;Incluido tránsito;0;0;0;0;0;0;0;0;0;;;
1993;Sevilla;Desembarque;Incluido tránsito;148.917;1.576.813;91.271;76.602;167.873;2.416;0;0;1.896.019;;;
1993;Sevilla;Embarque;Incluido tránsito;48.463;456.159;95.902;169.012;264.914;0;12.100;0;781.636;;;
1993;Sevilla;Transbordo;Incluido tránsito;0;0;0;0;0;0;0;0;0;;;
1993;Tarragona;Desembarque;Incluido tránsito;11.639.112;5.859.756;42.793;68.760;111.553;12.106;0;0;17.622.527;;;
1993;Tarragona;Embarque;Incluido tránsito;4.594.678;869.179;222.183;297.933;520.116;0;207.627;0;6.191.600;;;
1993;Tarragona;Transbordo;Incluido tránsito;0;0;0;0;0;0;0;0;0;;;
1993;Valencia;Desembarque;Incluido tránsito;853.137;1.977.245;1.511.902;1.522.657;3.034.559;5.454;0;0;5.870.395;;;
1993;Valencia;Embarque;Incluido tránsito;323.694;536.074;935.330;2.699.914;3.635.244;0;152.187;0;4.647.199;;;
1993;Valencia;Transbordo;Incluido tránsito;0;3.485;0;0;0;0;0;0;3.485;;;
1993;Vigo;Desembarque;Incluido tránsito;739.432;409.308;369.514;370.527;740.041;80.837;0;31.473;2.001.091;;;
1993;Vigo;Embarque;Incluido tránsito;3.332;0;584.975;355.970;940.945;0;247.133;78.766;1.270.176;;;
1993;Vigo;Transbordo;Incluido tránsito;0;0;187;0;187;0;0;0;187;;;
1993;Vilagarcía;Desembarque;Incluido tránsito;110.653;273.995;41.825;0;41.825;2.047;0;0;428.520;;;
1993;Vilagarcía;Embarque;Incluido tránsito;6.708;0;37.781;0;37.781;0;7.969;82.353;134.811;;;
1993;Vilagarcía;Transbordo;Incluido tránsito;0;0;0;0;0;0;0;0;0;;;
1994;A Coruña;Desembarque;Incluido tránsito;5.284.249;2.277.762;65.033;0;65.033;61.517;0;0;7.688.561;;;
1994;A Coruña;Embarque;Incluido tránsito;2.931.112;415.131;95.907;0;95.907;0;292.754;297.230;4.032.134;;;
1994;A Coruña;Transbordo;Incluido tránsito;26.658;0;0;0;0;0;0;0;26.658;;;
1994;Alicante;Desembarque;Incluido tránsito;226.769;597.678;91.451;130.123;221.574;21.452;0;0;1.067.473;;;
1994;Alicante;Embarque;Incluido tránsito;0;695.990;79.457;320.237;399.694;0;29.685;0;1.125.369;;;
1994;Alicante;Transbordo;Incluido tránsito;0;12.526;0;0;0;0;0;0;12.526;;;
1994;Almería;Desembarque;Incluido tránsito;2.406;1.337.702;122.568;472;123.040;12.653;0;0;1.475.801;;;
1994;Almería;Embarque;Incluido tránsito;0;4.514.280;176.999;9.638;186.637;0;44.208;0;4.745.125;;;
1994;Almería;Transbordo;Incluido tránsito;0;0;0;0;0;0;0;0;0;;;
1994;Avilés;Desembarque;Incluido tránsito;378.978;1.161.449;146.770;0;146.770;17.823;0;0;1.705.020;;;
1994;Avilés;Embarque;Incluido tránsito;244.256;600.500;1.439.620;239;1.439.859;0;54.291;0;2.338.906;;;
1994;Avilés;Transbordo;Incluido tránsito;0;0;0;0;0;0;0;0;0;;;
1994;Bahía de Algeciras;Desembarque;Incluido tránsito;10.189.831;2.083.158;1.112.555;4.578.248;5.690.803;13.386;0;530;17.977.708;;;
1994;Bahía de Algeciras;Embarque;Incluido tránsito;8.105.770;25.868;1.402.111;4.825.343;6.227.454;0;1.590.875;838.748;16.788.715;;;
1994;Bahía de Algeciras;Transbordo;Incluido tránsito;0;0;0;0;0;0;0;0;0;;;
1994;Bahía de Cádiz;Desembarque;Incluido tránsito;231.659;411.785;666.452;202.254;868.706;33.669;0;0;1.545.819;;;
1994;Bahía de Cádiz;Embarque;Incluido tránsito;72.123;758.453;1.038.835;487.517;1.526.352;0;221.873;38.205;2.617.006;;;
1994;Bahía de Cádiz;Transbordo;Incluido tránsito;0;0;0;0;0;0;0;0;0;;;
1994;Baleares;Desembarque;Incluido tránsito;1.279.948;1.051.378;1.954.118;911.927;2.866.045;3.359;0;0;5.200.730;;;
1994;Baleares;Embarque;Incluido tránsito;0;74.757;877.706;221.347;1.099.053;0;58.532;0;1.232.342;;;
1994;Baleares;Transbordo;Incluido tránsito;0;0;0;0;0;0;0;0;0;;;
1994;Barcelona;Desembarque;Incluido tránsito;7.810.249;2.131.780;943.855;2.529.578;3.473.433;9.751;0;0;13.425.213;;;
1994;Barcelona;Embarque;Incluido tránsito;224.769;1.684.684;1.497.964;3.566.966;5.064.930;0;456.799;0;7.431.182;;;
1994;Barcelona;Transbordo;Incluido tránsito;0;0;0;0;0;0;0;0;0;;;
1994;Bilbao;Desembarque;Incluido tránsito;9.914.858;5.491.945;1.268.744;1.025.648;2.294.392;36;0;1.902.587;19.603.818;;;
1994;Bilbao;Embarque;Incluido tránsito;3.628.899;916.472;1.465.651;1.752.776;3.218.427;0;139.640;1.975.465;9.878.903;;;
1994;Bilbao;Transbordo;Incluido tránsito;0;0;0;0;0;0;0;0;0;;;
1994;Cartagena;Desembarque;Incluido tránsito;4.755.429;1.536.134;40.459;33.782;74.241;3.010;0;0;6.368.814;;;
1994;Cartagena;Embarque;Incluido tránsito;2.169.497;199.678;36.640;174.949;211.589;0;76.239;0;2.657.003;;;
1994;Cartagena;Transbordo;Incluido tránsito;0;0;397;0;397;0;0;0;397;;;
1994;Castellón;Desembarque;Incluido tránsito;4.647.496;412.553;17.631;25.213;42.844;17.439;0;0;5.120.332;;;
1994;Castellón;Embarque;Incluido tránsito;1.975.296;108.924;273.343;245.283;518.626;0;20.243;0;2.623.089;;;
1994;Castellón;Transbordo;Incluido tránsito;0;0;0;0;0;0;0;0;0;;;
1994;Ceuta;Desembarque;Incluido tránsito;4.150.948;58.666;567.350;66.654;634.004;385;0;0;4.844.003;;;
1994;Ceuta;Embarque;Incluido tránsito;176.842;252;332.594;11.564;344.158;0;671.653;0;1.192.905;;;
1994;Ceuta;Transbordo;Incluido tránsito;0;0;0;0;0;0;0;0;0;;;
1994;Ferrol-San Cibrao;Desembarque;Incluido tránsito;384.880;4.410.272;130.059;0;130.059;865;0;1.208;4.927.284;;;
1994;Ferrol-San Cibrao;Embarque;Incluido tránsito;66.195;702.572;132.059;0;132.059;0;22.508;89;923.423;;;
1994;Ferrol-San Cibrao;Transbordo;Incluido tránsito;0;0;0;0;0;0;0;0;0;;;
1994;Gijón;Desembarque;Incluido tránsito;1.323.812;9.514.827;45.215;12.932;58.147;2.780;0;317;10.899.883;;;
1994;Gijón;Embarque;Incluido tránsito;96.802;1.017.522;362.011;69.967;431.978;0;100.888;64.836;1.712.026;;;
1994;Gijón;Transbordo;Incluido tránsito;0;0;0;0;0;0;0;0;0;;;
1994;Huelva;Desembarque;Incluido tránsito;6.243.802;3.222.939;41.252;0;41.252;10.496;0;271;9.518.760;;;
1994;Huelva;Embarque;Incluido tránsito;1.879.499;916.496;291.801;0;291.801;0;52.080;0;3.139.876;;;
1994;Huelva;Transbordo;Incluido tránsito;0;0;0;0;0;0;0;0;0;;;
1994;Las Palmas;Desembarque;Incluido tránsito;2.974.146;662.195;998.868;1.852.541;2.851.409;71.604;0;0;6.559.354;;;
1994;Las Palmas;Embarque;Incluido tránsito;230.334;15.755;1.046.348;852.812;1.899.160;0;1.453.755;0;3.599.004;;;
1994;Las Palmas;Transbordo;Incluido tránsito;0;0;20.159;0;20.159;0;0;0;20.159;;;
1994;Marín y Ría de Pontevedra;Desembarque;Incluido tránsito;11.213;516.309;110.164;3.639;113.803;8.802;0;0;650.127;;;
1994;Marín y Ría de Pontevedra;Embarque;Incluido tránsito;0;9.574;229.164;24.445;253.609;0;65.365;0;328.548;;;
1994;Marín y Ría de Pontevedra;Transbordo;Incluido tránsito;0;0;0;0;0;0;0;0;0;;;
1994;Melilla;Desembarque;Incluido tránsito;60.986;41.427;438.406;81.634;520.040;0;0;0;622.453;;;
1994;Melilla;Embarque;Incluido tránsito;0;0;188.251;12.569;200.820;0;7.370;0;208.190;;;
1994;Melilla;Transbordo;Incluido tránsito;0;0;0;0;0;0;0;0;0;;;
1994;Motril;Desembarque;Incluido tránsito;665.802;518.349;70.731;0;70.731;3.164;0;0;1.258.046;;;
1994;Motril;Embarque;Incluido tránsito;5.340;132.039;69.716;0;69.716;0;24.311;0;231.406;;;
1994;Motril;Transbordo;Incluido tránsito;0;0;0;0;0;0;0;0;0;;;
1994;Málaga;Desembarque;Incluido tránsito;7.013.993;874.549;106.240;5.590;111.830;7.329;0;0;8.007.701;;;
1994;Málaga;Embarque;Incluido tránsito;2.300;213.314;532.254;31.204;563.458;0;121.913;32;901.017;;;
1994;Málaga;Transbordo;Incluido tránsito;0;0;0;0;0;0;0;0;0;;;
1994;Pasaia;Desembarque;Incluido tránsito;401.888;1.891.618;432.623;20;432.643;10.243;0;0;2.736.392;;;
1994;Pasaia;Embarque;Incluido tránsito;3.400;154.976;916.887;228;917.115;0;72.888;0;1.148.379;;;
1994;Pasaia;Transbordo;Incluido tránsito;0;0;0;0;0;0;0;0;0;;;
1994;Santa Cruz de Tenerife;Desembarque;Incluido tránsito;4.756.136;766.378;1.134.854;1.317.951;2.452.805;1;0;0;7.975.320;;;
1994;Santa Cruz de Tenerife;Embarque;Incluido tránsito;2.761.199;34.436;1.119.198;542.669;1.661.867;0;978.154;0;5.435.656;;;
1994;Santa Cruz de Tenerife;Transbordo;Incluido tránsito;0;0;0;0;0;0;0;0;0;;;
1994;Santander;Desembarque;Incluido tránsito;485.876;2.078.418;488.946;11.713;500.659;7.395;0;0;3.072.348;;;
1994;Santander;Embarque;Incluido tránsito;50.114;625.350;427.321;2.356;429.677;0;56.190;0;1.161.331;;;
1994;Santander;Transbordo;Incluido tránsito;0;0;0;0;0;0;0;0;0;;;
1994;Sevilla;Desembarque;Incluido tránsito;256.924;1.441.094;168.465;98.897;267.362;4.762;0;0;1.970.142;;;
1994;Sevilla;Embarque;Incluido tránsito;38.692;495.571;285.573;261.471;547.044;0;25.776;0;1.107.083;;;
1994;Sevilla;Transbordo;Incluido tránsito;1.992;0;0;0;0;0;0;0;1.992;;;
1994;Tarragona;Desembarque;Incluido tránsito;11.724.327;5.944.120;69.010;74.137;143.147;12.383;0;0;17.823.977;;;
1994;Tarragona;Embarque;Incluido tránsito;4.300.661;867.734;263.990;316.727;580.717;0;187.069;0;5.936.181;;;
1994;Tarragona;Transbordo;Incluido tránsito;0;0;0;0;0;0;0;0;0;;;
1994;Valencia;Desembarque;Incluido tránsito;992.352;2.562.598;1.826.335;1.829.991;3.656.326;4.990;0;0;7.216.266;;;
1994;Valencia;Embarque;Incluido tránsito;148.151;1.152.360;1.076.243;3.337.667;4.413.910;0;156.065;0;5.870.486;;;
1994;Valencia;Transbordo;Incluido tránsito;0;12.500;0;0;0;0;0;0;12.500;;;
1994;Vigo;Desembarque;Incluido tránsito;767.874;374.366;499.185;392.769;891.954;91.411;0;30.724;2.156.329;;;
1994;Vigo;Embarque;Incluido tránsito;3.648;0;718.859;432.816;1.151.675;0;240.327;83.537;1.479.187;;;
1994;Vigo;Transbordo;Incluido tránsito;0;0;2.032;0;2.032;0;0;0;2.032;;;
1994;Vilagarcía;Desembarque;Incluido tránsito;103.869;280.374;49.394;0;49.394;315;0;0;433.952;;;
1994;Vilagarcía;Embarque;Incluido tránsito;7.450;0;34.330;0;34.330;0;6.420;5.180;53.380;;;
1994;Vilagarcía;Transbordo;Incluido tránsito;0;0;0;0;0;0;0;0;0;;;
1995;A Coruña;Desembarque;Incluido tránsito;5.519.604;2.908.629;53.810;0;53.810;60.790;0;0;8.542.833;;;
1995;A Coruña;Embarque;Incluido tránsito;2.451.261;438.815;129.429;0;129.429;0;287.107;357.237;3.663.849;;;
1995;A Coruña;Transbordo;Incluido tránsito;0;0;0;0;0;0;0;0;0;;;
1995;Alicante;Desembarque;Incluido tránsito;128.390;483.415;124.770;147.877;272.647;21.586;0;0;906.038;;;
1995;Alicante;Embarque;Incluido tránsito;873;794.455;116.797;378.867;495.664;0;38.157;0;1.329.149;;;
1995;Alicante;Transbordo;Incluido tránsito;0;7.918;0;0;0;0;0;0;7.918;;;
1995;Almería;Desembarque;Incluido tránsito;0;2.061.962;158.989;86;159.075;8.417;0;0;2.229.454;;;
1995;Almería;Embarque;Incluido tránsito;0;4.692.671;233.277;1.730;235.007;0;31.616;0;4.959.294;;;
1995;Almería;Transbordo;Incluido tránsito;0;0;0;0;0;0;0;0;0;;;
1995;Avilés;Desembarque;Incluido tránsito;512.508;1.484.373;272.082;0;272.082;17.063;0;0;2.286.026;;;
1995;Avilés;Embarque;Incluido tránsito;300.999;385.292;1.073.650;95;1.073.745;0;53.232;0;1.813.268;;;
1995;Avilés;Transbordo;Incluido tránsito;0;0;0;0;0;0;0;0;0;;;
1995;Bahía de Algeciras;Desembarque;Incluido tránsito;10.691.825;2.120.738;1.163.700;5.773.111;6.936.811;7.346;0;0;19.756.720;;;
1995;Bahía de Algeciras;Embarque;Incluido tránsito;6.504.736;41.516;1.930.095;6.120.443;8.050.538;0;1.550.149;1.045.396;17.192.335;;;
1995;Bahía de Algeciras;Transbordo;Incluido tránsito;29.728;0;0;0;0;0;0;0;29.728;;;
1995;Bahía de Cádiz;Desembarque;Incluido tránsito;1.314.321;597.149;559.707;173.666;733.373;30.270;0;0;2.675.113;;;
1995;Bahía de Cádiz;Embarque;Incluido tránsito;3.068;766.389;799.544;403.560;1.203.104;0;230.815;44.214;2.247.590;;;
1995;Bahía de Cádiz;Transbordo;Incluido tránsito;0;0;0;0;0;0;0;0;0;;;
1995;Baleares;Desembarque;Incluido tránsito;5.218.708;946.851;2.112.584;1.008.079;3.120.663;2.760;0;0;9.288.982;;;
1995;Baleares;Embarque;Incluido tránsito;0;175.973;887.103;248.031;1.135.134;0;49.916;0;1.361.023;;;
1995;Baleares;Transbordo;Incluido tránsito;0;0;0;0;0;0;0;0;0;;;
1995;Barcelona;Desembarque;Incluido tránsito;7.931.135;2.878.337;1.070.448;2.902.578;3.973.026;7.746;0;0;14.790.244;;;
1995;Barcelona;Embarque;Incluido tránsito;283.956;2.236.753;1.349.842;4.078.512;5.428.354;0;553.394;0;8.502.457;;;
1995;Barcelona;Transbordo;Incluido tránsito;0;0;0;0;0;0;0;0;0;;;
1995;Bilbao;Desembarque;Incluido tránsito;9.997.095;4.682.328;2.233.579;1.181.944;3.415.523;31;0;1.278.506;19.373.483;;;
1995;Bilbao;Embarque;Incluido tránsito;3.068.929;752.805;1.231.462;1.859.345;3.090.807;0;147.766;1.332.323;8.392.630;;;
1995;Bilbao;Transbordo;Incluido tránsito;0;0;0;0;0;0;0;0;0;;;
1995;Cartagena;Desembarque;Incluido tránsito;5.827.578;2.016.795;48.117;56.184;104.301;3.076;0;0;7.951.750;;;
1995;Cartagena;Embarque;Incluido tránsito;2.360.116;278.417;36.929;204.395;241.324;0;87.385;0;2.967.242;;;
1995;Cartagena;Transbordo;Incluido tránsito;0;0;0;0;0;0;0;0;0;;;
1995;Castellón;Desembarque;Incluido tránsito;4.762.488;530.791;23.185;29.336;52.521;21.209;0;0;5.367.009;;;
1995;Castellón;Embarque;Incluido tránsito;1.543.741;175.090;368.749;260.529;629.278;0;23.788;0;2.371.897;;;
1995;Castellón;Transbordo;Incluido tránsito;0;0;0;0;0;0;0;0;0;;;
1995;Ceuta;Desembarque;Incluido tránsito;4.227.845;70.930;560.870;64.627;625.497;362;0;0;4.924.634;;;
1995;Ceuta;Embarque;Incluido tránsito;103.413;370;374.671;11.341;386.012;0;568.801;0;1.058.596;;;
1995;Ceuta;Transbordo;Incluido tránsito;0;0;0;0;0;0;0;0;0;;;
1995;Ferrol-San Cibrao;Desembarque;Incluido tránsito;438.592;5.299.057;143.484;1.805;145.289;656;0;0;5.883.594;;;
1995;Ferrol-San Cibrao;Embarque;Incluido tránsito;56.553;804.755;127.680;736;128.416;0;22.786;0;1.012.510;;;
1995;Ferrol-San Cibrao;Transbordo;Incluido tránsito;0;0;0;0;0;0;0;0;0;;;
1995;Gijón;Desembarque;Incluido tránsito;1.419.333;10.821.325;115.764;11.477;127.241;4.890;0;938;12.373.727;;;
1995;Gijón;Embarque;Incluido tránsito;27.857;1.021.929;354.416;71.700;426.116;0;97.545;64.392;1.637.839;;;
1995;Gijón;Transbordo;Incluido tránsito;0;0;1.740;0;1.740;0;0;0;1.740;;;
1995;Huelva;Desembarque;Incluido tránsito;6.631.236;3.579.154;174.778;0;174.778;8.527;0;0;10.393.695;;;
1995;Huelva;Embarque;Incluido tránsito;4.526.686;1.095.465;273.971;0;273.971;0;52.945;0;5.949.067;;;
1995;Huelva;Transbordo;Incluido tránsito;0;0;0;0;0;0;0;0;0;;;
1995;Las Palmas;Desembarque;Incluido tránsito;3.208.349;743.999;1.066.707;2.003.684;3.070.391;13.913;0;0;7.036.652;;;
1995;Las Palmas;Embarque;Incluido tránsito;291.853;10.090;1.004.250;879.837;1.884.087;0;1.524.479;0;3.710.509;;;
1995;Las Palmas;Transbordo;Incluido tránsito;0;0;16.704;0;16.704;0;0;0;16.704;;;
1995;Marín y Ría de Pontevedra;Desembarque;Incluido tránsito;7.593;685.998;173.004;5.329;178.333;8.262;0;0;880.186;;;
1995;Marín y Ría de Pontevedra;Embarque;Incluido tránsito;24;17;303.310;38.620;341.930;0;70.918;0;412.889;;;
1995;Marín y Ría de Pontevedra;Transbordo;Incluido tránsito;0;0;0;0;0;0;0;0;0;;;
1995;Melilla;Desembarque;Incluido tránsito;79.434;49.265;331.823;98.794;430.617;0;0;0;559.316;;;
1995;Melilla;Embarque;Incluido tránsito;22;0;116.533;17.724;134.257;0;449;0;134.728;;;
1995;Melilla;Transbordo;Incluido tránsito;0;0;0;0;0;0;0;0;0;;;
1995;Motril;Desembarque;Incluido tránsito;682.624;595.367;100.583;0;100.583;4.195;0;0;1.382.769;;;
1995;Motril;Embarque;Incluido tránsito;2.413;155.265;59.707;0;59.707;0;22.097;0;239.482;;;
1995;Motril;Transbordo;Incluido tránsito;0;0;0;0;0;0;0;0;0;;;
1995;Málaga;Desembarque;Incluido tránsito;6.889.529;1.448.546;128.627;5.486;134.113;5.071;0;0;8.477.259;;;
1995;Málaga;Embarque;Incluido tránsito;27.409;166.499;429.824;29.931;459.755;0;115.595;154;769.412;;;
1995;Málaga;Transbordo;Incluido tránsito;0;0;0;0;0;0;0;0;0;;;
1995;Pasaia;Desembarque;Incluido tránsito;469.552;2.112.047;692.347;45;692.392;13.456;0;0;3.287.447;;;
1995;Pasaia;Embarque;Incluido tránsito;680;106.804;685.120;686;685.806;0;65.837;0;859.127;;;
1995;Pasaia;Transbordo;Incluido tránsito;0;0;0;0;0;0;0;0;0;;;
1995;Santa Cruz de Tenerife;Desembarque;Incluido tránsito;4.844.131;844.341;1.128.458;1.510.269;2.638.727;0;0;0;8.327.199;;;
1995;Santa Cruz de Tenerife;Embarque;Incluido tránsito;2.794.388;39.391;1.128.947;674.873;1.803.820;0;983.147;0;5.620.746;;;
1995;Santa Cruz de Tenerife;Transbordo;Incluido tránsito;0;0;9.010;0;9.010;0;0;0;9.010;;;
1995;Santander;Desembarque;Incluido tránsito;501.608;2.453.142;477.196;8.664;485.860;9.209;0;0;3.449.819;;;
1995;Santander;Embarque;Incluido tránsito;56.938;691.410;436.419;6.082;442.501;0;61.697;0;1.252.546;;;
1995;Santander;Transbordo;Incluido tránsito;0;0;0;0;0;0;0;0;0;;;
1995;Sevilla;Desembarque;Incluido tránsito;229.297;1.973.970;234.341;105.515;339.856;4.148;0;0;2.547.271;;;
1995;Sevilla;Embarque;Incluido tránsito;9.125;420.546;281.212;295.235;576.447;0;20.374;0;1.026.492;;;
1995;Sevilla;Transbordo;Incluido tránsito;0;0;0;0;0;0;0;0;0;;;
1995;Tarragona;Desembarque;Incluido tránsito;12.139.699;6.912.181;106.184;88.763;194.947;10.148;0;0;19.256.975;;;
1995;Tarragona;Embarque;Incluido tránsito;7.934.084;741.023;239.194;314.527;553.721;0;213.479;5.993;9.448.300;;;
1995;Tarragona;Transbordo;Incluido tránsito;0;0;0;0;0;0;0;0;0;;;
1995;Valencia;Desembarque;Incluido tránsito;1.148.450;3.161.219;2.216.021;2.685.680;4.901.701;3.579;0;0;9.214.949;;;
1995;Valencia;Embarque;Incluido tránsito;168.886;714.993;1.210.844;4.784.516;5.995.360;0;257.136;0;7.136.375;;;
1995;Valencia;Transbordo;Incluido tránsito;0;26.600;0;0;0;0;0;0;26.600;;;
1995;Vigo;Desembarque;Incluido tránsito;703.708;439.978;529.525;381.969;911.494;93.832;0;35.939;2.184.951;;;
1995;Vigo;Embarque;Incluido tránsito;0;0;698.039;434.834;1.132.873;0;254.328;76.596;1.463.797;;;
1995;Vigo;Transbordo;Incluido tránsito;0;0;944;0;944;0;0;0;944;;;
1995;Vilagarcía;Desembarque;Incluido tránsito;129.703;265.396;113.124;0;113.124;0;0;0;508.223;;;
1995;Vilagarcía;Embarque;Incluido tránsito;6.800;0;37.210;0;37.210;0;8.681;12;52.703;;;
1995;Vilagarcía;Transbordo;Incluido tránsito;0;0;0;0;0;0;0;0;0;;;
1996;A Coruña;Desembarque;Incluido tránsito;5.696.419;2.045.883;41.238;862;42.100;54.637;0;0;7.839.039;;;
1996;A Coruña;Embarque;Incluido tránsito;2.219.967;468.666;118.327;5.711;124.038;0;241.995;434.700;3.489.366;;;
1996;A Coruña;Transbordo;Incluido tránsito;0;0;0;0;0;0;0;0;0;;;
1996;Alicante;Desembarque;Incluido tránsito;139.445;528.431;91.150;164.717;255.867;17.225;0;0;940.968;;;
1996;Alicante;Embarque;Incluido tránsito;447;873.319;95.252;455.367;550.619;0;46.310;0;1.470.695;;;
1996;Alicante;Transbordo;Incluido tránsito;0;4.525;19;0;19;0;0;0;4.544;;;
1996;Almería;Desembarque;Incluido tránsito;0;1.365.632;186.814;0;186.814;6.447;0;0;1.558.893;;;
1996;Almería;Embarque;Incluido tránsito;0;4.370.581;236.619;0;236.619;0;47.244;0;4.654.444;;;
1996;Almería;Transbordo;Incluido tránsito;0;0;0;0;0;0;0;0;0;;;
1996;Avilés;Desembarque;Incluido tránsito;414.116;1.480.266;248.658;164;248.822;15.835;0;0;2.159.039;;;
1996;Avilés;Embarque;Incluido tránsito;360.324;334.222;945.032;0;945.032;0;53.432;0;1.693.010;;;
1996;Avilés;Transbordo;Incluido tránsito;0;0;0;0;0;0;0;0;0;;;
1996;Bahía de Algeciras;Desembarque;Incluido tránsito;10.424.885;1.697.750;1.154.417;6.560.096;7.714.513;16.803;0;0;19.853.951;;;
1996;Bahía de Algeciras;Embarque;Incluido tránsito;5.476.179;41.579;1.628.358;7.216.895;8.845.253;0;1.601.976;1.017.519;16.982.506;;;
1996;Bahía de Algeciras;Transbordo;Incluido tránsito;0;0;0;0;0;0;0;0;0;;;
1996;Bahía de Cádiz;Desembarque;Incluido tránsito;157.481;562.655;599.296;170.592;769.888;32.229;0;0;1.522.253;;;
1996;Bahía de Cádiz;Embarque;Incluido tránsito;14.051;784.709;843.928;382.548;1.226.476;0;212.980;17.255;2.255.471;;;
1996;Bahía de Cádiz;Transbordo;Incluido tránsito;0;0;0;0;0;0;0;0;0;;;
1996;Baleares;Desembarque;Incluido tránsito;7.893.314;1.061.142;2.150.130;1.015.033;3.165.163;3.308;0;39.077;12.162.004;;;
1996;Baleares;Embarque;Incluido tránsito;4.779;161.653;864.555;261.813;1.126.368;0;50.297;39.076;1.382.173;;;
1996;Baleares;Transbordo;Incluido tránsito;0;0;0;0;0;0;0;0;0;;;
1996;Barcelona;Desembarque;Incluido tránsito;8.111.692;2.511.774;1.018.876;3.126.685;4.145.561;7.509;0;0;14.776.536;;;
1996;Barcelona;Embarque;Incluido tránsito;234.852;2.618.622;1.447.543;4.501.342;5.948.885;0;569.011;0;9.371.370;;;
1996;Barcelona;Transbordo;Incluido tránsito;0;0;0;0;0;0;0;0;0;;;
1996;Bilbao;Desembarque;Incluido tránsito;8.951.783;2.887.174;1.956.440;1.102.149;3.058.589;18;0;361.622;15.259.186;;;
1996;Bilbao;Embarque;Incluido tránsito;2.864.126;747.645;1.289.784;1.937.250;3.227.034;0;139.441;409.095;7.387.341;;;
1996;Bilbao;Transbordo;Incluido tránsito;0;0;0;0;0;0;0;0;0;;;
1996;Cartagena;Desembarque;Incluido tránsito;5.417.066;1.874.080;48.494;53.027;101.521;2.746;0;0;7.395.413;;;
1996;Cartagena;Embarque;Incluido tránsito;2.106.891;201.520;35.267;182.782;218.049;0;88.533;0;2.614.993;;;
1996;Cartagena;Transbordo;Incluido tránsito;8.072;5.900;4.697;0;4.697;0;0;0;18.669;;;
1996;Castellón;Desembarque;Incluido tránsito;4.998.092;613.220;29.639;32.187;61.826;19.675;0;0;5.692.813;;;
1996;Castellón;Embarque;Incluido tránsito;1.786.940;130.200;280.301;288.520;568.821;0;25.729;0;2.511.690;;;
1996;Castellón;Transbordo;Incluido tránsito;0;0;0;0;0;0;0;0;0;;;
1996;Ceuta;Desembarque;Incluido tránsito;1.999.700;49.526;288.959;26.414;315.373;386;0;0;2.364.985;;;
1996;Ceuta;Embarque;Incluido tránsito;46.331;51;144.443;5.615;150.058;0;533.047;0;729.487;;;
1996;Ceuta;Transbordo;Incluido tránsito;0;0;0;0;0;0;0;0;0;;;
1996;Ferrol-San Cibrao;Desembarque;Incluido tránsito;477.483;5.589.972;131.166;35;131.201;906;0;0;6.199.562;;;
1996;Ferrol-San Cibrao;Embarque;Incluido tránsito;68.757;772.359;141.838;2.386;144.224;0;9.805;0;995.145;;;
1996;Ferrol-San Cibrao;Transbordo;Incluido tránsito;2.175;0;1.200;0;1.200;0;0;0;3.375;;;
1996;Gijón;Desembarque;Incluido tránsito;1.425.830;10.472.769;70.262;11.170;81.432;2.900;0;0;11.982.931;;;
1996;Gijón;Embarque;Incluido tránsito;72.784;871.538;481.499;56.705;538.204;0;126.561;92.193;1.701.280;;;
1996;Gijón;Transbordo;Incluido tránsito;0;0;566;0;566;0;0;0;566;;;
1996;Huelva;Desembarque;Incluido tránsito;7.074.039;3.943.264;283.275;0;283.275;7.193;0;0;11.307.771;;;
1996;Huelva;Embarque;Incluido tránsito;2.271.835;1.178.631;345.868;0;345.868;0;49.996;0;3.846.330;;;
1996;Huelva;Transbordo;Incluido tránsito;0;0;0;0;0;0;0;0;0;;;
1996;Las Palmas;Desembarque;Incluido tránsito;3.188.052;820.031;1.042.479;2.113.963;3.156.442;75.013;0;0;7.239.538;;;
1996;Las Palmas;Embarque;Incluido tránsito;309.552;40.293;1.029.737;923.041;1.952.778;0;1.586.619;0;3.889.242;;;
1996;Las Palmas;Transbordo;Incluido tránsito;0;0;35.238;0;35.238;0;0;0;35.238;;;
1996;Marín y Ría de Pontevedra;Desembarque;Incluido tránsito;10.694;548.796;186.938;16.674;203.612;10.317;0;0;773.419;;;
1996;Marín y Ría de Pontevedra;Embarque;Incluido tránsito;9.918;0;299.591;81.805;381.396;0;80.520;0;471.834;;;
1996;Marín y Ría de Pontevedra;Transbordo;Incluido tránsito;930;0;322;0;322;0;0;0;1.252;;;
1996;Melilla;Desembarque;Incluido tránsito;88.507;48.795;301.439;92.693;394.132;0;0;0;531.434;;;
1996;Melilla;Embarque;Incluido tránsito;0;0;94.050;25.794;119.844;0;7.913;0;127.757;;;
1996;Melilla;Transbordo;Incluido tránsito;0;0;0;0;0;0;0;0;0;;;
1996;Motril;Desembarque;Incluido tránsito;670.777;646.358;93.186;0;93.186;2.909;0;0;1.413.230;;;
1996;Motril;Embarque;Incluido tránsito;15.603;135.015;42.289;0;42.289;0;20.718;0;213.625;;;
1996;Motril;Transbordo;Incluido tránsito;0;0;0;0;0;0;0;0;0;;;
1996;Málaga;Desembarque;Incluido tránsito;6.863.387;1.021.011;104.180;9.021;113.201;7.491;0;0;8.005.090;;;
1996;Málaga;Embarque;Incluido tránsito;24.346;242.282;346.284;29.866;376.150;0;109.428;305;752.511;;;
1996;Málaga;Transbordo;Incluido tránsito;1.528;0;1.230;0;1.230;0;0;0;2.758;;;
1996;Pasaia;Desembarque;Incluido tránsito;313.452;1.714.412;599.820;91;599.911;16.191;0;0;2.643.966;;;
1996;Pasaia;Embarque;Incluido tránsito;0;105.450;698.425;102;698.527;0;62.105;0;866.082;;;
1996;Pasaia;Transbordo;Incluido tránsito;0;0;0;0;0;0;0;0;0;;;
1996;Santa Cruz de Tenerife;Desembarque;Incluido tránsito;4.697.098;854.910;1.313.139;1.594.859;2.907.998;3.808;0;0;8.463.814;;;
1996;Santa Cruz de Tenerife;Embarque;Incluido tránsito;2.452.424;10.479;1.323.201;635.722;1.958.923;0;1.096.063;0;5.517.889;;;
1996;Santa Cruz de Tenerife;Transbordo;Incluido tránsito;0;0;18.936;0;18.936;0;0;0;18.936;;;
1996;Santander;Desembarque;Incluido tránsito;421.411;2.327.552;534.396;39.447;573.843;10.241;0;0;3.333.047;;;
1996;Santander;Embarque;Incluido tránsito;19.084;705.895;448.234;40.683;488.917;0;70.029;0;1.283.925;;;
1996;Santander;Transbordo;Incluido tránsito;0;0;0;0;0;0;0;0;0;;;
1996;Sevilla;Desembarque;Incluido tránsito;203.133;1.723.982;301.961;96.697;398.658;0;0;6.341;2.332.114;;;
1996;Sevilla;Embarque;Incluido tránsito;20.562;843.693;294.613;272.324;566.937;0;4.649;0;1.435.841;;;
1996;Sevilla;Transbordo;Incluido tránsito;0;0;0;0;0;0;0;0;0;;;
1996;Tarragona;Desembarque;Incluido tránsito;12.374.378;6.454.208;141.508;60.538;202.046;9.012;0;0;19.039.644;;;
1996;Tarragona;Embarque;Incluido tránsito;10.398.469;853.791;287.077;222.009;509.086;0;270.011;0;12.031.357;;;
1996;Tarragona;Transbordo;Incluido tránsito;0;0;0;0;0;0;0;0;0;;;
1996;Valencia;Desembarque;Incluido tránsito;1.046.599;2.904.040;2.039.234;2.734.662;4.773.896;3.487;0;0;8.728.022;;;
1996;Valencia;Embarque;Incluido tránsito;141.542;633.423;1.272.153;5.067.954;6.340.107;0;259.400;0;7.374.472;;;
1996;Valencia;Transbordo;Incluido tránsito;0;12.500;1.656;0;1.656;0;0;0;14.156;;;
1996;Vigo;Desembarque;Incluido tránsito;159.661;396.653;633.199;356.659;989.858;89.303;0;47.426;1.682.901;;;
1996;Vigo;Embarque;Incluido tránsito;0;0;631.646;437.432;1.069.078;0;275.931;103.887;1.448.896;;;
1996;Vigo;Transbordo;Incluido tránsito;0;0;0;0;0;0;0;0;0;;;
1996;Vilagarcía;Desembarque;Incluido tránsito;117.997;304.947;99.975;0;99.975;0;0;0;522.919;;;
1996;Vilagarcía;Embarque;Incluido tránsito;6.200;201;69.259;0;69.259;0;8.182;0;83.842;;;
1996;Vilagarcía;Transbordo;Incluido tránsito;0;0;0;0;0;0;0;0;0;;;
1997;A Coruña;Desembarque;Incluido tránsito;5.794.773;1.985.706;46.607;10.128;56.735;50.008;0;0;7.887.222;;;
1997;A Coruña;Embarque;Incluido tránsito;1.850.869;627.616;93.960;16.511;110.471;0;200.438;752.377;3.541.771;;;
1997;A Coruña;Transbordo;Incluido tránsito;0;0;0;0;0;0;0;0;0;;;
1997;Alicante;Desembarque;Incluido tránsito;121.565;441.683;92.859;199.800;292.659;13.843;0;0;869.750;;;
1997;Alicante;Embarque;Incluido tránsito;11.749;594.683;171.075;497.401;668.476;0;47.479;0;1.322.387;;;
1997;Alicante;Transbordo;Incluido tránsito;0;0;0;0;0;0;0;0;0;;;
1997;Almería;Desembarque;Incluido tránsito;0;858.146;148.262;93;148.355;5.869;0;0;1.012.370;;;
1997;Almería;Embarque;Incluido tránsito;0;3.307.229;241.165;12;241.177;0;50.162;0;3.598.568;;;
1997;Almería;Transbordo;Incluido tránsito;0;0;0;0;0;0;0;0;0;;;
1997;Avilés;Desembarque;Incluido tránsito;365.456;1.129.328;296.145;59;296.204;19.486;0;0;1.810.474;;;
1997;Avilés;Embarque;Incluido tránsito;356.694;534.565;988.696;0;988.696;0;57.692;0;1.937.647;;;
1997;Avilés;Transbordo;Incluido tránsito;0;0;0;0;0;0;0;0;0;;;
1997;Bahía de Algeciras;Desembarque;Incluido tránsito;10.507.172;1.659.368;1.048.914;7.311.626;8.360.540;13.961;0;0;20.541.041;;;
1997;Bahía de Algeciras;Embarque;Incluido tránsito;6.399.409;99.590;1.763.730;8.509.641;10.273.371;0;1.672.159;1.061.655;19.506.184;;;
1997;Bahía de Algeciras;Transbordo;Incluido tránsito;0;0;0;0;0;0;0;0;0;;;
1997;Bahía de Cádiz;Desembarque;Incluido tránsito;75.223;415.258;643.979;151.553;795.532;32.949;0;0;1.318.962;;;
1997;Bahía de Cádiz;Embarque;Incluido tránsito;3.637;651.371;868.409;357.496;1.225.905;0;271.201;19.578;2.171.692;;;
1997;Bahía de Cádiz;Transbordo;Incluido tránsito;0;0;0;0;0;0;0;0;0;;;
1997;Baleares;Desembarque;Incluido tránsito;7.693.971;1.230.312;2.278.969;1.177.820;3.456.789;3.019;0;16.430;12.400.521;;;
1997;Baleares;Embarque;Incluido tránsito;0;161.931;943.691;266.586;1.210.277;0;87.495;60.990;1.520.693;;;
1997;Baleares;Transbordo;Incluido tránsito;0;0;0;0;0;0;0;0;0;;;
1997;Barcelona;Desembarque;Incluido tránsito;7.764.105;2.683.220;1.194.398;3.847.645;5.042.043;5.019;0;0;15.494.387;;;
1997;Barcelona;Embarque;Incluido tránsito;280.835;2.393.844;1.499.596;5.223.683;6.723.279;0;596.420;0;9.994.378;;;
1997;Barcelona;Transbordo;Incluido tránsito;0;0;0;0;0;0;0;0;0;;;
1997;Bilbao;Desembarque;Incluido tránsito;9.762.660;2.459.125;2.094.561;1.268.207;3.362.768;23;0;240.583;15.825.159;;;
1997;Bilbao;Embarque;Incluido tránsito;2.852.369;563.172;1.273.385;2.137.827;3.411.212;0;127.362;299.210;7.253.325;;;
1997;Bilbao;Transbordo;Incluido tránsito;0;0;0;0;0;0;0;0;0;;;
1997;Cartagena;Desembarque;Incluido tránsito;5.367.859;1.877.612;65.899;68.450;134.349;3.486;0;226;7.383.532;;;
1997;Cartagena;Embarque;Incluido tránsito;1.932.845;180.284;31.152;236.814;267.966;0;66.570;0;2.447.665;;;
1997;Cartagena;Transbordo;Incluido tránsito;0;8.433;3.754;0;3.754;0;0;0;12.187;;;
1997;Castellón;Desembarque;Incluido tránsito;5.076.572;628.154;57.318;31.485;88.803;18.384;0;0;5.811.913;;;
1997;Castellón;Embarque;Incluido tránsito;1.750.681;236.206;234.287;318.225;552.512;0;30.656;0;2.570.055;;;
1997;Castellón;Transbordo;Incluido tránsito;0;0;0;0;0;0;0;0;0;;;
1997;Ceuta;Desembarque;Incluido tránsito;3.259.207;37.541;354.255;48.845;403.100;357;0;0;3.700.205;;;
1997;Ceuta;Embarque;Incluido tránsito;19.457;16;171.371;7.345;178.716;0;609.699;0;807.888;;;
1997;Ceuta;Transbordo;Incluido tránsito;0;0;0;0;0;0;0;0;0;;;
1997;Ferrol-San Cibrao;Desembarque;Incluido tránsito;626.411;5.493.066;167.010;58;167.068;762;0;0;6.287.307;;;
1997;Ferrol-San Cibrao;Embarque;Incluido tránsito;78.223;792.086;146.967;6.148;153.115;0;14.580;2;1.038.006;;;
1997;Ferrol-San Cibrao;Transbordo;Incluido tránsito;0;0;0;0;0;0;0;0;0;;;
1997;Gijón;Desembarque;Incluido tránsito;1.306.061;10.245.230;101.901;17.645;119.546;1.507;0;0;11.672.344;;;
1997;Gijón;Embarque;Incluido tránsito;43.035;966.632;485.766;62.864;548.630;0;134.519;99.151;1.791.967;;;
1997;Gijón;Transbordo;Incluido tránsito;0;0;0;0;0;0;0;0;0;;;
1997;Huelva;Desembarque;Incluido tránsito;6.759.995;3.861.423;296.996;0;296.996;7.489;0;14.999;10.940.902;;;
1997;Huelva;Embarque;Incluido tránsito;2.208.560;1.058.638;423.599;0;423.599;0;54.286;0;3.745.083;;;
1997;Huelva;Transbordo;Incluido tránsito;0;0;0;0;0;0;0;0;0;;;
1997;Las Palmas;Desembarque;Incluido tránsito;3.482.286;892.973;1.279.579;2.351.070;3.630.649;107.921;0;0;8.113.829;;;
1997;Las Palmas;Embarque;Incluido tránsito;323.389;62.196;1.174.786;984.066;2.158.852;0;1.666.124;0;4.210.561;;;
1997;Las Palmas;Transbordo;Incluido tránsito;0;0;142.062;0;142.062;0;0;0;142.062;;;
1997;Marín y Ría de Pontevedra;Desembarque;Incluido tránsito;0;730.143;173.093;16.889;189.982;10.778;0;0;930.903;;;
1997;Marín y Ría de Pontevedra;Embarque;Incluido tránsito;0;0;308.726;69.764;378.490;0;92.528;0;471.018;;;
1997;Marín y Ría de Pontevedra;Transbordo;Incluido tránsito;0;0;0;0;0;0;0;0;0;;;
1997;Melilla;Desembarque;Incluido tránsito;98.134;39.482;351.802;110.822;462.624;0;0;0;600.240;;;
1997;Melilla;Embarque;Incluido tránsito;0;0;101.443;31.824;133.267;0;10.398;0;143.665;;;
1997;Melilla;Transbordo;Incluido tránsito;0;0;0;0;0;0;0;0;0;;;
1997;Motril;Desembarque;Incluido tránsito;719.146;318.538;79.724;0;79.724;2.843;0;0;1.120.251;;;
1997;Motril;Embarque;Incluido tránsito;57.676;171.126;25.281;0;25.281;0;17.749;0;271.832;;;
1997;Motril;Transbordo;Incluido tránsito;0;0;0;0;0;0;0;0;0;;;
1997;Málaga;Desembarque;Incluido tránsito;6.967.763;1.003.543;79.102;5.862;84.964;6.273;0;0;8.062.543;;;
1997;Málaga;Embarque;Incluido tránsito;77.700;218.656;366.246;26.618;392.864;0;111.795;353;801.368;;;
1997;Málaga;Transbordo;Incluido tránsito;0;0;0;0;0;0;0;0;0;;;
1997;Pasaia;Desembarque;Incluido tránsito;309.287;1.723.567;873.203;113;873.316;14.937;0;0;2.921.107;;;
1997;Pasaia;Embarque;Incluido tránsito;0;107.206;744.377;3.162;747.539;0;61.964;0;916.709;;;
1997;Pasaia;Transbordo;Incluido tránsito;0;0;0;0;0;0;0;0;0;;;
1997;Santa Cruz de Tenerife;Desembarque;Incluido tránsito;5.203.804;959.847;1.474.342;1.657.500;3.131.842;3.425;0;0;9.298.918;;;
1997;Santa Cruz de Tenerife;Embarque;Incluido tránsito;2.589.455;40.343;1.445.043;684.405;2.129.448;0;897.465;0;5.656.711;;;
1997;Santa Cruz de Tenerife;Transbordo;Incluido tránsito;0;0;605;0;605;0;0;0;605;;;
1997;Santander;Desembarque;Incluido tránsito;378.541;2.255.572;504.755;13.465;518.220;10.287;0;0;3.162.620;;;
1997;Santander;Embarque;Incluido tránsito;43.492;761.889;536.437;2.818;539.255;0;77.927;0;1.422.563;;;
1997;Santander;Transbordo;Incluido tránsito;0;0;0;0;0;0;0;0;0;;;
1997;Sevilla;Desembarque;Incluido tránsito;233.089;1.857.677;350.908;118.399;469.307;0;0;7.860;2.567.933;;;
1997;Sevilla;Embarque;Incluido tránsito;89.151;729.761;266.114;362.459;628.573;0;7.276;2.478;1.457.239;;;
1997;Sevilla;Transbordo;Incluido tránsito;0;0;0;0;0;0;0;0;0;;;
1997;Tarragona;Desembarque;Incluido tránsito;12.334.428;7.046.489;135.927;49.479;185.406;9.597;0;1.051;19.576.971;;;
1997;Tarragona;Embarque;Incluido tránsito;9.608.256;1.090.644;311.042;218.553;529.595;0;309.129;1.128;11.538.752;;;
1997;Tarragona;Transbordo;Incluido tránsito;9.869;0;0;0;0;0;0;0;9.869;;;
1997;Valencia;Desembarque;Incluido tránsito;1.099.914;2.624.373;2.461.315;2.906.876;5.368.191;3.154;0;0;9.095.632;;;
1997;Valencia;Embarque;Incluido tránsito;280.033;938.204;1.266.707;6.417.401;7.684.108;0;240.905;0;9.143.250;;;
1997;Valencia;Transbordo;Incluido tránsito;0;0;7.596;0;7.596;0;0;0;7.596;;;
1997;Vigo;Desembarque;Incluido tránsito;45.972;437.346;663.331;413.129;1.076.460;83.270;0;0;1.643.048;;;
1997;Vigo;Embarque;Incluido tránsito;0;0;584.051;540.273;1.124.324;0;246.384;10.884;1.381.592;;;
1997;Vigo;Transbordo;Incluido tránsito;0;0;925;0;925;0;0;0;925;;;
1997;Vilagarcía;Desembarque;Incluido tránsito;126.689;276.422;148.899;0;148.899;0;0;0;552.010;;;
1997;Vilagarcía;Embarque;Incluido tránsito;2.800;27.681;54.756;0;54.756;0;5.803;0;91.040;;;
1997;Vilagarcía;Transbordo;Incluido tránsito;0;0;0;0;0;0;0;0;0;;;
1998;A Coruña;Desembarque;Incluido tránsito;6.099.370;2.077.992;136.201;648;136.849;45.452;0;1.631;8.361.294;;;
1998;A Coruña;Embarque;Incluido tránsito;1.663.050;605.664;136.352;648;137.000;0;177.248;880.174;3.463.136;;;
1998;A Coruña;Transbordo;Incluido tránsito;0;4.348;0;0;0;0;0;0;4.348;;;
1998;Alicante;Desembarque;Incluido tránsito;166.418;735.708;96.731;203.509;300.240;11.605;0;0;1.213.971;;;
1998;Alicante;Embarque;Incluido tránsito;14.361;593.637;274.431;504.136;778.567;0;45.703;0;1.432.268;;;
1998;Alicante;Transbordo;Incluido tránsito;0;0;0;0;0;0;0;0;0;;;
1998;Almería;Desembarque;Incluido tránsito;2.038;2.847.985;177.392;14;177.406;5.357;0;0;3.032.786;;;
1998;Almería;Embarque;Incluido tránsito;0;2.957.919;257.015;4;257.019;0;59.870;0;3.274.808;;;
1998;Almería;Transbordo;Incluido tránsito;0;0;0;0;0;0;0;0;0;;;
1998;Avilés;Desembarque;Incluido tránsito;266.867;1.046.935;344.340;154;344.494;16.947;0;0;1.675.243;;;
1998;Avilés;Embarque;Incluido tránsito;346.626;769.202;1.060.939;0;1.060.939;0;57.148;0;2.233.915;;;
1998;Avilés;Transbordo;Incluido tránsito;0;0;0;0;0;0;0;0;0;;;
1998;Bahía de Algeciras;Desembarque;Incluido tránsito;11.400.486;1.878.520;1.201.489;8.826.315;10.027.804;14.687;0;0;23.321.497;;;
1998;Bahía de Algeciras;Embarque;Incluido tránsito;7.050.918;24.921;1.889.186;9.854.438;11.743.624;0;1.877.272;1.201.837;21.898.572;;;
1998;Bahía de Algeciras;Transbordo;Incluido tránsito;0;0;0;0;0;0;0;0;0;;;
1998;Bahía de Cádiz;Desembarque;Incluido tránsito;89.547;650.731;755.362;161.980;917.342;37.083;0;165;1.694.868;;;
1998;Bahía de Cádiz;Embarque;Incluido tránsito;2.838;579.201;1.049.302;392.369;1.441.671;0;268.185;20.687;2.312.582;;;
1998;Bahía de Cádiz;Transbordo;Incluido tránsito;0;0;0;0;0;0;0;0;0;;;
1998;Baleares;Desembarque;Incluido tránsito;1.323.670;1.481.229;2.486.476;1.258.107;3.744.583;2.025;0;23.072;6.574.579;;;
1998;Baleares;Embarque;Incluido tránsito;0;128.971;972.023;320.882;1.292.905;0;34.088;52.223;1.508.187;;;
1998;Baleares;Transbordo;Incluido tránsito;0;0;0;0;0;0;0;0;0;;;
1998;Barcelona;Desembarque;Incluido tránsito;6.945.750;2.763.361;1.488.859;4.454.212;5.943.071;4.396;0;0;15.656.578;;;
1998;Barcelona;Embarque;Incluido tránsito;292.673;1.643.246;1.589.597;5.547.422;7.137.019;0;609.623;0;9.682.561;;;
1998;Barcelona;Transbordo;Incluido tránsito;0;0;0;0;0;0;0;0;0;;;
1998;Bilbao;Desembarque;Incluido tránsito;11.364.133;3.397.465;2.312.184;1.417.305;3.729.489;24;0;300.082;18.791.193;;;
1998;Bilbao;Embarque;Incluido tránsito;3.745.474;577.853;1.336.053;2.288.317;3.624.370;0;133.112;369.509;8.450.318;;;
1998;Bilbao;Transbordo;Incluido tránsito;0;0;0;0;0;0;0;0;0;;;
1998;Cartagena;Desembarque;Incluido tránsito;6.726.104;2.312.430;159.381;114.984;274.365;3.135;0;919;9.316.953;;;
1998;Cartagena;Embarque;Incluido tránsito;1.730.031;243.787;21.384;272.279;293.663;0;111.601;2.374;2.381.456;;;
1998;Cartagena;Transbordo;Incluido tránsito;0;1.781;530;0;530;0;0;0;2.311;;;
1998;Castellón;Desembarque;Incluido tránsito;5.306.157;881.301;43.824;29.565;73.389;18.408;0;0;6.279.255;;;
1998;Castellón;Embarque;Incluido tránsito;1.486.592;180.376;224.399;307.615;532.014;0;25.615;0;2.224.597;;;
1998;Castellón;Transbordo;Incluido tránsito;0;0;287;0;287;0;0;0;287;;;
1998;Ceuta;Desembarque;Incluido tránsito;3.350.989;38.925;436.576;52.150;488.726;345;0;0;3.878.985;;;
1998;Ceuta;Embarque;Incluido tránsito;23.717;20;174.213;9.182;183.395;0;556.420;0;763.552;;;
1998;Ceuta;Transbordo;Incluido tránsito;0;0;0;0;0;0;0;0;0;;;
1998;Ferrol-San Cibrao;Desembarque;Incluido tránsito;646.121;6.185.869;255.804;1.097;256.901;608;0;716;7.090.215;;;
1998;Ferrol-San Cibrao;Embarque;Incluido tránsito;75.004;762.577;97.962;0;97.962;0;26.950;0;962.493;;;
1998;Ferrol-San Cibrao;Transbordo;Incluido tránsito;0;0;0;0;0;0;0;0;0;;;
1998;Gijón;Desembarque;Incluido tránsito;1.296.227;12.144.388;121.762;15.379;137.141;2.610;0;98;13.580.464;;;
1998;Gijón;Embarque;Incluido tránsito;60.220;945.267;360.481;64.413;424.894;0;140.966;96.204;1.667.551;;;
1998;Gijón;Transbordo;Incluido tránsito;0;0;5.808;0;5.808;0;0;0;5.808;;;
1998;Huelva;Desembarque;Incluido tránsito;6.254.347;4.311.351;289.411;0;289.411;7.232;0;0;10.862.341;;;
1998;Huelva;Embarque;Incluido tránsito;2.002.430;1.186.151;426.899;0;426.899;0;55.457;4.055;3.674.992;;;
1998;Huelva;Transbordo;Incluido tránsito;0;0;0;0;0;0;0;0;0;;;
1998;Las Palmas;Desembarque;Incluido tránsito;3.691.935;1.060.024;1.323.568;3.130.257;4.453.825;124.521;0;0;9.330.305;;;
1998;Las Palmas;Embarque;Incluido tránsito;296.080;41.576;1.153.161;1.588.031;2.741.192;0;1.851.840;0;4.930.688;;;
1998;Las Palmas;Transbordo;Incluido tránsito;0;21;318.025;0;318.025;0;0;0;318.046;;;
1998;Marín y Ría de Pontevedra;Desembarque;Incluido tránsito;0;687.725;160.425;37.708;198.133;9.860;0;0;895.718;;;
1998;Marín y Ría de Pontevedra;Embarque;Incluido tránsito;0;11.936;296.158;144.699;440.857;0;87.610;0;540.403;;;
1998;Marín y Ría de Pontevedra;Transbordo;Incluido tránsito;0;0;0;0;0;0;0;0;0;;;
1998;Melilla;Desembarque;Incluido tránsito;86.891;47.345;405.075;125.127;530.202;0;0;0;664.438;;;
1998;Melilla;Embarque;Incluido tránsito;17;0;115.806;33.042;148.848;0;9.870;0;158.735;;;
1998;Melilla;Transbordo;Incluido tránsito;0;0;0;0;0;0;0;0;0;;;
1998;Motril;Desembarque;Incluido tránsito;910.655;479.984;87.677;0;87.677;1.943;0;0;1.480.259;;;
1998;Motril;Embarque;Incluido tránsito;42.669;190.271;32.939;0;32.939;0;17.315;0;283.194;;;
1998;Motril;Transbordo;Incluido tránsito;0;0;0;0;0;0;0;0;0;;;
1998;Málaga;Desembarque;Incluido tránsito;7.404.185;1.084.291;104.719;5.355;110.074;4.509;0;0;8.603.059;;;
1998;Málaga;Embarque;Incluido tránsito;62.463;234.001;285.907;20.781;306.688;0;134.952;426;738.530;;;
1998;Málaga;Transbordo;Incluido tránsito;0;0;0;0;0;0;0;0;0;;;
1998;Pasaia;Desembarque;Incluido tránsito;254.619;2.045.259;815.011;182;815.193;13.976;0;0;3.129.047;;;
1998;Pasaia;Embarque;Incluido tránsito;0;149.027;673.008;4.438;677.446;0;52.407;0;878.880;;;
1998;Pasaia;Transbordo;Incluido tránsito;0;0;0;0;0;0;0;0;0;;;
1998;Santa Cruz de Tenerife;Desembarque;Incluido tránsito;5.383.011;1.193.190;1.274.139;1.836.678;3.110.817;3.718;0;0;9.690.736;;;
1998;Santa Cruz de Tenerife;Embarque;Incluido tránsito;2.764.867;29.634;1.226.034;780.404;2.006.438;0;1.020.783;0;5.821.722;;;
1998;Santa Cruz de Tenerife;Transbordo;Incluido tránsito;0;0;3.183;0;3.183;0;0;0;3.183;;;
1998;Santander;Desembarque;Incluido tránsito;354.597;2.547.724;617.799;3.239;621.038;8.811;0;0;3.532.170;;;
1998;Santander;Embarque;Incluido tránsito;49.341;779.177;487.189;3.240;490.429;0;98.092;0;1.417.039;;;
1998;Santander;Transbordo;Incluido tránsito;0;0;174;0;174;0;0;0;174;;;
1998;Sevilla;Desembarque;Incluido tránsito;253.720;1.770.286;463.390;134.006;597.396;0;0;0;2.621.402;;;
1998;Sevilla;Embarque;Incluido tránsito;57.562;477.461;316.573;389.798;706.371;0;5.139;0;1.246.533;;;
1998;Sevilla;Transbordo;Incluido tránsito;2.518;0;0;0;0;0;0;0;2.518;;;
1998;Tarragona;Desembarque;Incluido tránsito;13.232.113;6.679.952;245.983;53.262;299.245;7.546;0;3.607;20.222.463;;;
1998;Tarragona;Embarque;Incluido tránsito;3.495.918;1.298.593;335.931;199.893;535.824;0;271.890;3.575;5.605.800;;;
1998;Tarragona;Transbordo;Incluido tránsito;0;0;0;0;0;0;0;0;0;;;
1998;Valencia;Desembarque;Incluido tránsito;1.095.022;3.184.847;2.657.265;3.723.732;6.380.997;3.492;0;0;10.664.358;;;
1998;Valencia;Embarque;Incluido tránsito;242.547;703.668;1.378.004;7.272.290;8.650.294;0;239.175;0;9.835.684;;;
1998;Valencia;Transbordo;Incluido tránsito;0;0;308;0;308;0;0;0;308;;;
1998;Vigo;Desembarque;Incluido tránsito;51.683;469.881;779.986;509.771;1.289.757;80.855;0;0;1.892.176;;;
1998;Vigo;Embarque;Incluido tránsito;0;0;597.892;578.413;1.176.305;0;254.379;3.577;1.434.261;;;
1998;Vigo;Transbordo;Incluido tránsito;0;0;825;0;825;0;0;0;825;;;
1998;Vilagarcía;Desembarque;Incluido tránsito;136.068;317.274;159.307;0;159.307;0;0;0;612.649;;;
1998;Vilagarcía;Embarque;Incluido tránsito;8.991;0;36.250;0;36.250;0;7.657;135;53.033;;;
1998;Vilagarcía;Transbordo;Incluido tránsito;0;0;900;0;900;0;0;0;900;;;
1999;A Coruña;Desembarque;Incluido tránsito;5.986.346;2.736.447;128.067;0;128.067;46.304;0;0;8.897.164;;;
1999;A Coruña;Embarque;Incluido tránsito;1.420.385;612.505;131.588;7.487;139.075;0;159.902;892.951;3.224.818;;;
1999;A Coruña;Transbordo;Incluido tránsito;0;0;0;0;0;0;0;0;0;;;
1999;Alicante;Desembarque;Incluido tránsito;169.730;949.354;183.125;217.965;401.090;13.259;0;0;1.533.433;;;
1999;Alicante;Embarque;Incluido tránsito;1.243;698.071;203.181;514.268;717.449;0;47.882;0;1.464.645;;;
1999;Alicante;Transbordo;Incluido tránsito;0;0;0;0;0;0;0;0;0;;;
1999;Almería;Desembarque;Incluido tránsito;3.518;3.501.668;185.075;243;185.318;5.130;0;0;3.695.634;;;
1999;Almería;Embarque;Incluido tránsito;0;2.982.322;248.368;48;248.416;0;68.492;0;3.299.230;;;
1999;Almería;Transbordo;Incluido tránsito;0;0;0;0;0;0;0;0;0;;;
1999;Avilés;Desembarque;Incluido tránsito;315.705;1.119.079;236.268;39;236.307;15.424;0;0;1.686.515;;;
1999;Avilés;Embarque;Incluido tránsito;351.935;764.715;651.013;2.326;653.339;0;57.785;0;1.827.774;;;
1999;Avilés;Transbordo;Incluido tránsito;0;0;0;0;0;0;0;0;0;;;
1999;Bahía de Algeciras;Desembarque;Incluido tránsito;11.481.181;2.579.500;1.507.439;8.530.123;10.037.562;13.905;0;1.190;24.113.338;;;
1999;Bahía de Algeciras;Embarque;Incluido tránsito;5.722.699;24.058;1.808.838;10.254.954;12.063.792;0;2.033.808;1.284.057;21.128.414;;;
1999;Bahía de Algeciras;Transbordo;Incluido tránsito;137.471;0;270;0;270;0;0;0;137.741;;;
1999;Bahía de Cádiz;Desembarque;Incluido tránsito;165.544;790.830;696.800;159.206;856.006;36.993;0;20;1.849.393;;;
1999;Bahía de Cádiz;Embarque;Incluido tránsito;4.641;380.365;1.109.285;404.897;1.514.182;0;287.187;29.278;2.215.653;;;
1999;Bahía de Cádiz;Transbordo;Incluido tránsito;0;0;951;0;951;0;0;0;951;;;
1999;Baleares;Desembarque;Incluido tránsito;1.434.218;1.816.554;2.880.059;1.576.135;4.456.194;3.466;0;23.492;7.733.924;;;
1999;Baleares;Embarque;Incluido tránsito;3.118;131.168;1.105.906;396.561;1.502.467;0;16.433;53.653;1.706.839;;;
1999;Baleares;Transbordo;Incluido tránsito;0;0;0;0;0;0;0;0;0;;;
1999;Barcelona;Desembarque;Incluido tránsito;8.219.474;2.808.572;1.911.868;5.153.504;7.065.372;6.183;0;0;18.099.601;;;
1999;Barcelona;Embarque;Incluido tránsito;280.123;1.245.009;1.879.935;6.378.242;8.258.177;0;625.601;0;10.408.910;;;
1999;Barcelona;Transbordo;Incluido tránsito;0;0;0;0;0;0;0;0;0;;;
1999;Bilbao;Desembarque;Incluido tránsito;11.435.963;3.589.420;2.240.627;1.520.021;3.760.648;15;0;418.461;19.204.507;;;
1999;Bilbao;Embarque;Incluido tránsito;2.890.258;797.687;1.157.723;2.398.196;3.555.919;0;131.748;475.415;7.851.027;;;
1999;Bilbao;Transbordo;Incluido tránsito;0;0;0;0;0;0;0;0;0;;;
1999;Cartagena;Desembarque;Incluido tránsito;6.835.692;2.690.916;123.942;133.281;257.223;3.251;0;2.806;9.789.888;;;
1999;Cartagena;Embarque;Incluido tránsito;2.012.959;256.084;57.335;268.417;325.752;0;84.365;2.112;2.681.272;;;
1999;Cartagena;Transbordo;Incluido tránsito;0;0;0;0;0;0;0;0;0;;;
1999;Castellón;Desembarque;Incluido tránsito;5.552.496;1.120.235;69.393;15.664;85.057;20.497;0;0;6.778.285;;;
1999;Castellón;Embarque;Incluido tránsito;1.664.864;173.069;275.504;161.290;436.794;0;26.810;0;2.301.537;;;
1999;Castellón;Transbordo;Incluido tránsito;0;0;0;0;0;0;0;0;0;;;
1999;Ceuta;Desembarque;Incluido tránsito;1.792.806;52.242;405.125;56.014;461.139;269;0;0;2.306.456;;;
1999;Ceuta;Embarque;Incluido tránsito;29.203;42;178.929;8.997;187.926;0;532.400;0;749.571;;;
1999;Ceuta;Transbordo;Incluido tránsito;0;0;0;0;0;0;0;0;0;;;
1999;Ferrol-San Cibrao;Desembarque;Incluido tránsito;811.067;6.297.586;308.011;1.798;309.809;348;0;0;7.418.810;;;
1999;Ferrol-San Cibrao;Embarque;Incluido tránsito;84.975;839.799;93.652;105;93.757;0;24.910;31.733;1.075.174;;;
1999;Ferrol-San Cibrao;Transbordo;Incluido tránsito;0;0;0;0;0;0;0;0;0;;;
1999;Gijón;Desembarque;Incluido tránsito;1.342.931;15.137.470;88.075;31.856;119.931;2.656;0;2.162;16.605.150;;;
1999;Gijón;Embarque;Incluido tránsito;56.427;1.047.751;364.255;98.455;462.710;0;162.855;88.395;1.818.138;;;
1999;Gijón;Transbordo;Incluido tránsito;0;0;327;0;327;0;0;0;327;;;
1999;Huelva;Desembarque;Incluido tránsito;7.003.980;4.475.872;428.997;0;428.997;7.065;0;2.115;11.918.029;;;
1999;Huelva;Embarque;Incluido tránsito;2.296.940;1.001.621;424.558;0;424.558;0;51.601;0;3.774.720;;;
1999;Huelva;Transbordo;Incluido tránsito;0;0;0;0;0;0;0;0;0;;;
1999;Las Palmas;Desembarque;Incluido tránsito;3.848.146;1.273.376;2.419.795;3.045.122;5.464.917;93.137;0;0;10.679.576;;;
1999;Las Palmas;Embarque;Incluido tránsito;349.376;30.231;1.217.065;2.304.240;3.521.305;0;1.924.327;0;5.825.239;;;
1999;Las Palmas;Transbordo;Incluido tránsito;0;0;220.983;0;220.983;0;0;0;220.983;;;
1999;Marín y Ría de Pontevedra;Desembarque;Incluido tránsito;0;714.846;233.416;87.743;321.159;8.927;0;0;1.044.932;;;
1999;Marín y Ría de Pontevedra;Embarque;Incluido tránsito;0;1.543;309.580;299.229;608.809;0;98.939;0;709.291;;;
1999;Marín y Ría de Pontevedra;Transbordo;Incluido tránsito;0;0;0;0;0;0;0;0;0;;;
1999;Melilla;Desembarque;Incluido tránsito;78.602;56.850;375.116;111.594;486.710;0;0;0;622.162;;;
1999;Melilla;Embarque;Incluido tránsito;0;0;117.207;27.498;144.705;0;10.519;0;155.224;;;
1999;Melilla;Transbordo;Incluido tránsito;0;0;0;0;0;0;0;0;0;;;
1999;Motril;Desembarque;Incluido tránsito;944.492;486.530;108.865;0;108.865;2.663;0;0;1.542.550;;;
1999;Motril;Embarque;Incluido tránsito;3.163;131.362;12.041;48;12.089;0;18.243;0;164.857;;;
1999;Motril;Transbordo;Incluido tránsito;0;0;0;0;0;0;0;0;0;;;
1999;Málaga;Desembarque;Incluido tránsito;7.428.226;1.033.951;107.233;4.771;112.004;5.364;0;0;8.579.545;;;
1999;Málaga;Embarque;Incluido tránsito;35.932;185.022;242.083;20.151;262.234;0;146.165;481;629.834;;;
1999;Málaga;Transbordo;Incluido tránsito;0;0;0;0;0;0;0;0;0;;;
1999;Pasaia;Desembarque;Incluido tránsito;253.644;2.387.655;1.016.362;0;1.016.362;14.092;0;0;3.671.753;;;
1999;Pasaia;Embarque;Incluido tránsito;0;182.383;647.680;0;647.680;0;50.890;0;880.953;;;
1999;Pasaia;Transbordo;Incluido tránsito;0;0;0;0;0;0;0;0;0;;;
1999;Santa Cruz de Tenerife;Desembarque;Incluido tránsito;5.325.282;1.214.276;1.339.194;2.083.121;3.422.315;3.844;0;0;9.965.717;;;
1999;Santa Cruz de Tenerife;Embarque;Incluido tránsito;2.886.613;21.142;1.213.601;839.920;2.053.521;0;989.925;0;5.951.201;;;
1999;Santa Cruz de Tenerife;Transbordo;Incluido tránsito;0;0;5.894;0;5.894;0;0;0;5.894;;;
1999;Santander;Desembarque;Incluido tránsito;330.000;2.714.885;664.548;2.762;667.310;7.965;0;0;3.720.160;;;
1999;Santander;Embarque;Incluido tránsito;23.850;978.117;445.877;12.956;458.833;0;94.836;0;1.555.636;;;
1999;Santander;Transbordo;Incluido tránsito;0;0;0;0;0;0;0;0;0;;;
1999;Sevilla;Desembarque;Incluido tránsito;282.387;1.890.352;689.408;130.327;819.735;0;0;382;2.992.856;;;
1999;Sevilla;Embarque;Incluido tránsito;27.515;295.956;228.559;411.219;639.778;0;4.960;0;968.209;;;
1999;Sevilla;Transbordo;Incluido tránsito;0;0;0;0;0;0;0;0;0;;;
1999;Tarragona;Desembarque;Incluido tránsito;12.575.139;7.111.672;262.016;69.024;331.040;8.243;0;1.000;20.027.094;;;
1999;Tarragona;Embarque;Incluido tránsito;2.911.417;1.597.192;333.030;260.607;593.637;0;285.627;1.000;5.388.873;;;
1999;Tarragona;Transbordo;Incluido tránsito;2.649;0;0;0;0;0;0;0;2.649;;;
1999;Valencia;Desembarque;Incluido tránsito;1.492.201;4.168.284;2.864.863;4.620.183;7.485.046;2.847;0;0;13.148.378;;;
1999;Valencia;Embarque;Incluido tránsito;152.556;865.095;1.362.391;8.338.907;9.701.298;0;216.358;0;10.935.307;;;
1999;Valencia;Transbordo;Incluido tránsito;0;0;1.668;0;1.668;0;0;0;1.668;;;
1999;Vigo;Desembarque;Incluido tránsito;55.220;440.954;774.811;585.689;1.360.500;82.268;0;0;1.938.942;;;
1999;Vigo;Embarque;Incluido tránsito;0;2.000;663.932;631.595;1.295.527;0;272.784;560;1.570.871;;;
1999;Vigo;Transbordo;Incluido tránsito;0;0;200;0;200;0;0;0;200;;;
1999;Vilagarcía;Desembarque;Incluido tránsito;136.963;386.035;176.301;0;176.301;0;0;0;699.299;;;
1999;Vilagarcía;Embarque;Incluido tránsito;8.162;148;63.340;0;63.340;0;8.261;5.310;85.221;;;
1999;Vilagarcía;Transbordo;Incluido tránsito;0;0;0;0;0;0;0;0;0;;;
2000;A Coruña;Desembarque;Incluido tránsito;6.124.287;3.075.128;126.366;0;126.366;43.699;0;0;9.369.480;;;
2000;A Coruña;Embarque;Incluido tránsito;1.508.143;651.662;169.277;4;169.281;0;137.386;778.244;3.244.716;;;
2000;A Coruña;Transbordo;Incluido tránsito;0;0;211;76;287;0;0;0;287;;;
2000;Alicante;Desembarque;Incluido tránsito;160.386;1.158.263;222.949;245.944;468.893;9.401;0;0;1.796.943;;;
2000;Alicante;Embarque;Incluido tránsito;968;356.147;227.574;608.941;836.515;0;55.953;0;1.249.583;;;
2000;Alicante;Transbordo;Incluido tránsito;0;0;0;0;0;0;0;0;0;;;
2000;Almería;Desembarque;Incluido tránsito;8.685;3.231.852;327.054;422;327.476;4.781;0;0;3.572.794;;;
2000;Almería;Embarque;Incluido tránsito;0;3.148.687;218.971;114;219.085;0;64.585;0;3.432.357;;;
2000;Almería;Transbordo;Incluido tránsito;0;802;0;0;0;0;0;0;802;;;
2000;Avilés;Desembarque;Incluido tránsito;331.206;1.117.372;365.137;33;365.170;12.355;0;0;1.826.103;;;
2000;Avilés;Embarque;Incluido tránsito;319.227;1.211.650;729.432;61;729.493;0;51.132;0;2.311.502;;;
2000;Avilés;Transbordo;Incluido tránsito;0;0;0;0;0;0;0;0;0;;;
2000;Bahía de Algeciras;Desembarque;Incluido tránsito;12.144.864;2.813.314;859.943;10.497.611;11.357.554;9.032;0;115.326;26.440.090;;;
2000;Bahía de Algeciras;Embarque;Incluido tránsito;6.059.838;14.365;1.790.016;9.836.456;11.626.472;0;2.151.481;1.267.571;21.119.727;;;
2000;Bahía de Algeciras;Transbordo;Incluido tránsito;0;0;0;0;0;0;0;0;0;;;
2000;Bahía de Cádiz;Desembarque;Incluido tránsito;172.977;1.268.008;752.079;202.509;954.588;29.471;0;0;2.425.044;;;
2000;Bahía de Cádiz;Embarque;Incluido tránsito;43.574;506.580;1.059.232;484.709;1.543.941;0;124.371;9.894;2.228.360;;;
2000;Bahía de Cádiz;Transbordo;Incluido tránsito;0;0;0;0;0;0;0;0;0;;;
2000;Baleares;Desembarque;Incluido tránsito;1.622.395;1.821.794;3.303.645;1.725.896;5.029.541;3.038;0;19.963;8.496.731;;;
2000;Baleares;Embarque;Incluido tránsito;0;60.383;1.279.149;417.092;1.696.241;0;272.723;48.354;2.077.701;;;
2000;Baleares;Transbordo;Incluido tránsito;0;0;0;0;0;0;0;0;0;;;
2000;Barcelona;Desembarque;Incluido tránsito;8.588.159;2.227.066;2.163.941;5.810.481;7.974.422;5.727;0;0;18.795.374;;;
2000;Barcelona;Embarque;Incluido tránsito;377.514;1.027.173;2.432.401;7.178.157;9.610.558;0;349.762;0;11.365.007;;;
2000;Barcelona;Transbordo;Incluido tránsito;0;0;0;0;0;0;0;0;0;;;
2000;Bilbao;Desembarque;Incluido tránsito;11.577.825;3.687.864;2.591.437;1.704.367;4.295.804;11;0;466.579;20.028.083;;;
2000;Bilbao;Embarque;Incluido tránsito;3.186.500;764.792;1.342.812;2.663.509;4.006.321;0;129.046;524.228;8.610.887;;;
2000;Bilbao;Transbordo;Incluido tránsito;0;0;0;0;0;0;0;0;0;;;
2000;Cartagena;Desembarque;Incluido tránsito;13.912.444;2.810.010;105.878;68.749;174.627;2.863;0;1.662;16.901.606;;;
2000;Cartagena;Embarque;Incluido tránsito;1.178.694;189.663;20.644;285.846;306.490;0;102.984;9.721;1.787.552;;;
2000;Cartagena;Transbordo;Incluido tránsito;0;0;0;0;0;0;0;0;0;;;
2000;Castellón;Desembarque;Incluido tránsito;5.594.303;1.392.246;70.359;21.838;92.197;15.532;0;0;7.094.278;;;
2000;Castellón;Embarque;Incluido tránsito;2.061.385;170.403;301.779;218.069;519.848;0;28.466;0;2.780.102;;;
2000;Castellón;Transbordo;Incluido tránsito;14.640;0;0;0;0;0;0;0;14.640;;;
2000;Ceuta;Desembarque;Incluido tránsito;1.413.707;64.078;437.142;63.922;501.064;283;0;0;1.979.132;;;
2000;Ceuta;Embarque;Incluido tránsito;65.347;93;210.252;11.420;221.672;0;629.812;0;916.924;;;
2000;Ceuta;Transbordo;Incluido tránsito;0;0;0;0;0;0;0;0;0;;;
2000;Ferrol-San Cibrao;Desembarque;Incluido tránsito;739.450;6.218.925;408.658;278;408.936;147;0;10.053;7.377.511;;;
2000;Ferrol-San Cibrao;Embarque;Incluido tránsito;83.173;826.234;178.445;932;179.377;0;32.213;89;1.121.086;;;
2000;Ferrol-San Cibrao;Transbordo;Incluido tránsito;0;0;0;0;0;0;0;0;0;;;
2000;Gijón;Desembarque;Incluido tránsito;1.376.926;16.214.359;121.258;55.067;176.325;7.006;0;0;17.774.616;;;
2000;Gijón;Embarque;Incluido tránsito;74.551;1.203.209;306.910;129.456;436.366;0;184.508;130.326;2.028.960;;;
2000;Gijón;Transbordo;Incluido tránsito;0;0;3.406;0;3.406;0;0;0;3.406;;;
2000;Huelva;Desembarque;Incluido tránsito;8.817.984;4.003.837;554.283;0;554.283;5.996;0;0;13.382.100;;;
2000;Huelva;Embarque;Incluido tránsito;2.847.262;1.203.309;379.491;0;379.491;0;58.351;0;4.488.413;;;
2000;Huelva;Transbordo;Incluido tránsito;0;0;0;0;0;0;0;0;0;;;
2000;Las Palmas;Desembarque;Incluido tránsito;3.760.762;1.415.828;2.631.841;2.664.025;5.295.866;5.036;0;0;10.477.492;;;
2000;Las Palmas;Embarque;Incluido tránsito;367.862;17.872;1.319.252;1.849.948;3.169.200;0;1.901.141;0;5.456.075;;;
2000;Las Palmas;Transbordo;Incluido tránsito;443;0;240.274;31.849;272.123;0;0;0;272.566;;;
2000;Marín y Ría de Pontevedra;Desembarque;Incluido tránsito;0;698.029;317.241;44.471;361.712;8.182;0;23;1.067.946;;;
2000;Marín y Ría de Pontevedra;Embarque;Incluido tránsito;0;5.464;305.963;193.911;499.874;0;109.009;0;614.347;;;
2000;Marín y Ría de Pontevedra;Transbordo;Incluido tránsito;0;216;1.356;0;1.356;0;0;0;1.572;;;
2000;Melilla;Desembarque;Incluido tránsito;85.803;63.482;388.293;104.554;492.847;0;0;0;642.132;;;
2000;Melilla;Embarque;Incluido tránsito;0;0;120.971;19.516;140.487;0;19.315;0;159.802;;;
2000;Melilla;Transbordo;Incluido tránsito;0;0;0;0;0;0;0;0;0;;;
2000;Motril;Desembarque;Incluido tránsito;969.702;608.114;138.436;0;138.436;2.875;0;0;1.719.127;;;
2000;Motril;Embarque;Incluido tránsito;13.076;201.671;7.767;0;7.767;0;16.248;0;238.762;;;
2000;Motril;Transbordo;Incluido tránsito;0;0;0;0;0;0;0;0;0;;;
2000;Málaga;Desembarque;Incluido tránsito;1.873.528;1.040.902;122.786;4.720;127.506;5.883;0;0;3.047.819;;;
2000;Málaga;Embarque;Incluido tránsito;124.002;212.441;250.096;17.739;267.835;0;113.251;122;717.651;;;
2000;Málaga;Transbordo;Incluido tránsito;0;0;0;0;0;0;0;0;0;;;
2000;Pasaia;Desembarque;Incluido tránsito;159.900;2.749.850;902.726;0;902.726;14.682;0;0;3.827.158;;;
2000;Pasaia;Embarque;Incluido tránsito;0;65.832;726.914;0;726.914;0;51.473;0;844.219;;;
2000;Pasaia;Transbordo;Incluido tránsito;0;0;0;0;0;0;0;0;0;;;
2000;Santa Cruz de Tenerife;Desembarque;Incluido tránsito;5.711.833;1.497.178;1.424.692;2.216.235;3.640.927;2.709;0;0;10.852.647;;;
2000;Santa Cruz de Tenerife;Embarque;Incluido tránsito;2.816.690;4.463;1.282.481;927.412;2.209.893;0;1.090.545;0;6.121.591;;;
2000;Santa Cruz de Tenerife;Transbordo;Incluido tránsito;0;0;0;0;0;0;0;0;0;;;
2000;Santander;Desembarque;Incluido tránsito;363.362;2.905.729;733.875;8.633;742.508;7.018;0;0;4.018.617;;;
2000;Santander;Embarque;Incluido tránsito;15.163;737.160;453.588;44.290;497.878;0;80.045;0;1.330.246;;;
2000;Santander;Transbordo;Incluido tránsito;0;0;0;0;0;0;0;0;0;;;
2000;Sevilla;Desembarque;Incluido tránsito;239.359;2.211.838;674.058;146.011;820.069;0;0;0;3.271.266;;;
2000;Sevilla;Embarque;Incluido tránsito;22.782;483.586;194.732;507.593;702.325;0;7.291;4.943;1.220.927;;;
2000;Sevilla;Transbordo;Incluido tránsito;0;0;0;0;0;0;0;0;0;;;
2000;Tarragona;Desembarque;Incluido tránsito;13.701.372;7.774.997;220.731;88.353;309.084;7.678;0;0;21.793.131;;;
2000;Tarragona;Embarque;Incluido tránsito;3.474.645;1.460.033;330.489;291.964;622.453;0;208.032;0;5.765.163;;;
2000;Tarragona;Transbordo;Incluido tránsito;14.373;0;65;0;65;0;0;0;14.438;;;
2000;Valencia;Desembarque;Incluido tránsito;1.600.840;4.105.092;3.064.861;5.006.370;8.071.231;2.905;0;0;13.780.068;;;
2000;Valencia;Embarque;Incluido tránsito;139.735;533.394;1.638.906;9.129.189;10.768.095;0;172.875;0;11.614.099;;;
2000;Valencia;Transbordo;Incluido tránsito;0;0;0;0;0;0;0;0;0;;;
2000;Vigo;Desembarque;Incluido tránsito;44.600;483.675;870.640;627.304;1.497.944;75.827;0;0;2.102.046;;;
2000;Vigo;Embarque;Incluido tránsito;0;20.496;726.057;735.664;1.461.721;0;289.678;670;1.772.565;;;
2000;Vigo;Transbordo;Incluido tránsito;0;0;2.205;0;2.205;0;0;0;2.205;;;
2000;Vilagarcía;Desembarque;Incluido tránsito;269.169;420.348;201.961;0;201.961;0;0;0;891.478;;;
2000;Vilagarcía;Embarque;Incluido tránsito;9.951;757;87.440;0;87.440;0;11.938;0;110.086;;;
2000;Vilagarcía;Transbordo;Incluido tránsito;0;0;0;0;0;0;0;0;0;;;
2001;A Coruña;Desembarque;Incluido tránsito;5.931.385;2.724.299;269.460;117;269.577;29.167;0;0;8.954.428;;;
2001;A Coruña;Embarque;Incluido tránsito;1.267.704;506.589;155.504;0;155.504;0;164.077;721.385;2.815.259;;;
2001;A Coruña;Transbordo;Incluido tránsito;7.482;4.125;0;0;0;0;0;0;11.607;;;
2001;Alicante;Desembarque;Incluido tránsito;116.175;1.359.860;255.652;281.449;537.101;7.384;0;0;2.020.520;;;
2001;Alicante;Embarque;Incluido tránsito;5;209.713;287.581;708.758;996.339;0;61.921;0;1.267.978;;;
2001;Alicante;Transbordo;Incluido tránsito;0;0;0;2.677;2.677;0;0;0;2.677;;;
2001;Almería;Desembarque;Incluido tránsito;6.992;3.601.812;236.505;248;236.753;6.619;0;0;3.852.176;;;
2001;Almería;Embarque;Incluido tránsito;0;2.489.203;206.502;0;206.502;0;63.627;0;2.759.332;;;
2001;Almería;Transbordo;Incluido tránsito;0;0;0;0;0;0;0;0;0;;;
2001;Avilés;Desembarque;Incluido tránsito;275.802;1.235.888;331.582;0;331.582;12.235;0;0;1.855.507;;;
2001;Avilés;Embarque;Incluido tránsito;399.089;879.419;604.280;439;604.719;0;54.815;0;1.938.042;;;
2001;Avilés;Transbordo;Incluido tránsito;0;0;0;0;0;0;0;0;0;;;
2001;Bahía de Algeciras;Desembarque;Incluido tránsito;12.057.027;2.544.049;1.376.923;12.128.003;13.504.926;6.947;0;120.682;28.233.631;;;
2001;Bahía de Algeciras;Embarque;Incluido tránsito;7.084.799;12.569;1.814.228;12.025.343;13.839.571;0;2.249.885;1.326.442;24.513.266;;;
2001;Bahía de Algeciras;Transbordo;Incluido tránsito;0;0;0;0;0;0;0;0;0;;;
2001;Bahía de Cádiz;Desembarque;Incluido tránsito;144.933;1.240.220;745.196;230.515;975.711;30.860;0;368;2.392.092;;;
2001;Bahía de Cádiz;Embarque;Incluido tránsito;37.968;526.064;1.002.501;595.063;1.597.564;0;114.993;15.459;2.292.048;;;
2001;Bahía de Cádiz;Transbordo;Incluido tránsito;0;0;2.184;0;2.184;0;0;0;2.184;;;
2001;Baleares;Desembarque;Incluido tránsito;1.707.108;1.756.510;3.535.582;1.547.489;5.083.071;2.862;0;125.865;8.675.416;;;
2001;Baleares;Embarque;Incluido tránsito;0;70.296;1.374.946;429.019;1.803.965;0;217.119;125.865;2.217.245;;;
2001;Baleares;Transbordo;Incluido tránsito;0;0;0;0;0;0;0;0;0;;;
2001;Barcelona;Desembarque;Incluido tránsito;9.123.495;2.947.583;2.136.297;6.005.552;8.141.849;5.672;0;0;20.218.599;;;
2001;Barcelona;Embarque;Incluido tránsito;391.677;870.205;2.570.100;7.424.321;9.994.421;0;388.310;0;11.644.613;;;
2001;Barcelona;Transbordo;Incluido tránsito;0;0;0;0;0;0;0;0;0;;;
2001;Bilbao;Desembarque;Incluido tránsito;11.108.174;3.751.216;2.243.570;1.840.964;4.084.534;6;0;126.358;19.070.288;;;
2001;Bilbao;Embarque;Incluido tránsito;3.217.793;662.411;1.081.238;2.754.109;3.835.347;0;135.080;179.628;8.030.259;;;
2001;Bilbao;Transbordo;Incluido tránsito;0;0;0;0;0;0;0;0;0;;;
2001;Cartagena;Desembarque;Incluido tránsito;14.934.534;3.189.623;217.910;58.628;276.538;3.378;0;7.903;18.411.976;;;
2001;Cartagena;Embarque;Incluido tránsito;1.375.706;200.405;269.607;261.216;530.823;0;99.293;3.795;2.210.022;;;
2001;Cartagena;Transbordo;Incluido tránsito;0;0;43;0;43;0;0;0;43;;;
2001;Castellón;Desembarque;Incluido tránsito;5.796.601;1.440.150;114.853;32.603;147.456;12.136;0;0;7.396.343;;;
2001;Castellón;Embarque;Incluido tránsito;1.955.262;226.786;451.491;251.868;703.359;0;35.480;0;2.920.887;;;
2001;Castellón;Transbordo;Incluido tránsito;0;0;0;0;0;0;0;0;0;;;
2001;Ceuta;Desembarque;Incluido tránsito;780.169;90.906;475.766;65.159;540.925;443;0;0;1.412.443;;;
2001;Ceuta;Embarque;Incluido tránsito;14.971;6.404;234.375;38.108;272.483;0;720.476;0;1.014.334;;;
2001;Ceuta;Transbordo;Incluido tránsito;0;0;0;0;0;0;0;0;0;;;
2001;Ferrol-San Cibrao;Desembarque;Incluido tránsito;704.498;6.583.676;412.542;190;412.732;277;0;62;7.701.245;;;
2001;Ferrol-San Cibrao;Embarque;Incluido tránsito;23.551;788.301;198.469;75;198.544;0;16.537;275;1.027.208;;;
2001;Ferrol-San Cibrao;Transbordo;Incluido tránsito;0;0;0;0;0;0;0;0;0;;;
2001;Gijón;Desembarque;Incluido tránsito;1.257.545;15.714.960;119.811;54.431;174.242;8.741;0;0;17.155.488;;;
2001;Gijón;Embarque;Incluido tránsito;81.293;1.309.232;268.094;129.597;397.691;0;143.914;114.355;2.046.485;;;
2001;Gijón;Transbordo;Incluido tránsito;0;0;1.100;0;1.100;0;0;0;1.100;;;
2001;Huelva;Desembarque;Incluido tránsito;9.611.876;4.298.052;595.890;0;595.890;6.333;0;0;14.512.151;;;
2001;Huelva;Embarque;Incluido tránsito;2.524.894;1.179.140;343.853;0;343.853;0;103.364;0;4.151.251;;;
2001;Huelva;Transbordo;Incluido tránsito;0;0;0;0;0;0;0;0;0;;;
2001;Las Palmas;Desembarque;Incluido tránsito;4.166.747;1.117.535;1.579.270;4.200.818;5.780.088;14.467;0;0;11.078.837;;;
2001;Las Palmas;Embarque;Incluido tránsito;460.298;526.497;1.322.135;2.254.033;3.576.168;0;2.045.414;0;6.608.377;;;
2001;Las Palmas;Transbordo;Incluido tránsito;0;0;292.776;42.128;334.904;0;0;0;334.904;;;
2001;Marín y Ría de Pontevedra;Desembarque;Incluido tránsito;0;844.391;349.378;61.480;410.858;6.714;0;3;1.261.966;;;
2001;Marín y Ría de Pontevedra;Embarque;Incluido tránsito;0;27.652;317.491;209.223;526.714;0;89.572;0;643.938;;;
2001;Marín y Ría de Pontevedra;Transbordo;Incluido tránsito;0;0;0;0;0;0;0;0;0;;;
2001;Melilla;Desembarque;Incluido tránsito;86.347;64.442;363.712;95.756;459.468;0;0;0;610.257;;;
2001;Melilla;Embarque;Incluido tránsito;0;0;112.700;19.184;131.884;0;18.653;0;150.537;;;
2001;Melilla;Transbordo;Incluido tránsito;0;0;0;0;0;0;0;0;0;;;
2001;Motril;Desembarque;Incluido tránsito;995.902;584.722;122.596;0;122.596;2.739;0;0;1.705.959;;;
2001;Motril;Embarque;Incluido tránsito;42.938;148.982;9.755;0;9.755;0;19.652;0;221.327;;;
2001;Motril;Transbordo;Incluido tránsito;0;0;0;0;0;0;0;0;0;;;
2001;Málaga;Desembarque;Incluido tránsito;12.333;1.088.645;101.764;4.419;106.183;5.427;0;0;1.212.588;;;
2001;Málaga;Embarque;Incluido tránsito;78.085;216.094;294.427;12.447;306.874;0;112.147;48;713.248;;;
2001;Málaga;Transbordo;Incluido tránsito;0;0;0;0;0;0;0;0;0;;;
2001;Pasaia;Desembarque;Incluido tránsito;251.600;2.677.922;907.024;0;907.024;13.699;0;0;3.850.245;;;
2001;Pasaia;Embarque;Incluido tránsito;0;56.696;766.088;0;766.088;0;46.962;0;869.746;;;
2001;Pasaia;Transbordo;Incluido tránsito;0;0;0;0;0;0;0;0;0;;;
2001;Santa Cruz de Tenerife;Desembarque;Incluido tránsito;5.640.121;1.460.244;1.521.666;2.297.902;3.819.568;2.831;0;0;10.922.764;;;
2001;Santa Cruz de Tenerife;Embarque;Incluido tránsito;2.907.311;4.055;1.377.064;886.951;2.264.015;0;1.031.991;0;6.207.372;;;
2001;Santa Cruz de Tenerife;Transbordo;Incluido tránsito;0;0;0;1.382;1.382;0;0;0;1.382;;;
2001;Santander;Desembarque;Incluido tránsito;372.729;2.889.214;715.048;3.538;718.586;7.639;0;0;3.988.168;;;
2001;Santander;Embarque;Incluido tránsito;15.816;809.331;272.792;18.150;290.942;0;72.185;0;1.188.274;;;
2001;Santander;Transbordo;Incluido tránsito;0;0;0;0;0;0;0;0;0;;;
2001;Sevilla;Desembarque;Incluido tránsito;235.614;2.239.075;781.959;152.418;934.377;0;0;0;3.409.066;;;
2001;Sevilla;Embarque;Incluido tránsito;28.857;718.483;152.939;556.209;709.148;0;10.634;16.571;1.483.693;;;
2001;Sevilla;Transbordo;Incluido tránsito;0;0;0;0;0;0;0;0;0;;;
2001;Tarragona;Desembarque;Incluido tránsito;13.371.678;7.272.801;335.248;69.831;405.079;7.312;0;20;21.056.890;;;
2001;Tarragona;Embarque;Incluido tránsito;3.599.995;1.462.407;304.820;254.241;559.061;0;219.716;0;5.841.179;;;
2001;Tarragona;Transbordo;Incluido tránsito;0;0;0;0;0;0;0;0;0;;;
2001;Valencia;Desembarque;Incluido tránsito;1.564.220;4.664.664;3.301.974;5.760.528;9.062.502;3.921;0;0;15.295.307;;;
2001;Valencia;Embarque;Incluido tránsito;178.688;619.030;1.973.763;10.385.718;12.359.481;0;224.421;0;13.381.620;;;
2001;Valencia;Transbordo;Incluido tránsito;0;16.100;0;0;0;0;0;0;16.100;;;
2001;Vigo;Desembarque;Incluido tránsito;24.769;649.918;839.167;623.178;1.462.345;79.696;0;16;2.216.744;;;
2001;Vigo;Embarque;Incluido tránsito;26.957;47.840;709.219;773.461;1.482.680;0;332.310;580;1.890.367;;;
2001;Vigo;Transbordo;Incluido tránsito;0;0;4.857;0;4.857;0;0;0;4.857;;;
2001;Vilagarcía;Desembarque;Incluido tránsito;306.321;431.230;189.622;0;189.622;0;0;0;927.173;;;
2001;Vilagarcía;Embarque;Incluido tránsito;10.961;202;77.950;0;77.950;0;8.230;0;97.343;;;
2001;Vilagarcía;Transbordo;Incluido tránsito;0;0;0;0;0;0;0;0;0;;;
2002;A Coruña;Desembarque;Incluido tránsito;6.194.478;3.659.901;379.297;0;379.297;25.434;0;7.258;10.266.368;;;
2002;A Coruña;Embarque;Incluido tránsito;1.349.255;414.118;188.295;0;188.295;0;136.332;652.198;2.740.198;;;
2002;A Coruña;Transbordo;Incluido tránsito;0;0;135;0;135;0;0;0;135;;;
2002;Alicante;Desembarque;Incluido tránsito;109.506;1.093.067;302.774;274.555;577.329;5.620;0;0;1.785.522;;;
2002;Alicante;Embarque;Incluido tránsito;24;176.325;283.542;721.016;1.004.558;0;86.198;0;1.267.105;;;
2002;Alicante;Transbordo;Incluido tránsito;0;0;851;0;851;0;0;0;851;;;
2002;Almería;Desembarque;Incluido tránsito;7.566;3.496.880;245.792;226;246.018;5.139;0;0;3.755.603;;;
2002;Almería;Embarque;Incluido tránsito;0;1.708.452;220.592;24;220.616;0;123.257;0;2.052.325;;;
2002;Almería;Transbordo;Incluido tránsito;0;0;0;0;0;0;0;0;0;;;
2002;Avilés;Desembarque;Incluido tránsito;298.298;1.586.742;214.708;16.063;230.771;14.552;0;0;2.130.363;;;
2002;Avilés;Embarque;Incluido tránsito;459.682;869.686;605.252;42.883;648.135;0;54.216;0;2.031.719;;;
2002;Avilés;Transbordo;Incluido tránsito;0;0;0;0;0;0;0;0;0;;;
2002;Bahía de Algeciras;Desembarque;Incluido tránsito;12.680.897;2.850.636;1.485.710;12.591.785;14.077.495;6.167;0;120.588;29.735.783;;;
2002;Bahía de Algeciras;Embarque;Incluido tránsito;6.854.276;101.300;1.874.651;12.811.766;14.686.417;0;2.433.311;1.464.550;25.539.854;;;
2002;Bahía de Algeciras;Transbordo;Incluido tránsito;0;0;0;0;0;0;0;0;0;;;
2002;Bahía de Cádiz;Desembarque;Incluido tránsito;132.404;1.258.842;693.569;282.422;975.991;39.201;0;26;2.406.464;;;
2002;Bahía de Cádiz;Embarque;Incluido tránsito;8.682;593.028;865.336;703.084;1.568.420;0;104.770;7.642;2.282.542;;;
2002;Bahía de Cádiz;Transbordo;Incluido tránsito;0;0;0;0;0;0;0;0;0;;;
2002;Baleares;Desembarque;Incluido tránsito;1.654.949;1.926.161;3.731.806;1.455.742;5.187.548;3.333;0;155.777;8.927.768;;;
2002;Baleares;Embarque;Incluido tránsito;2.789;50.243;1.495.085;426.523;1.921.608;0;244.846;155.777;2.375.263;;;
2002;Baleares;Transbordo;Incluido tránsito;0;0;0;0;0;0;0;0;0;;;
2002;Barcelona;Desembarque;Incluido tránsito;9.460.804;2.782.090;2.579.834;6.319.014;8.898.848;5.541;0;0;21.147.283;;;
2002;Barcelona;Embarque;Incluido tránsito;469.349;601.208;2.872.742;7.523.154;10.395.896;0;384.284;0;11.850.737;;;
2002;Barcelona;Transbordo;Incluido tránsito;0;0;0;0;0;0;0;0;0;;;
2002;Bilbao;Desembarque;Incluido tránsito;10.880.963;3.538.700;2.281.083;1.916.133;4.197.216;0;0;223.228;18.840.107;;;
2002;Bilbao;Embarque;Incluido tránsito;2.244.466;1.086.595;931.621;2.744.536;3.676.157;0;129.137;282.642;7.418.997;;;
2002;Bilbao;Transbordo;Incluido tránsito;0;0;0;0;0;0;0;0;0;;;
2002;Cartagena;Desembarque;Incluido tránsito;16.244.219;4.135.081;192.228;72.704;264.932;2.966;0;1.638;20.648.836;;;
2002;Cartagena;Embarque;Incluido tránsito;898.948;38.588;17.870;328.248;346.118;0;126.059;7.396;1.417.109;;;
2002;Cartagena;Transbordo;Incluido tránsito;17.795;10.745;0;0;0;0;0;0;28.540;;;
2002;Castellón;Desembarque;Incluido tránsito;5.879.457;1.665.154;128.667;42.023;170.690;8.841;0;0;7.724.142;;;
2002;Castellón;Embarque;Incluido tránsito;1.621.765;239.960;485.031;271.537;756.568;0;34.426;0;2.652.719;;;
2002;Castellón;Transbordo;Incluido tránsito;0;0;0;0;0;0;0;0;0;;;
2002;Ceuta;Desembarque;Incluido tránsito;757.774;80.407;482.738;43.776;526.514;272;0;0;1.364.967;;;
2002;Ceuta;Embarque;Incluido tránsito;49.225;10.176;265.426;13.399;278.825;0;698.582;0;1.036.808;;;
2002;Ceuta;Transbordo;Incluido tránsito;0;0;0;0;0;0;0;0;0;;;
2002;Ferrol-San Cibrao;Desembarque;Incluido tránsito;947.752;6.670.413;331.719;308;332.027;151;0;274;7.950.617;;;
2002;Ferrol-San Cibrao;Embarque;Incluido tránsito;160.808;956.011;160.336;64;160.400;0;18.270;0;1.295.489;;;
2002;Ferrol-San Cibrao;Transbordo;Incluido tránsito;0;0;0;0;0;0;0;0;0;;;
2002;Gijón;Desembarque;Incluido tránsito;1.407.963;16.902.062;87.458;33.627;121.085;10.410;0;0;18.441.520;;;
2002;Gijón;Embarque;Incluido tránsito;79.559;1.226.286;376.790;64.461;441.251;0;178.052;140.805;2.065.953;;;
2002;Gijón;Transbordo;Incluido tránsito;0;14.940;2.670;0;2.670;0;0;0;17.610;;;
2002;Huelva;Desembarque;Incluido tránsito;8.891.885;5.574.470;458.522;0;458.522;6.333;0;0;14.931.210;;;
2002;Huelva;Embarque;Incluido tránsito;1.973.805;929.747;340.936;0;340.936;0;148.122;0;3.392.610;;;
2002;Huelva;Transbordo;Incluido tránsito;1.337;0;0;0;0;0;0;0;1.337;;;
2002;Las Palmas;Desembarque;Incluido tránsito;3.941.914;1.664.102;1.731.389;4.448.616;6.180.005;7.714;0;0;11.793.735;;;
2002;Las Palmas;Embarque;Incluido tránsito;359.319;10.424;1.329.893;2.714.613;4.044.506;0;2.005.496;0;6.419.745;;;
2002;Las Palmas;Transbordo;Incluido tránsito;0;3.000;223.780;7.214;230.994;0;0;0;233.994;;;
2002;Marín y Ría de Pontevedra;Desembarque;Incluido tránsito;377;1.086.331;212.457;56.313;268.770;6.435;0;145;1.362.058;;;
2002;Marín y Ría de Pontevedra;Embarque;Incluido tránsito;0;111;318.555;227.539;546.094;0;98.521;0;644.726;;;
2002;Marín y Ría de Pontevedra;Transbordo;Incluido tránsito;0;0;0;0;0;0;0;0;0;;;
2002;Melilla;Desembarque;Incluido tránsito;82.008;117.675;380.517;100.896;481.413;0;0;0;681.096;;;
2002;Melilla;Embarque;Incluido tránsito;0;0;115.003;20.854;135.857;0;23.611;0;159.468;;;
2002;Melilla;Transbordo;Incluido tránsito;0;0;0;0;0;0;0;0;0;;;
2002;Motril;Desembarque;Incluido tránsito;1.102.832;390.270;126.991;0;126.991;2.729;0;0;1.622.822;;;
2002;Motril;Embarque;Incluido tránsito;122.130;272.778;17.443;0;17.443;0;13.757;0;426.108;;;
2002;Motril;Transbordo;Incluido tránsito;0;0;0;0;0;0;0;0;0;;;
2002;Málaga;Desembarque;Incluido tránsito;10.509;1.461.948;108.220;4.715;112.935;3.237;0;0;1.588.629;;;
2002;Málaga;Embarque;Incluido tránsito;109.470;343.058;247.578;7.110;254.688;0;122.352;2;829.570;;;
2002;Málaga;Transbordo;Incluido tránsito;0;0;0;0;0;0;0;0;0;;;
2002;Pasaia;Desembarque;Incluido tránsito;261.900;3.199.306;866.339;182;866.521;11.900;0;0;4.339.627;;;
2002;Pasaia;Embarque;Incluido tránsito;0;46.432;967.184;4.438;971.622;0;45.059;0;1.063.113;;;
2002;Pasaia;Transbordo;Incluido tránsito;0;0;0;0;0;0;0;0;0;;;
2002;Santa Cruz de Tenerife;Desembarque;Incluido tránsito;5.636.614;1.493.291;1.608.772;2.275.412;3.884.184;2.410;0;0;11.016.499;;;
2002;Santa Cruz de Tenerife;Embarque;Incluido tránsito;2.843.805;9.209;1.455.282;830.983;2.286.265;0;1.102.949;0;6.242.228;;;
2002;Santa Cruz de Tenerife;Transbordo;Incluido tránsito;126.318;27.676;893;620;1.513;0;0;0;155.507;;;
2002;Santander;Desembarque;Incluido tránsito;355.347;3.288.378;653.760;28.665;682.425;7.945;0;0;4.334.095;;;
2002;Santander;Embarque;Incluido tránsito;16.000;819.333;190.055;58.785;248.840;0;62.942;0;1.147.115;;;
2002;Santander;Transbordo;Incluido tránsito;0;0;0;0;0;0;0;0;0;;;
2002;Sevilla;Desembarque;Incluido tránsito;194.470;1.897.193;789.270;156.203;945.473;0;0;3.539;3.040.675;;;
2002;Sevilla;Embarque;Incluido tránsito;48.344;868.050;208.083;524.947;733.030;0;8.837;5.617;1.663.878;;;
2002;Sevilla;Transbordo;Incluido tránsito;0;0;0;0;0;0;0;0;0;;;
2002;Tarragona;Desembarque;Incluido tránsito;14.103.756;9.267.775;412.069;136.282;548.351;4.908;0;0;23.924.790;;;
2002;Tarragona;Embarque;Incluido tránsito;3.388.541;1.580.336;314.150;340.640;654.790;0;187.474;0;5.811.141;;;
2002;Tarragona;Transbordo;Incluido tránsito;0;0;0;0;0;0;0;0;0;;;
2002;Valencia;Desembarque;Incluido tránsito;1.428.663;5.020.511;3.555.604;7.323.144;10.878.748;2.943;0;0;17.330.865;;;
2002;Valencia;Embarque;Incluido tránsito;195.902;777.244;2.079.470;12.435.081;14.514.551;0;226.528;0;15.714.225;;;
2002;Valencia;Transbordo;Incluido tránsito;0;0;73;0;73;0;0;0;73;;;
2002;Vigo;Desembarque;Incluido tránsito;42.031;673.597;771.982;737.192;1.509.174;82.604;0;155;2.307.561;;;
2002;Vigo;Embarque;Incluido tránsito;0;10.397;682.032;846.716;1.528.748;0;371.107;623;1.910.875;;;
2002;Vigo;Transbordo;Incluido tránsito;0;0;7.746;0;7.746;0;0;0;7.746;;;
2002;Vilagarcía;Desembarque;Incluido tránsito;354.926;521.506;177.802;0;177.802;0;0;0;1.054.234;;;
2002;Vilagarcía;Embarque;Incluido tránsito;8.542;284;90.881;0;90.881;0;10.204;0;109.911;;;
2002;Vilagarcía;Transbordo;Incluido tránsito;0;0;0;0;0;0;0;0;0;;;
2003;A Coruña;Desembarque;Incluido tránsito;6.055.249;3.291.124;591.133;28;591.161;24.306;0;21;9.961.861;;;
2003;A Coruña;Embarque;Incluido tránsito;1.552.842;358.286;178.021;0;178.021;0;127.902;523.049;2.740.100;;;
2003;A Coruña;Transbordo;Incluido tránsito;2.274;0;0;0;0;0;0;0;2.274;;;
2003;Alicante;Desembarque;Incluido tránsito;126.092;1.262.222;292.535;295.511;588.046;4.401;0;0;1.980.761;;;
2003;Alicante;Embarque;Incluido tránsito;64;227.771;247.792;778.369;1.026.161;0;64.788;0;1.318.784;;;
2003;Alicante;Transbordo;Incluido tránsito;0;0;0;0;0;0;0;0;0;;;
2003;Almería;Desembarque;Incluido tránsito;7.735;3.779.707;282.941;151;283.092;4.330;0;0;4.074.864;;;
2003;Almería;Embarque;Incluido tránsito;0;1.639.867;236.225;4;236.229;0;149.825;0;2.025.921;;;
2003;Almería;Transbordo;Incluido tránsito;0;0;0;0;0;0;0;0;0;;;
2003;Avilés;Desembarque;Incluido tránsito;321.572;1.682.414;281.395;18.473;299.868;14.990;0;0;2.318.844;;;
2003;Avilés;Embarque;Incluido tránsito;528.192;1.104.706;697.427;61.648;759.075;0;60.230;0;2.452.203;;;
2003;Avilés;Transbordo;Incluido tránsito;0;0;0;0;0;0;0;0;0;;;
2003;Bahía de Algeciras;Desembarque;Incluido tránsito;14.201.081;2.745.846;1.656.740;14.353.793;16.010.533;5.628;0;73.586;33.036.674;;;
2003;Bahía de Algeciras;Embarque;Incluido tránsito;7.368.814;75.079;1.680.279;14.678.881;16.359.160;0;2.534.026;1.542.439;27.879.518;;;
2003;Bahía de Algeciras;Transbordo;Incluido tránsito;0;0;0;0;0;0;0;0;0;;;
2003;Bahía de Cádiz;Desembarque;Incluido tránsito;64.093;1.331.727;752.353;288.443;1.040.796;32.176;0;20;2.468.812;;;
2003;Bahía de Cádiz;Embarque;Incluido tránsito;3.984;465.487;989.683;741.564;1.731.247;0;88.637;250;2.289.605;;;
2003;Bahía de Cádiz;Transbordo;Incluido tránsito;0;0;0;0;0;0;0;0;0;;;
2003;Baleares;Desembarque;Incluido tránsito;1.697.522;1.882.276;3.933.952;1.439.487;5.373.439;3.333;0;174.715;9.131.285;;;
2003;Baleares;Embarque;Incluido tránsito;0;188.177;1.646.354;473.010;2.119.364;0;233.189;174.715;2.715.445;;;
2003;Baleares;Transbordo;Incluido tránsito;0;0;0;0;0;0;0;0;0;;;
2003;Barcelona;Desembarque;Incluido tránsito;9.637.648;2.934.735;2.608.765;7.176.107;9.784.872;4.462;0;0;22.361.717;;;
2003;Barcelona;Embarque;Incluido tránsito;521.724;763.092;2.964.923;8.167.694;11.132.617;0;732.923;0;13.150.356;;;
2003;Barcelona;Transbordo;Incluido tránsito;0;0;0;0;0;0;0;0;0;;;
2003;Bilbao;Desembarque;Incluido tránsito;12.895.114;3.154.504;2.453.488;2.048.055;4.501.543;0;0;232.614;20.783.775;;;
2003;Bilbao;Embarque;Incluido tránsito;3.138.466;988.138;987.431;2.719.781;3.707.212;0;122.687;269.867;8.226.370;;;
2003;Bilbao;Transbordo;Incluido tránsito;0;0;0;0;0;0;0;0;0;;;
2003;Cartagena;Desembarque;Incluido tránsito;15.191.589;4.004.839;264.750;87.628;352.378;2.812;0;532;19.552.150;;;
2003;Cartagena;Embarque;Incluido tránsito;1.351.560;27.632;30.966;274.258;305.224;0;107.979;34;1.792.429;;;
2003;Cartagena;Transbordo;Incluido tránsito;0;2.564;0;0;0;0;0;0;2.564;;;
2003;Castellón;Desembarque;Incluido tránsito;5.251.863;1.970.046;157.820;59.173;216.993;9.052;0;0;7.447.954;;;
2003;Castellón;Embarque;Incluido tránsito;1.454.481;291.748;405.270;341.257;746.527;0;44.284;0;2.537.040;;;
2003;Castellón;Transbordo;Incluido tránsito;0;0;0;0;0;0;0;0;0;;;
2003;Ceuta;Desembarque;Incluido tránsito;617.325;69.784;448.780;38.083;486.863;311;0;0;1.174.283;;;
2003;Ceuta;Embarque;Incluido tránsito;42.333;0;251.372;9.918;261.290;0;629.857;0;933.480;;;
2003;Ceuta;Transbordo;Incluido tránsito;0;0;0;0;0;0;0;0;0;;;
2003;Ferrol-San Cibrao;Desembarque;Incluido tránsito;892.632;6.636.274;240.212;483;240.695;104;0;175.076;7.944.781;;;
2003;Ferrol-San Cibrao;Embarque;Incluido tránsito;808;959.510;134.725;125;134.850;0;25.319;15;1.120.502;;;
2003;Ferrol-San Cibrao;Transbordo;Incluido tránsito;0;0;0;0;0;0;0;0;0;;;
2003;Gijón;Desembarque;Incluido tránsito;1.370.387;15.764.788;80.109;44.110;124.219;9.025;0;0;17.268.419;;;
2003;Gijón;Embarque;Incluido tránsito;68.240;1.129.759;287.195;55.647;342.842;0;187.486;168.334;1.896.661;;;
2003;Gijón;Transbordo;Incluido tránsito;0;0;0;0;0;0;0;0;0;;;
2003;Huelva;Desembarque;Incluido tránsito;9.356.357;5.225.877;321.075;0;321.075;5.966;0;5.044;14.914.319;;;
2003;Huelva;Embarque;Incluido tránsito;1.961.745;807.002;407.816;0;407.816;0;112.819;0;3.289.382;;;
2003;Huelva;Transbordo;Incluido tránsito;0;10.000;0;0;0;0;0;0;10.000;;;
2003;Las Palmas;Desembarque;Incluido tránsito;4.311.348;1.692.210;1.779.648;5.866.215;7.645.863;9.404;0;0;13.658.825;;;
2003;Las Palmas;Embarque;Incluido tránsito;454.541;8.645;1.365.156;4.001.296;5.366.452;0;2.078.396;0;7.908.034;;;
2003;Las Palmas;Transbordo;Incluido tránsito;0;0;162.359;39.978;202.337;0;0;0;202.337;;;
2003;Marín y Ría de Pontevedra;Desembarque;Incluido tránsito;358;777.875;239.784;53.355;293.139;6.014;0;318;1.077.704;;;
2003;Marín y Ría de Pontevedra;Embarque;Incluido tránsito;0;1.286;361.888;224.785;586.673;0;98.848;0;686.807;;;
2003;Marín y Ría de Pontevedra;Transbordo;Incluido tránsito;0;0;0;0;0;0;0;0;0;;;
2003;Melilla;Desembarque;Incluido tránsito;85.922;51.985;375.610;98.949;474.559;0;0;0;612.466;;;
2003;Melilla;Embarque;Incluido tránsito;0;0;113.345;19.700;133.045;0;26.985;0;160.030;;;
2003;Melilla;Transbordo;Incluido tránsito;0;0;0;0;0;0;0;0;0;;;
2003;Motril;Desembarque;Incluido tránsito;1.197.859;496.543;162.067;0;162.067;2.686;0;0;1.859.155;;;
2003;Motril;Embarque;Incluido tránsito;69.086;202.056;24.475;0;24.475;0;14.801;0;310.418;;;
2003;Motril;Transbordo;Incluido tránsito;0;0;0;0;0;0;0;0;0;;;
2003;Málaga;Desembarque;Incluido tránsito;12.104;1.515.955;104.166;3.002;107.168;1.778;0;0;1.637.005;;;
2003;Málaga;Embarque;Incluido tránsito;61.722;328.184;258.055;2.465;260.520;0;119.149;0;769.575;;;
2003;Málaga;Transbordo;Incluido tránsito;0;0;0;0;0;0;0;0;0;;;
2003;Pasaia;Desembarque;Incluido tránsito;255.615;3.366.367;944.493;0;944.493;11.441;0;0;4.577.916;;;
2003;Pasaia;Embarque;Incluido tránsito;0;80.373;1.255.978;0;1.255.978;0;45.267;0;1.381.618;;;
2003;Pasaia;Transbordo;Incluido tránsito;0;0;0;0;0;0;0;0;0;;;
2003;Santa Cruz de Tenerife;Desembarque;Incluido tránsito;5.931.232;1.500.211;1.728.055;2.375.706;4.103.761;4.836;0;0;11.540.040;;;
2003;Santa Cruz de Tenerife;Embarque;Incluido tránsito;2.946.208;57.338;1.575.175;826.476;2.401.651;0;1.057.084;0;6.462.281;;;
2003;Santa Cruz de Tenerife;Transbordo;Incluido tránsito;4.495;0;0;0;0;0;0;0;4.495;;;
2003;Santander;Desembarque;Incluido tránsito;343.335;3.115.679;710.765;29.994;740.759;4.574;0;0;4.204.347;;;
2003;Santander;Embarque;Incluido tránsito;11.500;849.093;247.413;66.258;313.671;0;58.891;0;1.233.155;;;
2003;Santander;Transbordo;Incluido tránsito;0;0;0;0;0;0;0;0;0;;;
2003;Sevilla;Desembarque;Incluido tránsito;249.290;1.993.033;799.469;135.050;934.519;0;0;0;3.176.842;;;
2003;Sevilla;Embarque;Incluido tránsito;49.561;909.402;151.359;547.511;698.870;0;11.727;0;1.669.560;;;
2003;Sevilla;Transbordo;Incluido tránsito;0;0;0;0;0;0;0;0;0;;;
2003;Tarragona;Desembarque;Incluido tránsito;14.670.941;7.937.997;538.829;163.462;702.291;3.249;0;595;23.315.073;;;
2003;Tarragona;Embarque;Incluido tránsito;3.261.021;1.602.812;299.078;323.456;622.534;0;209.692;4.024;5.700.083;;;
2003;Tarragona;Transbordo;Incluido tránsito;0;0;0;0;0;0;0;0;0;;;
2003;Valencia;Desembarque;Incluido tránsito;1.316.356;4.845.916;3.683.652;8.822.398;12.506.050;2.457;0;0;18.670.779;;;
2003;Valencia;Embarque;Incluido tránsito;309.714;550.323;2.144.678;13.287.072;15.431.750;0;338.885;0;16.630.672;;;
2003;Valencia;Transbordo;Incluido tránsito;0;0;0;0;0;0;0;0;0;;;
2003;Vigo;Desembarque;Incluido tránsito;56.604;685.028;831.100;838.021;1.669.121;88.090;0;152;2.498.995;;;
2003;Vigo;Embarque;Incluido tránsito;0;88.613;686.629;815.983;1.502.612;0;393.669;759;1.985.653;;;
2003;Vigo;Transbordo;Incluido tránsito;0;0;398;0;398;0;0;0;398;;;
2003;Vilagarcía;Desembarque;Incluido tránsito;432.801;442.248;175.954;0;175.954;0;0;0;1.051.003;;;
2003;Vilagarcía;Embarque;Incluido tránsito;6.094;1.589;99.419;0;99.419;0;10.456;0;117.558;;;
2003;Vilagarcía;Transbordo;Incluido tránsito;0;0;0;0;0;0;0;0;0;;;
2004;A Coruña;Desembarque;Incluido tránsito;5.799.876;3.953.209;624.633;0;624.633;25.366;0;0;10.403.084;;;
2004;A Coruña;Embarque;Incluido tránsito;1.531.177;488.584;232.677;0;232.677;0;108.049;540.292;2.900.779;;;
2004;A Coruña;Transbordo;Incluido tránsito;0;2.310;0;0;0;0;0;0;2.310;;;
2004;Alicante;Desembarque;Incluido tránsito;145.377;1.336.371;286.986;290.611;577.597;4.341;0;0;2.063.686;;;
2004;Alicante;Embarque;Incluido tránsito;2.940;218.995;218.567;804.453;1.023.020;0;50.509;3;1.295.467;;;
2004;Alicante;Transbordo;Incluido tránsito;0;0;0;0;0;0;0;0;0;;;
2004;Almería;Desembarque;Incluido tránsito;7.766;4.036.092;269.436;327;269.763;2.929;0;0;4.316.550;;;
2004;Almería;Embarque;Incluido tránsito;0;1.766.973;237.849;0;237.849;0;155.661;1;2.160.484;;;
2004;Almería;Transbordo;Incluido tránsito;0;0;0;0;0;0;0;0;0;;;
2004;Avilés;Desembarque;Incluido tránsito;292.435;1.880.126;471.153;19.324;490.477;13.738;0;0;2.676.776;;;
2004;Avilés;Embarque;Incluido tránsito;451.791;1.127.554;701.666;66.250;767.916;0;61.604;0;2.408.865;;;
2004;Avilés;Transbordo;Incluido tránsito;0;0;0;0;0;0;0;0;0;;;
2004;Bahía de Algeciras;Desembarque;Incluido tránsito;14.269.601;2.739.935;1.980.095;16.216.739;18.196.834;2.509;0;62.418;35.271.297;;;
2004;Bahía de Algeciras;Embarque;Incluido tránsito;7.669.817;32.568;1.935.905;16.449.454;18.385.359;0;2.650.244;1.723.107;30.461.095;;;
2004;Bahía de Algeciras;Transbordo;Incluido tránsito;0;8.012;248;1.861;2.109;0;0;0;10.121;;;
2004;Bahía de Cádiz;Desembarque;Incluido tránsito;69.773;1.820.429;803.333;264.664;1.067.997;28.821;0;0;2.987.020;;;
2004;Bahía de Cádiz;Embarque;Incluido tránsito;0;402.493;1.100.168;720.325;1.820.493;0;87.071;0;2.310.057;;;
2004;Bahía de Cádiz;Transbordo;Incluido tránsito;0;0;0;0;0;0;0;0;0;;;
2004;Baleares;Desembarque;Incluido tránsito;1.872.061;1.955.533;4.257.970;1.350.795;5.608.765;3.325;0;0;9.439.684;;;
2004;Baleares;Embarque;Incluido tránsito;0;268.723;1.792.453;415.858;2.208.311;0;254.099;0;2.731.133;;;
2004;Baleares;Transbordo;Incluido tránsito;0;0;0;0;0;0;0;0;0;;;
2004;Barcelona;Desembarque;Incluido tránsito;10.632.722;2.705.476;3.059.957;8.662.051;11.722.008;3.618;0;0;25.063.824;;;
2004;Barcelona;Embarque;Incluido tránsito;438.377;762.829;3.377.032;9.682.347;13.059.379;0;873.921;0;15.134.506;;;
2004;Barcelona;Transbordo;Incluido tránsito;0;0;0;0;0;0;0;0;0;;;
2004;Bilbao;Desembarque;Incluido tránsito;14.943.487;4.054.126;2.643.654;2.275.010;4.918.664;3;0;77.247;23.993.527;;;
2004;Bilbao;Embarque;Incluido tránsito;3.655.407;958.976;1.098.644;2.877.109;3.975.753;0;139.577;613.095;9.342.808;;;
2004;Bilbao;Transbordo;Incluido tránsito;0;0;0;0;0;0;0;0;0;;;
2004;Cartagena;Desembarque;Incluido tránsito;17.375.463;3.838.119;336.480;59.846;396.326;2.004;0;1.291;21.613.203;;;
2004;Cartagena;Embarque;Incluido tránsito;1.382.334;15.952;18.936;210.084;229.020;0;124.024;0;1.751.330;;;
2004;Cartagena;Transbordo;Incluido tránsito;0;0;0;0;0;0;0;0;0;;;
2004;Castellón;Desembarque;Incluido tránsito;5.788.844;2.352.813;188.602;68.460;257.062;8.836;0;0;8.407.555;;;
2004;Castellón;Embarque;Incluido tránsito;2.001.376;278.208;325.769;394.570;720.339;0;35.076;0;3.034.999;;;
2004;Castellón;Transbordo;Incluido tránsito;0;0;0;0;0;0;0;0;0;;;
2004;Ceuta;Desembarque;Incluido tránsito;521.568;90.432;477.639;44.306;521.945;269;0;0;1.134.214;;;
2004;Ceuta;Embarque;Incluido tránsito;27.260;0;284.428;15.210;299.638;0;606.275;0;933.173;;;
2004;Ceuta;Transbordo;Incluido tránsito;0;0;0;0;0;0;0;0;0;;;
2004;Ferrol-San Cibrao;Desembarque;Incluido tránsito;818.354;7.527.127;310.470;404;310.874;210;0;26;8.656.591;;;
2004;Ferrol-San Cibrao;Embarque;Incluido tránsito;93;1.081.908;145.178;0;145.178;0;20.320;0;1.247.499;;;
2004;Ferrol-San Cibrao;Transbordo;Incluido tránsito;700;0;0;0;0;0;0;0;700;;;
2004;Gijón;Desembarque;Incluido tránsito;1.289.862;17.157.566;78.369;17.365;95.734;6.132;0;8.498;18.557.792;;;
2004;Gijón;Embarque;Incluido tránsito;34.456;1.097.007;144.370;28.399;172.769;0;198.442;0;1.502.674;;;
2004;Gijón;Transbordo;Incluido tránsito;0;0;0;0;0;0;0;0;0;;;
2004;Huelva;Desembarque;Incluido tránsito;8.947.562;5.652.799;86.608;0;86.608;5.268;0;0;14.692.237;;;
2004;Huelva;Embarque;Incluido tránsito;2.347.579;688.153;350.666;0;350.666;0;123.217;6.011;3.515.626;;;
2004;Huelva;Transbordo;Incluido tránsito;0;0;0;0;0;0;0;0;0;;;
2004;Las Palmas;Desembarque;Incluido tránsito;4.185.334;1.682.718;1.811.475;6.808.096;8.619.571;6.635;0;0;14.494.258;;;
2004;Las Palmas;Embarque;Incluido tránsito;483.063;18.510;1.459.106;4.933.069;6.392.175;0;2.132.844;0;9.026.592;;;
2004;Las Palmas;Transbordo;Incluido tránsito;0;605;122.737;14.004;136.741;0;0;0;137.346;;;
2004;Marín y Ría de Pontevedra;Desembarque;Incluido tránsito;0;729.066;168.769;44.937;213.706;6.695;0;432;949.899;;;
2004;Marín y Ría de Pontevedra;Embarque;Incluido tránsito;5;90.493;375.470;211.712;587.182;0;81.175;0;758.855;;;
2004;Marín y Ría de Pontevedra;Transbordo;Incluido tránsito;0;0;771;0;771;0;0;0;771;;;
2004;Melilla;Desembarque;Incluido tránsito;76.544;50.556;359.283;98.064;457.347;0;0;0;584.447;;;
2004;Melilla;Embarque;Incluido tránsito;0;0;112.487;20.406;132.893;0;25.075;0;157.968;;;
2004;Melilla;Transbordo;Incluido tránsito;0;0;0;0;0;0;0;0;0;;;
2004;Motril;Desembarque;Incluido tránsito;1.250.348;661.675;193.887;0;193.887;2.201;0;0;2.108.111;;;
2004;Motril;Embarque;Incluido tránsito;105.939;353.854;32.043;0;32.043;0;18.483;0;510.319;;;
2004;Motril;Transbordo;Incluido tránsito;0;0;0;0;0;0;0;0;0;;;
2004;Málaga;Desembarque;Incluido tránsito;14.403;1.520.811;98.518;272.589;371.107;1.197;0;0;1.907.518;;;
2004;Málaga;Embarque;Incluido tránsito;93.082;263.236;269.650;207.251;476.901;0;121.898;0;955.117;;;
2004;Málaga;Transbordo;Incluido tránsito;0;0;0;0;0;0;0;0;0;;;
2004;Pasaia;Desembarque;Incluido tránsito;100.157;3.420.794;913.901;0;913.901;11.097;0;0;4.445.949;;;
2004;Pasaia;Embarque;Incluido tránsito;0;73.023;1.171.096;0;1.171.096;0;46.468;0;1.290.587;;;
2004;Pasaia;Transbordo;Incluido tránsito;0;0;0;0;0;0;0;0;0;;;
2004;Santa Cruz de Tenerife;Desembarque;Incluido tránsito;5.934.765;1.770.299;1.884.742;2.496.836;4.381.578;3.797;0;0;12.090.439;;;
2004;Santa Cruz de Tenerife;Embarque;Incluido tránsito;3.028.821;220.859;1.736.632;925.446;2.662.078;0;1.040.383;0;6.952.141;;;
2004;Santa Cruz de Tenerife;Transbordo;Incluido tránsito;0;0;0;0;0;0;0;0;0;;;
2004;Santander;Desembarque;Incluido tránsito;331.715;3.573.915;728.597;1.014;729.611;5.396;0;0;4.640.637;;;
2004;Santander;Embarque;Incluido tránsito;9.312;941.926;326.187;997;327.184;0;56.255;0;1.334.677;;;
2004;Santander;Transbordo;Incluido tránsito;0;0;515;0;515;0;0;0;515;;;
2004;Sevilla;Desembarque;Incluido tránsito;345.810;1.882.501;772.242;142.631;914.873;0;0;0;3.143.184;;;
2004;Sevilla;Embarque;Incluido tránsito;42.782;569.504;152.182;596.321;748.503;0;37.016;0;1.397.805;;;
2004;Sevilla;Transbordo;Incluido tránsito;0;0;0;0;0;0;0;0;0;;;
2004;Tarragona;Desembarque;Incluido tránsito;14.676.692;9.089.057;563.356;28.649;592.005;3.812;0;2.192;24.363.758;;;
2004;Tarragona;Embarque;Incluido tránsito;3.380.704;1.560.949;229.859;111.367;341.226;0;201.236;2.191;5.486.306;;;
2004;Tarragona;Transbordo;Incluido tránsito;0;0;0;0;0;0;0;0;0;;;
2004;Valencia;Desembarque;Incluido tránsito;1.330.483;4.836.919;3.986.728;9.808.807;13.795.535;2.090;0;0;19.965.027;;;
2004;Valencia;Embarque;Incluido tránsito;344.431;610.532;2.400.392;14.172.442;16.572.834;0;355.432;0;17.883.229;;;
2004;Valencia;Transbordo;Incluido tránsito;0;0;0;0;0;0;0;0;0;;;
2004;Vigo;Desembarque;Incluido tránsito;86.600;677.894;793.131;1.002.931;1.796.062;85.736;0;0;2.646.292;;;
2004;Vigo;Embarque;Incluido tránsito;2.203;8.149;667.186;993.309;1.660.495;0;408.811;521;2.080.179;;;
2004;Vigo;Transbordo;Incluido tránsito;0;0;2.596;0;2.596;0;0;0;2.596;;;
2004;Vilagarcía;Desembarque;Incluido tránsito;292.808;590.325;154.977;0;154.977;0;0;0;1.038.110;;;
2004;Vilagarcía;Embarque;Incluido tránsito;0;1.676;83.823;0;83.823;0;10.421;0;95.920;;;
2004;Vilagarcía;Transbordo;Incluido tránsito;0;0;0;0;0;0;0;0;0;;;
2005;A Coruña;Desembarque;Incluido tránsito;6.536.301;4.084.392;753.263;0;753.263;28.924;0;2.000;11.404.880;;;
2005;A Coruña;Embarque;Incluido tránsito;1.997.457;351.404;262.013;0;262.013;0;107.675;409.247;3.127.796;;;
2005;A Coruña;Transbordo;Incluido tránsito;0;2.000;0;0;0;0;0;0;2.000;;;
2005;Alicante;Desembarque;Incluido tránsito;143.568;1.464.200;324.827;292.003;616.830;3.754;0;0;2.228.352;;;
2005;Alicante;Embarque;Incluido tránsito;8.344;203.336;248.024;806.989;1.055.013;0;58.917;0;1.325.610;;;
2005;Alicante;Transbordo;Incluido tránsito;0;0;551;2.093;2.644;0;0;0;2.644;;;
2005;Almería;Desembarque;Incluido tránsito;9.479;4.377.950;273.137;166;273.303;5.583;0;0;4.666.315;;;
2005;Almería;Embarque;Incluido tránsito;0;1.928.806;262.515;0;262.515;0;142.217;0;2.333.538;;;
2005;Almería;Transbordo;Incluido tránsito;0;0;0;0;0;0;0;0;0;;;
2005;Avilés;Desembarque;Incluido tránsito;279.875;2.164.858;282.242;20.089;302.331;17.000;0;0;2.764.064;;;
2005;Avilés;Embarque;Incluido tránsito;460.220;917.873;751.351;72.196;823.547;0;55.598;0;2.257.238;;;
2005;Avilés;Transbordo;Incluido tránsito;0;0;0;0;0;0;0;0;0;;;
2005;Bahía de Algeciras;Desembarque;Incluido tránsito;14.318.174;2.516.476;2.057.885;17.517.243;19.575.128;1.119;0;46.017;36.456.914;;;
2005;Bahía de Algeciras;Embarque;Incluido tránsito;7.128.897;130.287;2.018.291;17.874.118;19.892.409;0;2.814.928;1.917.505;31.884.026;;;
2005;Bahía de Algeciras;Transbordo;Incluido tránsito;0;5.500;146;0;146;0;0;0;5.646;;;
2005;Bahía de Cádiz;Desembarque;Incluido tránsito;101.204;2.215.294;839.449;332.895;1.172.344;26.209;0;0;3.515.051;;;
2005;Bahía de Cádiz;Embarque;Incluido tránsito;6.781;342.148;1.045.530;819.069;1.864.599;0;84.164;0;2.297.692;;;
2005;Bahía de Cádiz;Transbordo;Incluido tránsito;0;0;0;0;0;0;0;0;0;;;
2005;Baleares;Desembarque;Incluido tránsito;2.030.682;2.156.143;4.907.735;1.087.158;5.994.893;2.954;0;0;10.184.672;;;
2005;Baleares;Embarque;Incluido tránsito;0;162.196;2.360.389;323.001;2.683.390;0;277.827;0;3.123.413;;;
2005;Baleares;Transbordo;Incluido tránsito;0;0;0;0;0;0;0;0;0;;;
2005;Barcelona;Desembarque;Incluido tránsito;11.997.535;3.554.085;3.131.650;9.642.705;12.774.355;2.858;0;0;28.328.833;;;
2005;Barcelona;Embarque;Incluido tránsito;533.386;497.842;4.193.537;10.286.105;14.479.642;0;1.198.823;0;16.709.693;;;
2005;Barcelona;Transbordo;Incluido tránsito;0;0;0;0;0;0;0;0;0;;;
2005;Bilbao;Desembarque;Incluido tránsito;16.046.007;3.113.266;2.824.519;2.437.731;5.262.250;0;0;330.099;24.751.622;;;
2005;Bilbao;Embarque;Incluido tránsito;3.638.501;1.147.861;999.057;3.030.228;4.029.285;0;137.004;396.344;9.348.995;;;
2005;Bilbao;Transbordo;Incluido tránsito;0;0;0;0;0;0;0;0;0;;;
2005;Cartagena;Desembarque;Incluido tránsito;19.131.068;5.059.009;434.259;92.965;527.224;1.411;0;4.587;24.723.299;;;
2005;Cartagena;Embarque;Incluido tránsito;1.716.686;20.551;15.648;297.532;313.180;0;131.783;2;2.182.202;;;
2005;Cartagena;Transbordo;Incluido tránsito;0;2.500;0;0;0;0;0;0;2.500;;;
2005;Castellón;Desembarque;Incluido tránsito;6.646.570;2.895.187;204.148;91.200;295.348;7.295;0;0;9.844.400;;;
2005;Castellón;Embarque;Incluido tránsito;2.302.607;398.404;378.458;456.179;834.637;0;39.427;0;3.575.075;;;
2005;Castellón;Transbordo;Incluido tránsito;0;0;0;0;0;0;0;0;0;;;
2005;Ceuta;Desembarque;Incluido tránsito;574.633;71.229;490.719;51.174;541.893;182;0;0;1.187.937;;;
2005;Ceuta;Embarque;Incluido tránsito;36.377;0;301.981;17.346;319.327;0;482.243;0;837.947;;;
2005;Ceuta;Transbordo;Incluido tránsito;0;0;0;0;0;0;0;0;0;;;
2005;Ferrol-San Cibrao;Desembarque;Incluido tránsito;807.293;7.219.738;385.533;275;385.808;321;0;9.872;8.423.032;;;
2005;Ferrol-San Cibrao;Embarque;Incluido tránsito;15.053;1.069.883;180.070;692;180.762;0;16.122;62;1.281.882;;;
2005;Ferrol-San Cibrao;Transbordo;Incluido tránsito;0;0;0;0;0;0;0;0;0;;;
2005;Gijón;Desembarque;Incluido tránsito;1.381.158;18.397.895;92.240;15.372;107.612;8.462;0;0;19.895.127;;;
2005;Gijón;Embarque;Incluido tránsito;37.308;1.236.642;333.384;48.429;381.813;0;216.351;0;1.872.114;;;
2005;Gijón;Transbordo;Incluido tránsito;0;23.630;0;0;0;0;0;0;23.630;;;
2005;Huelva;Desembarque;Incluido tránsito;10.539.765;6.589.995;71.656;0;71.656;1.853;0;0;17.203.269;;;
2005;Huelva;Embarque;Incluido tránsito;2.387.478;922.513;393.853;0;393.853;0;123.419;0;3.827.263;;;
2005;Huelva;Transbordo;Incluido tránsito;0;0;0;0;0;0;0;0;0;;;
2005;Las Palmas;Desembarque;Incluido tránsito;4.295.473;1.772.065;1.775.415;7.302.862;9.078.277;5.764;0;0;15.151.579;;;
2005;Las Palmas;Embarque;Incluido tránsito;497.492;550;1.468.190;5.443.344;6.911.534;0;2.162.083;0;9.571.659;;;
2005;Las Palmas;Transbordo;Incluido tránsito;0;0;211.070;2.353;213.423;0;0;0;213.423;;;
2005;Marín y Ría de Pontevedra;Desembarque;Incluido tránsito;0;926.961;179.635;68.176;247.811;5.040;0;86;1.179.898;;;
2005;Marín y Ría de Pontevedra;Embarque;Incluido tránsito;3;89.280;379.806;205.606;585.412;0;82.129;0;756.824;;;
2005;Marín y Ría de Pontevedra;Transbordo;Incluido tránsito;0;0;0;0;0;0;0;0;0;;;
2005;Melilla;Desembarque;Incluido tránsito;74.088;84.427;402.300;103.723;506.023;0;0;0;664.538;;;
2005;Melilla;Embarque;Incluido tránsito;0;0;116.600;20.153;136.753;0;26.065;0;162.818;;;
2005;Melilla;Transbordo;Incluido tránsito;0;0;0;0;0;0;0;0;0;;;
2005;Motril;Desembarque;Incluido tránsito;1.257.884;772.710;194.340;0;194.340;3.383;0;0;2.228.317;;;
2005;Motril;Embarque;Incluido tránsito;62.234;473.987;657;0;657;0;17.211;0;554.089;;;
2005;Motril;Transbordo;Incluido tránsito;0;0;0;0;0;0;0;0;0;;;
2005;Málaga;Desembarque;Incluido tránsito;18.474;1.866.678;122.260;1.100.397;1.222.657;1.338;0;0;3.109.147;;;
2005;Málaga;Embarque;Incluido tránsito;57.454;233.795;288.635;976.949;1.265.584;0;116.292;0;1.673.125;;;
2005;Málaga;Transbordo;Incluido tránsito;0;0;0;0;0;0;0;0;0;;;
2005;Pasaia;Desembarque;Incluido tránsito;0;3.242.289;939.878;0;939.878;8.518;0;0;4.190.685;;;
2005;Pasaia;Embarque;Incluido tránsito;0;38.849;1.139.476;0;1.139.476;0;40.978;0;1.219.303;;;
2005;Pasaia;Transbordo;Incluido tránsito;0;0;0;0;0;0;0;0;0;;;
2005;Santa Cruz de Tenerife;Desembarque;Incluido tránsito;6.321.046;1.627.185;1.907.588;2.653.695;4.561.283;3.260;0;0;12.512.774;;;
2005;Santa Cruz de Tenerife;Embarque;Incluido tránsito;3.236.981;264.897;1.741.596;971.794;2.713.390;0;1.028.896;0;7.244.164;;;
2005;Santa Cruz de Tenerife;Transbordo;Incluido tránsito;0;0;0;0;0;0;0;0;0;;;
2005;Santander;Desembarque;Incluido tránsito;266.573;4.103.076;802.509;857;803.366;5.549;0;0;5.178.564;;;
2005;Santander;Embarque;Incluido tránsito;10.985;1.036.576;415.646;466;416.112;0;58.640;0;1.522.313;;;
2005;Santander;Transbordo;Incluido tránsito;0;0;0;0;0;0;0;0;0;;;
2005;Sevilla;Desembarque;Incluido tránsito;335.998;2.370.723;750.305;151.363;901.668;0;0;0;3.608.389;;;
2005;Sevilla;Embarque;Incluido tránsito;28.273;418.162;180.087;622.482;802.569;0;47.550;0;1.296.554;;;
2005;Sevilla;Transbordo;Incluido tránsito;0;0;0;0;0;0;0;0;0;;;
2005;Tarragona;Desembarque;Incluido tránsito;14.479.824;10.316.510;679.862;23.710;703.572;4.035;0;0;25.503.941;;;
2005;Tarragona;Embarque;Incluido tránsito;3.427.166;1.586.786;415.627;57.105;472.732;0;213.033;0;5.699.717;;;
2005;Tarragona;Transbordo;Incluido tránsito;0;0;0;0;0;0;0;0;0;;;
2005;Valencia;Desembarque;Incluido tránsito;1.122.581;5.883.121;4.015.721;11.342.547;15.358.268;1.928;0;0;22.365.898;;;
2005;Valencia;Embarque;Incluido tránsito;257.706;477.569;2.698.902;15.063.858;17.762.760;0;328.809;0;18.826.844;;;
2005;Valencia;Transbordo;Incluido tránsito;0;0;0;0;0;0;0;0;0;;;
2005;Vigo;Desembarque;Incluido tránsito;62.566;692.535;783.868;1.064.835;1.848.703;85.787;0;0;2.689.591;;;
2005;Vigo;Embarque;Incluido tránsito;1.981;0;596.399;1.050.014;1.646.413;0;429.754;512;2.078.660;;;
2005;Vigo;Transbordo;Incluido tránsito;0;0;92;0;92;0;0;0;92;;;
2005;Vilagarcía;Desembarque;Incluido tránsito;365.514;578.235;146.937;0;146.937;0;0;0;1.090.686;;;
2005;Vilagarcía;Embarque;Incluido tránsito;0;0;93.448;0;93.448;0;9.499;0;102.947;;;
2005;Vilagarcía;Transbordo;Incluido tránsito;0;0;0;0;0;0;0;0;0;;;
2006;A Coruña;Desembarque;Incluido tránsito;6.317.180;3.685.788;810.431;8.057;818.488;30.757;0;0;10.852.213;;;
2006;A Coruña;Embarque;Incluido tránsito;1.887.867;409.851;219.342;12.759;232.101;0;112.363;312.630;2.954.812;;;
2006;A Coruña;Transbordo;Incluido tránsito;0;0;0;0;0;0;0;0;0;;;
2006;Alicante;Desembarque;Incluido tránsito;169.929;1.422.944;315.815;353.935;669.750;2.634;0;0;2.265.257;;;
2006;Alicante;Embarque;Incluido tránsito;19.477;219.570;275.883;873.945;1.149.828;0;75.389;0;1.464.264;;;
2006;Alicante;Transbordo;Incluido tránsito;0;0;1.619;0;1.619;0;0;0;1.619;;;
2006;Almería;Desembarque;Incluido tránsito;6.613;4.023.633;283.269;408;283.677;7.010;0;0;4.320.933;;;
2006;Almería;Embarque;Incluido tránsito;0;1.941.296;291.838;0;291.838;0;140.111;0;2.373.245;;;
2006;Almería;Transbordo;Incluido tránsito;0;0;0;0;0;0;0;0;0;;;
2006;Avilés;Desembarque;Incluido tránsito;296.868;2.231.654;672.609;17.077;689.686;14.205;0;0;3.232.413;;;
2006;Avilés;Embarque;Incluido tránsito;517.587;1.383.832;741.151;56.976;798.127;0;56.636;0;2.756.182;;;
2006;Avilés;Transbordo;Incluido tránsito;0;0;0;0;0;0;0;0;0;;;
2006;Bahía de Algeciras;Desembarque;Incluido tránsito;14.896.434;2.691.488;2.159.851;19.511.045;21.670.896;1.087;0;63.742;39.323.647;;;
2006;Bahía de Algeciras;Embarque;Incluido tránsito;5.366.198;16.738;2.064.029;19.611.603;21.675.632;0;3.053.269;2.265.628;32.377.465;;;
2006;Bahía de Algeciras;Transbordo;Incluido tránsito;0;0;524;7.039;7.563;0;0;0;7.563;;;
2006;Bahía de Cádiz;Desembarque;Incluido tránsito;71.232;2.270.080;712.430;403.971;1.116.401;23.535;0;0;3.481.248;;;
2006;Bahía de Cádiz;Embarque;Incluido tránsito;2.583;429.274;1.004.864;866.214;1.871.078;0;87.537;0;2.390.472;;;
2006;Bahía de Cádiz;Transbordo;Incluido tránsito;0;0;0;0;0;0;0;0;0;;;
2006;Baleares;Desembarque;Incluido tránsito;2.169.278;2.096.843;5.775.519;1.095.342;6.870.861;2.982;0;0;11.139.964;;;
2006;Baleares;Embarque;Incluido tránsito;0;91.593;2.783.947;282.988;3.066.935;0;246.295;0;3.404.823;;;
2006;Baleares;Transbordo;Incluido tránsito;0;0;0;0;0;0;0;0;0;;;
2006;Barcelona;Desembarque;Incluido tránsito;10.264.717;3.668.210;3.844.878;11.150.518;14.995.396;3.483;0;0;28.931.806;;;
2006;Barcelona;Embarque;Incluido tránsito;271.658;439.372;5.344.696;11.422.070;16.766.766;0;1.247.918;0;18.725.714;;;
2006;Barcelona;Transbordo;Incluido tránsito;0;0;0;0;0;0;0;0;0;;;
2006;Bilbao;Desembarque;Incluido tránsito;17.913.207;4.566.633;2.621.149;2.495.237;5.116.386;0;0;771.094;28.367.320;;;
2006;Bilbao;Embarque;Incluido tránsito;4.376.572;957.545;1.144.089;3.133.861;4.277.950;0;141.482;469.959;10.223.508;;;
2006;Bilbao;Transbordo;Incluido tránsito;0;0;0;0;0;0;0;0;0;;;
2006;Cartagena;Desembarque;Incluido tránsito;17.594.691;5.110.691;554.153;129.258;683.411;1.412;0;360;23.390.565;;;
2006;Cartagena;Embarque;Incluido tránsito;1.753.991;62.331;9.126;306.149;315.275;0;115.331;22.069;2.268.997;;;
2006;Cartagena;Transbordo;Incluido tránsito;0;0;0;0;0;0;0;0;0;;;
2006;Castellón;Desembarque;Incluido tránsito;6.288.090;3.262.755;178.202;128.715;306.917;8.584;0;0;9.866.346;;;
2006;Castellón;Embarque;Incluido tránsito;1.832.182;328.136;423.564;815.960;1.239.524;0;47.531;0;3.447.373;;;
2006;Castellón;Transbordo;Incluido tránsito;0;0;0;0;0;0;0;0;0;;;
2006;Ceuta;Desembarque;Incluido tránsito;780.626;66.793;521.320;46.966;568.286;138;0;0;1.415.843;;;
2006;Ceuta;Embarque;Incluido tránsito;183.877;0;308.234;14.758;322.992;0;509.307;0;1.016.176;;;
2006;Ceuta;Transbordo;Incluido tránsito;0;0;0;0;0;0;0;0;0;;;
2006;Ferrol-San Cibrao;Desembarque;Incluido tránsito;864.522;7.585.331;381.496;2;381.498;159;0;0;8.831.510;;;
2006;Ferrol-San Cibrao;Embarque;Incluido tránsito;54.081;1.123.926;168.629;7.593;176.222;0;23.520;269;1.378.018;;;
2006;Ferrol-San Cibrao;Transbordo;Incluido tránsito;18.317;0;0;0;0;0;0;0;18.317;;;
2006;Gijón;Desembarque;Incluido tránsito;1.308.774;17.064.795;177.678;25.606;203.284;13.470;0;0;18.590.323;;;
2006;Gijón;Embarque;Incluido tránsito;47.458;1.233.390;335.399;61.902;397.301;0;219.821;0;1.897.970;;;
2006;Gijón;Transbordo;Incluido tránsito;0;0;0;0;0;0;0;0;0;;;
2006;Huelva;Desembarque;Incluido tránsito;10.920.803;6.219.847;316.834;0;316.834;3.019;0;14.645;17.475.148;;;
2006;Huelva;Embarque;Incluido tránsito;2.460.535;1.174.435;367.558;0;367.558;0;94.963;14.645;4.112.136;;;
2006;Huelva;Transbordo;Incluido tránsito;0;0;0;0;0;0;0;0;0;;;
2006;Las Palmas;Desembarque;Incluido tránsito;4.340.261;1.676.043;1.830.448;7.801.781;9.632.229;4.868;0;0;15.653.401;;;
2006;Las Palmas;Embarque;Incluido tránsito;493.461;2.793;1.547.562;5.932.394;7.479.956;0;2.165.264;0;10.141.474;;;
2006;Las Palmas;Transbordo;Incluido tránsito;0;0;88.226;6.699;94.925;0;0;0;94.925;;;
2006;Marín y Ría de Pontevedra;Desembarque;Incluido tránsito;0;831.513;163.133;93.738;256.871;4.369;0;4;1.092.757;;;
2006;Marín y Ría de Pontevedra;Embarque;Incluido tránsito;10;60.453;386.753;223.475;610.228;0;69.875;578;741.144;;;
2006;Marín y Ría de Pontevedra;Transbordo;Incluido tránsito;0;0;0;0;0;0;0;0;0;;;
2006;Melilla;Desembarque;Incluido tránsito;74.447;45.826;410.377;130.449;540.826;0;0;0;661.099;;;
2006;Melilla;Embarque;Incluido tránsito;0;0;126.042;23.599;149.641;0;31.176;0;180.817;;;
2006;Melilla;Transbordo;Incluido tránsito;0;0;0;0;0;0;0;0;0;;;
2006;Motril;Desembarque;Incluido tránsito;1.411.591;843.191;233.379;67;233.446;3.974;0;0;2.492.202;;;
2006;Motril;Embarque;Incluido tránsito;10.793;329.189;25.511;5;25.516;0;18.828;0;384.326;;;
2006;Motril;Transbordo;Incluido tránsito;0;0;0;0;0;0;0;0;0;;;
2006;Málaga;Desembarque;Incluido tránsito;31.923;1.740.276;132.684;1.736.861;1.869.545;2.090;0;0;3.643.834;;;
2006;Málaga;Embarque;Incluido tránsito;34.525;213.154;302.426;1.878.165;2.180.591;0;126.134;0;2.554.404;;;
2006;Málaga;Transbordo;Incluido tránsito;0;0;0;0;0;0;0;0;0;;;
2006;Pasaia;Desembarque;Incluido tránsito;0;3.204.781;1.119.814;0;1.119.814;7.313;0;0;4.331.908;;;
2006;Pasaia;Embarque;Incluido tránsito;0;43.507;1.083.451;0;1.083.451;0;45.696;0;1.172.654;;;
2006;Pasaia;Transbordo;Incluido tránsito;0;0;0;0;0;0;0;0;0;;;
2006;Santa Cruz de Tenerife;Desembarque;Incluido tránsito;6.341.652;1.741.722;1.936.174;2.686.903;4.623.077;7.456;0;23.363;12.737.270;;;
2006;Santa Cruz de Tenerife;Embarque;Incluido tránsito;3.201.169;228.420;1.760.832;949.847;2.710.679;0;1.002.766;26.412;7.169.446;;;
2006;Santa Cruz de Tenerife;Transbordo;Incluido tránsito;0;16.822;0;0;0;0;0;0;16.822;;;
2006;Santander;Desembarque;Incluido tránsito;340.386;3.180.208;868.559;1.147;869.706;6.515;0;0;4.396.815;;;
2006;Santander;Embarque;Incluido tránsito;85.266;984.689;393.716;590;394.306;0;65.525;0;1.529.786;;;
2006;Santander;Transbordo;Incluido tránsito;0;0;1.824;0;1.824;0;0;0;1.824;;;
2006;Sevilla;Desembarque;Incluido tránsito;357.578;2.114.471;1.021.600;225.392;1.246.992;0;0;0;3.719.041;;;
2006;Sevilla;Embarque;Incluido tránsito;1.149;713.127;180.673;667.074;847.747;0;58.720;0;1.620.743;;;
2006;Sevilla;Transbordo;Incluido tránsito;0;0;0;0;0;0;0;0;0;;;
2006;Tarragona;Desembarque;Incluido tránsito;14.945.831;9.458.644;892.288;48.101;940.389;4.381;0;1.202;25.350.447;;;
2006;Tarragona;Embarque;Incluido tránsito;3.700.288;1.779.107;443.858;59.731;503.589;0;180.891;1.196;6.165.071;;;
2006;Tarragona;Transbordo;Incluido tránsito;0;0;0;0;0;0;0;0;0;;;
2006;Valencia;Desembarque;Incluido tránsito;4.042.298;6.712.464;4.650.576;12.223.319;16.873.895;1.576;0;0;27.630.233;;;
2006;Valencia;Embarque;Incluido tránsito;313.664;435.767;2.973.733;15.933.950;18.907.683;0;253.027;0;19.910.141;;;
2006;Valencia;Transbordo;Incluido tránsito;0;0;0;0;0;0;0;0;0;;;
2006;Vigo;Desembarque;Incluido tránsito;89.221;701.899;823.684;1.186.695;2.010.379;91.985;0;0;2.893.484;;;
2006;Vigo;Embarque;Incluido tránsito;4;0;775.185;1.147.426;1.922.611;0;446.725;429;2.369.769;;;
2006;Vigo;Transbordo;Incluido tránsito;0;0;0;0;0;0;0;0;0;;;
2006;Vilagarcía;Desembarque;Incluido tránsito;332.194;613.257;143.894;520;144.414;0;0;0;1.089.865;;;
2006;Vilagarcía;Embarque;Incluido tránsito;2.050;0;101.822;180;102.002;0;10.776;0;114.828;;;
2006;Vilagarcía;Transbordo;Incluido tránsito;0;0;0;0;0;0;0;0;0;;;
2007;A Coruña;Desembarque;Incluido tránsito;6.566.053;3.756.697;982.910;63.438;1.046.348;31.095;0;0;11.400.193;;;
2007;A Coruña;Embarque;Incluido tránsito;1.794.872;383.980;285.396;43.631;329.027;0;115.413;323.779;2.947.071;;;
2007;A Coruña;Transbordo;Incluido tránsito;0;0;0;0;0;0;0;0;0;;;
2007;Alicante;Desembarque;Incluido tránsito;172.576;1.391.331;320.659;363.874;684.533;1.260;0;0;2.249.700;;;
2007;Alicante;Embarque;Incluido tránsito;3.704;178.270;262.138;905.070;1.167.208;0;52.704;0;1.401.886;;;
2007;Alicante;Transbordo;Incluido tránsito;0;0;0;0;0;0;0;0;0;;;
2007;Almería;Desembarque;Incluido tránsito;7.846;4.292.748;360.116;149;360.265;5.000;0;0;4.665.859;;;
2007;Almería;Embarque;Incluido tránsito;0;1.772.511;299.636;0;299.636;0;149.168;0;2.221.315;;;
2007;Almería;Transbordo;Incluido tránsito;0;0;0;0;0;0;0;0;0;;;
2007;Avilés;Desembarque;Incluido tránsito;219.826;2.090.531;554.183;17.095;571.278;10.407;0;0;2.892.042;;;
2007;Avilés;Embarque;Incluido tránsito;389.180;1.360.933;860.038;54.904;914.942;0;48.502;0;2.713.557;;;
2007;Avilés;Transbordo;Incluido tránsito;0;0;0;0;0;0;0;0;0;;;
2007;Bahía de Algeciras;Desembarque;Incluido tránsito;14.221.831;2.621.920;2.409.659;21.208.090;23.617.749;1.711;0;58.325;40.521.536;;;
2007;Bahía de Algeciras;Embarque;Incluido tránsito;5.292.236;57.932;2.307.431;21.260.087;23.567.518;0;3.117.559;2.057.733;34.092.978;;;
2007;Bahía de Algeciras;Transbordo;Incluido tránsito;74.718;0;4.687;3.461;8.148;0;0;0;82.866;;;
2007;Bahía de Cádiz;Desembarque;Incluido tránsito;76.901;3.160.804;629.783;441.567;1.071.350;21.611;0;0;4.330.666;;;
2007;Bahía de Cádiz;Embarque;Incluido tránsito;1.574;1.244.821;697.929;889.652;1.587.581;0;88.868;0;2.922.844;;;
2007;Bahía de Cádiz;Transbordo;Incluido tránsito;0;0;0;0;0;0;0;0;0;;;
2007;Baleares;Desembarque;Incluido tránsito;2.206.536;2.075.308;5.923.684;771.460;6.695.144;2.759;0;0;10.979.747;;;
2007;Baleares;Embarque;Incluido tránsito;0;239.473;2.941.258;257.943;3.199.201;0;243.658;0;3.682.332;;;
2007;Baleares;Transbordo;Incluido tránsito;0;0;0;0;0;0;0;0;0;;;
2007;Barcelona;Desembarque;Incluido tránsito;10.472.058;3.359.268;4.194.984;12.528.297;16.723.281;3.086;0;0;30.557.693;;;
2007;Barcelona;Embarque;Incluido tránsito;518.469;510.984;5.573.081;12.888.962;18.462.043;0;1.340.273;0;20.831.769;;;
2007;Barcelona;Transbordo;Incluido tránsito;0;0;0;0;0;0;0;0;0;;;
2007;Bilbao;Desembarque;Incluido tránsito;17.858.240;4.913.048;3.053.689;2.720.209;5.773.898;0;0;683.121;29.228.307;;;
2007;Bilbao;Embarque;Incluido tránsito;4.823.938;919.336;934.131;3.199.908;4.134.039;0;152.239;756.466;10.786.018;;;
2007;Bilbao;Transbordo;Incluido tránsito;0;0;0;0;0;0;0;0;0;;;
2007;Cartagena;Desembarque;Incluido tránsito;16.086.382;5.109.455;490.644;161.557;652.201;1.261;0;168;21.849.467;;;
2007;Cartagena;Embarque;Incluido tránsito;1.445.705;261.628;20.687;363.396;384.083;0;106.354;0;2.197.770;;;
2007;Cartagena;Transbordo;Incluido tránsito;0;0;105;0;105;0;0;0;105;;;
2007;Castellón;Desembarque;Incluido tránsito;5.560.795;3.564.246;124.396;166.347;290.743;5.581;0;0;9.421.365;;;
2007;Castellón;Embarque;Incluido tránsito;1.793.440;338.609;378.046;1.160.629;1.538.675;0;55.742;0;3.726.466;;;
2007;Castellón;Transbordo;Incluido tránsito;0;0;0;0;0;0;0;0;0;;;
2007;Ceuta;Desembarque;Incluido tránsito;843.057;75.612;561.691;52.374;614.065;129;0;0;1.532.863;;;
2007;Ceuta;Embarque;Incluido tránsito;202.405;25;325.265;18.851;344.116;0;563.104;0;1.109.650;;;
2007;Ceuta;Transbordo;Incluido tránsito;0;0;0;0;0;0;0;0;0;;;
2007;Ferrol-San Cibrao;Desembarque;Incluido tránsito;1.377.942;7.597.718;423.259;664;423.923;120;0;8;9.399.711;;;
2007;Ferrol-San Cibrao;Embarque;Incluido tránsito;94.522;1.128.986;360.222;47.702;407.924;0;21.667;67;1.653.166;;;
2007;Ferrol-San Cibrao;Transbordo;Incluido tránsito;5.600;0;1.913;0;1.913;0;0;0;7.513;;;
2007;Gijón;Desembarque;Incluido tránsito;1.408.203;17.079.067;231.097;69.119;300.216;12.434;0;0;18.799.920;;;
2007;Gijón;Embarque;Incluido tránsito;62.008;1.226.024;346.471;105.127;451.598;0;234.511;3.972;1.978.113;;;
2007;Gijón;Transbordo;Incluido tránsito;0;0;4.093;0;4.093;0;0;0;4.093;;;
2007;Huelva;Desembarque;Incluido tránsito;10.950.475;6.520.466;354.359;0;354.359;5.166;0;8.766;17.839.232;;;
2007;Huelva;Embarque;Incluido tránsito;2.512.958;1.083.174;361.756;0;361.756;0;91.682;8.766;4.058.336;;;
2007;Huelva;Transbordo;Incluido tránsito;0;0;0;0;0;0;0;0;0;;;
2007;Las Palmas;Desembarque;Incluido tránsito;4.247.819;1.611.842;1.820.058;8.399.366;10.219.424;3.855;0;0;16.082.940;;;
2007;Las Palmas;Embarque;Incluido tránsito;426.171;3.903;1.502.422;6.385.261;7.887.683;0;2.184.122;0;10.501.879;;;
2007;Las Palmas;Transbordo;Incluido tránsito;0;0;109.766;177;109.943;0;0;0;109.943;;;
2007;Marín y Ría de Pontevedra;Desembarque;Incluido tránsito;0;923.072;150.469;148.263;298.732;3.644;0;0;1.225.448;;;
2007;Marín y Ría de Pontevedra;Embarque;Incluido tránsito;10;14.503;406.611;264.884;671.495;0;53.953;0;739.961;;;
2007;Marín y Ría de Pontevedra;Transbordo;Incluido tránsito;0;0;0;0;0;0;0;0;0;;;
2007;Melilla;Desembarque;Incluido tránsito;68.282;51.655;392.799;135.873;528.672;0;0;0;648.609;;;
2007;Melilla;Embarque;Incluido tránsito;0;0;130.212;24.361;154.573;0;25.814;0;180.387;;;
2007;Melilla;Transbordo;Incluido tránsito;0;0;0;0;0;0;0;0;0;;;
2007;Motril;Desembarque;Incluido tránsito;1.515.565;690.077;204.267;0;204.267;3.446;0;0;2.413.355;;;
2007;Motril;Embarque;Incluido tránsito;28.008;283.187;11.965;5;11.970;0;16.677;0;339.842;;;
2007;Motril;Transbordo;Incluido tránsito;0;0;0;0;0;0;0;0;0;;;
2007;Málaga;Desembarque;Incluido tránsito;43.569;1.349.197;155.390;2.056.045;2.211.435;1.831;0;0;3.606.032;;;
2007;Málaga;Embarque;Incluido tránsito;65.806;254.709;311.129;2.015.177;2.326.306;0;119.774;2.066;2.768.661;;;
2007;Málaga;Transbordo;Incluido tránsito;0;0;0;0;0;0;0;0;0;;;
2007;Pasaia;Desembarque;Incluido tránsito;0;2.721.913;1.120.315;0;1.120.315;6.708;0;0;3.848.936;;;
2007;Pasaia;Embarque;Incluido tránsito;0;56.259;1.125.395;0;1.125.395;0;43.793;0;1.225.447;;;
2007;Pasaia;Transbordo;Incluido tránsito;0;0;0;0;0;0;0;0;0;;;
2007;Santa Cruz de Tenerife;Desembarque;Incluido tránsito;6.424.427;1.511.634;1.901.896;2.763.850;4.665.746;5.613;0;14.092;12.621.512;;;
2007;Santa Cruz de Tenerife;Embarque;Incluido tránsito;3.161.541;201.406;1.776.335;1.005.964;2.782.299;0;1.079.023;23.986;7.248.255;;;
2007;Santa Cruz de Tenerife;Transbordo;Incluido tránsito;0;3.018;863;8;871;0;0;0;3.889;;;
2007;Santander;Desembarque;Incluido tránsito;350.831;3.390.819;970.809;1.677;972.486;8.514;0;0;4.722.650;;;
2007;Santander;Embarque;Incluido tránsito;73.457;984.018;411.511;3.237;414.748;0;66.454;0;1.538.677;;;
2007;Santander;Transbordo;Incluido tránsito;0;0;162;0;162;0;0;0;162;;;
2007;Sevilla;Desembarque;Incluido tránsito;300.331;1.851.317;801.361;281.458;1.082.819;0;0;0;3.234.467;;;
2007;Sevilla;Embarque;Incluido tránsito;24.883;492.389;241.541;724.697;966.238;0;47.000;0;1.530.510;;;
2007;Sevilla;Transbordo;Incluido tránsito;0;0;0;0;0;0;0;0;0;;;
2007;Tarragona;Desembarque;Incluido tránsito;16.114.821;11.392.404;942.146;226.008;1.168.154;3.815;0;17.192;28.696.386;;;
2007;Tarragona;Embarque;Incluido tránsito;4.479.777;2.233.795;346.278;184.335;530.613;0;182.826;16.343;7.443.354;;;
2007;Tarragona;Transbordo;Incluido tránsito;0;0;0;0;0;0;0;0;0;;;
2007;Valencia;Desembarque;Incluido tránsito;5.175.248;6.491.197;4.537.789;15.021.945;19.559.734;1.077;0;0;31.227.256;;;
2007;Valencia;Embarque;Incluido tránsito;367.984;831.474;3.323.189;17.504.709;20.827.898;0;338.248;0;22.365.604;;;
2007;Valencia;Transbordo;Incluido tránsito;0;0;1.502;0;1.502;0;0;0;1.502;;;
2007;Vigo;Desembarque;Incluido tránsito;82.363;632.226;875.845;1.317.718;2.193.563;89.718;0;0;2.997.870;;;
2007;Vigo;Embarque;Incluido tránsito;0;0;1.009.055;1.112.937;2.121.992;0;405.714;556;2.528.262;;;
2007;Vigo;Transbordo;Incluido tránsito;0;0;0;0;0;0;0;0;0;;;
2007;Vilagarcía;Desembarque;Incluido tránsito;384.333;570.068;132.944;54;132.998;0;0;0;1.087.399;;;
2007;Vilagarcía;Embarque;Incluido tránsito;31.802;0;72.171;9;72.180;0;7.884;0;111.866;;;
2007;Vilagarcía;Transbordo;Incluido tránsito;0;0;0;0;0;0;0;0;0;;;
2008;A Coruña;Desembarque;Incluido tránsito;5.946.548;2.935.526;1.066.559;78.926;1.145.485;32.421;0;0;10.059.980;;;
2008;A Coruña;Embarque;Incluido tránsito;1.508.127;354.082;494.089;44.887;538.976;0;106.629;280.795;2.788.609;;;
2008;A Coruña;Transbordo;Incluido tránsito;0;0;0;0;0;0;0;0;0;;;
2008;Alicante;Desembarque;Incluido tránsito;107.883;804.805;198.122;304.885;503.007;707;0;0;1.416.402;;;
2008;Alicante;Embarque;Incluido tránsito;29;281.710;326.805;739.878;1.066.683;0;38.670;3;1.387.095;;;
2008;Alicante;Transbordo;Incluido tránsito;0;0;0;0;0;0;0;0;0;;;
2008;Almería;Desembarque;Incluido tránsito;3.199;3.118.066;295.587;1.267;296.854;4.661;0;0;3.422.780;;;
2008;Almería;Embarque;Incluido tránsito;0;1.788.892;402.475;2.047;404.522;0;169.711;64.429;2.427.554;;;
2008;Almería;Transbordo;Incluido tránsito;0;0;0;0;0;0;0;0;0;;;
2008;Avilés;Desembarque;Incluido tránsito;258.400;1.778.167;422.582;11.431;434.013;11.924;0;0;2.482.504;;;
2008;Avilés;Embarque;Incluido tránsito;276.875;1.336.501;752.710;48.231;800.941;0;48.628;0;2.462.945;;;
2008;Avilés;Transbordo;Incluido tránsito;0;0;0;0;0;0;0;0;0;;;
2008;Bahía de Algeciras;Desembarque;Incluido tránsito;14.528.860;1.579.553;2.405.778;21.263.484;23.669.262;2.102;0;56.530;39.836.307;;;
2008;Bahía de Algeciras;Embarque;Incluido tránsito;5.937.025;8.967;2.316.763;21.531.985;23.848.748;0;3.245.254;1.926.839;34.966.833;;;
2008;Bahía de Algeciras;Transbordo;Incluido tránsito;41.048;0;718;809;1.527;0;0;0;42.575;;;
2008;Bahía de Cádiz;Desembarque;Incluido tránsito;161.681;1.669.862;629.820;377.338;1.007.158;17.645;0;0;2.856.346;;;
2008;Bahía de Cádiz;Embarque;Incluido tránsito;12.059;447.939;711.611;869.996;1.581.607;0;109.124;0;2.150.729;;;
2008;Bahía de Cádiz;Transbordo;Incluido tránsito;0;0;0;0;0;0;0;0;0;;;
2008;Baleares;Desembarque;Incluido tránsito;2.074.133;1.940.980;5.481.015;510.469;5.991.484;2.927;0;0;10.009.524;;;
2008;Baleares;Embarque;Incluido tránsito;0;189.652;2.798.152;227.965;3.026.117;0;240.781;0;3.456.550;;;
2008;Baleares;Transbordo;Incluido tránsito;0;0;0;0;0;0;0;0;0;;;
2008;Barcelona;Desembarque;Incluido tránsito;11.487.953;2.995.641;4.138.496;12.139.857;16.278.353;2.698;0;0;30.764.645;;;
2008;Barcelona;Embarque;Incluido tránsito;617.127;510.831;5.639.122;13.016.102;18.655.224;0;1.261.416;0;21.044.598;;;
2008;Barcelona;Transbordo;Incluido tránsito;0;0;0;0;0;0;0;0;0;;;
2008;Bilbao;Desembarque;Incluido tránsito;18.196.513;4.411.121;2.302.328;2.848.166;5.150.494;0;0;625.554;28.383.682;;;
2008;Bilbao;Embarque;Incluido tránsito;4.860.821;855.338;1.215.399;3.290.763;4.506.162;0;152.353;639.598;11.014.272;;;
2008;Bilbao;Transbordo;Incluido tránsito;0;0;0;0;0;0;0;0;0;;;
2008;Cartagena;Desembarque;Incluido tránsito;17.468.128;4.379.634;432.702;145.457;578.159;1.200;0;359;22.427.480;;;
2008;Cartagena;Embarque;Incluido tránsito;2.641.502;248.922;19.331;312.709;332.040;0;99.653;3.150;3.325.267;;;
2008;Cartagena;Transbordo;Incluido tránsito;0;0;150;0;150;0;0;0;150;;;
2008;Castellón;Desembarque;Incluido tránsito;5.885.562;3.654.877;105.641;171.823;277.464;4.410;0;0;9.822.313;;;
2008;Castellón;Embarque;Incluido tránsito;1.875.809;362.132;443.684;1.031.283;1.474.967;0;53.728;0;3.766.636;;;
2008;Castellón;Transbordo;Incluido tránsito;0;0;0;0;0;0;0;0;0;;;
2008;Ceuta;Desembarque;Incluido tránsito;812.791;71.631;569.374;59.061;628.435;95;0;0;1.512.952;;;
2008;Ceuta;Embarque;Incluido tránsito;300.364;141;350.112;17.470;367.582;0;636.796;0;1.304.883;;;
2008;Ceuta;Transbordo;Incluido tránsito;1.927;0;0;0;0;0;0;0;1.927;;;
2008;Ferrol-San Cibrao;Desembarque;Incluido tránsito;2.173.347;8.480.327;322.921;100;323.021;174;0;0;10.976.869;;;
2008;Ferrol-San Cibrao;Embarque;Incluido tránsito;24.431;1.300.762;496.390;688;497.078;0;26.302;3.071;1.851.644;;;
2008;Ferrol-San Cibrao;Transbordo;Incluido tránsito;26.975;0;4.380;16;4.396;0;0;0;31.371;;;
2008;Gijón;Desembarque;Incluido tránsito;1.375.569;15.505.096;193.829;144.301;338.130;6.196;0;345;17.225.336;;;
2008;Gijón;Embarque;Incluido tránsito;56.349;1.364.549;377.332;185.436;562.768;0;119.684;943;2.104.293;;;
2008;Gijón;Transbordo;Incluido tránsito;0;0;943;0;943;0;0;0;943;;;
2008;Huelva;Desembarque;Incluido tránsito;10.948.321;5.565.561;90.380;0;90.380;2.630;0;29.135;16.636.027;;;
2008;Huelva;Embarque;Incluido tránsito;2.697.587;959.531;359.921;0;359.921;0;39.675;29.135;4.085.849;;;
2008;Huelva;Transbordo;Incluido tránsito;0;0;0;0;0;0;0;0;0;;;
2008;Las Palmas;Desembarque;Incluido tránsito;4.312.666;1.137.564;1.658.013;8.035.793;9.693.806;2.835;0;0;15.146.871;;;
2008;Las Palmas;Embarque;Incluido tránsito;406.463;1.981;1.379.278;6.688.764;8.068.042;0;2.209.065;0;10.685.551;;;
2008;Las Palmas;Transbordo;Incluido tránsito;0;0;120.600;1.333;121.933;0;0;0;121.933;;;
2008;Marín y Ría de Pontevedra;Desembarque;Incluido tránsito;0;828.509;139.509;88.227;227.736;3.704;0;17;1.059.966;;;
2008;Marín y Ría de Pontevedra;Embarque;Incluido tránsito;0;18.897;387.720;165.012;552.732;0;40.915;40;612.584;;;
2008;Marín y Ría de Pontevedra;Transbordo;Incluido tránsito;0;0;0;0;0;0;0;0;0;;;
2008;Melilla;Desembarque;Incluido tránsito;71.308;34.112;369.290;130.079;499.369;0;0;0;604.789;;;
2008;Melilla;Embarque;Incluido tránsito;0;0;117.212;24.479;141.691;0;23.452;0;165.143;;;
2008;Melilla;Transbordo;Incluido tránsito;0;0;0;0;0;0;0;0;0;;;
2008;Motril;Desembarque;Incluido tránsito;1.404.379;469.222;168.249;0;168.249;3.058;0;0;2.044.908;;;
2008;Motril;Embarque;Incluido tránsito;15.476;287.642;25.746;0;25.746;0;15.917;0;344.781;;;
2008;Motril;Transbordo;Incluido tránsito;0;0;0;0;0;0;0;0;0;;;
2008;Málaga;Desembarque;Incluido tránsito;43.529;1.064.256;151.464;1.322.064;1.473.528;1.357;0;0;2.582.670;;;
2008;Málaga;Embarque;Incluido tránsito;72.323;278.494;300.808;1.387.386;1.688.194;0;120.713;0;2.159.724;;;
2008;Málaga;Transbordo;Incluido tránsito;0;0;0;0;0;0;0;0;0;;;
2008;Pasaia;Desembarque;Incluido tránsito;0;2.302.140;908.324;0;908.324;7.667;0;0;3.218.131;;;
2008;Pasaia;Embarque;Incluido tránsito;0;49.238;1.465.888;0;1.465.888;0;40.414;0;1.555.540;;;
2008;Pasaia;Transbordo;Incluido tránsito;0;0;0;0;0;0;0;0;0;;;
2008;Santa Cruz de Tenerife;Desembarque;Incluido tránsito;6.242.025;1.136.900;1.634.758;2.237.226;3.871.984;5.659;0;30.795;11.287.363;;;
2008;Santa Cruz de Tenerife;Embarque;Incluido tránsito;3.152.038;215.568;1.645.111;808.498;2.453.609;0;1.069.049;33.790;6.924.054;;;
2008;Santa Cruz de Tenerife;Transbordo;Incluido tránsito;0;0;0;0;0;0;0;0;0;;;
2008;Santander;Desembarque;Incluido tránsito;285.097;2.782.084;799.395;14.985;814.380;7.428;0;0;3.888.989;;;
2008;Santander;Embarque;Incluido tránsito;56.559;950.382;548.445;1.898;550.343;0;59.759;0;1.617.043;;;
2008;Santander;Transbordo;Incluido tránsito;0;0;0;0;0;0;0;0;0;;;
2008;Sevilla;Desembarque;Incluido tránsito;188.230;1.795.390;443.082;266.872;709.954;0;0;0;2.693.574;;;
2008;Sevilla;Embarque;Incluido tránsito;40.728;548.803;589.374;712.192;1.301.566;0;44.284;0;1.935.381;;;
2008;Sevilla;Transbordo;Incluido tránsito;0;0;0;0;0;0;0;0;0;;;
2008;Tarragona;Desembarque;Incluido tránsito;14.689.096;9.967.761;821.167;232.402;1.053.569;3.284;0;0;25.713.710;;;
2008;Tarragona;Embarque;Incluido tránsito;4.328.090;2.453.121;279.631;197.551;477.182;0;179.577;0;7.437.970;;;
2008;Tarragona;Transbordo;Incluido tránsito;0;0;0;0;0;0;0;0;0;;;
2008;Valencia;Desembarque;Incluido tránsito;5.652.210;4.544.045;4.000.158;19.002.900;23.003.058;1.387;0;0;33.200.700;;;
2008;Valencia;Embarque;Incluido tránsito;316.382;592.747;3.196.245;22.120.699;25.316.944;0;316.867;0;26.542.940;;;
2008;Valencia;Transbordo;Incluido tránsito;0;28.582;0;0;0;0;0;0;28.582;;;
2008;Vigo;Desembarque;Incluido tránsito;58.169;458.180;767.889;1.318.342;2.086.231;88.870;0;60;2.691.510;;;
2008;Vigo;Embarque;Incluido tránsito;0;0;969.666;1.046.505;2.016.171;0;355.664;731;2.372.566;;;
2008;Vigo;Transbordo;Incluido tránsito;0;0;0;0;0;0;0;0;0;;;
2008;Vilagarcía;Desembarque;Incluido tránsito;306.824;506.221;75.653;25.182;100.835;0;0;45;913.925;;;
2008;Vilagarcía;Embarque;Incluido tránsito;15.566;0;94.840;108.475;203.315;0;4.464;5;223.350;;;
2008;Vilagarcía;Transbordo;Incluido tránsito;0;0;0;0;0;0;0;0;0;;;
2009;A Coruña;Desembarque;Incluido tránsito;5.487.648;2.886.342;831.494;65.223;896.717;43.108;0;0;9.313.815;;;
2009;A Coruña;Embarque;Incluido tránsito;1.332.849;329.247;501.479;59.482;560.961;0;93.570;283.941;2.600.568;;;
2009;A Coruña;Transbordo;Incluido tránsito;0;0;2.614;0;2.614;0;0;0;2.614;;;
2009;Alicante;Desembarque;Incluido tránsito;112.222;461.017;105.415;302.326;407.741;511;0;0;981.491;;;
2009;Alicante;Embarque;Incluido tránsito;2.366;650.152;196.598;655.725;852.323;0;24.400;3;1.529.244;;;
2009;Alicante;Transbordo;Incluido tránsito;0;0;0;0;0;0;0;0;0;;;
2009;Almería;Desembarque;Incluido tránsito;1.502;2.378.996;188.977;7.098;196.075;4.037;0;0;2.580.610;;;
2009;Almería;Embarque;Incluido tránsito;0;912.676;340.387;6.532;346.919;0;117.334;0;1.376.929;;;
2009;Almería;Transbordo;Incluido tránsito;0;0;0;0;0;0;0;0;0;;;
2009;Avilés;Desembarque;Incluido tránsito;251.931;1.526.564;142.226;5.363;147.589;13.590;0;0;1.939.674;;;
2009;Avilés;Embarque;Incluido tránsito;421.337;766.571;820.168;16.284;836.452;0;35.981;0;2.060.341;;;
2009;Avilés;Transbordo;Incluido tránsito;0;0;0;0;0;0;0;0;0;;;
2009;Bahía de Algeciras;Desembarque;Incluido tránsito;14.070.395;1.738.404;2.291.707;18.748.378;21.040.085;2.168;0;91.193;36.942.245;;;
2009;Bahía de Algeciras;Embarque;Incluido tránsito;6.047.680;5.076;2.169.314;19.131.556;21.300.870;0;3.375.642;2.238.696;32.967.964;;;
2009;Bahía de Algeciras;Transbordo;Incluido tránsito;0;0;256;491;747;0;0;0;747;;;
2009;Bahía de Cádiz;Desembarque;Incluido tránsito;106.570;1.377.163;476.283;293.165;769.448;19.762;0;34;2.272.977;;;
2009;Bahía de Cádiz;Embarque;Incluido tránsito;8.636;259.827;561.433;747.789;1.309.222;0;151.767;80;1.729.532;;;
2009;Bahía de Cádiz;Transbordo;Incluido tránsito;5.115;0;0;0;0;0;0;0;5.115;;;
2009;Baleares;Desembarque;Incluido tránsito;2.020.467;1.623.113;4.812.396;464.077;5.276.473;2.970;0;0;8.923.023;;;
2009;Baleares;Embarque;Incluido tránsito;3.065;66.358;2.626.791;137.564;2.764.355;0;170.166;0;3.003.944;;;
2009;Baleares;Transbordo;Incluido tránsito;0;0;0;0;0;0;0;0;0;;;
2009;Barcelona;Desembarque;Incluido tránsito;10.894.259;3.193.080;3.452.187;8.142.822;11.595.009;2.309;0;0;25.684.657;;;
2009;Barcelona;Embarque;Incluido tránsito;861.564;728.018;5.039.133;9.482.670;14.521.803;0;1.184.676;0;17.296.061;;;
2009;Barcelona;Transbordo;Incluido tránsito;0;0;0;0;0;0;0;0;0;;;
2009;Bilbao;Desembarque;Incluido tránsito;16.205.640;2.928.886;1.429.440;2.042.029;3.471.469;0;0;217.450;22.823.445;;;
2009;Bilbao;Embarque;Incluido tránsito;4.291.757;899.098;1.092.948;2.714.648;3.807.596;0;129.415;228.615;9.356.481;;;
2009;Bilbao;Transbordo;Incluido tránsito;0;0;0;0;0;0;0;0;0;;;
2009;Cartagena;Desembarque;Incluido tránsito;14.639.413;3.485.740;108.422;200.540;308.962;1.145;0;48;18.435.308;;;
2009;Cartagena;Embarque;Incluido tránsito;1.529.366;129.929;30.294;389.721;420.015;0;60.590;4.668;2.144.568;;;
2009;Cartagena;Transbordo;Incluido tránsito;0;0;0;0;0;0;0;0;0;;;
2009;Castellón;Desembarque;Incluido tránsito;5.730.714;1.507.486;54.709;96.129;150.838;5.094;0;0;7.394.132;;;
2009;Castellón;Embarque;Incluido tránsito;2.046.048;358.372;519.864;759.755;1.279.619;0;35.384;0;3.719.423;;;
2009;Castellón;Transbordo;Incluido tránsito;0;0;0;0;0;0;0;0;0;;;
2009;Ceuta;Desembarque;Incluido tránsito;1.093.971;68.226;558.000;42.846;600.846;110;0;0;1.763.153;;;
2009;Ceuta;Embarque;Incluido tránsito;101.439;0;321.706;15.563;337.269;0;555.082;0;993.790;;;
2009;Ceuta;Transbordo;Incluido tránsito;0;0;0;0;0;0;0;0;0;;;
2009;Ferrol-San Cibrao;Desembarque;Incluido tránsito;2.065.841;8.193.318;253.292;2.638;255.930;206;0;900;10.516.195;;;
2009;Ferrol-San Cibrao;Embarque;Incluido tránsito;296.740;1.074.770;305.045;1.579;306.624;0;17.578;599;1.696.311;;;
2009;Ferrol-San Cibrao;Transbordo;Incluido tránsito;39.367;0;0;0;0;0;0;0;39.367;;;
2009;Gijón;Desembarque;Incluido tránsito;1.322.334;11.084.541;102.894;130.655;233.549;11.229;0;509;12.652.162;;;
2009;Gijón;Embarque;Incluido tránsito;52.307;1.371.514;245.627;187.410;433.037;0;123.437;509;1.980.804;;;
2009;Gijón;Transbordo;Incluido tránsito;0;0;0;0;0;0;0;0;0;;;
2009;Huelva;Desembarque;Incluido tránsito;10.260.024;3.413.932;14.319;0;14.319;2.626;0;4.012;13.694.913;;;
2009;Huelva;Embarque;Incluido tránsito;2.782.217;766.753;301.628;0;301.628;0;37.160;4.012;3.891.770;;;
2009;Huelva;Transbordo;Incluido tránsito;0;0;0;0;0;0;0;0;0;;;
2009;Las Palmas;Desembarque;Incluido tránsito;4.108.763;751.208;1.933.918;5.557.599;7.491.517;4.104;0;0;12.355.592;;;
2009;Las Palmas;Embarque;Incluido tránsito;437.819;1.900;1.364.524;4.761.171;6.125.695;0;2.182.173;0;8.747.587;;;
2009;Las Palmas;Transbordo;Incluido tránsito;0;0;117.395;137;117.532;0;0;0;117.532;;;
2009;Marín y Ría de Pontevedra;Desembarque;Incluido tránsito;0;877.616;111.100;132.933;244.033;2.718;0;23;1.124.390;;;
2009;Marín y Ría de Pontevedra;Embarque;Incluido tránsito;16;2.251;372.102;145.910;518.012;0;38.873;0;559.152;;;
2009;Marín y Ría de Pontevedra;Transbordo;Incluido tránsito;0;0;0;0;0;0;0;0;0;;;
2009;Melilla;Desembarque;Incluido tránsito;76.518;32.774;411.890;149.174;561.064;0;0;0;670.356;;;
2009;Melilla;Embarque;Incluido tránsito;0;0;124.747;28.099;152.846;0;24.025;0;176.871;;;
2009;Melilla;Transbordo;Incluido tránsito;0;0;0;0;0;0;0;0;0;;;
2009;Motril;Desembarque;Incluido tránsito;1.318.397;184.018;111.459;1.300;112.759;2.916;0;0;1.618.090;;;
2009;Motril;Embarque;Incluido tránsito;11.692;269.131;44.476;4.843;49.319;0;16.769;0;346.911;;;
2009;Motril;Transbordo;Incluido tránsito;0;0;0;0;0;0;0;0;0;;;
2009;Málaga;Desembarque;Incluido tránsito;16.545;532.482;147.476;364.366;511.842;1.123;0;0;1.061.992;;;
2009;Málaga;Embarque;Incluido tránsito;17.051;234.314;369.040;394.068;763.108;0;101.225;0;1.115.698;;;
2009;Málaga;Transbordo;Incluido tránsito;0;0;0;0;0;0;0;0;0;;;
2009;Pasaia;Desembarque;Incluido tránsito;0;1.620.789;542.494;0;542.494;15.868;0;0;2.179.151;;;
2009;Pasaia;Embarque;Incluido tránsito;0;28.875;1.275.582;0;1.275.582;0;36.065;0;1.340.522;;;
2009;Pasaia;Transbordo;Incluido tránsito;0;0;0;0;0;0;0;0;0;;;
2009;Santa Cruz de Tenerife;Desembarque;Incluido tránsito;5.632.682;696.328;1.481.936;1.971.283;3.453.219;4.647;0;0;9.786.876;;;
2009;Santa Cruz de Tenerife;Embarque;Incluido tránsito;2.790.329;151.983;1.472.621;815.227;2.287.848;0;1.045.156;1.830;6.277.146;;;
2009;Santa Cruz de Tenerife;Transbordo;Incluido tránsito;0;0;0;0;0;0;0;0;0;;;
2009;Santander;Desembarque;Incluido tránsito;197.387;2.239.569;518.895;18.457;537.352;11.534;0;134;2.985.976;;;
2009;Santander;Embarque;Incluido tránsito;198.198;680.180;566.893;2.652;569.545;0;52.510;0;1.500.433;;;
2009;Santander;Transbordo;Incluido tránsito;0;0;0;0;0;0;0;0;0;;;
2009;Sevilla;Desembarque;Incluido tránsito;196.068;1.777.179;251.095;268.624;519.719;0;0;0;2.492.966;;;
2009;Sevilla;Embarque;Incluido tránsito;7.454;643.967;640.492;716.613;1.357.105;0;43.449;0;2.051.975;;;
2009;Sevilla;Transbordo;Incluido tránsito;0;0;0;0;0;0;0;0;0;;;
2009;Tarragona;Desembarque;Incluido tránsito;14.004.705;7.497.833;468.136;1.146.619;1.614.755;3.912;0;0;23.121.205;;;
2009;Tarragona;Embarque;Incluido tránsito;4.344.585;2.332.557;206.149;1.309.462;1.515.611;0;213.318;0;8.406.071;;;
2009;Tarragona;Transbordo;Incluido tránsito;0;0;0;0;0;0;0;0;0;;;
2009;Valencia;Desembarque;Incluido tránsito;5.578.073;2.888.526;2.760.787;19.784.603;22.545.390;1.828;0;0;31.013.817;;;
2009;Valencia;Embarque;Incluido tránsito;188.717;635.180;2.969.370;22.697.063;25.666.433;0;280.555;0;26.770.885;;;
2009;Valencia;Transbordo;Incluido tránsito;0;0;5.204;0;5.204;0;0;0;5.204;;;
2009;Vigo;Desembarque;Incluido tránsito;71.162;381.302;423.690;1.072.041;1.495.731;88.975;0;0;2.037.170;;;
2009;Vigo;Embarque;Incluido tránsito;0;0;680.721;896.934;1.577.655;0;323.339;496;1.901.490;;;
2009;Vigo;Transbordo;Incluido tránsito;0;0;121;0;121;0;0;0;121;;;
2009;Vilagarcía;Desembarque;Incluido tránsito;209.208;487.912;28.256;28.641;56.897;0;0;0;754.017;;;
2009;Vilagarcía;Embarque;Incluido tránsito;15.059;263;94.331;94.570;188.901;0;7.021;0;211.244;;;
2009;Vilagarcía;Transbordo;Incluido tránsito;0;0;0;0;0;0;0;0;0;;;
2010;A Coruña;Desembarque;Incluido tránsito;5.847.353;2.600.861;704.069;45.454;749.523;43.153;0;0;9.240.890;;;
2010;A Coruña;Embarque;Incluido tránsito;1.738.594;582.354;301.703;47.302;349.005;0;100.730;245.360;3.016.043;;;
2010;A Coruña;Transbordo;Incluido tránsito;0;8.366;0;0;0;0;0;0;8.366;;;
2010;Alicante;Desembarque;Incluido tránsito;109.927;368.026;76.232;341.424;417.656;358;0;0;895.967;;;
2010;Alicante;Embarque;Incluido tránsito;17.960;355.247;118.045;802.291;920.336;0;13.305;0;1.306.848;;;
2010;Alicante;Transbordo;Incluido tránsito;0;0;0;0;0;0;0;0;0;;;
2010;Almería;Desembarque;Incluido tránsito;4.459;2.045.196;183.423;12.425;195.848;3.930;0;0;2.249.433;;;
2010;Almería;Embarque;Incluido tránsito;0;1.167.920;342.434;18.221;360.655;0;94.420;0;1.622.995;;;
2010;Almería;Transbordo;Incluido tránsito;0;0;0;0;0;0;0;0;0;;;
2010;Avilés;Desembarque;Incluido tránsito;253.183;1.810.310;155.377;0;155.377;13.566;0;0;2.232.436;;;
2010;Avilés;Embarque;Incluido tránsito;370.198;936.492;1.014.989;0;1.014.989;0;36.212;0;2.357.891;;;
2010;Avilés;Transbordo;Incluido tránsito;0;0;0;0;0;0;0;0;0;;;
2010;Bahía de Algeciras;Desembarque;Incluido tránsito;16.392.854;1.463.157;2.251.233;17.905.059;20.156.292;1.625;0;65.139;38.079.067;;;
2010;Bahía de Algeciras;Embarque;Incluido tránsito;7.414.466;12.067;2.315.798;18.158.866;20.474.664;0;2.954.261;2.098.340;32.953.798;;;
2010;Bahía de Algeciras;Transbordo;Incluido tránsito;87.409;0;37;14;51;0;0;0;87.460;;;
2010;Bahía de Cádiz;Desembarque;Incluido tránsito;75.586;1.360.773;453.292;308.558;761.850;17.497;0;0;2.215.706;;;
2010;Bahía de Cádiz;Embarque;Incluido tránsito;28.345;326.370;507.035;772.529;1.279.564;0;153.663;0;1.787.942;;;
2010;Bahía de Cádiz;Transbordo;Incluido tránsito;1.378;0;100;0;100;0;0;0;1.478;;;
2010;Baleares;Desembarque;Incluido tránsito;1.761.336;1.770.267;4.765.859;414.412;5.180.271;3.184;0;0;8.715.058;;;
2010;Baleares;Embarque;Incluido tránsito;1.145;89.564;2.688.839;85.615;2.774.454;0;189.780;0;3.054.943;;;
2010;Baleares;Transbordo;Incluido tránsito;0;0;0;0;0;0;0;0;0;;;
2010;Barcelona;Desembarque;Incluido tránsito;10.871.441;2.592.317;3.510.207;8.844.972;12.355.179;2.723;0;0;25.821.660;;;
2010;Barcelona;Embarque;Incluido tránsito;686.715;949.899;5.078.924;10.342.477;15.421.401;0;1.108.210;0;18.166.225;;;
2010;Barcelona;Transbordo;Incluido tránsito;0;0;0;0;0;0;0;0;0;;;
2010;Bilbao;Desembarque;Incluido tránsito;15.836.343;3.516.946;2.042.422;2.368.362;4.410.784;0;0;429.320;24.193.393;;;
2010;Bilbao;Embarque;Incluido tránsito;3.926.927;934.968;1.707.621;3.327.232;5.034.853;0;138.588;436.652;10.471.988;;;
2010;Bilbao;Transbordo;Incluido tránsito;0;0;0;0;0;0;0;0;0;;;
2010;Cartagena;Desembarque;Incluido tránsito;13.978.807;2.914.187;124.937;227.634;352.571;1.120;0;0;17.246.685;;;
2010;Cartagena;Embarque;Incluido tránsito;1.142.919;131.571;71.342;513.524;584.866;0;55.850;28;1.915.234;;;
2010;Cartagena;Transbordo;Incluido tránsito;0;68.478;0;0;0;0;0;0;68.478;;;
2010;Castellón;Desembarque;Incluido tránsito;5.578.800;2.341.610;110.085;154.342;264.427;4.331;0;0;8.189.168;;;
2010;Castellón;Embarque;Incluido tránsito;2.088.674;599.568;365.351;1.208.496;1.573.847;0;33.191;0;4.295.280;;;
2010;Castellón;Transbordo;Incluido tránsito;0;0;0;0;0;0;0;0;0;;;
2010;Ceuta;Desembarque;Incluido tránsito;821.724;138.192;534.174;34.705;568.879;82;0;0;1.528.877;;;
2010;Ceuta;Embarque;Incluido tránsito;137.536;3.218;296.055;10.780;306.835;0;665.993;0;1.113.582;;;
2010;Ceuta;Transbordo;Incluido tránsito;0;0;0;0;0;0;0;0;0;;;
2010;Ferrol-San Cibrao;Desembarque;Incluido tránsito;2.270.305;6.165.294;215.028;3.995;219.023;306;0;536;8.655.464;;;
2010;Ferrol-San Cibrao;Embarque;Incluido tránsito;310.164;1.269.789;408.196;1.356;409.552;0;17.140;10.610;2.017.255;;;
2010;Ferrol-San Cibrao;Transbordo;Incluido tránsito;36.345;0;131;0;131;0;0;0;36.476;;;
2010;Gijón;Desembarque;Incluido tránsito;1.185.049;11.907.097;167.438;182.316;349.754;10.180;0;0;13.452.080;;;
2010;Gijón;Embarque;Incluido tránsito;52.068;1.486.897;363.213;262.525;625.738;0;128.791;0;2.293.494;;;
2010;Gijón;Transbordo;Incluido tránsito;0;7.429;0;0;0;0;0;0;7.429;;;
2010;Huelva;Desembarque;Incluido tránsito;12.715.266;4.147.339;10.575;0;10.575;2.357;0;30.756;16.906.293;;;
2010;Huelva;Embarque;Incluido tránsito;3.698.199;1.246.921;272.727;0;272.727;0;128.012;30.756;5.376.615;;;
2010;Huelva;Transbordo;Incluido tránsito;0;0;0;0;0;0;0;0;0;;;
2010;Las Palmas;Desembarque;Incluido tránsito;4.158.479;736.234;2.438.113;5.816.906;8.255.019;2.980;0;0;13.152.712;;;
2010;Las Palmas;Embarque;Incluido tránsito;395.824;2.511;1.607.638;5.153.616;6.761.254;0;2.199.012;0;9.358.601;;;
2010;Las Palmas;Transbordo;Incluido tránsito;0;0;139.296;166;139.462;0;0;0;139.462;;;
2010;Marín y Ría de Pontevedra;Desembarque;Incluido tránsito;0;960.542;198.318;139.735;338.053;2.441;0;0;1.301.036;;;
2010;Marín y Ría de Pontevedra;Embarque;Incluido tránsito;0;0;374.273;265.729;640.002;0;37.853;0;677.855;;;
2010;Marín y Ría de Pontevedra;Transbordo;Incluido tránsito;0;0;51;46;97;0;0;0;97;;;
2010;Melilla;Desembarque;Incluido tránsito;72.009;40.346;420.242;130.032;550.274;0;0;0;662.629;;;
2010;Melilla;Embarque;Incluido tránsito;0;2.911;127.808;24.981;152.789;0;25.290;0;180.990;;;
2010;Melilla;Transbordo;Incluido tránsito;0;0;0;0;0;0;0;0;0;;;
2010;Motril;Desembarque;Incluido tránsito;1.276.921;180.819;116.744;9.870;126.614;1.750;0;0;1.586.104;;;
2010;Motril;Embarque;Incluido tránsito;2.897;292.423;28.109;14.925;43.034;0;13.383;0;351.737;;;
2010;Motril;Transbordo;Incluido tránsito;2.949;0;0;0;0;0;0;0;2.949;;;
2010;Málaga;Desembarque;Incluido tránsito;23.954;330.265;126.807;480.467;607.274;1.063;0;0;962.556;;;
2010;Málaga;Embarque;Incluido tránsito;30.666;442.481;326.939;500.249;827.188;0;119.983;0;1.420.318;;;
2010;Málaga;Transbordo;Incluido tránsito;0;0;0;0;0;0;0;0;0;;;
2010;Pasaia;Desembarque;Incluido tránsito;0;1.615.309;737.633;0;737.633;18.700;0;0;2.371.642;;;
2010;Pasaia;Embarque;Incluido tránsito;0;40.654;1.446.108;0;1.446.108;0;39.666;0;1.526.428;;;
2010;Pasaia;Transbordo;Incluido tránsito;0;0;0;0;0;0;0;0;0;;;
2010;Santa Cruz de Tenerife;Desembarque;Incluido tránsito;5.730.976;690.677;1.435.372;1.996.460;3.431.832;4.394;0;0;9.857.879;;;
2010;Santa Cruz de Tenerife;Embarque;Incluido tránsito;2.492.479;127.888;1.490.215;860.267;2.350.482;0;1.139.473;907;6.111.229;;;
2010;Santa Cruz de Tenerife;Transbordo;Incluido tránsito;0;0;0;0;0;0;0;0;0;;;
2010;Santander;Desembarque;Incluido tránsito;206.505;2.094.889;735.319;9.130;744.449;9.538;0;0;3.055.381;;;
2010;Santander;Embarque;Incluido tránsito;204.146;784.715;908.303;4.120;912.423;0;57.275;0;1.958.559;;;
2010;Santander;Transbordo;Incluido tránsito;0;0;0;0;0;0;0;0;0;;;
2010;Sevilla;Desembarque;Incluido tránsito;175.204;1.546.363;236.677;305.006;541.683;0;0;0;2.263.250;;;
2010;Sevilla;Embarque;Incluido tránsito;58.053;587.064;635.140;822.082;1.457.222;0;35.614;0;2.137.953;;;
2010;Sevilla;Transbordo;Incluido tránsito;0;0;0;0;0;0;0;0;0;;;
2010;Tarragona;Desembarque;Incluido tránsito;14.780.170;6.672.824;526.323;1.379.665;1.905.988;3.140;0;0;23.362.122;;;
2010;Tarragona;Embarque;Incluido tránsito;4.713.224;2.779.342;262.975;1.484.290;1.747.265;0;169.559;0;9.409.390;;;
2010;Tarragona;Transbordo;Incluido tránsito;0;0;0;0;0;0;0;0;0;;;
2010;Valencia;Desembarque;Incluido tránsito;4.900.565;1.976.459;3.569.569;22.843.774;26.413.343;1.380;0;0;33.291.747;;;
2010;Valencia;Embarque;Incluido tránsito;270.742;614.680;3.379.546;26.185.992;29.565.538;0;286.079;0;30.737.039;;;
2010;Valencia;Transbordo;Incluido tránsito;0;0;0;0;0;0;0;0;0;;;
2010;Vigo;Desembarque;Incluido tránsito;94.820;459.139;468.297;1.177.265;1.645.562;88.337;0;0;2.287.858;;;
2010;Vigo;Embarque;Incluido tránsito;0;0;742.413;1.035.406;1.777.819;0;285.303;535;2.063.657;;;
2010;Vigo;Transbordo;Incluido tránsito;0;0;0;0;0;0;0;0;0;;;
2010;Vilagarcía;Desembarque;Incluido tránsito;181.646;407.201;32.794;467;33.261;0;0;0;622.108;;;
2010;Vilagarcía;Embarque;Incluido tránsito;7.010;1.943;94.408;3.243;97.651;0;7.795;0;114.399;;;
2010;Vilagarcía;Transbordo;Incluido tránsito;0;0;0;0;0;0;0;0;0;;;
2011;A Coruña;Desembarque;Incluido tránsito;5.301.221;2.833.406;708.625;28.063;736.688;41.697;0;0;8.913.012;;;
2011;A Coruña;Embarque;Incluido tránsito;1.299.289;635.216;455.400;35.371;490.771;0;98.075;232.333;2.755.684;;;
2011;A Coruña;Transbordo;Incluido tránsito;0;2.373;0;0;0;0;0;0;2.373;;;
2011;Alicante;Desembarque;Incluido tránsito;75.888;300.307;55.693;353.870;409.563;345;0;0;786.103;;;
2011;Alicante;Embarque;Incluido tránsito;10.074;420.205;99.874;921.476;1.021.350;0;13.182;60;1.464.871;;;
2011;Alicante;Transbordo;Incluido tránsito;0;0;0;0;0;0;0;0;0;;;
2011;Almería;Desembarque;Incluido tránsito;2.986;2.528.639;192.014;28.484;220.498;4.490;0;0;2.756.613;;;
2011;Almería;Embarque;Incluido tránsito;0;1.402.355;347.129;28.701;375.830;0;82.874;0;1.861.059;;;
2011;Almería;Transbordo;Incluido tránsito;0;0;0;0;0;0;0;0;0;;;
2011;Avilés;Desembarque;Incluido tránsito;293.901;2.233.402;116.969;0;116.969;14.163;0;0;2.658.435;;;
2011;Avilés;Embarque;Incluido tránsito;228.987;1.063.794;1.127.733;277;1.128.010;0;38.113;0;2.458.904;;;
2011;Avilés;Transbordo;Incluido tránsito;0;0;0;0;0;0;0;0;0;;;
2011;Bahía de Algeciras;Desembarque;Incluido tránsito;15.619.613;1.556.673;2.167.441;23.460.332;25.627.773;1.237;0;109.998;42.915.294;;;
2011;Bahía de Algeciras;Embarque;Incluido tránsito;7.462.094;6.675;2.476.479;24.119.609;26.596.088;0;3.464.571;2.389.138;39.918.566;;;
2011;Bahía de Algeciras;Transbordo;Incluido tránsito;291.839;0;0;31.582;31.582;0;0;0;323.421;;;
2011;Bahía de Cádiz;Desembarque;Incluido tránsito;93.222;1.474.493;522.293;239.395;761.688;18.693;0;0;2.348.096;;;
2011;Bahía de Cádiz;Embarque;Incluido tránsito;75.758;376.596;543.122;658.330;1.201.452;0;103.935;0;1.757.741;;;
2011;Bahía de Cádiz;Transbordo;Incluido tránsito;0;0;0;0;0;0;0;0;0;;;
2011;Baleares;Desembarque;Incluido tránsito;1.577.796;1.542.092;4.933.345;264.511;5.197.856;3.340;0;0;8.321.084;;;
2011;Baleares;Embarque;Incluido tránsito;0;101.286;2.745.040;90.855;2.835.895;0;260.990;0;3.198.171;;;
2011;Baleares;Transbordo;Incluido tránsito;0;0;0;0;0;0;0;0;0;;;
2011;Barcelona;Desembarque;Incluido tránsito;9.936.355;2.604.646;3.438.210;8.828.537;12.266.747;3.036;0;0;24.810.784;;;
2011;Barcelona;Embarque;Incluido tránsito;825.147;939.651;5.464.672;11.028.239;16.492.911;0;1.222.830;0;19.480.539;;;
2011;Barcelona;Transbordo;Incluido tránsito;0;0;0;0;0;0;0;0;0;;;
2011;Bilbao;Desembarque;Incluido tránsito;13.675.540;3.071.660;2.067.095;2.485.510;4.552.605;0;0;68.043;21.367.848;;;
2011;Bilbao;Embarque;Incluido tránsito;4.185.354;928.682;1.719.009;3.593.961;5.312.970;0;130.370;76.167;10.633.543;;;
2011;Bilbao;Transbordo;Incluido tránsito;0;0;0;0;0;0;0;0;0;;;
2011;Cartagena;Desembarque;Incluido tránsito;15.993.746;3.070.698;139.135;319.288;458.423;916;0;0;19.523.783;;;
2011;Cartagena;Embarque;Incluido tránsito;1.869.150;579.787;128.237;552.607;680.844;0;76.756;0;3.206.537;;;
2011;Cartagena;Transbordo;Incluido tránsito;0;3.290;0;0;0;0;0;0;3.290;;;
2011;Castellón;Desembarque;Incluido tránsito;5.522.047;2.623.567;95.673;181.603;277.276;4.729;0;0;8.427.619;;;
2011;Castellón;Embarque;Incluido tránsito;2.171.606;621.264;319.189;1.541.223;1.860.412;0;36.825;0;4.690.107;;;
2011;Castellón;Transbordo;Incluido tránsito;0;0;0;0;0;0;0;0;0;;;
2011;Ceuta;Desembarque;Incluido tránsito;898.883;142.108;512.970;51.640;564.610;82;0;0;1.605.683;;;
2011;Ceuta;Embarque;Incluido tránsito;151.412;0;286.098;14.719;300.817;0;745.286;0;1.197.515;;;
2011;Ceuta;Transbordo;Incluido tránsito;0;0;0;0;0;0;0;0;0;;;
2011;Ferrol-San Cibrao;Desembarque;Incluido tránsito;2.208.680;7.515.743;102.408;3.699;106.107;448;0;0;9.830.978;;;
2011;Ferrol-San Cibrao;Embarque;Incluido tránsito;456.418;1.170.005;579.329;1.898;581.227;0;15.677;25;2.223.352;;;
2011;Ferrol-San Cibrao;Transbordo;Incluido tránsito;12.823;0;0;0;0;0;0;0;12.823;;;
2011;Gijón;Desembarque;Incluido tránsito;995.562;11.162.298;332.025;192.859;524.884;8.812;0;0;12.691.556;;;
2011;Gijón;Embarque;Incluido tránsito;42.408;1.411.327;692.124;248.833;940.957;0;102.941;4;2.497.637;;;
2011;Gijón;Transbordo;Incluido tránsito;0;0;0;0;0;0;0;0;0;;;
2011;Huelva;Desembarque;Incluido tránsito;15.120.373;3.314.109;42.125;0;42.125;2.372;0;27.250;18.506.229;;;
2011;Huelva;Embarque;Incluido tránsito;6.568.925;1.187.896;405.811;6.230;412.041;0;186.808;27.250;8.382.920;;;
2011;Huelva;Transbordo;Incluido tránsito;0;0;0;0;0;0;0;0;0;;;
2011;Las Palmas;Desembarque;Incluido tránsito;4.200.314;520.342;1.698.275;7.948.701;9.646.976;2.699;0;0;14.370.331;;;
2011;Las Palmas;Embarque;Incluido tránsito;718.989;4.090;1.339.619;6.456.690;7.796.309;0;2.496.798;0;11.016.186;;;
2011;Las Palmas;Transbordo;Incluido tránsito;0;0;100.321;3.627;103.948;0;0;0;103.948;;;
2011;Marín y Ría de Pontevedra;Desembarque;Incluido tránsito;0;853.342;177.483;133.382;310.865;2.033;0;8;1.166.248;;;
2011;Marín y Ría de Pontevedra;Embarque;Incluido tránsito;0;216;449.869;198.132;648.001;0;34.374;0;682.591;;;
2011;Marín y Ría de Pontevedra;Transbordo;Incluido tránsito;0;0;0;0;0;0;0;0;0;;;
2011;Melilla;Desembarque;Incluido tránsito;68.267;33.380;422.072;179.704;601.776;0;0;0;703.423;;;
2011;Melilla;Embarque;Incluido tránsito;0;15;133.096;27.745;160.841;0;30.661;0;191.517;;;
2011;Melilla;Transbordo;Incluido tránsito;0;0;0;0;0;0;0;0;0;;;
2011;Motril;Desembarque;Incluido tránsito;1.268.341;206.185;125.630;8.190;133.820;2.774;0;0;1.611.120;;;
2011;Motril;Embarque;Incluido tránsito;0;402.194;21.472;26.787;48.259;0;23.672;0;474.125;;;
2011;Motril;Transbordo;Incluido tránsito;4.651;0;0;0;0;0;0;0;4.651;;;
2011;Málaga;Desembarque;Incluido tránsito;21.346;290.897;128.772;1.994.592;2.123.364;860;0;0;2.436.467;;;
2011;Málaga;Embarque;Incluido tránsito;44.400;602.765;314.329;1.935.732;2.250.061;0;114.567;0;3.011.793;;;
2011;Málaga;Transbordo;Incluido tránsito;0;0;0;0;0;0;0;0;0;;;
2011;Pasaia;Desembarque;Incluido tránsito;0;1.195.482;731.745;0;731.745;23.329;0;0;1.950.556;;;
2011;Pasaia;Embarque;Incluido tránsito;0;51.117;1.217.435;0;1.217.435;0;33.007;0;1.301.559;;;
2011;Pasaia;Transbordo;Incluido tránsito;0;0;0;0;0;0;0;0;0;;;
2011;Santa Cruz de Tenerife;Desembarque;Incluido tránsito;4.885.531;633.384;1.532.523;1.913.559;3.446.082;5.463;0;0;8.970.460;;;
2011;Santa Cruz de Tenerife;Embarque;Incluido tránsito;2.375.099;148.782;1.588.423;758.637;2.347.060;0;936.237;320;5.807.498;;;
2011;Santa Cruz de Tenerife;Transbordo;Incluido tránsito;74;0;0;0;0;0;0;0;74;;;
2011;Santander;Desembarque;Incluido tránsito;177.416;2.220.397;670.766;14.296;685.062;6.609;0;0;3.089.484;;;
2011;Santander;Embarque;Incluido tránsito;150.702;839.652;992.578;5.747;998.325;0;48.972;0;2.037.651;;;
2011;Santander;Transbordo;Incluido tránsito;0;0;0;0;0;0;0;0;0;;;
2011;Sevilla;Desembarque;Incluido tránsito;185.555;1.402.324;230.855;364.472;595.327;0;0;0;2.183.206;;;
2011;Sevilla;Embarque;Incluido tránsito;172.169;595.574;742.787;905.131;1.647.918;0;34.545;0;2.450.206;;;
2011;Sevilla;Transbordo;Incluido tránsito;0;0;0;0;0;0;0;0;0;;;
2011;Tarragona;Desembarque;Incluido tránsito;13.750.591;7.054.941;810.910;1.219.585;2.030.495;3.647;0;20.519;22.860.193;;;
2011;Tarragona;Embarque;Incluido tránsito;4.949.775;2.224.147;383.944;1.341.112;1.725.056;0;159.365;20.540;9.078.883;;;
2011;Tarragona;Transbordo;Incluido tránsito;0;0;0;0;0;0;0;0;0;;;
2011;Valencia;Desembarque;Incluido tránsito;4.178.341;1.771.699;3.641.635;23.507.206;27.148.841;2.419;0;0;33.101.300;;;
2011;Valencia;Embarque;Incluido tránsito;352.084;602.346;4.025.434;27.396.951;31.422.385;0;289.807;0;32.666.622;;;
2011;Valencia;Transbordo;Incluido tránsito;0;0;0;0;0;0;0;0;0;;;
2011;Vigo;Desembarque;Incluido tránsito;64.823;429.320;432.753;1.158.635;1.591.388;84.259;0;0;2.169.790;;;
2011;Vigo;Embarque;Incluido tránsito;14.269;4.000;709.826;1.155.282;1.865.108;0;275.391;0;2.158.768;;;
2011;Vigo;Transbordo;Incluido tránsito;0;0;0;0;0;0;0;0;0;;;
2011;Vilagarcía;Desembarque;Incluido tránsito;170.264;339.355;72.844;28.783;101.627;0;0;0;611.246;;;
2011;Vilagarcía;Embarque;Incluido tránsito;29.839;0;92.557;77.552;170.109;0;9.088;0;209.036;;;
2011;Vilagarcía;Transbordo;Incluido tránsito;0;0;0;0;0;0;0;0;0;;;
2012;A Coruña;Desembarque;Incluido tránsito;5.466.057;3.512.426;703.515;19.240;722.755;43.737;0;0;9.744.975;;;
2012;A Coruña;Embarque;Incluido tránsito;1.742.044;667.345;679.396;33.951;713.347;0;76.155;189.441;3.388.332;;;
2012;A Coruña;Transbordo;Incluido tránsito;0;0;0;0;0;0;0;0;0;;;
2012;Alicante;Desembarque;Incluido tránsito;45.136;247.583;50.335;347.629;397.964;320;0;0;691.003;;;
2012;Alicante;Embarque;Incluido tránsito;10.580;469.478;110.340;954.434;1.064.774;0;16.491;0;1.561.323;;;
2012;Alicante;Transbordo;Incluido tránsito;2.917;0;0;0;0;0;0;0;2.917;;;
2012;Almería;Desembarque;Incluido tránsito;11.260;2.889.450;182.629;32.295;214.924;5.964;0;0;3.121.598;;;
2012;Almería;Embarque;Incluido tránsito;1.004;1.814.120;390.442;33.284;423.726;0;71.520;0;2.310.370;;;
2012;Almería;Transbordo;Incluido tránsito;0;0;0;0;0;0;0;0;0;;;
2012;Avilés;Desembarque;Incluido tránsito;311.144;2.179.393;213.775;0;213.775;12.830;0;0;2.717.142;;;
2012;Avilés;Embarque;Incluido tránsito;286.891;1.213.759;866.805;333;867.138;0;41.080;0;2.408.868;;;
2012;Avilés;Transbordo;Incluido tránsito;0;0;0;0;0;0;0;0;0;;;
2012;Bahía de Algeciras;Desembarque;Incluido tránsito;15.608.551;1.920.409;2.506.808;25.986.987;28.493.795;1.307;0;41.143;46.065.205;;;
2012;Bahía de Algeciras;Embarque;Incluido tránsito;7.155.739;34.811;2.862.451;27.192.772;30.055.223;0;3.063.901;2.501.683;42.811.357;;;
2012;Bahía de Algeciras;Transbordo;Incluido tránsito;0;0;303;0;303;0;0;0;303;;;
2012;Bahía de Cádiz;Desembarque;Incluido tránsito;40.401;1.313.659;484.185;235.021;719.206;19.233;0;0;2.092.499;;;
2012;Bahía de Cádiz;Embarque;Incluido tránsito;69.054;463.274;398.623;692.755;1.091.378;0;119.690;0;1.743.396;;;
2012;Bahía de Cádiz;Transbordo;Incluido tránsito;0;38.448;6.755;0;6.755;0;0;0;45.203;;;
2012;Baleares;Desembarque;Incluido tránsito;1.528.807;1.421.276;5.310.292;183.154;5.493.446;3.250;0;0;8.446.779;;;
2012;Baleares;Embarque;Incluido tránsito;0;202.502;2.829.700;85.142;2.914.842;0;218.809;0;3.336.153;;;
2012;Baleares;Transbordo;Incluido tránsito;0;0;0;0;0;0;0;0;0;;;
2012;Barcelona;Desembarque;Incluido tránsito;9.221.068;2.695.152;3.281.724;7.174.385;10.456.109;2.800;0;0;22.375.129;;;
2012;Barcelona;Embarque;Incluido tránsito;1.210.418;1.990.591;5.688.389;10.225.695;15.914.084;0;1.080.220;0;20.195.313;;;
2012;Barcelona;Transbordo;Incluido tránsito;0;0;0;0;0;0;0;0;0;;;
2012;Bilbao;Desembarque;Incluido tránsito;11.954.451;2.667.919;1.736.049;2.377.209;4.113.258;0;0;215.635;18.951.263;;;
2012;Bilbao;Embarque;Incluido tránsito;3.106.495;1.593.771;1.501.914;4.014.916;5.516.830;0;121.877;215.635;10.554.608;;;
2012;Bilbao;Transbordo;Incluido tránsito;0;0;0;0;0;0;0;0;0;;;
2012;Cartagena;Desembarque;Incluido tránsito;18.344.819;3.319.880;106.207;309.262;415.469;548;0;126.806;22.207.522;;;
2012;Cartagena;Embarque;Incluido tránsito;5.884.825;1.556.269;64.885;512.654;577.539;0;54.418;126.806;8.199.857;;;
2012;Cartagena;Transbordo;Incluido tránsito;0;4.192;0;0;0;0;0;0;4.192;;;
2012;Castellón;Desembarque;Incluido tránsito;5.317.863;2.538.093;78.900;212.793;291.693;4.635;0;0;8.152.284;;;
2012;Castellón;Embarque;Incluido tránsito;1.995.264;576.210;298.801;1.890.775;2.189.576;0;33.513;0;4.794.563;;;
2012;Castellón;Transbordo;Incluido tránsito;0;0;0;0;0;0;0;0;0;;;
2012;Ceuta;Desembarque;Incluido tránsito;846.984;150.350;570.796;48.027;618.823;58;0;0;1.616.215;;;
2012;Ceuta;Embarque;Incluido tránsito;136.560;0;290.805;23.431;314.236;0;714.568;0;1.165.364;;;
2012;Ceuta;Transbordo;Incluido tránsito;0;0;0;0;0;0;0;0;0;;;
2012;Ferrol-San Cibrao;Desembarque;Incluido tránsito;2.010.491;9.422.186;93.893;5.133;99.026;345;0;0;11.532.048;;;
2012;Ferrol-San Cibrao;Embarque;Incluido tránsito;283.011;1.083.289;793.928;2.863;796.791;0;15.545;0;2.178.636;;;
2012;Ferrol-San Cibrao;Transbordo;Incluido tránsito;3.490;0;0;0;0;0;0;0;3.490;;;
2012;Gijón;Desembarque;Incluido tránsito;933.834;12.782.051;293.823;249.221;543.044;8.118;0;0;14.267.047;;;
2012;Gijón;Embarque;Incluido tránsito;16.393;1.700.367;810.478;341.674;1.152.152;0;98.978;2;2.967.892;;;
2012;Gijón;Transbordo;Incluido tránsito;0;0;0;0;0;0;0;0;0;;;
2012;Huelva;Desembarque;Incluido tránsito;14.833.873;3.270.165;199.860;1.557;201.417;2.427;0;9.831;18.317.713;;;
2012;Huelva;Embarque;Incluido tránsito;8.087.384;1.560.803;545.496;7.168;552.664;0;107.208;9.831;10.317.890;;;
2012;Huelva;Transbordo;Incluido tránsito;0;0;0;0;0;0;0;0;0;;;
2012;Las Palmas;Desembarque;Incluido tránsito;4.218.466;360.674;1.722.686;7.768.622;9.491.308;658;0;0;14.071.106;;;
2012;Las Palmas;Embarque;Incluido tránsito;299.524;14.814;1.462.234;6.494.799;7.957.033;0;2.444.129;0;10.715.500;;;
2012;Las Palmas;Transbordo;Incluido tránsito;0;0;41.932;4.151;46.083;0;0;0;46.083;;;
2012;Marín y Ría de Pontevedra;Desembarque;Incluido tránsito;0;805.966;252.565;219.557;472.122;1.893;0;0;1.279.981;;;
2012;Marín y Ría de Pontevedra;Embarque;Incluido tránsito;0;0;441.150;139.399;580.549;0;30.006;8;610.563;;;
2012;Marín y Ría de Pontevedra;Transbordo;Incluido tránsito;0;0;0;0;0;0;0;0;0;;;
2012;Melilla;Desembarque;Incluido tránsito;71.618;20.779;466.405;217.615;684.020;0;0;0;776.417;;;
2012;Melilla;Embarque;Incluido tránsito;0;0;142.833;35.429;178.262;0;28.268;0;206.530;;;
2012;Melilla;Transbordo;Incluido tránsito;0;0;0;0;0;0;0;0;0;;;
2012;Motril;Desembarque;Incluido tránsito;1.190.834;176.671;135.992;11.890;147.882;3.451;0;0;1.518.838;;;
2012;Motril;Embarque;Incluido tránsito;0;370.365;85.449;43.746;129.195;0;29.502;0;529.062;;;
2012;Motril;Transbordo;Incluido tránsito;0;0;0;0;0;0;0;0;0;;;
2012;Málaga;Desembarque;Incluido tránsito;26.575;251.710;108.036;1.765.276;1.873.312;448;0;0;2.152.045;;;
2012;Málaga;Embarque;Incluido tránsito;78.430;530.543;295.828;1.990.900;2.286.728;0;106.425;0;3.002.126;;;
2012;Málaga;Transbordo;Incluido tránsito;0;0;0;0;0;0;0;0;0;;;
2012;Pasaia;Desembarque;Incluido tránsito;0;1.363.953;571.487;0;571.487;24.335;0;0;1.959.775;;;
2012;Pasaia;Embarque;Incluido tránsito;0;56.018;1.058.199;0;1.058.199;0;27.578;0;1.141.795;;;
2012;Pasaia;Transbordo;Incluido tránsito;0;0;0;0;0;0;0;0;0;;;
2012;Santa Cruz de Tenerife;Desembarque;Incluido tránsito;5.093.974;440.594;1.527.491;1.775.644;3.303.135;6.979;0;0;8.844.682;;;
2012;Santa Cruz de Tenerife;Embarque;Incluido tránsito;2.413.403;126.846;1.565.245;739.698;2.304.943;0;948.665;285;5.794.142;;;
2012;Santa Cruz de Tenerife;Transbordo;Incluido tránsito;0;0;21;0;21;0;0;0;21;;;
2012;Santander;Desembarque;Incluido tránsito;98.340;2.356.235;610.937;4.738;615.675;5.186;0;0;3.075.436;;;
2012;Santander;Embarque;Incluido tránsito;130.730;880.441;1.004.087;9.351;1.013.438;0;52.084;0;2.076.693;;;
2012;Santander;Transbordo;Incluido tránsito;0;0;0;0;0;0;0;0;0;;;
2012;Sevilla;Desembarque;Incluido tránsito;243.683;1.188.199;219.059;356.823;575.882;0;0;0;2.007.764;;;
2012;Sevilla;Embarque;Incluido tránsito;115.416;624.976;950.728;873.896;1.824.624;0;28.667;0;2.593.683;;;
2012;Sevilla;Transbordo;Incluido tránsito;0;0;0;0;0;0;0;0;0;;;
2012;Tarragona;Desembarque;Incluido tránsito;13.985.161;8.519.642;673.248;911.924;1.585.172;3.155;0;19.289;24.112.419;;;
2012;Tarragona;Embarque;Incluido tránsito;5.064.364;2.369.147;433.706;1.114.855;1.548.561;0;127.142;19.265;9.128.479;;;
2012;Tarragona;Transbordo;Incluido tránsito;0;0;0;0;0;0;0;0;0;;;
2012;Valencia;Desembarque;Incluido tránsito;3.376.754;1.290.443;2.107.628;24.595.287;26.702.915;1.823;0;0;31.371.935;;;
2012;Valencia;Embarque;Incluido tránsito;286.882;886.615;3.866.279;29.252.957;33.119.236;0;528.255;0;34.820.988;;;
2012;Valencia;Transbordo;Incluido tránsito;0;0;0;0;0;0;0;0;0;;;
2012;Vigo;Desembarque;Incluido tránsito;71.783;303.132;437.962;1.056.270;1.494.232;82.695;0;0;1.951.842;;;
2012;Vigo;Embarque;Incluido tránsito;3.586;0;693.257;1.172.136;1.865.393;0;245.443;50;2.114.472;;;
2012;Vigo;Transbordo;Incluido tránsito;0;0;0;0;0;0;0;0;0;;;
2012;Vilagarcía;Desembarque;Incluido tránsito;165.774;346.675;91.521;51.782;143.303;0;0;0;655.752;;;
2012;Vilagarcía;Embarque;Incluido tránsito;39.512;0;131.839;180.374;312.213;0;4.313;0;356.038;;;
2012;Vilagarcía;Transbordo;Incluido tránsito;0;0;0;0;0;0;0;0;0;;;
2013;A Coruña;Desembarque;Incluido tránsito;4.881.822;2.750.426;491.370;16.447;507.817;45.481;0;0;8.185.546;;;
2013;A Coruña;Embarque;Incluido tránsito;1.678.878;934.731;616.099;34.863;650.962;0;78.920;168.415;3.511.906;;;
2013;A Coruña;Transbordo;Incluido tránsito;0;3.011;0;0;0;0;0;0;3.011;;;
2013;Alicante;Desembarque;Incluido tránsito;32.692;258.272;62.481;311.059;373.540;305;0;0;664.809;;;
2013;Alicante;Embarque;Incluido tránsito;27.931;682.071;112.708;850.497;963.205;0;10.124;10;1.683.341;;;
2013;Alicante;Transbordo;Incluido tránsito;0;0;0;0;0;0;0;0;0;;;
2013;Almería;Desembarque;Incluido tránsito;11.121;2.602.541;168.042;36.432;204.474;4.092;0;0;2.822.228;;;
2013;Almería;Embarque;Incluido tránsito;0;1.549.265;393.546;47.205;440.751;0;59.631;0;2.049.647;;;
2013;Almería;Transbordo;Incluido tránsito;2.300;0;253;0;253;0;0;0;2.553;;;
2013;Avilés;Desembarque;Incluido tránsito;316.417;1.771.016;148.630;0;148.630;13.344;0;0;2.249.407;;;
2013;Avilés;Embarque;Incluido tránsito;320.302;1.026.231;1.043.043;12;1.043.055;0;43.670;0;2.433.258;;;
2013;Avilés;Transbordo;Incluido tránsito;0;0;0;0;0;0;0;0;0;;;
2013;Bahía de Algeciras;Desembarque;Incluido tránsito;15.991.590;1.430.666;2.822.940;26.804.063;29.627.003;1.290;0;13.716;47.064.265;;;
2013;Bahía de Algeciras;Embarque;Incluido tránsito;8.063.430;3.984;3.223.256;27.525.329;30.748.585;0;2.826.762;2.442.521;44.085.282;;;
2013;Bahía de Algeciras;Transbordo;Incluido tránsito;93.888;0;0;2.764;2.764;0;0;0;96.652;;;
2013;Bahía de Cádiz;Desembarque;Incluido tránsito;38.379;1.270.230;366.692;206.838;573.530;21.362;0;0;1.903.501;;;
2013;Bahía de Cádiz;Embarque;Incluido tránsito;56.611;587.634;377.178;657.396;1.034.574;0;123.526;0;1.802.345;;;
2013;Bahía de Cádiz;Transbordo;Incluido tránsito;0;9.669;13.248;0;13.248;0;0;0;22.917;;;
2013;Baleares;Desembarque;Incluido tránsito;1.424.636;1.090.471;5.521.172;149.442;5.670.614;3.375;0;0;8.189.096;;;
2013;Baleares;Embarque;Incluido tránsito;0;219.078;2.975.991;90.359;3.066.350;0;267.042;0;3.552.470;;;
2013;Baleares;Transbordo;Incluido tránsito;0;0;0;0;0;0;0;0;0;;;
2013;Barcelona;Desembarque;Incluido tránsito;8.263.333;2.241.424;3.495.034;6.920.583;10.415.617;2.743;0;0;20.923.117;;;
2013;Barcelona;Embarque;Incluido tránsito;2.346.616;2.132.296;5.930.504;10.061.409;15.991.913;0;1.040.382;0;21.511.207;;;
2013;Barcelona;Transbordo;Incluido tránsito;0;0;0;0;0;0;0;0;0;;;
2013;Bilbao;Desembarque;Incluido tránsito;12.154.292;2.859.221;1.831.031;2.402.870;4.233.901;0;0;174.165;19.421.579;;;
2013;Bilbao;Embarque;Incluido tránsito;3.607.160;1.562.365;1.253.519;3.930.313;5.183.832;0;122.220;174.165;10.649.742;;;
2013;Bilbao;Transbordo;Incluido tránsito;0;0;0;0;0;0;0;0;0;;;
2013;Cartagena;Desembarque;Incluido tránsito;18.014.784;2.931.575;112.653;336.287;448.940;656;0;36.671;21.432.626;;;
2013;Cartagena;Embarque;Incluido tránsito;5.705.114;1.587.647;58.415;627.964;686.379;0;62.821;36.671;8.078.632;;;
2013;Cartagena;Transbordo;Incluido tránsito;0;0;0;0;0;0;0;0;0;;;
2013;Castellón;Desembarque;Incluido tránsito;5.542.608;2.517.571;73.716;275.575;349.291;4.616;0;0;8.414.086;;;
2013;Castellón;Embarque;Incluido tránsito;2.305.609;585.228;271.497;2.307.996;2.579.493;0;28.560;0;5.498.890;;;
2013;Castellón;Transbordo;Incluido tránsito;0;0;0;0;0;0;0;0;0;;;
2013;Ceuta;Desembarque;Incluido tránsito;755.341;63.426;575.008;60.484;635.492;59;0;0;1.454.318;;;
2013;Ceuta;Embarque;Incluido tránsito;102.889;0;300.310;36.385;336.695;0;617.799;0;1.057.383;;;
2013;Ceuta;Transbordo;Incluido tránsito;0;0;0;0;0;0;0;0;0;;;
2013;Ferrol-San Cibrao;Desembarque;Incluido tránsito;2.003.358;7.823.763;87.314;3.525;90.839;296;0;0;9.918.256;;;
2013;Ferrol-San Cibrao;Embarque;Incluido tránsito;521.718;1.175.432;887.152;3.705;890.857;0;13.705;14.165;2.615.877;;;
2013;Ferrol-San Cibrao;Transbordo;Incluido tránsito;5.511;0;0;0;0;0;0;0;5.511;;;
2013;Gijón;Desembarque;Incluido tránsito;787.538;12.769.196;304.015;275.015;579.030;10.135;0;0;14.145.899;;;
2013;Gijón;Embarque;Incluido tránsito;4.850;2.177.966;954.661;494.792;1.449.453;0;96.236;2;3.728.507;;;
2013;Gijón;Transbordo;Incluido tránsito;0;0;0;0;0;0;0;0;0;;;
2013;Huelva;Desembarque;Incluido tránsito;13.899.616;2.343.760;136.036;4.647;140.683;2.434;0;3.500;16.389.993;;;
2013;Huelva;Embarque;Incluido tránsito;7.589.102;1.802.150;562.788;31.405;594.193;0;128.526;3.500;10.117.471;;;
2013;Huelva;Transbordo;Incluido tránsito;0;0;0;0;0;0;0;0;0;;;
2013;Las Palmas;Desembarque;Incluido tránsito;4.205.361;347.669;1.605.985;6.313.577;7.919.562;1.163;0;0;12.473.755;;;
2013;Las Palmas;Embarque;Incluido tránsito;480.745;16.433;1.476.633;4.972.067;6.448.700;0;2.421.447;0;9.367.325;;;
2013;Las Palmas;Transbordo;Incluido tránsito;0;0;6;23;29;0;0;0;29;;;
2013;Marín y Ría de Pontevedra;Desembarque;Incluido tránsito;0;822.667;271.082;150.144;421.226;2.084;0;0;1.245.977;;;
2013;Marín y Ría de Pontevedra;Embarque;Incluido tránsito;174;3.638;476.626;118.543;595.169;0;26.595;0;625.576;;;
2013;Marín y Ría de Pontevedra;Transbordo;Incluido tránsito;0;0;0;0;0;0;0;0;0;;;
2013;Melilla;Desembarque;Incluido tránsito;60.771;9.000;475.577;226.636;702.213;0;0;0;771.984;;;
2013;Melilla;Embarque;Incluido tránsito;0;0;156.271;37.476;193.747;0;23.664;0;217.411;;;
2013;Melilla;Transbordo;Incluido tránsito;0;0;0;0;0;0;0;0;0;;;
2013;Motril;Desembarque;Incluido tránsito;1.126.967;205.646;128.929;14.491;143.420;2.399;0;0;1.478.432;;;
2013;Motril;Embarque;Incluido tránsito;0;273.551;134.988;38.731;173.719;0;32.250;0;479.520;;;
2013;Motril;Transbordo;Incluido tránsito;0;0;0;0;0;0;0;0;0;;;
2013;Málaga;Desembarque;Incluido tránsito;22.846;215.967;129.820;634.085;763.905;562;0;0;1.003.280;;;
2013;Málaga;Embarque;Incluido tránsito;53.538;652.869;375.756;713.913;1.089.669;0;101.667;0;1.897.743;;;
2013;Málaga;Transbordo;Incluido tránsito;0;0;0;0;0;0;0;0;0;;;
2013;Pasaia;Desembarque;Incluido tránsito;0;1.134.396;537.232;0;537.232;21.863;0;0;1.693.491;;;
2013;Pasaia;Embarque;Incluido tránsito;0;77.843;1.156.537;0;1.156.537;0;27.706;0;1.262.086;;;
2013;Pasaia;Transbordo;Incluido tránsito;0;0;0;0;0;0;0;0;0;;;
2013;Santa Cruz de Tenerife;Desembarque;Incluido tránsito;4.325.780;388.854;1.434.681;1.686.045;3.120.726;5.537;0;0;7.840.897;;;
2013;Santa Cruz de Tenerife;Embarque;Incluido tránsito;2.148.200;99.305;1.449.460;738.529;2.187.989;0;866.510;193;5.302.197;;;
2013;Santa Cruz de Tenerife;Transbordo;Incluido tránsito;2.530;0;0;0;0;0;0;0;2.530;;;
2013;Santander;Desembarque;Incluido tránsito;122.688;2.033.867;554.353;6.465;560.818;4.350;0;0;2.721.723;;;
2013;Santander;Embarque;Incluido tránsito;117.011;954.906;1.130.902;8.554;1.139.456;0;45.955;0;2.257.328;;;
2013;Santander;Transbordo;Incluido tránsito;0;0;0;0;0;0;0;0;0;;;
2013;Sevilla;Desembarque;Incluido tránsito;220.380;1.325.848;208.327;342.029;550.356;0;0;0;2.096.584;;;
2013;Sevilla;Embarque;Incluido tránsito;64.651;498.226;998.525;728.304;1.726.829;0;41.376;0;2.331.082;;;
2013;Sevilla;Transbordo;Incluido tránsito;0;0;0;0;0;0;0;0;0;;;
2013;Tarragona;Desembarque;Incluido tránsito;13.558.141;5.690.516;729.061;705.131;1.434.192;4.108;0;34.830;20.721.787;;;
2013;Tarragona;Embarque;Incluido tránsito;4.366.378;1.684.554;291.761;863.821;1.155.582;0;95.793;34.854;7.337.161;;;
2013;Tarragona;Transbordo;Incluido tránsito;0;0;0;0;0;0;0;0;0;;;
2013;Valencia;Desembarque;Incluido tránsito;3.208.905;1.441.233;3.619.494;21.868.297;25.487.791;1.886;0;0;30.139.815;;;
2013;Valencia;Embarque;Incluido tránsito;955.987;1.003.340;4.534.719;27.921.102;32.455.821;0;454.942;0;34.870.090;;;
2013;Valencia;Transbordo;Incluido tránsito;0;0;0;0;0;0;0;0;0;;;
2013;Vigo;Desembarque;Incluido tránsito;66.013;289.478;393.672;1.103.633;1.497.305;80.241;0;0;1.933.037;;;
2013;Vigo;Embarque;Incluido tránsito;14.016;0;746.574;1.273.377;2.019.951;0;218.809;120;2.252.896;;;
2013;Vigo;Transbordo;Incluido tránsito;0;0;0;0;0;0;0;0;0;;;
2013;Vilagarcía;Desembarque;Incluido tránsito;203.817;202.966;109.645;56.285;165.930;0;0;0;572.713;;;
2013;Vilagarcía;Embarque;Incluido tránsito;58.343;0;113.904;217.828;331.732;0;3.703;0;393.778;;;
2013;Vilagarcía;Transbordo;Incluido tránsito;0;0;0;0;0;0;0;0;0;;;
2014;A Coruña;Desembarque;Incluido tránsito;4.830.653;3.464.603;498.327;5.666;503.993;56.473;0;0;8.855.722;;;
2014;A Coruña;Embarque;Incluido tránsito;1.425.220;845.904;522.467;17.152;539.619;0;79.730;210.784;3.101.257;;;
2014;A Coruña;Transbordo;Incluido tránsito;0;0;0;0;0;0;0;0;0;;;
2014;Alicante;Desembarque;Incluido tránsito;52.631;299.761;60.659;287.448;348.107;85;0;0;700.584;;;
2014;Alicante;Embarque;Incluido tránsito;6.722;810.000;193.603;739.870;933.473;0;10.944;0;1.761.139;;;
2014;Alicante;Transbordo;Incluido tránsito;0;0;0;0;0;0;0;0;0;;;
2014;Almería;Desembarque;Incluido tránsito;12.451;2.522.452;169.600;35.183;204.783;4.004;0;0;2.743.690;;;
2014;Almería;Embarque;Incluido tránsito;0;1.883.953;409.175;38.957;448.132;0;65.108;0;2.397.193;;;
2014;Almería;Transbordo;Incluido tránsito;0;0;0;0;0;0;0;0;0;;;
2014;Avilés;Desembarque;Incluido tránsito;294.494;2.189.504;213.766;0;213.766;15.894;0;0;2.713.658;;;
2014;Avilés;Embarque;Incluido tránsito;316.240;823.247;966.940;0;966.940;0;40.302;0;2.146.729;;;
2014;Avilés;Transbordo;Incluido tránsito;0;0;0;0;0;0;0;0;0;;;
2014;Bahía de Algeciras;Desembarque;Incluido tránsito;17.105.349;1.592.811;3.095.892;26.843.262;29.939.154;1.246;0;3.563;48.642.123;;;
2014;Bahía de Algeciras;Embarque;Incluido tránsito;8.073.499;10.363;3.462.914;27.781.257;31.244.171;0;3.718.475;3.246.296;46.292.804;;;
2014;Bahía de Algeciras;Transbordo;Incluido tránsito;0;0;0;0;0;0;0;0;0;;;
2014;Bahía de Cádiz;Desembarque;Incluido tránsito;76.653;958.034;340.441;195.915;536.356;13.653;0;0;1.584.696;;;
2014;Bahía de Cádiz;Embarque;Incluido tránsito;80.856;818.281;278.020;635.071;913.091;0;119.764;0;1.931.992;;;
2014;Bahía de Cádiz;Transbordo;Incluido tránsito;0;0;26.634;0;26.634;0;0;0;26.634;;;
2014;Baleares;Desembarque;Incluido tránsito;1.447.365;1.157.369;6.206.028;166.438;6.372.466;3.177;0;0;8.980.377;;;
2014;Baleares;Embarque;Incluido tránsito;0;162.086;3.388.796;110.790;3.499.586;0;211.958;0;3.873.630;;;
2014;Baleares;Transbordo;Incluido tránsito;0;0;0;0;0;0;0;0;0;;;
2014;Barcelona;Desembarque;Incluido tránsito;9.212.698;2.456.606;3.664.569;7.251.845;10.916.414;2.514;0;0;22.588.232;;;
2014;Barcelona;Embarque;Incluido tránsito;3.736.330;2.308.098;6.128.657;10.555.107;16.683.764;0;1.030.429;0;23.758.621;;;
2014;Barcelona;Transbordo;Incluido tránsito;0;0;0;0;0;0;0;0;0;;;
2014;Bilbao;Desembarque;Incluido tránsito;12.053.471;2.785.602;1.953.532;2.628.561;4.582.093;0;0;30.312;19.451.478;;;
2014;Bilbao;Embarque;Incluido tránsito;4.291.428;1.808.374;1.319.864;3.979.498;5.299.362;0;126.392;30.312;11.555.868;;;
2014;Bilbao;Transbordo;Incluido tránsito;0;0;0;0;0;0;0;0;0;;;
2014;Cartagena;Desembarque;Incluido tránsito;18.968.410;3.494.292;93.626;422.452;516.078;631;0;0;22.979.411;;;
2014;Cartagena;Embarque;Incluido tránsito;6.836.358;1.813.982;61.765;640.388;702.153;0;67.066;0;9.419.559;;;
2014;Cartagena;Transbordo;Incluido tránsito;113.838;0;0;0;0;0;0;0;113.838;;;
2014;Castellón;Desembarque;Incluido tránsito;5.836.406;3.280.671;33.746;336.419;370.165;4.483;0;0;9.491.725;;;
2014;Castellón;Embarque;Incluido tránsito;2.560.067;912.091;260.344;2.370.512;2.630.856;0;23.332;0;6.126.346;;;
2014;Castellón;Transbordo;Incluido tránsito;0;0;0;0;0;0;0;0;0;;;
2014;Ceuta;Desembarque;Incluido tránsito;664.107;32.645;563.355;55.065;618.420;18;0;0;1.315.190;;;
2014;Ceuta;Embarque;Incluido tránsito;102.601;0;285.045;59.923;344.968;0;548.990;0;996.559;;;
2014;Ceuta;Transbordo;Incluido tránsito;0;0;0;0;0;0;0;0;0;;;
2014;Ferrol-San Cibrao;Desembarque;Incluido tránsito;2.139.671;8.363.514;78.642;2.946;81.588;276;0;881;10.585.930;;;
2014;Ferrol-San Cibrao;Embarque;Incluido tránsito;517.428;1.135.102;811.057;2.500;813.557;0;14.768;22.642;2.503.497;;;
2014;Ferrol-San Cibrao;Transbordo;Incluido tránsito;2.000;0;241;4;245;0;0;0;2.245;;;
2014;Gijón;Desembarque;Incluido tránsito;850.734;13.850.682;194.205;296.904;491.109;6.700;0;0;15.199.225;;;
2014;Gijón;Embarque;Incluido tránsito;10.179;2.367.889;926.181;400.085;1.326.266;0;92.242;2;3.796.578;;;
2014;Gijón;Transbordo;Incluido tránsito;0;0;0;0;0;0;0;0;0;;;
2014;Huelva;Desembarque;Incluido tránsito;13.783.276;2.874.441;82.184;1.769;83.953;2.374;0;27.248;16.771.292;;;
2014;Huelva;Embarque;Incluido tránsito;8.080.095;1.788.374;568.641;67.299;635.940;0;140.882;27.255;10.672.546;;;
2014;Huelva;Transbordo;Incluido tránsito;0;0;0;0;0;0;0;0;0;;;
2014;Las Palmas;Desembarque;Incluido tránsito;4.270.688;392.995;1.855.467;6.341.073;8.196.540;1.544;0;0;12.861.767;;;
2014;Las Palmas;Embarque;Incluido tránsito;574.470;84.539;1.681.002;4.851.041;6.532.043;0;2.145.694;0;9.336.746;;;
2014;Las Palmas;Transbordo;Incluido tránsito;0;0;18.391;36;18.427;0;0;0;18.427;;;
2014;Marín y Ría de Pontevedra;Desembarque;Incluido tránsito;0;813.593;321.807;140.185;461.992;1.822;0;0;1.277.407;;;
2014;Marín y Ría de Pontevedra;Embarque;Incluido tránsito;0;40.379;473.760;110.739;584.499;0;24.711;0;649.589;;;
2014;Marín y Ría de Pontevedra;Transbordo;Incluido tránsito;0;0;0;0;0;0;0;0;0;;;
2014;Melilla;Desembarque;Incluido tránsito;71.614;6.815;473.193;227.903;701.096;0;0;0;779.525;;;
2014;Melilla;Embarque;Incluido tránsito;0;0;165.883;37.864;203.747;0;22.676;0;226.423;;;
2014;Melilla;Transbordo;Incluido tránsito;0;0;0;0;0;0;0;0;0;;;
2014;Motril;Desembarque;Incluido tránsito;1.144.080;157.027;132.543;4.530;137.073;1.154;0;0;1.439.334;;;
2014;Motril;Embarque;Incluido tránsito;6.184;273.780;168.874;10.847;179.721;0;29.039;0;488.724;;;
2014;Motril;Transbordo;Incluido tránsito;0;0;0;0;0;0;0;0;0;;;
2014;Málaga;Desembarque;Incluido tránsito;25.646;185.518;150.780;171.002;321.782;640;0;0;533.586;;;
2014;Málaga;Embarque;Incluido tránsito;112.716;909.585;330.052;330.432;660.484;0;100.786;0;1.783.571;;;
2014;Málaga;Transbordo;Incluido tránsito;0;0;0;0;0;0;0;0;0;;;
2014;Pasaia;Desembarque;Incluido tránsito;0;1.372.179;617.779;311;618.090;22.737;0;0;2.013.006;;;
2014;Pasaia;Embarque;Incluido tránsito;0;136.823;1.324.681;425;1.325.106;0;28.296;0;1.490.225;;;
2014;Pasaia;Transbordo;Incluido tránsito;0;0;0;0;0;0;0;0;0;;;
2014;Santa Cruz de Tenerife;Desembarque;Incluido tránsito;3.937.319;381.922;1.500.872;1.762.235;3.263.107;6.526;0;0;7.588.874;;;
2014;Santa Cruz de Tenerife;Embarque;Incluido tránsito;1.798.657;55.636;1.522.218;721.620;2.243.838;0;723.916;195;4.822.242;;;
2014;Santa Cruz de Tenerife;Transbordo;Incluido tránsito;0;0;197;0;197;0;0;0;197;;;
2014;Santander;Desembarque;Incluido tránsito;137.610;2.222.031;607.662;5.899;613.561;3.876;0;0;2.977.078;;;
2014;Santander;Embarque;Incluido tránsito;96.545;967.225;1.226.620;6.311;1.232.931;0;43.602;0;2.340.303;;;
2014;Santander;Transbordo;Incluido tránsito;231;0;257;0;257;0;0;0;488;;;
2014;Sevilla;Desembarque;Incluido tránsito;225.823;1.342.970;205.072;380.533;585.605;0;0;0;2.154.398;;;
2014;Sevilla;Embarque;Incluido tránsito;32.135;396.640;898.473;889.555;1.788.028;0;27.031;0;2.243.834;;;
2014;Sevilla;Transbordo;Incluido tránsito;0;0;0;0;0;0;0;0;0;;;
2014;Tarragona;Desembarque;Incluido tránsito;14.527.796;7.831.462;735.827;743.004;1.478.831;4.887;0;21.974;23.864.950;;;
2014;Tarragona;Embarque;Incluido tránsito;4.859.317;1.876.553;330.791;867.209;1.198.000;0;60.753;22.000;8.016.623;;;
2014;Tarragona;Transbordo;Incluido tránsito;0;0;0;0;0;0;0;0;0;;;
2014;Valencia;Desembarque;Incluido tránsito;3.682.792;1.603.370;3.901.167;21.686.212;25.587.379;2.507;0;0;30.876.048;;;
2014;Valencia;Embarque;Incluido tránsito;1.537.906;1.076.822;5.522.465;27.617.929;33.140.394;0;388.600;0;36.143.722;;;
2014;Valencia;Transbordo;Incluido tránsito;0;0;0;0;0;0;0;0;0;;;
2014;Vigo;Desembarque;Incluido tránsito;63.811;299.331;390.806;1.156.276;1.547.082;79.979;0;0;1.990.203;;;
2014;Vigo;Embarque;Incluido tránsito;787;0;640.269;1.246.219;1.886.488;0;209.340;580;2.097.195;;;
2014;Vigo;Transbordo;Incluido tránsito;0;0;0;0;0;0;0;0;0;;;
2014;Vilagarcía;Desembarque;Incluido tránsito;104.056;308.698;112.686;63.613;176.299;0;0;0;589.053;;;
2014;Vilagarcía;Embarque;Incluido tránsito;21.789;14.349;135.805;222.281;358.086;0;5.805;0;400.029;;;
2014;Vilagarcía;Transbordo;Incluido tránsito;0;0;0;0;0;0;0;0;0;;;
2015;A Coruña;Desembarque;Incluido tránsito;5.818.429;4.117.347;440.414;213;440.627;43.739;0;0;10.420.142;;;
2015;A Coruña;Desembarque;Solo tránsito;0;2.500;0;0;0;0;0;0;2.500;;;
2015;A Coruña;Embarque;Incluido tránsito;2.095.159;791.670;497.592;92;497.684;0;73.466;271.203;3.729.182;;;
2015;A Coruña;Embarque;Solo tránsito;0;0;0;0;0;0;0;0;0;;;
2015;A Coruña;Transbordo;Incluido tránsito;0;3.321;0;0;0;0;0;0;3.321;;;
2015;Alicante;Desembarque;Incluido tránsito;56.821;276.307;102.153;293.732;395.885;227;0;0;729.240;;;
2015;Alicante;Desembarque;Solo tránsito;0;0;0;2.762;2.762;0;0;0;2.762;;;
2015;Alicante;Embarque;Incluido tránsito;0;967.702;200.687;689.474;890.161;0;29.832;14;1.887.709;;;
2015;Alicante;Embarque;Solo tránsito;0;0;0;2.763;2.763;0;0;0;2.763;;;
2015;Alicante;Transbordo;Incluido tránsito;0;0;0;0;0;0;0;0;0;;;
2015;Almería;Desembarque;Incluido tránsito;7.923;3.588.341;187.773;26.995;214.768;2.717;0;0;3.813.749;;;
2015;Almería;Desembarque;Solo tránsito;0;0;0;0;0;0;0;0;0;;;
2015;Almería;Embarque;Incluido tránsito;15.003;2.174.472;355.426;34.611;390.037;0;71.750;0;2.651.262;;;
2015;Almería;Embarque;Solo tránsito;0;0;0;0;0;0;0;0;0;;;
2015;Almería;Transbordo;Incluido tránsito;0;0;0;0;0;0;0;0;0;;;
2015;Avilés;Desembarque;Incluido tránsito;348.966;2.208.114;204.460;0;204.460;16.673;0;0;2.778.213;;;
2015;Avilés;Desembarque;Solo tránsito;1.903;5.695;0;0;0;0;0;0;7.598;;;
2015;Avilés;Embarque;Incluido tránsito;281.885;1.052.048;1.013.380;0;1.013.380;0;48.094;0;2.395.407;;;
2015;Avilés;Embarque;Solo tránsito;0;11.230;0;0;0;0;0;0;11.230;;;
2015;Avilés;Transbordo;Incluido tránsito;0;0;0;0;0;0;0;0;0;;;
2015;Bahía de Algeciras;Desembarque;Incluido tránsito;18.042.961;2.120.005;3.329.729;27.213.836;30.543.565;1.102;0;3.040;50.710.673;;;
2015;Bahía de Algeciras;Desembarque;Solo tránsito;4.848.523;45.149;314.102;25.819.192;26.133.294;0;0;0;31.026.966;;;
2015;Bahía de Algeciras;Embarque;Incluido tránsito;9.301.083;10.515;3.668.766;28.262.665;31.931.431;0;3.340.394;2.930.121;47.513.544;;;
2015;Bahía de Algeciras;Embarque;Solo tránsito;4.648.893;6.556;499.170;25.746.519;26.245.689;0;0;0;30.901.138;;;
2015;Bahía de Algeciras;Transbordo;Incluido tránsito;0;0;0;0;0;0;0;0;0;;;
2015;Bahía de Cádiz;Desembarque;Incluido tránsito;126.789;1.074.165;333.455;183.041;516.496;12.926;0;0;1.730.376;;;
2015;Bahía de Cádiz;Desembarque;Solo tránsito;122.432;56.094;9.276;0;9.276;0;0;0;187.802;;;
2015;Bahía de Cádiz;Embarque;Incluido tránsito;168.477;543.900;358.825;437.492;796.317;0;149.547;0;1.658.241;;;
2015;Bahía de Cádiz;Embarque;Solo tránsito;108.095;56.094;8.312;0;8.312;0;0;0;172.501;;;
2015;Bahía de Cádiz;Transbordo;Incluido tránsito;958;5.631;15.372;0;15.372;0;0;0;21.961;;;
2015;Baleares;Desembarque;Incluido tránsito;1.524.754;1.070.056;6.444.865;502.974;6.947.839;3.058;0;0;9.545.707;;;
2015;Baleares;Desembarque;Solo tránsito;0;0;0;0;0;0;0;0;0;;;
2015;Baleares;Embarque;Incluido tránsito;0;145.680;3.488.850;140.338;3.629.188;0;205.456;0;3.980.324;;;
2015;Baleares;Embarque;Solo tránsito;0;0;0;0;0;0;0;0;0;;;
2015;Baleares;Transbordo;Incluido tránsito;0;0;0;0;0;0;0;0;0;;;
2015;Barcelona;Desembarque;Incluido tránsito;9.184.168;2.339.086;4.195.657;7.661.144;11.856.801;3.378;0;0;23.383.433;;;
2015;Barcelona;Desembarque;Solo tránsito;2.159.356;0;149.625;1.547.679;1.697.304;0;0;0;3.856.660;;;
2015;Barcelona;Embarque;Incluido tránsito;2.871.154;2.087.001;6.527.085;11.055.960;17.583.045;0;1.125.112;0;23.666.312;;;
2015;Barcelona;Embarque;Solo tránsito;2.187.645;0;165.190;1.465.956;1.631.146;0;0;0;3.818.791;;;
2015;Barcelona;Transbordo;Incluido tránsito;0;0;0;0;0;0;0;0;0;;;
2015;Bilbao;Desembarque;Incluido tránsito;13.179.419;2.746.347;2.082.579;2.455.908;4.538.487;0;0;179.508;20.643.761;;;
2015;Bilbao;Desembarque;Solo tránsito;0;0;162;15.482;15.644;0;0;0;15.644;;;
2015;Bilbao;Embarque;Incluido tránsito;5.020.389;1.781.873;1.126.609;4.006.701;5.133.310;0;115.903;179.508;12.230.983;;;
2015;Bilbao;Embarque;Solo tránsito;0;0;453;13.903;14.356;0;0;0;14.356;;;
2015;Bilbao;Transbordo;Incluido tránsito;0;0;0;0;0;0;0;0;0;;;
2015;Cartagena;Desembarque;Incluido tránsito;19.149.200;3.790.630;102.912;460.297;563.209;598;0;0;23.503.637;;;
2015;Cartagena;Desembarque;Solo tránsito;0;5.021;0;5.300;5.300;0;0;0;10.321;;;
2015;Cartagena;Embarque;Incluido tránsito;6.471.889;1.763.563;73.008;646.613;719.621;0;90.932;0;9.046.005;;;
2015;Cartagena;Embarque;Solo tránsito;0;151.569;0;5.300;5.300;0;0;0;156.869;;;
2015;Cartagena;Transbordo;Incluido tránsito;120.018;0;0;728;728;0;0;0;120.746;;;
2015;Castellón;Desembarque;Incluido tránsito;6.041.306;3.582.632;67.221;370.175;437.396;4.138;0;0;10.065.472;;;
2015;Castellón;Desembarque;Solo tránsito;0;0;36;54.483;54.519;0;0;0;54.519;;;
2015;Castellón;Embarque;Incluido tránsito;2.612.872;1.054.278;232.838;2.483.449;2.716.287;0;25.282;0;6.408.719;;;
2015;Castellón;Embarque;Solo tránsito;0;0;0;53.770;53.770;0;0;0;53.770;;;
2015;Castellón;Transbordo;Incluido tránsito;0;0;0;0;0;0;0;0;0;;;
2015;Ceuta;Desembarque;Incluido tránsito;543.509;25.625;582.138;51.653;633.791;48;0;0;1.202.973;;;
2015;Ceuta;Desembarque;Solo tránsito;0;0;0;0;0;0;0;0;0;;;
2015;Ceuta;Embarque;Incluido tránsito;83.294;0;297.245;65.816;363.061;0;460.680;0;907.035;;;
2015;Ceuta;Embarque;Solo tránsito;0;0;0;0;0;0;0;0;0;;;
2015;Ceuta;Transbordo;Incluido tránsito;0;0;0;0;0;0;0;0;0;;;
2015;Ferrol-San Cibrao;Desembarque;Incluido tránsito;1.807.246;8.579.143;77.119;3.100;80.219;268;0;0;10.466.876;;;
2015;Ferrol-San Cibrao;Desembarque;Solo tránsito;0;0;1.796;6;1.802;0;0;0;1.802;;;
2015;Ferrol-San Cibrao;Embarque;Incluido tránsito;383.909;1.260.737;642.511;2.436;644.947;0;17.423;0;2.307.016;;;
2015;Ferrol-San Cibrao;Embarque;Solo tránsito;0;0;1.778;24;1.802;0;0;0;1.802;;;
2015;Ferrol-San Cibrao;Transbordo;Incluido tránsito;3.325;0;0;0;0;0;0;0;3.325;;;
2015;Gijón;Desembarque;Incluido tránsito;892.967;16.352.181;97.734;316.050;413.784;6.781;0;0;17.665.713;;;
2015;Gijón;Desembarque;Solo tránsito;0;0;0;0;0;0;0;0;0;;;
2015;Gijón;Embarque;Incluido tránsito;21.553;2.553.102;472.841;472.159;945.000;0;92.420;83;3.612.158;;;
2015;Gijón;Embarque;Solo tránsito;0;282.589;0;20;20;0;0;0;282.609;;;
2015;Gijón;Transbordo;Incluido tránsito;0;0;0;0;0;0;0;0;0;;;
2015;Huelva;Desembarque;Incluido tránsito;13.890.968;3.274.443;63.382;13.738;77.120;2.294;0;10.664;17.255.489;;;
2015;Huelva;Desembarque;Solo tránsito;625.803;104.501;15.224;0;15.224;0;0;0;745.528;;;
2015;Huelva;Embarque;Incluido tránsito;7.707.709;1.862.907;311.458;91.446;402.904;0;140.844;5.582;10.119.946;;;
2015;Huelva;Embarque;Solo tránsito;749.849;69.495;9;0;9;0;0;0;819.353;;;
2015;Huelva;Transbordo;Incluido tránsito;0;0;0;0;0;0;0;0;0;;;
2015;Las Palmas;Desembarque;Incluido tránsito;5.257.326;433.208;1.803.507;5.946.385;7.749.892;1.784;0;0;13.442.210;;;
2015;Las Palmas;Desembarque;Solo tránsito;1.184.100;0;140.298;3.422.738;3.563.036;0;0;0;4.747.136;;;
2015;Las Palmas;Embarque;Incluido tránsito;1.128.644;50.702;1.974.277;4.387.312;6.361.589;0;2.596.612;0;10.137.547;;;
2015;Las Palmas;Embarque;Solo tránsito;704.560;7.934;120.478;3.376.590;3.497.068;0;0;0;4.209.562;;;
2015;Las Palmas;Transbordo;Incluido tránsito;0;0;71;0;71;0;0;0;71;;;
2015;Marín y Ría de Pontevedra;Desembarque;Incluido tránsito;0;968.537;285.424;217.261;502.685;1.796;0;0;1.473.018;;;
2015;Marín y Ría de Pontevedra;Desembarque;Solo tránsito;0;0;3;8.610;8.613;0;0;0;8.613;;;
2015;Marín y Ría de Pontevedra;Embarque;Incluido tránsito;26;30.280;475.150;137.405;612.555;0;26.160;0;669.021;;;
2015;Marín y Ría de Pontevedra;Embarque;Solo tránsito;0;0;0;9.141;9.141;0;0;0;9.141;;;
2015;Marín y Ría de Pontevedra;Transbordo;Incluido tránsito;0;0;0;0;0;0;0;0;0;;;
2015;Melilla;Desembarque;Incluido tránsito;70.147;3.425;504.827;219.171;723.998;0;0;0;797.570;;;
2015;Melilla;Desembarque;Solo tránsito;0;0;0;0;0;0;0;0;0;;;
2015;Melilla;Embarque;Incluido tránsito;0;0;171.761;39.370;211.131;0;22.830;0;233.961;;;
2015;Melilla;Embarque;Solo tránsito;0;0;0;0;0;0;0;0;0;;;
2015;Melilla;Transbordo;Incluido tránsito;0;0;0;0;0;0;0;0;0;;;
2015;Motril;Desembarque;Incluido tránsito;1.162.031;170.475;153.973;356;154.329;1.325;0;0;1.488.160;;;
2015;Motril;Desembarque;Solo tránsito;0;0;0;0;0;0;0;0;0;;;
2015;Motril;Embarque;Incluido tránsito;0;281.883;186.890;68;186.958;0;30.414;0;499.255;;;
2015;Motril;Embarque;Solo tránsito;0;0;5;0;5;0;0;0;5;;;
2015;Motril;Transbordo;Incluido tránsito;0;0;0;0;0;0;0;0;0;;;
2015;Málaga;Desembarque;Incluido tránsito;68.250;475.075;144.825;133.788;278.613;619;0;0;822.557;;;
2015;Málaga;Desembarque;Solo tránsito;7.185;0;0;11.631;11.631;0;0;0;18.816;;;
2015;Málaga;Embarque;Incluido tránsito;37.468;895.019;296.308;218.790;515.098;0;65.213;0;1.512.798;;;
2015;Málaga;Embarque;Solo tránsito;0;0;0;4.765;4.765;0;0;0;4.765;;;
2015;Málaga;Transbordo;Incluido tránsito;0;0;0;0;0;0;0;0;0;;;
2015;Pasaia;Desembarque;Incluido tránsito;0;1.565.632;725.665;24.837;750.502;23.216;0;0;2.339.350;;;
2015;Pasaia;Desembarque;Solo tránsito;0;0;4.045;0;4.045;0;0;0;4.045;;;
2015;Pasaia;Embarque;Incluido tránsito;0;128.660;1.280.105;13.637;1.293.742;0;31.634;0;1.454.036;;;
2015;Pasaia;Embarque;Solo tránsito;0;0;3.997;0;3.997;0;0;0;3.997;;;
2015;Pasaia;Transbordo;Incluido tránsito;0;0;0;0;0;0;0;0;0;;;
2015;Santa Cruz de Tenerife;Desembarque;Incluido tránsito;3.969.801;382.321;1.611.728;1.885.353;3.497.081;5.469;0;0;7.854.672;;;
2015;Santa Cruz de Tenerife;Desembarque;Solo tránsito;0;0;1.546;13.727;15.273;0;0;0;15.273;;;
2015;Santa Cruz de Tenerife;Embarque;Incluido tránsito;1.762.885;24.428;1.661.170;743.261;2.404.431;0;569.417;2.157;4.763.318;;;
2015;Santa Cruz de Tenerife;Embarque;Solo tránsito;8;10;3.102;12.303;15.405;0;0;0;15.423;;;
2015;Santa Cruz de Tenerife;Transbordo;Incluido tránsito;0;0;0;0;0;0;0;0;0;;;
2015;Santander;Desembarque;Incluido tránsito;163.456;2.537.731;656.578;5.465;662.043;4.215;0;0;3.367.445;;;
2015;Santander;Desembarque;Solo tránsito;0;0;4.156;191;4.347;0;0;0;4.347;;;
2015;Santander;Embarque;Incluido tránsito;107.470;980.847;1.095.036;13.237;1.108.273;0;77.265;0;2.273.855;;;
2015;Santander;Embarque;Solo tránsito;0;0;1.548;8;1.556;0;0;0;1.556;;;
2015;Santander;Transbordo;Incluido tránsito;0;0;0;0;0;0;0;0;0;;;
2015;Sevilla;Desembarque;Incluido tránsito;229.132;1.632.786;273.610;351.638;625.248;0;0;0;2.487.166;;;
2015;Sevilla;Desembarque;Solo tránsito;0;0;0;0;0;0;0;0;0;;;
2015;Sevilla;Embarque;Incluido tránsito;45.233;440.904;785.084;898.675;1.683.759;0;32.042;0;2.201.938;;;
2015;Sevilla;Embarque;Solo tránsito;0;0;0;0;0;0;0;0;0;;;
2015;Sevilla;Transbordo;Incluido tránsito;0;0;0;0;0;0;0;0;0;;;
2015;Tarragona;Desembarque;Incluido tránsito;16.461.164;6.781.245;915.109;451.160;1.366.269;4.005;0;12.710;24.625.393;;;
2015;Tarragona;Desembarque;Solo tránsito;1.402.984;932.790;20.590;156.784;177.374;0;0;0;2.513.148;;;
2015;Tarragona;Embarque;Incluido tránsito;5.845.139;1.609.784;385.936;485.232;871.168;0;70.417;12.690;8.409.198;;;
2015;Tarragona;Embarque;Solo tránsito;1.256.252;1.182.570;22.452;151.095;173.547;0;0;0;2.612.369;;;
2015;Tarragona;Transbordo;Incluido tránsito;0;0;0;0;0;0;0;0;0;;;
2015;Valencia;Desembarque;Incluido tránsito;3.133.158;1.696.865;4.664.175;22.788.713;27.452.888;1.891;0;0;32.284.802;;;
2015;Valencia;Desembarque;Solo tránsito;5.228;0;66.522;15.970.890;16.037.412;0;0;0;16.042.640;;;
2015;Valencia;Embarque;Incluido tránsito;681.217;987.999;6.170.678;29.478.531;35.649.209;0;480.750;0;37.799.175;;;
2015;Valencia;Embarque;Solo tránsito;0;0;65.399;15.976.511;16.041.910;0;0;0;16.041.910;;;
2015;Valencia;Transbordo;Incluido tránsito;0;0;0;0;0;0;0;0;0;;;
2015;Vigo;Desembarque;Incluido tránsito;59.197;287.939;416.850;1.243.573;1.660.423;77.863;0;0;2.085.422;;;
2015;Vigo;Desembarque;Solo tránsito;0;0;53.649;50.261;103.910;0;0;0;103.910;;;
2015;Vigo;Embarque;Incluido tránsito;383;0;632.261;1.387.259;2.019.520;0;187.771;0;2.207.674;;;
2015;Vigo;Embarque;Solo tránsito;0;0;52.702;48.756;101.458;0;0;0;101.458;;;
2015;Vigo;Transbordo;Incluido tránsito;0;0;0;0;0;0;0;0;0;;;
2015;Vilagarcía;Desembarque;Incluido tránsito;94.857;396.276;123.272;60.928;184.200;0;0;0;675.333;;;
2015;Vilagarcía;Desembarque;Solo tránsito;0;0;0;38;38;0;0;0;38;;;
2015;Vilagarcía;Embarque;Incluido tránsito;0;7.164;138.664;203.745;342.409;0;4.810;0;354.383;;;
2015;Vilagarcía;Embarque;Solo tránsito;0;0;0;161;161;0;0;0;161;;;
2015;Vilagarcía;Transbordo;Incluido tránsito;0;0;0;0;0;0;0;0;0;;;
2016;A Coruña;Desembarque;Incluido tránsito;5.787.110;3.586.138;527.532;120;527.652;43.690;0;0;9.944.590;;;
2016;A Coruña;Desembarque;Solo tránsito;0;7.521;0;0;0;0;0;0;7.521;;;
2016;A Coruña;Embarque;Incluido tránsito;2.382.512;758.963;484.278;445;484.723;0;71.418;277.590;3.975.206;;;
2016;A Coruña;Embarque;Solo tránsito;0;0;0;0;0;0;0;0;0;;;
2016;A Coruña;Transbordo;Incluido tránsito;0;0;0;0;0;0;0;0;0;;;
2016;Alicante;Desembarque;Incluido tránsito;36.889;246.602;108.686;387.054;495.740;254;0;0;779.485;;;
2016;Alicante;Desembarque;Solo tránsito;0;0;11;30.160;30.171;0;0;0;30.171;;;
2016;Alicante;Embarque;Incluido tránsito;6.447;1.657.853;162.469;836.579;999.048;0;28.728;0;2.692.076;;;
2016;Alicante;Embarque;Solo tránsito;0;0;0;30.607;30.607;0;0;0;30.607;;;
2016;Alicante;Transbordo;Incluido tránsito;0;0;0;0;0;0;0;0;0;;;
2016;Almería;Desembarque;Incluido tránsito;0;2.336.943;279.929;15.648;295.577;1.945;0;0;2.634.465;;;
2016;Almería;Desembarque;Solo tránsito;0;0;56;259;315;0;0;0;315;;;
2016;Almería;Embarque;Incluido tránsito;28.465;2.358.224;340.245;26.967;367.212;0;75.340;0;2.829.241;;;
2016;Almería;Embarque;Solo tránsito;0;0;64;291;355;0;0;0;355;;;
2016;Almería;Transbordo;Incluido tránsito;0;0;3.602;0;3.602;0;0;0;3.602;;;
2016;Avilés;Desembarque;Incluido tránsito;288.808;2.140.403;492.598;0;492.598;12.557;0;0;2.934.366;;;
2016;Avilés;Desembarque;Solo tránsito;0;5.673;0;0;0;0;0;0;5.673;;;
2016;Avilés;Embarque;Incluido tránsito;336.367;780.497;870.458;2;870.460;0;49.777;0;2.037.101;;;
2016;Avilés;Embarque;Solo tránsito;0;51.542;4.031;0;4.031;0;0;0;55.573;;;
2016;Avilés;Transbordo;Incluido tránsito;0;0;0;0;0;0;0;0;0;;;
2016;Bahía de Algeciras;Desembarque;Incluido tránsito;17.923.939;1.651.645;3.699.199;29.497.461;33.196.660;868;0;228.966;53.002.078;;;
2016;Bahía de Algeciras;Desembarque;Solo tránsito;5.075.567;110.613;376.432;27.871.235;28.247.667;0;0;0;33.433.847;;;
2016;Bahía de Algeciras;Embarque;Incluido tránsito;9.385.919;127.195;3.895.173;30.681.129;34.576.302;0;3.301.452;2.783.999;50.174.867;;;
2016;Bahía de Algeciras;Embarque;Solo tránsito;5.127.736;9.867;498.891;27.695.592;28.194.483;0;0;0;33.332.086;;;
2016;Bahía de Algeciras;Transbordo;Incluido tránsito;0;0;0;0;0;0;0;0;0;;;
2016;Bahía de Cádiz;Desembarque;Incluido tránsito;160.293;1.095.745;392.557;172.272;564.829;17.333;0;0;1.838.200;;;
2016;Bahía de Cádiz;Desembarque;Solo tránsito;165.659;51.434;9.909;723;10.632;0;0;0;227.725;;;
2016;Bahía de Cádiz;Embarque;Incluido tránsito;244.545;661.415;344.006;409.465;753.471;0;145.060;0;1.804.491;;;
2016;Bahía de Cádiz;Embarque;Solo tránsito;154.388;51.381;19.383;743;20.126;0;0;0;225.895;;;
2016;Bahía de Cádiz;Transbordo;Incluido tránsito;0;6.356;11.000;0;11.000;0;0;0;17.356;;;
2016;Baleares;Desembarque;Incluido tránsito;1.541.653;1.300.845;6.849.003;659.792;7.508.795;2.990;0;0;10.354.283;;;
2016;Baleares;Desembarque;Solo tránsito;3.172;0;290;51;341;0;0;0;3.513;;;
2016;Baleares;Embarque;Incluido tránsito;0;250.054;3.887.565;187.292;4.074.857;0;247.546;0;4.572.457;;;
2016;Baleares;Embarque;Solo tránsito;0;0;0;0;0;0;0;0;0;;;
2016;Baleares;Transbordo;Incluido tránsito;0;0;0;0;0;0;0;0;0;;;
2016;Barcelona;Desembarque;Incluido tránsito;8.791.804;2.206.105;4.308.464;8.842.131;13.150.595;3.314;0;0;24.151.818;;;
2016;Barcelona;Desembarque;Solo tránsito;1.653.500;0;136.530;2.214.529;2.351.059;0;0;0;4.004.559;;;
2016;Barcelona;Embarque;Incluido tránsito;2.624.012;2.224.693;6.428.576;12.087.178;18.515.754;0;1.136.725;0;24.501.184;;;
2016;Barcelona;Embarque;Solo tránsito;2.129.417;0;162.282;2.154.323;2.316.605;0;0;0;4.446.022;;;
2016;Barcelona;Transbordo;Incluido tránsito;0;0;0;0;0;0;0;0;0;;;
2016;Bilbao;Desembarque;Incluido tránsito;13.232.859;1.960.650;2.131.684;2.440.948;4.572.632;0;0;4.562;19.770.703;;;
2016;Bilbao;Desembarque;Solo tránsito;7.000;0;5.620;50.065;55.685;0;0;0;62.685;;;
2016;Bilbao;Embarque;Incluido tránsito;4.854.344;2.401.413;994.835;3.932.011;4.926.846;0;109.404;4.562;12.296.569;;;
2016;Bilbao;Embarque;Solo tránsito;7.000;0;4.772;23.494;28.266;0;0;0;35.266;;;
2016;Bilbao;Transbordo;Incluido tránsito;0;0;0;0;0;0;0;0;0;;;
2016;Cartagena;Desembarque;Incluido tránsito;18.728.493;3.588.269;116.037;517.701;633.738;510;0;0;22.951.010;;;
2016;Cartagena;Desembarque;Solo tránsito;0;0;0;1.910;1.910;0;0;0;1.910;;;
2016;Cartagena;Embarque;Incluido tránsito;6.297.176;1.716.548;106.938;653.461;760.399;0;155.393;3.160;8.932.676;;;
2016;Cartagena;Embarque;Solo tránsito;0;0;0;1.910;1.910;0;0;0;1.910;;;
2016;Cartagena;Transbordo;Incluido tránsito;0;0;0;0;0;0;0;0;0;;;
2016;Castellón;Desembarque;Incluido tránsito;5.783.223;4.200.915;73.511;524.655;598.166;4.731;0;0;10.587.035;;;
2016;Castellón;Desembarque;Solo tránsito;0;22.066;1.446;208.846;210.292;0;0;0;232.358;;;
2016;Castellón;Embarque;Incluido tránsito;2.571.304;998.067;189.956;2.701.040;2.890.996;0;29.178;0;6.489.545;;;
2016;Castellón;Embarque;Solo tránsito;0;13.299;4.683;194.958;199.641;0;0;0;212.940;;;
2016;Castellón;Transbordo;Incluido tránsito;0;0;0;0;0;0;0;0;0;;;
2016;Ceuta;Desembarque;Incluido tránsito;738.047;22.249;584.221;82.648;666.869;34;0;0;1.427.199;;;
2016;Ceuta;Desembarque;Solo tránsito;30.576;0;0;0;0;0;0;0;30.576;;;
2016;Ceuta;Embarque;Incluido tránsito;138.065;0;294.055;75.306;369.361;0;544.156;0;1.051.582;;;
2016;Ceuta;Embarque;Solo tránsito;0;0;0;0;0;0;0;0;0;;;
2016;Ceuta;Transbordo;Incluido tránsito;0;0;0;0;0;0;0;0;0;;;
2016;Ferrol-San Cibrao;Desembarque;Incluido tránsito;1.764.081;8.207.351;75.695;5.055;80.750;267;0;0;10.052.449;;;
2016;Ferrol-San Cibrao;Desembarque;Solo tránsito;0;0;0;0;0;0;0;0;0;;;
2016;Ferrol-San Cibrao;Embarque;Incluido tránsito;576.469;1.198.687;668.107;6.343;674.450;0;12.095;173;2.461.874;;;
2016;Ferrol-San Cibrao;Embarque;Solo tránsito;0;0;0;315;315;0;0;0;315;;;
2016;Ferrol-San Cibrao;Transbordo;Incluido tránsito;4.498;0;0;0;0;0;0;0;4.498;;;
2016;Gijón;Desembarque;Incluido tránsito;811.946;13.309.209;132.328;315.514;447.842;8.284;0;0;14.577.281;;;
2016;Gijón;Desembarque;Solo tránsito;0;0;0;410;410;0;0;0;410;;;
2016;Gijón;Embarque;Incluido tránsito;2.951;2.714.437;548.672;505.470;1.054.142;0;58.383;139;3.830.052;;;
2016;Gijón;Embarque;Solo tránsito;0;185.860;2.821;400;3.221;0;0;0;189.081;;;
2016;Gijón;Transbordo;Incluido tránsito;0;0;0;0;0;0;0;0;0;;;
2016;Huelva;Desembarque;Incluido tránsito;15.419.374;3.238.999;46.249;28.262;74.511;2.032;0;15.525;18.750.441;;;
2016;Huelva;Desembarque;Solo tránsito;981.331;200.001;5.526;1.542;7.068;0;0;0;1.188.400;;;
2016;Huelva;Embarque;Incluido tránsito;8.716.688;2.520.385;258.661;152.611;411.272;0;142.844;15.542;11.806.731;;;
2016;Huelva;Embarque;Solo tránsito;1.033.206;166.232;316;50.132;50.448;0;0;0;1.249.886;;;
2016;Huelva;Transbordo;Incluido tránsito;0;0;0;0;0;0;0;0;0;;;
2016;Las Palmas;Desembarque;Incluido tránsito;5.076.176;486.229;1.892.887;5.558.796;7.451.683;1.841;0;0;13.015.929;;;
2016;Las Palmas;Desembarque;Solo tránsito;1.025.496;0;232.827;2.776.803;3.009.630;0;0;0;4.035.126;;;
2016;Las Palmas;Embarque;Incluido tránsito;1.043.674;47.884;2.147.758;3.939.119;6.086.877;0;2.607.283;0;9.785.718;;;
2016;Las Palmas;Embarque;Solo tránsito;537.472;14.913;183.617;2.754.524;2.938.141;0;0;0;3.490.526;;;
2016;Las Palmas;Transbordo;Incluido tránsito;0;0;98;0;98;0;0;0;98;;;
2016;Marín y Ría de Pontevedra;Desembarque;Incluido tránsito;4;1.047.281;230.272;320.839;551.111;2.046;0;0;1.600.442;;;
2016;Marín y Ría de Pontevedra;Desembarque;Solo tránsito;0;0;5;26.540;26.545;0;0;0;26.545;;;
2016;Marín y Ría de Pontevedra;Embarque;Incluido tránsito;0;0;428.391;294.947;723.338;0;24.362;0;747.700;;;
2016;Marín y Ría de Pontevedra;Embarque;Solo tránsito;0;0;0;20.128;20.128;0;0;0;20.128;;;
2016;Marín y Ría de Pontevedra;Transbordo;Incluido tránsito;0;0;0;0;0;0;0;0;0;;;
2016;Melilla;Desembarque;Incluido tránsito;76.587;5.825;553.173;267.951;821.124;0;0;0;903.536;;;
2016;Melilla;Desembarque;Solo tránsito;0;0;0;0;0;0;0;0;0;;;
2016;Melilla;Embarque;Incluido tránsito;0;0;195.372;42.973;238.345;0;21.105;0;259.450;;;
2016;Melilla;Embarque;Solo tránsito;0;0;0;0;0;0;0;0;0;;;
2016;Melilla;Transbordo;Incluido tránsito;0;0;0;0;0;0;0;0;0;;;
2016;Motril;Desembarque;Incluido tránsito;1.196.047;210.700;220.846;3.063;223.909;963;0;0;1.631.619;;;
2016;Motril;Desembarque;Solo tránsito;0;0;0;108;108;0;0;0;108;;;
2016;Motril;Embarque;Incluido tránsito;960;240.449;261.176;19.843;281.019;0;37.103;0;559.531;;;
2016;Motril;Embarque;Solo tránsito;0;0;0;0;0;0;0;0;0;;;
2016;Motril;Transbordo;Incluido tránsito;0;0;141;0;141;0;0;0;141;;;
2016;Málaga;Desembarque;Incluido tránsito;104.454;714.821;157.238;200.849;358.087;639;0;0;1.178.001;;;
2016;Málaga;Desembarque;Solo tránsito;2.841;0;0;100.199;100.199;0;0;0;103.040;;;
2016;Málaga;Embarque;Incluido tránsito;63.378;1.033.329;305.840;275.662;581.502;0;98.591;0;1.776.800;;;
2016;Málaga;Embarque;Solo tránsito;10.034;0;0;102.224;102.224;0;0;0;112.258;;;
2016;Málaga;Transbordo;Incluido tránsito;0;0;0;0;0;0;0;0;0;;;
2016;Pasaia;Desembarque;Incluido tránsito;0;970.983;926.548;50.083;976.631;27.551;0;0;1.975.165;;;
2016;Pasaia;Desembarque;Solo tránsito;0;0;11.932;0;11.932;0;0;0;11.932;;;
2016;Pasaia;Embarque;Incluido tránsito;0;128.187;1.290.242;27.782;1.318.024;0;33.348;0;1.479.559;;;
2016;Pasaia;Embarque;Solo tránsito;0;0;11.932;0;11.932;0;0;0;11.932;;;
2016;Pasaia;Transbordo;Incluido tránsito;0;0;0;0;0;0;0;0;0;;;
2016;Santa Cruz de Tenerife;Desembarque;Incluido tránsito;4.188.555;397.243;1.761.808;2.039.923;3.801.731;7.661;0;1;8.395.191;;;
2016;Santa Cruz de Tenerife;Desembarque;Solo tránsito;0;0;1.821;17.280;19.101;0;0;0;19.101;;;
2016;Santa Cruz de Tenerife;Embarque;Incluido tránsito;1.969.306;17.755;1.752.586;830.715;2.583.301;0;646.236;2.184;5.218.782;;;
2016;Santa Cruz de Tenerife;Embarque;Solo tránsito;167;4;1.833;14.539;16.372;0;0;0;16.543;;;
2016;Santa Cruz de Tenerife;Transbordo;Incluido tránsito;0;0;0;0;0;0;0;0;0;;;
2016;Santander;Desembarque;Incluido tránsito;97.917;1.878.164;656.568;5.888;662.456;3.577;0;0;2.642.114;;;
2016;Santander;Desembarque;Solo tránsito;0;0;3.648;8;3.656;0;0;0;3.656;;;
2016;Santander;Embarque;Incluido tránsito;41.858;944.949;1.174.120;13.646;1.187.766;0;50.155;0;2.224.728;;;
2016;Santander;Embarque;Solo tránsito;0;1.800;2.350;19;2.369;0;0;0;4.169;;;
2016;Santander;Transbordo;Incluido tránsito;0;0;0;0;0;0;0;0;0;;;
2016;Sevilla;Desembarque;Incluido tránsito;217.498;1.939.862;241.107;302.806;543.913;0;0;0;2.701.273;;;
2016;Sevilla;Desembarque;Solo tránsito;0;0;0;0;0;0;0;0;0;;;
2016;Sevilla;Embarque;Incluido tránsito;12.167;310.415;909.393;857.191;1.766.584;0;29.194;0;2.118.360;;;
2016;Sevilla;Embarque;Solo tránsito;0;0;0;0;0;0;0;0;0;;;
2016;Sevilla;Transbordo;Incluido tránsito;0;0;0;0;0;0;0;0;0;;;
2016;Tarragona;Desembarque;Incluido tránsito;15.009.403;7.568.295;886.860;387.851;1.274.711;4.489;0;3.675;23.860.573;;;
2016;Tarragona;Desembarque;Solo tránsito;243.894;947.194;95.548;27.554;123.102;0;0;0;1.314.190;;;
2016;Tarragona;Embarque;Incluido tránsito;5.259.367;1.497.179;275.849;443.964;719.813;0;14.863;0;7.491.222;;;
2016;Tarragona;Embarque;Solo tránsito;322.111;918.187;95.487;28.169;123.656;0;0;0;1.363.954;;;
2016;Tarragona;Transbordo;Incluido tránsito;0;0;0;0;0;0;0;0;0;;;
2016;Valencia;Desembarque;Incluido tránsito;3.561.868;1.439.652;4.793.928;23.607.805;28.401.733;1.991;0;0;33.405.244;;;
2016;Valencia;Desembarque;Solo tránsito;0;0;79.757;16.214.549;16.294.306;0;0;0;16.294.306;;;
2016;Valencia;Embarque;Incluido tránsito;241.200;1.091.925;5.994.509;30.264.654;36.259.163;0;472.281;0;38.064.569;;;
2016;Valencia;Embarque;Solo tránsito;300;0;75.584;16.208.334;16.283.918;0;0;0;16.284.218;;;
2016;Valencia;Transbordo;Incluido tránsito;0;0;0;0;0;0;0;0;0;;;
2016;Vigo;Desembarque;Incluido tránsito;60.452;234.910;345.906;1.224.752;1.570.658;83.366;0;0;1.949.386;;;
2016;Vigo;Desembarque;Solo tránsito;0;0;26.968;61.736;88.704;0;0;0;88.704;;;
2016;Vigo;Embarque;Incluido tránsito;0;0;635.499;1.360.082;1.995.581;0;175.405;0;2.170.986;;;
2016;Vigo;Embarque;Solo tránsito;0;0;30.879;60.922;91.801;0;0;0;91.801;;;
2016;Vigo;Transbordo;Incluido tránsito;0;0;0;0;0;0;0;0;0;;;
2016;Vilagarcía;Desembarque;Incluido tránsito;184.160;282.621;151.558;57.103;208.661;0;0;0;675.442;;;
2016;Vilagarcía;Desembarque;Solo tránsito;0;0;0;37;37;0;0;0;37;;;
2016;Vilagarcía;Embarque;Incluido tránsito;0;37.932;170.601;221.807;392.408;0;6.213;0;436.553;;;
2016;Vilagarcía;Embarque;Solo tránsito;0;0;27;37;64;0;0;0;64;;;
2016;Vilagarcía;Transbordo;Incluido tránsito;0;0;0;0;0;0;0;0;0;;;
2017;A Coruña;Desembarque;Incluido tránsito;6.255.134;4.132.230;478.170;4;478.174;51.102;0;0;10.916.640;;;
2017;A Coruña;Desembarque;Solo tránsito;0;0;0;0;0;0;0;0;0;;;
2017;A Coruña;Embarque;Incluido tránsito;2.509.921;924.794;436.544;2;436.546;0;84.165;303.050;4.258.476;;;
2017;A Coruña;Embarque;Solo tránsito;0;0;0;0;0;0;0;0;0;;;
2017;A Coruña;Transbordo;Incluido tránsito;23.813;0;0;0;0;0;0;0;23.813;;;
2017;Alicante;Desembarque;Incluido tránsito;41.202;344.020;107.035;395.740;502.775;1.669;0;0;889.666;;;
2017;Alicante;Desembarque;Solo tránsito;0;0;0;21.480;21.480;0;0;0;21.480;;;
2017;Alicante;Embarque;Incluido tránsito;27;1.533.160;137.526;862.902;1.000.428;0;24.296;28;2.557.939;;;
2017;Alicante;Embarque;Solo tránsito;0;0;0;21.349;21.349;0;0;0;21.349;;;
2017;Alicante;Transbordo;Incluido tránsito;0;0;0;0;0;0;0;0;0;;;
2017;Almería;Desembarque;Incluido tránsito;4.700;2.907.306;259.772;11.895;271.667;3.466;0;0;3.187.139;;;
2017;Almería;Desembarque;Solo tránsito;0;0;0;97;97;0;0;0;97;;;
2017;Almería;Embarque;Incluido tránsito;26.956;2.711.565;345.008;23.039;368.047;0;87.420;0;3.193.988;;;
2017;Almería;Embarque;Solo tránsito;0;0;0;95;95;0;0;0;95;;;
2017;Almería;Transbordo;Incluido tránsito;0;0;0;0;0;0;0;0;0;;;
2017;Avilés;Desembarque;Incluido tránsito;340.526;2.008.737;288.605;0;288.605;13.569;0;0;2.651.437;;;
2017;Avilés;Desembarque;Solo tránsito;0;0;394;0;394;0;0;0;394;;;
2017;Avilés;Embarque;Incluido tránsito;317.632;870.942;925.415;0;925.415;0;41.484;0;2.155.473;;;
2017;Avilés;Embarque;Solo tránsito;0;50.851;394;0;394;0;0;0;51.245;;;
2017;Avilés;Transbordo;Incluido tránsito;0;0;0;0;0;0;0;0;0;;;
2017;Bahía de Algeciras;Desembarque;Incluido tránsito;18.512.822;1.957.553;3.895.125;28.605.088;32.500.213;1.015;0;192.780;53.164.383;;;
2017;Bahía de Algeciras;Desembarque;Solo tránsito;5.647.004;260.981;331.736;26.960.461;27.292.197;0;0;0;33.200.182;;;
2017;Bahía de Algeciras;Embarque;Incluido tránsito;10.262.165;145.354;3.957.432;28.994.915;32.952.347;0;2.833.641;2.198.081;48.391.588;;;
2017;Bahía de Algeciras;Embarque;Solo tránsito;5.605.917;0;428.172;25.902.066;26.330.238;0;0;0;31.936.155;;;
2017;Bahía de Algeciras;Transbordo;Incluido tránsito;0;0;0;0;0;0;0;0;0;;;
2017;Bahía de Cádiz;Desembarque;Incluido tránsito;242.294;1.065.956;563.718;180.648;744.366;16.294;0;0;2.068.910;;;
2017;Bahía de Cádiz;Desembarque;Solo tránsito;242.294;0;25.429;256;25.685;0;0;0;267.979;;;
2017;Bahía de Cádiz;Embarque;Incluido tránsito;336.482;665.183;403.892;464.115;868.007;0;112.165;0;1.981.837;;;
2017;Bahía de Cádiz;Embarque;Solo tránsito;241.850;19.600;17.912;32;17.944;0;0;0;279.394;;;
2017;Bahía de Cádiz;Transbordo;Incluido tránsito;0;16.450;48.055;0;48.055;0;0;0;64.505;;;
2017;Baleares;Desembarque;Incluido tránsito;1.553.351;1.414.329;7.344.967;636.643;7.981.610;3.004;0;0;10.952.294;;;
2017;Baleares;Desembarque;Solo tránsito;0;0;6.198;381;6.579;0;0;0;6.579;;;
2017;Baleares;Embarque;Incluido tránsito;0;196.322;4.086.315;176.875;4.263.190;0;236.555;1.082;4.697.149;;;
2017;Baleares;Embarque;Solo tránsito;0;0;97.398;2.771;100.169;0;0;0;100.169;;;
2017;Baleares;Transbordo;Incluido tránsito;0;0;0;0;0;0;0;0;0;;;
2017;Barcelona;Desembarque;Incluido tránsito;10.897.097;2.277.545;4.491.732;13.380.951;17.872.683;2.961;0;0;31.050.286;;;
2017;Barcelona;Desembarque;Solo tránsito;2.419.556;0;128.074;6.331.183;6.459.257;0;0;0;8.878.813;;;
2017;Barcelona;Embarque;Incluido tránsito;3.586.526;2.188.092;6.717.917;16.530.273;23.248.190;0;1.293.845;0;30.316.653;;;
2017;Barcelona;Embarque;Solo tránsito;2.996.205;0;153.768;6.143.986;6.297.754;0;0;0;9.293.959;;;
2017;Barcelona;Transbordo;Incluido tránsito;0;0;0;0;0;0;0;0;0;;;
2017;Bilbao;Desembarque;Incluido tránsito;14.754.609;2.114.690;2.322.510;2.445.486;4.767.996;0;0;0;21.637.295;;;
2017;Bilbao;Desembarque;Solo tránsito;67.164;0;177;22.760;22.937;0;0;0;90.101;;;
2017;Bilbao;Embarque;Incluido tránsito;5.029.231;2.428.474;1.080.906;4.019.075;5.099.981;0;111.692;0;12.669.378;;;
2017;Bilbao;Embarque;Solo tránsito;0;0;177;13.253;13.430;0;0;0;13.430;;;
2017;Bilbao;Transbordo;Incluido tránsito;0;0;0;0;0;0;0;0;0;;;
2017;Cartagena;Desembarque;Incluido tránsito;19.562.890;3.949.863;151.372;544.730;696.102;517;0;0;24.209.372;;;
2017;Cartagena;Desembarque;Solo tránsito;0;0;0;0;0;0;0;0;0;;;
2017;Cartagena;Embarque;Incluido tránsito;7.515.412;1.870.476;157.372;678.874;836.246;0;155.335;0;10.377.469;;;
2017;Cartagena;Embarque;Solo tránsito;0;0;0;0;0;0;0;0;0;;;
2017;Cartagena;Transbordo;Incluido tránsito;99.606;0;1.751;0;1.751;0;0;0;101.357;;;
2017;Castellón;Desembarque;Incluido tránsito;5.686.677;5.587.225;136.199;579.469;715.668;4.291;0;0;11.993.861;;;
2017;Castellón;Desembarque;Solo tránsito;0;0;290;240.616;240.906;0;0;0;240.906;;;
2017;Castellón;Embarque;Incluido tránsito;2.147.907;876.491;171.064;2.697.151;2.868.215;0;24.058;0;5.916.671;;;
2017;Castellón;Embarque;Solo tránsito;0;0;5.763;252.305;258.068;0;0;0;258.068;;;
2017;Castellón;Transbordo;Incluido tránsito;0;0;0;0;0;0;0;0;0;;;
2017;Ceuta;Desembarque;Incluido tránsito;850.707;17.469;492.934;57.392;550.326;28;0;0;1.418.530;;;
2017;Ceuta;Desembarque;Solo tránsito;0;0;0;0;0;0;0;0;0;;;
2017;Ceuta;Embarque;Incluido tránsito;144.091;0;250.678;67.825;318.503;0;664.429;0;1.127.023;;;
2017;Ceuta;Embarque;Solo tránsito;0;0;0;0;0;0;0;0;0;;;
2017;Ceuta;Transbordo;Incluido tránsito;0;0;0;0;0;0;0;0;0;;;
2017;Ferrol-San Cibrao;Desembarque;Incluido tránsito;1.632.969;9.081.913;98.431;559;98.990;219;0;13.094;10.827.185;;;
2017;Ferrol-San Cibrao;Desembarque;Solo tránsito;0;44.000;582;0;582;0;0;0;44.582;;;
2017;Ferrol-San Cibrao;Embarque;Incluido tránsito;661.367;1.373.899;678.351;1.676;680.027;0;20.265;2.260;2.737.818;;;
2017;Ferrol-San Cibrao;Embarque;Solo tránsito;0;21.271;779;0;779;0;0;0;22.050;;;
2017;Ferrol-San Cibrao;Transbordo;Incluido tránsito;18.692;0;406;0;406;0;0;0;19.098;;;
2017;Gijón;Desembarque;Incluido tránsito;865.135;16.285.267;150.406;383.498;533.904;7.365;0;0;17.691.671;;;
2017;Gijón;Desembarque;Solo tránsito;0;0;0;0;0;0;0;0;0;;;
2017;Gijón;Embarque;Incluido tránsito;32.802;2.935.154;558.126;525.847;1.083.973;0;76.911;8;4.128.848;;;
2017;Gijón;Embarque;Solo tránsito;0;167.554;0;0;0;0;0;0;167.554;;;
2017;Gijón;Transbordo;Incluido tránsito;0;0;0;0;0;0;0;0;0;;;
2017;Huelva;Desembarque;Incluido tránsito;16.558.448;3.856.519;53.110;114.411;167.521;2.010;0;2.805;20.587.303;;;
2017;Huelva;Desembarque;Solo tránsito;1.153.955;379.766;0;5.524;5.524;0;0;0;1.539.245;;;
2017;Huelva;Embarque;Incluido tránsito;8.343.045;2.630.858;232.518;385.409;617.927;0;147.574;2.811;11.742.215;;;
2017;Huelva;Embarque;Solo tránsito;1.085.626;243.779;0;5.236;5.236;0;0;0;1.334.641;;;
2017;Huelva;Transbordo;Incluido tránsito;3.055;0;0;0;0;0;0;0;3.055;;;
2017;Las Palmas;Desembarque;Incluido tránsito;5.504.312;536.145;1.950.530;7.306.576;9.257.106;708;0;0;15.298.271;;;
2017;Las Palmas;Desembarque;Solo tránsito;1.251.104;119.201;210.629;4.257.254;4.467.883;0;0;0;5.838.188;;;
2017;Las Palmas;Embarque;Incluido tránsito;1.345.182;23.454;2.173.204;5.500.387;7.673.591;0;2.678.808;0;11.721.035;;;
2017;Las Palmas;Embarque;Solo tránsito;659.976;0;208.514;4.204.232;4.412.746;0;0;0;5.072.722;;;
2017;Las Palmas;Transbordo;Incluido tránsito;19;0;2.308;0;2.308;0;0;0;2.327;;;
2017;Marín y Ría de Pontevedra;Desembarque;Incluido tránsito;0;904.362;206.590;437.738;644.328;1.945;0;0;1.550.635;;;
2017;Marín y Ría de Pontevedra;Desembarque;Solo tránsito;0;0;22;56.728;56.750;0;0;0;56.750;;;
2017;Marín y Ría de Pontevedra;Embarque;Incluido tránsito;0;11.450;479.070;461.708;940.778;0;20.190;0;972.418;;;
2017;Marín y Ría de Pontevedra;Embarque;Solo tránsito;0;0;0;38.532;38.532;0;0;0;38.532;;;
2017;Marín y Ría de Pontevedra;Transbordo;Incluido tránsito;0;0;0;0;0;0;0;0;0;;;
2017;Melilla;Desembarque;Incluido tránsito;78.648;7.348;578.481;235.846;814.327;0;0;0;900.323;;;
2017;Melilla;Desembarque;Solo tránsito;0;0;0;0;0;0;0;0;0;;;
2017;Melilla;Embarque;Incluido tránsito;0;24;202.757;44.131;246.888;0;5.320;0;252.232;;;
2017;Melilla;Embarque;Solo tránsito;0;0;0;58;58;0;0;0;58;;;
2017;Melilla;Transbordo;Incluido tránsito;0;0;0;0;0;0;0;0;0;;;
2017;Motril;Desembarque;Incluido tránsito;1.049.953;237.088;292.154;37.853;330.007;1.710;0;0;1.618.758;;;
2017;Motril;Desembarque;Solo tránsito;0;0;0;0;0;0;0;0;0;;;
2017;Motril;Embarque;Incluido tránsito;0;273.025;382.337;62.419;444.756;0;25.612;0;743.393;;;
2017;Motril;Embarque;Solo tránsito;0;0;0;0;0;0;0;0;0;;;
2017;Motril;Transbordo;Incluido tránsito;0;0;0;0;0;0;0;0;0;;;
2017;Málaga;Desembarque;Incluido tránsito;74.370;696.206;160.059;228.588;388.647;501;0;0;1.159.724;;;
2017;Málaga;Desembarque;Solo tránsito;2.483;0;469;91.576;92.045;0;0;0;94.528;;;
2017;Málaga;Embarque;Incluido tránsito;60.138;978.892;338.049;260.169;598.218;0;108.347;0;1.745.595;;;
2017;Málaga;Embarque;Solo tránsito;5.831;0;469;87.319;87.788;0;0;0;93.619;;;
2017;Málaga;Transbordo;Incluido tránsito;16.982;0;0;0;0;0;0;0;16.982;;;
2017;Pasaia;Desembarque;Incluido tránsito;0;761.281;902.921;26;902.947;25.989;0;0;1.690.217;;;
2017;Pasaia;Desembarque;Solo tránsito;0;0;5.552;0;5.552;0;0;0;5.552;;;
2017;Pasaia;Embarque;Incluido tránsito;0;73.159;1.182.266;85;1.182.351;0;29.072;0;1.284.582;;;
2017;Pasaia;Embarque;Solo tránsito;0;0;5.552;0;5.552;0;0;0;5.552;;;
2017;Pasaia;Transbordo;Incluido tránsito;0;0;0;0;0;0;0;0;0;;;
2017;Santa Cruz de Tenerife;Desembarque;Incluido tránsito;3.705.118;394.196;1.860.146;2.492.588;4.352.734;5.922;0;0;8.457.970;;;
2017;Santa Cruz de Tenerife;Desembarque;Solo tránsito;0;0;6.117;326.553;332.670;0;0;0;332.670;;;
2017;Santa Cruz de Tenerife;Embarque;Incluido tránsito;1.432.761;19.357;1.831.038;1.207.360;3.038.398;0;725.736;656;5.216.908;;;
2017;Santa Cruz de Tenerife;Embarque;Solo tránsito;0;0;3.644;316.260;319.904;0;0;0;319.904;;;
2017;Santa Cruz de Tenerife;Transbordo;Incluido tránsito;0;0;0;0;0;0;0;0;0;;;
2017;Santander;Desembarque;Incluido tránsito;120.652;2.440.011;773.799;39.649;813.448;4.057;0;0;3.378.168;;;
2017;Santander;Desembarque;Solo tránsito;0;0;2.773;0;2.773;0;0;0;2.773;;;
2017;Santander;Embarque;Incluido tránsito;113.842;1.036.260;1.032.863;41.576;1.074.439;0;19.662;0;2.244.203;;;
2017;Santander;Embarque;Solo tránsito;0;1.800;3.019;0;3.019;0;0;0;4.819;;;
2017;Santander;Transbordo;Incluido tránsito;0;0;0;0;0;0;0;0;0;;;
2017;Sevilla;Desembarque;Incluido tránsito;399.835;1.670.065;289.476;239.416;528.892;0;0;0;2.598.792;;;
2017;Sevilla;Desembarque;Solo tránsito;0;0;0;0;0;0;0;0;0;;;
2017;Sevilla;Embarque;Incluido tránsito;22.918;531.556;734.723;637.672;1.372.395;0;32.918;0;1.959.787;;;
2017;Sevilla;Embarque;Solo tránsito;0;0;0;0;0;0;0;0;0;;;
2017;Sevilla;Transbordo;Incluido tránsito;0;0;0;0;0;0;0;0;0;;;
2017;Tarragona;Desembarque;Incluido tránsito;16.171.911;7.802.662;1.104.703;256.883;1.361.586;3.669;0;0;25.339.828;;;
2017;Tarragona;Desembarque;Solo tránsito;474.907;931.942;118.688;13.399;132.087;0;0;0;1.538.936;;;
2017;Tarragona;Embarque;Incluido tránsito;5.843.946;1.702.770;383.278;334.800;718.078;0;75.563;0;8.340.357;;;
2017;Tarragona;Embarque;Solo tránsito;620.870;974.069;99.255;15.506;114.761;0;0;0;1.709.700;;;
2017;Tarragona;Transbordo;Incluido tránsito;20.000;0;0;0;0;0;0;0;20.000;;;
2017;Valencia;Desembarque;Incluido tránsito;2.686.068;1.614.836;5.183.635;24.619.730;29.803.365;1.937;0;0;34.106.206;;;
2017;Valencia;Desembarque;Solo tránsito;267.984;0;53.472;16.861.000;16.914.472;0;0;0;17.182.456;;;
2017;Valencia;Embarque;Incluido tránsito;517.419;664.021;6.604.878;31.358.886;37.963.764;0;308.467;0;39.453.671;;;
2017;Valencia;Embarque;Solo tránsito;262.075;0;52.065;16.660.539;16.712.604;0;0;0;16.974.679;;;
2017;Valencia;Transbordo;Incluido tránsito;0;0;0;0;0;0;0;0;0;;;
2017;Vigo;Desembarque;Incluido tránsito;67.776;261.587;388.301;1.292.727;1.681.028;89.127;0;0;2.099.518;;;
2017;Vigo;Desembarque;Solo tránsito;0;0;53.961;79.547;133.508;0;0;0;133.508;;;
2017;Vigo;Embarque;Incluido tránsito;0;22;659.127;1.297.684;1.956.811;0;171.736;5.604;2.134.173;;;
2017;Vigo;Embarque;Solo tránsito;0;22;40.227;77.060;117.287;0;0;0;117.309;;;
2017;Vigo;Transbordo;Incluido tránsito;0;0;0;0;0;0;0;0;0;;;
2017;Vilagarcía;Desembarque;Incluido tránsito;154.511;336.432;142.846;58.276;201.122;0;0;0;692.065;;;
2017;Vilagarcía;Desembarque;Solo tránsito;0;0;0;36;36;0;0;0;36;;;
2017;Vilagarcía;Embarque;Incluido tránsito;39.176;84.669;150.203;235.646;385.849;0;4.207;0;513.901;;;
2017;Vilagarcía;Embarque;Solo tránsito;39.176;0;0;0;0;0;0;0;39.176;;;
2017;Vilagarcía;Transbordo;Incluido tránsito;0;0;0;0;0;0;0;0;0;;;
2018;A Coruña;Desembarque;Incluido tránsito;6.459.331;4.090.176;549.655;52;549.707;42.358;0;0;11.141.572;;;
2018;A Coruña;Desembarque;Solo tránsito;0;14.482;0;0;0;0;0;0;14.482;;;
2018;A Coruña;Embarque;Incluido tránsito;2.877.986;762.886;552.000;2;552.002;0;83.873;285.484;4.562.231;;;
2018;A Coruña;Embarque;Solo tránsito;0;0;0;0;0;0;0;0;0;;;
2018;A Coruña;Transbordo;Incluido tránsito;0;0;0;0;0;0;0;0;0;;;
2018;Alicante;Desembarque;Incluido tránsito;58.203;293.431;119.694;367.183;486.877;2.006;0;0;840.517;;;
2018;Alicante;Desembarque;Solo tránsito;0;0;0;5.175;5.175;0;0;0;5.175;;;
2018;Alicante;Embarque;Incluido tránsito;2.559;1.299.240;142.977;878.063;1.021.040;0;27.809;0;2.350.648;;;
2018;Alicante;Embarque;Solo tránsito;0;0;0;6.155;6.155;0;0;0;6.155;;;
2018;Alicante;Transbordo;Incluido tránsito;0;0;0;0;0;0;0;0;0;;;
2018;Almería;Desembarque;Incluido tránsito;16.012;3.324.912;196.562;46.211;242.773;4.264;0;0;3.587.961;;;
2018;Almería;Desembarque;Solo tránsito;0;0;0;0;0;0;0;0;0;;;
2018;Almería;Embarque;Incluido tránsito;27.799;3.012.104;295.223;46.509;341.732;0;90.959;0;3.472.594;;;
2018;Almería;Embarque;Solo tránsito;0;0;0;0;0;0;0;0;0;;;
2018;Almería;Transbordo;Incluido tránsito;0;0;0;0;0;0;0;0;0;;;
2018;Avilés;Desembarque;Incluido tránsito;387.363;2.358.050;400.430;0;400.430;12.546;0;0;3.158.389;;;
2018;Avilés;Desembarque;Solo tránsito;2.613;17.840;2.918;0;2.918;0;0;0;23.371;;;
2018;Avilés;Embarque;Incluido tránsito;232.743;815.763;773.161;52;773.213;0;44.753;0;1.866.472;;;
2018;Avilés;Embarque;Solo tránsito;2.613;26.022;0;0;0;0;0;0;28.635;;;
2018;Avilés;Transbordo;Incluido tránsito;0;0;0;0;0;0;0;0;0;;;
2018;Bahía de Algeciras;Desembarque;Incluido tránsito;20.080.938;1.628.897;4.079.328;29.712.635;33.791.963;879;0;98.807;55.601.484;;;
2018;Bahía de Algeciras;Desembarque;Solo tránsito;6.568.233;276.755;255.862;27.780.932;28.036.794;0;0;0;34.881.782;;;
2018;Bahía de Algeciras;Embarque;Incluido tránsito;11.682.123;89.542;4.389.692;30.880.774;35.270.466;0;2.541.866;2.175.548;51.759.545;;;
2018;Bahía de Algeciras;Embarque;Solo tránsito;6.916.128;0;432.902;27.507.078;27.939.980;0;0;0;34.856.108;;;
2018;Bahía de Algeciras;Transbordo;Incluido tránsito;0;0;0;0;0;0;0;0;0;;;
2018;Bahía de Cádiz;Desembarque;Incluido tránsito;280.652;1.066.767;538.058;68.799;606.857;17.693;0;0;1.971.969;;;
2018;Bahía de Cádiz;Desembarque;Solo tránsito;280.433;40.050;2.427;6.531;8.958;0;0;0;329.441;;;
2018;Bahía de Cádiz;Embarque;Incluido tránsito;402.055;664.246;471.893;309.325;781.218;0;99.158;0;1.946.677;;;
2018;Bahía de Cádiz;Embarque;Solo tránsito;293.887;40.050;2.433;51;2.484;0;0;0;336.421;;;
2018;Bahía de Cádiz;Transbordo;Incluido tránsito;4.279;5.202;27.388;0;27.388;0;0;0;36.869;;;
2018;Baleares;Desembarque;Incluido tránsito;1.695.542;1.259.463;8.042.119;497.265;8.539.384;2.903;0;0;11.497.292;;;
2018;Baleares;Desembarque;Solo tránsito;2.153;0;101;51;152;0;0;0;2.305;;;
2018;Baleares;Embarque;Incluido tránsito;26;155.938;4.392.542;163.908;4.556.450;0;243.907;0;4.956.321;;;
2018;Baleares;Embarque;Solo tránsito;0;0;3.636;128;3.764;0;0;0;3.764;;;
2018;Baleares;Transbordo;Incluido tránsito;0;0;0;0;0;0;0;0;0;;;
2018;Barcelona;Desembarque;Incluido tránsito;12.222.343;2.257.864;4.659.440;15.824.757;20.484.197;3.172;0;0;34.967.576;;;
2018;Barcelona;Desembarque;Solo tránsito;2.845.831;0;89.385;8.466.295;8.555.680;0;0;0;11.401.511;;;
2018;Barcelona;Embarque;Incluido tránsito;3.076.006;1.999.162;6.890.230;18.965.323;25.855.553;0;1.857.961;0;32.788.682;;;
2018;Barcelona;Embarque;Solo tránsito;2.646.055;0;101.577;8.176.213;8.277.790;0;0;0;10.923.845;;;
2018;Barcelona;Transbordo;Incluido tránsito;0;0;0;0;0;0;0;0;0;;;
2018;Bilbao;Desembarque;Incluido tránsito;15.095.463;2.121.733;2.406.600;2.690.436;5.097.036;0;0;110;22.314.342;;;
2018;Bilbao;Desembarque;Solo tránsito;0;2.020;1.265;11.527;12.792;0;0;0;14.812;;;
2018;Bilbao;Embarque;Incluido tránsito;5.395.080;2.636.161;1.120.759;4.117.256;5.238.015;0;111.691;110;13.381.057;;;
2018;Bilbao;Embarque;Solo tránsito;0;2.020;51;9.343;9.394;0;0;0;11.414;;;
2018;Bilbao;Transbordo;Incluido tránsito;0;0;0;0;0;0;0;0;0;;;
2018;Cartagena;Desembarque;Incluido tránsito;19.413.193;4.257.792;164.537;589.807;754.344;480;0;0;24.425.809;;;
2018;Cartagena;Desembarque;Solo tránsito;0;0;2;300;302;0;0;0;302;;;
2018;Cartagena;Embarque;Incluido tránsito;6.262.981;2.338.972;165.064;539.750;704.814;0;207.922;0;9.514.689;;;
2018;Cartagena;Embarque;Solo tránsito;0;0;0;0;0;0;0;0;0;;;
2018;Cartagena;Transbordo;Incluido tránsito;0;0;1.192;0;1.192;0;0;0;1.192;;;
2018;Castellón;Desembarque;Incluido tránsito;6.904.780;6.098.945;74.164;415.640;489.804;5.415;0;0;13.498.944;;;
2018;Castellón;Desembarque;Solo tránsito;0;0;5;47.651;47.656;0;0;0;47.656;;;
2018;Castellón;Embarque;Incluido tránsito;3.489.054;1.326.470;165.371;2.633.334;2.798.705;0;24.455;0;7.638.684;;;
2018;Castellón;Embarque;Solo tránsito;0;0;229;42.279;42.508;0;0;0;42.508;;;
2018;Castellón;Transbordo;Incluido tránsito;0;0;0;0;0;0;0;0;0;;;
2018;Ceuta;Desembarque;Incluido tránsito;768.177;31.893;480.142;54.626;534.768;41;0;0;1.334.879;;;
2018;Ceuta;Desembarque;Solo tránsito;0;0;427;1.248;1.675;0;0;0;1.675;;;
2018;Ceuta;Embarque;Incluido tránsito;65.924;0;246.986;63.656;310.642;0;736.993;0;1.113.559;;;
2018;Ceuta;Embarque;Solo tránsito;0;0;0;0;0;0;0;0;0;;;
2018;Ceuta;Transbordo;Incluido tránsito;0;0;0;0;0;0;0;0;0;;;
2018;Ferrol-San Cibrao;Desembarque;Incluido tránsito;1.724.812;9.403.135;98.864;10.532;109.396;256;0;2.947;11.240.546;;;
2018;Ferrol-San Cibrao;Desembarque;Solo tránsito;0;0;0;0;0;0;0;0;0;;;
2018;Ferrol-San Cibrao;Embarque;Incluido tránsito;423.967;1.350.340;618.922;33.618;652.540;0;28.070;1.872;2.456.789;;;
2018;Ferrol-San Cibrao;Embarque;Solo tránsito;0;18.804;522;0;522;0;0;0;19.326;;;
2018;Ferrol-San Cibrao;Transbordo;Incluido tránsito;6.844;3.505;140;0;140;0;0;0;10.489;;;
2018;Gijón;Desembarque;Incluido tránsito;730.057;14.540.410;130.258;400.469;530.727;5.070;0;400;15.806.664;;;
2018;Gijón;Desembarque;Solo tránsito;0;0;0;0;0;0;0;0;0;;;
2018;Gijón;Embarque;Incluido tránsito;39.415;2.652.859;595.241;564.815;1.160.056;0;40.051;400;3.892.781;;;
2018;Gijón;Embarque;Solo tránsito;0;152.752;0;0;0;0;0;0;152.752;;;
2018;Gijón;Transbordo;Incluido tránsito;0;0;0;0;0;0;0;0;0;;;
2018;Huelva;Desembarque;Incluido tránsito;16.408.394;3.934.950;65.105;123.619;188.724;1.903;0;6.478;20.540.449;;;
2018;Huelva;Desembarque;Solo tránsito;1.988.201;443.848;3.159;8.669;11.828;0;0;0;2.443.877;;;
2018;Huelva;Embarque;Incluido tránsito;8.711.537;2.727.449;325.435;470.595;796.030;0;184.903;6.497;12.426.416;;;
2018;Huelva;Embarque;Solo tránsito;1.761.327;360.785;5.002;8.914;13.916;0;0;0;2.136.028;;;
2018;Huelva;Transbordo;Incluido tránsito;0;0;0;0;0;0;0;0;0;;;
2018;Las Palmas;Desembarque;Incluido tránsito;5.621.713;457.027;2.080.119;7.011.584;9.091.703;1.205;0;0;15.171.648;;;
2018;Las Palmas;Desembarque;Solo tránsito;1.741.431;740;224.822;3.999.519;4.224.341;0;0;0;5.966.512;;;
2018;Las Palmas;Embarque;Incluido tránsito;1.506.516;17.186;2.401.473;5.226.742;7.628.215;0;2.630.374;8;11.782.299;;;
2018;Las Palmas;Embarque;Solo tránsito;900.387;11.502;220.018;3.915.476;4.135.494;0;0;0;5.047.383;;;
2018;Las Palmas;Transbordo;Incluido tránsito;20.232;0;3;0;3;0;0;0;20.235;;;
2018;Marín y Ría de Pontevedra;Desembarque;Incluido tránsito;4;917.268;223.275;485.224;708.499;1.744;0;0;1.627.515;;;
2018;Marín y Ría de Pontevedra;Desembarque;Solo tránsito;0;0;0;26.439;26.439;0;0;0;26.439;;;
2018;Marín y Ría de Pontevedra;Embarque;Incluido tránsito;0;12.938;420.825;454.554;875.379;0;25.900;0;914.217;;;
2018;Marín y Ría de Pontevedra;Embarque;Solo tránsito;0;0;0;16.970;16.970;0;0;0;16.970;;;
2018;Marín y Ría de Pontevedra;Transbordo;Incluido tránsito;0;0;0;0;0;0;0;0;0;;;
2018;Melilla;Desembarque;Incluido tránsito;76.234;5.202;439.709;143.923;583.632;0;0;0;665.068;;;
2018;Melilla;Desembarque;Solo tránsito;0;0;0;0;0;0;0;0;0;;;
2018;Melilla;Embarque;Incluido tránsito;0;49;174.808;28.137;202.945;0;5.467;0;208.461;;;
2018;Melilla;Embarque;Solo tránsito;0;0;0;0;0;0;0;0;0;;;
2018;Melilla;Transbordo;Incluido tránsito;0;0;0;0;0;0;0;0;0;;;
2018;Motril;Desembarque;Incluido tránsito;1.341.418;211.709;384.520;1.089;385.609;1.550;0;0;1.940.286;;;
2018;Motril;Desembarque;Solo tránsito;0;0;0;0;0;0;0;0;0;;;
2018;Motril;Embarque;Incluido tránsito;0;346.785;532.753;1.596;534.349;0;31.476;0;912.610;;;
2018;Motril;Embarque;Solo tránsito;0;0;0;0;0;0;0;0;0;;;
2018;Motril;Transbordo;Incluido tránsito;0;0;0;0;0;0;0;0;0;;;
2018;Málaga;Desembarque;Incluido tránsito;29.867;759.444;189.160;448.818;637.978;647;0;0;1.427.936;;;
2018;Málaga;Desembarque;Solo tránsito;8.846;0;2.023;284.936;286.959;0;0;0;295.805;;;
2018;Málaga;Embarque;Incluido tránsito;43.855;935.232;313.428;486.938;800.366;0;97.594;0;1.877.047;;;
2018;Málaga;Embarque;Solo tránsito;5.768;0;2.023;264.243;266.266;0;0;0;272.034;;;
2018;Málaga;Transbordo;Incluido tránsito;7.670;7.544;0;0;0;0;0;0;15.214;;;
2018;Pasaia;Desembarque;Incluido tránsito;0;824.993;908.204;0;908.204;24.638;0;0;1.757.835;;;
2018;Pasaia;Desembarque;Solo tránsito;0;0;5.910;0;5.910;0;0;0;5.910;;;
2018;Pasaia;Embarque;Incluido tránsito;0;178.050;1.177.251;98;1.177.349;0;25.087;0;1.380.486;;;
2018;Pasaia;Embarque;Solo tránsito;0;0;5.910;0;5.910;0;0;0;5.910;;;
2018;Pasaia;Transbordo;Incluido tránsito;0;0;0;0;0;0;0;0;0;;;
2018;Santa Cruz de Tenerife;Desembarque;Incluido tránsito;3.459.270;417.585;1.946.643;2.457.491;4.404.134;5.486;0;2;8.286.477;;;
2018;Santa Cruz de Tenerife;Desembarque;Solo tránsito;0;0;4.954;258.212;263.166;0;0;0;263.166;;;
2018;Santa Cruz de Tenerife;Embarque;Incluido tránsito;1.032.314;29.341;1.830.969;1.173.977;3.004.946;0;685.587;496;4.752.684;;;
2018;Santa Cruz de Tenerife;Embarque;Solo tránsito;0;0;3.121;262.803;265.924;0;0;0;265.924;;;
2018;Santa Cruz de Tenerife;Transbordo;Incluido tránsito;10.252;0;2.049;294;2.343;0;0;0;12.595;;;
2018;Santander;Desembarque;Incluido tránsito;183.861;2.201.980;1.014.937;65.110;1.080.047;5.070;0;0;3.470.958;;;
2018;Santander;Desembarque;Solo tránsito;0;0;10.837;0;10.837;0;0;0;10.837;;;
2018;Santander;Embarque;Incluido tránsito;155.650;1.111.929;1.152.110;71.539;1.223.649;0;22.207;0;2.513.435;;;
2018;Santander;Embarque;Solo tránsito;0;0;1.328;0;1.328;0;0;0;1.328;;;
2018;Santander;Transbordo;Incluido tránsito;0;0;0;0;0;0;0;0;0;;;
2018;Sevilla;Desembarque;Incluido tránsito;255.609;1.592.900;253.634;297.610;551.244;0;0;0;2.399.753;;;
2018;Sevilla;Desembarque;Solo tránsito;0;0;0;0;0;0;0;0;0;;;
2018;Sevilla;Embarque;Incluido tránsito;13.407;578.301;736.470;685.516;1.421.986;0;22.872;0;2.036.566;;;
2018;Sevilla;Embarque;Solo tránsito;0;0;0;0;0;0;0;0;0;;;
2018;Sevilla;Transbordo;Incluido tránsito;0;0;0;0;0;0;0;0;0;;;
2018;Tarragona;Desembarque;Incluido tránsito;15.273.416;8.107.194;1.289.138;274.010;1.563.148;3.626;0;0;24.947.384;;;
2018;Tarragona;Desembarque;Solo tránsito;241.772;1.054.487;159.559;349;159.908;0;0;0;1.456.167;;;
2018;Tarragona;Embarque;Incluido tránsito;4.565.862;1.881.070;322.533;282.207;604.740;0;79.685;0;7.131.357;;;
2018;Tarragona;Embarque;Solo tránsito;247.546;836.947;127.025;334;127.359;0;0;0;1.211.852;;;
2018;Tarragona;Transbordo;Incluido tránsito;5.098;0;486;0;486;0;0;0;5.584;;;
2018;Valencia;Desembarque;Incluido tránsito;1.416.465;1.901.954;6.304.304;26.095.834;32.400.138;2.894;0;0;35.721.451;;;
2018;Valencia;Desembarque;Solo tránsito;248.110;20.332;35.615;17.521.687;17.557.302;0;0;0;17.825.744;;;
2018;Valencia;Embarque;Incluido tránsito;493.227;642.121;7.781.631;31.789.974;39.571.605;0;192.697;0;40.899.650;;;
2018;Valencia;Embarque;Solo tránsito;256.171;15.347;33.165;17.182.623;17.215.788;0;0;0;17.487.306;;;
2018;Valencia;Transbordo;Incluido tránsito;0;0;0;0;0;0;0;0;0;;;
2018;Vigo;Desembarque;Incluido tránsito;93.912;271.820;454.477;1.336.819;1.791.296;78.169;0;0;2.235.197;;;
2018;Vigo;Desembarque;Solo tránsito;0;0;41.187;83.595;124.782;0;0;0;124.782;;;
2018;Vigo;Embarque;Incluido tránsito;0;0;647.760;1.331.022;1.978.782;0;148.448;0;2.127.230;;;
2018;Vigo;Embarque;Solo tránsito;0;0;37.250;82.686;119.936;0;0;0;119.936;;;
2018;Vigo;Transbordo;Incluido tránsito;0;0;0;0;0;0;0;0;0;;;
2018;Vilagarcía;Desembarque;Incluido tránsito;167.809;320.221;137.604;71.798;209.402;0;0;0;697.432;;;
2018;Vilagarcía;Desembarque;Solo tránsito;0;0;0;152;152;0;0;0;152;;;
2018;Vilagarcía;Embarque;Incluido tránsito;0;127.995;149.666;232.484;382.150;0;3.729;0;513.874;;;
2018;Vilagarcía;Embarque;Solo tránsito;0;0;0;25;25;0;0;0;25;;;
2018;Vilagarcía;Transbordo;Incluido tránsito;0;0;0;0;0;0;0;0;0;;;
2019;A Coruña;Desembarque;Incluido tránsito;6.466.101;2.723.060;565.979;35;566.014;35.924;0;0;9.791.099;;;
2019;A Coruña;Desembarque;Solo tránsito;0;40.180;2.613;0;2.613;0;0;0;42.793;;;
2019;A Coruña;Embarque;Incluido tránsito;2.504.229;751.508;440.142;0;440.142;0;76.142;133.707;3.905.728;;;
2019;A Coruña;Embarque;Solo tránsito;0;0;0;0;0;0;0;0;0;;;
2019;A Coruña;Transbordo;Incluido tránsito;0;0;0;0;0;0;0;0;0;;;
2019;Alicante;Desembarque;Incluido tránsito;31.579;320.630;58.837;379.226;438.063;867;0;0;791.139;;;
2019;Alicante;Desembarque;Solo tránsito;0;0;0;3.398;3.398;0;0;0;3.398;;;
2019;Alicante;Embarque;Incluido tránsito;0;1.120.435;126.843;858.602;985.445;0;21.965;27;2.127.872;;;
2019;Alicante;Embarque;Solo tránsito;0;0;0;3.398;3.398;0;0;0;3.398;;;
2019;Alicante;Transbordo;Incluido tránsito;0;0;0;0;0;0;0;0;0;;;
2019;Almería;Desembarque;Incluido tránsito;12.264;1.502.292;277.015;224.746;501.761;4.164;0;0;2.020.481;;;
2019;Almería;Desembarque;Solo tránsito;0;0;0;117;117;0;0;0;117;;;
2019;Almería;Embarque;Incluido tránsito;44.443;2.909.637;426.184;160.948;587.132;0;77.909;0;3.619.121;;;
2019;Almería;Embarque;Solo tránsito;0;0;0;248;248;0;0;0;248;;;
2019;Almería;Transbordo;Incluido tránsito;0;0;0;0;0;0;0;0;0;;;
2019;Avilés;Desembarque;Incluido tránsito;401.558;1.921.679;565.217;0;565.217;12.495;0;0;2.900.949;;;
2019;Avilés;Desembarque;Solo tránsito;0;0;0;0;0;0;0;0;0;;;
2019;Avilés;Embarque;Incluido tránsito;316.391;875.677;1.007.217;2;1.007.219;0;45.791;0;2.245.078;;;
2019;Avilés;Embarque;Solo tránsito;0;24.061;0;0;0;0;0;0;24.061;;;
2019;Avilés;Transbordo;Incluido tránsito;0;0;0;0;0;0;0;0;0;;;
2019;Bahía de Algeciras;Desembarque;Incluido tránsito;19.137.740;858.194;4.478.168;31.560.734;36.038.902;937;0;104.776;56.140.549;;;
2019;Bahía de Algeciras;Desembarque;Solo tránsito;6.781.062;113.693;278.196;29.303.319;29.581.515;0;0;0;36.476.270;;;
2019;Bahía de Algeciras;Embarque;Incluido tránsito;11.438.468;115.637;4.558.671;32.722.575;37.281.246;0;2.398.322;2.028.966;53.262.639;;;
2019;Bahía de Algeciras;Embarque;Solo tránsito;7.596.337;33.550;453.604;29.126.000;29.579.604;0;0;0;37.209.491;;;
2019;Bahía de Algeciras;Transbordo;Incluido tránsito;865;0;0;11.000;11.000;0;0;0;11.865;;;
2019;Bahía de Cádiz;Desembarque;Incluido tránsito;652.310;1.124.148;438.060;78.191;516.251;15.919;0;0;2.308.628;;;
2019;Bahía de Cádiz;Desembarque;Solo tránsito;652.309;62.849;5.101;0;5.101;0;0;0;720.259;;;
2019;Bahía de Cádiz;Embarque;Incluido tránsito;679.568;734.860;333.232;289.658;622.890;0;85.241;0;2.122.559;;;
2019;Bahía de Cádiz;Embarque;Solo tránsito;598.201;62.849;0;1.724;1.724;0;0;0;662.774;;;
2019;Bahía de Cádiz;Transbordo;Incluido tránsito;0;0;12.205;0;12.205;0;0;0;12.205;;;
2019;Baleares;Desembarque;Incluido tránsito;1.543.505;1.168.307;8.658.611;302.771;8.961.382;2.586;0;0;11.675.780;;;
2019;Baleares;Desembarque;Solo tránsito;0;0;92;0;92;0;0;0;92;;;
2019;Baleares;Embarque;Incluido tránsito;1.933;55.299;4.637.042;156.231;4.793.273;0;285.890;0;5.136.395;;;
2019;Baleares;Embarque;Solo tránsito;0;0;5.576;118;5.694;0;0;0;5.694;;;
2019;Baleares;Transbordo;Incluido tránsito;0;0;0;0;0;0;0;0;0;;;
2019;Barcelona;Desembarque;Incluido tránsito;12.971.325;2.324.462;4.661.071;15.508.653;20.169.724;3.575;0;0;35.469.086;;;
2019;Barcelona;Desembarque;Solo tránsito;3.061.430;0;136.060;8.241.139;8.377.199;0;0;0;11.438.629;;;
2019;Barcelona;Embarque;Incluido tránsito;3.160.894;1.746.923;6.910.671;18.674.087;25.584.758;0;1.731.725;0;32.224.300;;;
2019;Barcelona;Embarque;Solo tránsito;2.879.583;0;146.118;8.049.155;8.195.273;0;0;0;11.074.856;;;
2019;Barcelona;Transbordo;Incluido tránsito;0;0;0;0;0;0;0;0;0;;;
2019;Bilbao;Desembarque;Incluido tránsito;16.285.992;2.031.538;2.068.715;2.676.667;4.745.382;0;0;0;23.062.912;;;
2019;Bilbao;Desembarque;Solo tránsito;1.785;0;20;11.704;11.724;0;0;0;13.509;;;
2019;Bilbao;Embarque;Incluido tránsito;4.535.516;2.649.653;1.157.309;4.040.900;5.198.209;0;114.732;0;12.498.110;;;
2019;Bilbao;Embarque;Solo tránsito;1.785;0;1.306;10.462;11.768;0;0;0;13.553;;;
2019;Bilbao;Transbordo;Incluido tránsito;0;0;0;0;0;0;0;0;0;;;
2019;Cartagena;Desembarque;Incluido tránsito;19.840.972;4.600.715;169.208;457.132;626.340;592;0;0;25.068.619;;;
2019;Cartagena;Desembarque;Solo tránsito;26.060;0;0;270;270;0;0;0;26.330;;;
2019;Cartagena;Embarque;Incluido tránsito;6.034.335;2.234.886;197.094;432.055;629.149;0;182.604;0;9.080.974;;;
2019;Cartagena;Embarque;Solo tránsito;26.060;0;0;0;0;0;0;0;26.060;;;
2019;Cartagena;Transbordo;Incluido tránsito;132.550;0;0;0;0;0;0;0;132.550;;;
2019;Castellón;Desembarque;Incluido tránsito;7.160.374;5.838.688;102.871;380.046;482.917;3.611;0;0;13.485.590;;;
2019;Castellón;Desembarque;Solo tránsito;0;1.200;2.133;52.581;54.714;0;0;0;55.914;;;
2019;Castellón;Embarque;Incluido tránsito;3.441.476;1.258.793;131.974;2.382.990;2.514.964;0;20.030;0;7.235.263;;;
2019;Castellón;Embarque;Solo tránsito;0;0;2.842;56.496;59.338;0;0;0;59.338;;;
2019;Castellón;Transbordo;Incluido tránsito;0;0;0;0;0;0;0;0;0;;;
2019;Ceuta;Desembarque;Incluido tránsito;841.767;24.625;469.488;52.442;521.930;33;0;0;1.388.355;;;
2019;Ceuta;Desembarque;Solo tránsito;0;0;207;203;410;0;0;0;410;;;
2019;Ceuta;Embarque;Incluido tránsito;30.493;0;248.030;62.531;310.561;0;772.552;0;1.113.606;;;
2019;Ceuta;Embarque;Solo tránsito;0;0;0;0;0;0;0;0;0;;;
2019;Ceuta;Transbordo;Incluido tránsito;0;0;10;0;10;0;0;0;10;;;
2019;Ferrol-San Cibrao;Desembarque;Incluido tránsito;1.869.393;6.733.541;95.316;34.712;130.028;147;0;0;8.733.109;;;
2019;Ferrol-San Cibrao;Desembarque;Solo tránsito;0;15.959;196;0;196;0;0;0;16.155;;;
2019;Ferrol-San Cibrao;Embarque;Incluido tránsito;442.507;1.361.490;571.918;60.692;632.610;0;10.903;2.766;2.450.276;;;
2019;Ferrol-San Cibrao;Embarque;Solo tránsito;0;15.959;196;0;196;0;0;0;16.155;;;
2019;Ferrol-San Cibrao;Transbordo;Incluido tránsito;0;0;0;0;0;0;0;0;0;;;
2019;Gijón;Desembarque;Incluido tránsito;862.379;11.648.215;206.501;382.716;589.217;4.867;0;0;13.104.678;;;
2019;Gijón;Desembarque;Solo tránsito;0;0;0;0;0;0;0;0;0;;;
2019;Gijón;Embarque;Incluido tránsito;32.362;2.940.817;677.230;620.708;1.297.938;0;16.223;0;4.287.340;;;
2019;Gijón;Embarque;Solo tránsito;0;896.126;0;2;2;0;0;0;896.128;;;
2019;Gijón;Transbordo;Incluido tránsito;0;0;0;0;0;0;0;0;0;;;
2019;Huelva;Desembarque;Incluido tránsito;17.604.240;3.387.648;127.468;107.864;235.332;208;0;10.078;21.237.506;;;
2019;Huelva;Desembarque;Solo tránsito;1.626.794;79.172;1;0;1;0;0;0;1.705.967;;;
2019;Huelva;Embarque;Incluido tránsito;9.071.493;2.368.017;428.112;481.915;910.027;0;216.606;10.078;12.576.221;;;
2019;Huelva;Embarque;Solo tránsito;1.575.078;184.356;0;84;84;0;0;0;1.759.518;;;
2019;Huelva;Transbordo;Incluido tránsito;0;0;0;0;0;0;0;0;0;;;
2019;Las Palmas;Desembarque;Incluido tránsito;6.260.372;441.624;2.194.399;6.366.486;8.560.885;1.393;0;0;15.264.274;;;
2019;Las Palmas;Desembarque;Solo tránsito;2.327.868;17;220.112;3.356.736;3.576.848;0;0;0;5.904.733;;;
2019;Las Palmas;Embarque;Incluido tránsito;1.809.904;11.677;2.466.654;4.617.706;7.084.360;0;2.519.563;7;11.425.511;;;
2019;Las Palmas;Embarque;Solo tránsito;1.474.616;42;221.248;3.333.825;3.555.073;0;0;0;5.029.731;;;
2019;Las Palmas;Transbordo;Incluido tránsito;0;0;558;0;558;0;0;0;558;;;
2019;Marín y Ría de Pontevedra;Desembarque;Incluido tránsito;7;872.790;240.208;469.893;710.101;1.725;0;0;1.584.623;;;
2019;Marín y Ría de Pontevedra;Desembarque;Solo tránsito;0;0;0;20.012;20.012;0;0;0;20.012;;;
2019;Marín y Ría de Pontevedra;Embarque;Incluido tránsito;0;15.715;435.857;404.017;839.874;0;31.496;0;887.085;;;
2019;Marín y Ría de Pontevedra;Embarque;Solo tránsito;0;0;0;13.595;13.595;0;0;0;13.595;;;
2019;Marín y Ría de Pontevedra;Transbordo;Incluido tránsito;0;0;0;0;0;0;0;0;0;;;
2019;Melilla;Desembarque;Incluido tránsito;75.935;7.100;444.605;111.422;556.027;0;0;0;639.062;;;
2019;Melilla;Desembarque;Solo tránsito;0;0;0;0;0;0;0;0;0;;;
2019;Melilla;Embarque;Incluido tránsito;0;0;192.886;26.928;219.814;0;4.626;0;224.440;;;
2019;Melilla;Embarque;Solo tránsito;0;0;0;0;0;0;0;0;0;;;
2019;Melilla;Transbordo;Incluido tránsito;0;0;0;0;0;0;0;0;0;;;
2019;Motril;Desembarque;Incluido tránsito;1.312.142;145.268;371.094;2.076;373.170;944;0;0;1.831.524;;;
2019;Motril;Desembarque;Solo tránsito;0;0;751;0;751;0;0;0;751;;;
2019;Motril;Embarque;Incluido tránsito;12.162;473.137;418.053;2.912;420.965;0;37.573;0;943.837;;;
2019;Motril;Embarque;Solo tránsito;0;0;720;0;720;0;0;0;720;;;
2019;Motril;Transbordo;Incluido tránsito;0;0;157;0;157;0;0;0;157;;;
2019;Málaga;Desembarque;Incluido tránsito;38.169;755.647;219.136;630.616;849.752;671;0;0;1.644.239;;;
2019;Málaga;Desembarque;Solo tránsito;0;0;601;502.887;503.488;0;0;0;503.488;;;
2019;Málaga;Embarque;Incluido tránsito;41.831;708.899;286.716;801.356;1.088.072;0;103.181;0;1.941.983;;;
2019;Málaga;Embarque;Solo tránsito;0;0;602;500.408;501.010;0;0;0;501.010;;;
2019;Málaga;Transbordo;Incluido tránsito;3.774;0;0;0;0;0;0;0;3.774;;;
2019;Pasaia;Desembarque;Incluido tránsito;0;887.297;942.586;0;942.586;21.889;0;0;1.851.772;;;
2019;Pasaia;Desembarque;Solo tránsito;0;0;15.272;0;15.272;0;0;0;15.272;;;
2019;Pasaia;Embarque;Incluido tránsito;0;144.024;1.224.016;0;1.224.016;0;25.110;0;1.393.150;;;
2019;Pasaia;Embarque;Solo tránsito;0;0;15.272;0;15.272;0;0;0;15.272;;;
2019;Pasaia;Transbordo;Incluido tránsito;0;0;0;0;0;0;0;0;0;;;
2019;Santa Cruz de Tenerife;Desembarque;Incluido tránsito;3.429.139;390.614;1.979.487;2.295.493;4.274.980;5.144;0;0;8.099.877;;;
2019;Santa Cruz de Tenerife;Desembarque;Solo tránsito;0;0;8.937;121.133;130.070;0;0;0;130.070;;;
2019;Santa Cruz de Tenerife;Embarque;Incluido tránsito;1.341.042;31.346;1.915.252;1.016.774;2.932.026;0;646.957;773;4.952.144;;;
2019;Santa Cruz de Tenerife;Embarque;Solo tránsito;9.615;2;9.521;86.886;96.407;0;0;0;106.024;;;
2019;Santa Cruz de Tenerife;Transbordo;Incluido tránsito;41.299;0;715;0;715;0;0;0;42.014;;;
2019;Santander;Desembarque;Incluido tránsito;191.859;2.453.345;1.042.783;88.380;1.131.163;3.472;0;0;3.779.839;;;
2019;Santander;Desembarque;Solo tránsito;0;11.082;6.432;14;6.446;0;0;0;17.528;;;
2019;Santander;Embarque;Incluido tránsito;131.754;1.193.183;1.365.367;90.257;1.455.624;0;25.833;0;2.806.394;;;
2019;Santander;Embarque;Solo tránsito;0;17.143;5.895;0;5.895;0;0;0;23.038;;;
2019;Santander;Transbordo;Incluido tránsito;0;0;0;0;0;0;0;0;0;;;
2019;Sevilla;Desembarque;Incluido tránsito;293.337;1.703.066;225.318;267.230;492.548;0;0;0;2.488.951;;;
2019;Sevilla;Desembarque;Solo tránsito;0;0;0;0;0;0;0;0;0;;;
2019;Sevilla;Embarque;Incluido tránsito;0;590.958;555.018;721.539;1.276.557;0;37.199;0;1.904.714;;;
2019;Sevilla;Embarque;Solo tránsito;0;0;0;0;0;0;0;0;0;;;
2019;Sevilla;Transbordo;Incluido tránsito;0;0;0;0;0;0;0;0;0;;;
2019;Tarragona;Desembarque;Incluido tránsito;16.203.952;7.810.940;1.082.516;222.719;1.305.235;2.933;0;7.236;25.330.296;;;
2019;Tarragona;Desembarque;Solo tránsito;734.937;733.458;48.790;360;49.150;0;0;0;1.517.545;;;
2019;Tarragona;Embarque;Incluido tránsito;4.899.052;1.907.809;241.793;231.670;473.463;0;76.676;7.236;7.364.236;;;
2019;Tarragona;Embarque;Solo tránsito;557.374;1.051.908;43.030;409;43.439;0;0;0;1.652.721;;;
2019;Tarragona;Transbordo;Incluido tránsito;107.542;0;0;0;0;0;0;0;107.542;;;
2019;Valencia;Desembarque;Incluido tránsito;2.705.335;1.648.201;6.380.380;27.199.173;33.579.553;1.495;0;0;37.934.584;;;
2019;Valencia;Desembarque;Solo tránsito;183.236;0;40.858;18.220.150;18.261.008;0;0;0;18.444.244;;;
2019;Valencia;Embarque;Incluido tránsito;414.678;541.917;8.205.490;33.632.565;41.838.055;0;334.321;0;43.128.971;;;
2019;Valencia;Embarque;Solo tránsito;147.986;313;37.241;18.078.134;18.115.375;0;0;0;18.263.674;;;
2019;Valencia;Transbordo;Incluido tránsito;0;0;0;0;0;0;0;0;0;;;
2019;Vigo;Desembarque;Incluido tránsito;46.770;297.778;441.187;1.313.377;1.754.564;79.803;0;0;2.178.915;;;
2019;Vigo;Desembarque;Solo tránsito;0;0;56.149;70.750;126.899;0;0;0;126.899;;;
2019;Vigo;Embarque;Incluido tránsito;0;0;719.207;1.346.225;2.065.432;0;142.862;0;2.208.294;;;
2019;Vigo;Embarque;Solo tránsito;0;0;45.770;70.656;116.426;0;0;0;116.426;;;
2019;Vigo;Transbordo;Incluido tránsito;0;0;0;0;0;0;0;0;0;;;
2019;Vilagarcía;Desembarque;Incluido tránsito;178.960;368.524;164.230;86.405;250.635;0;0;0;798.119;;;
2019;Vilagarcía;Desembarque;Solo tránsito;0;0;1;112;113;0;0;0;113;;;
2019;Vilagarcía;Embarque;Incluido tránsito;3.584;111.448;147.694;254.573;402.267;0;5.283;0;522.582;;;
2019;Vilagarcía;Embarque;Solo tránsito;2.063;0;0;26;26;0;0;0;2.089;;;
2019;Vilagarcía;Transbordo;Incluido tránsito;0;0;0;0;0;0;0;0;0;;;
2020;A Coruña;Desembarque;Incluido tránsito;5.018.478;1.847.785;528.035;17;528.052;33.299;0;0;7.427.614;;;
2020;A Coruña;Desembarque;Solo tránsito;0;21.550;0;0;0;0;0;0;21.550;;;
2020;A Coruña;Embarque;Incluido tránsito;2.073.806;700.602;311.825;0;311.825;0;61.164;0;3.147.397;;;
2020;A Coruña;Embarque;Solo tránsito;0;52.175;0;0;0;0;0;0;52.175;;;
2020;A Coruña;Transbordo;Incluido tránsito;24.029;0;0;0;0;0;0;0;24.029;;;
2020;Alicante;Desembarque;Incluido tránsito;34.252;455.057;84.584;350.263;434.847;1.282;0;0;925.438;;;
2020;Alicante;Desembarque;Solo tránsito;0;0;0;22.119;22.119;0;0;0;22.119;;;
2020;Alicante;Embarque;Incluido tránsito;228;941.820;119.096;729.863;848.959;0;14.635;0;1.805.642;;;
2020;Alicante;Embarque;Solo tránsito;0;0;961;21.149;22.110;0;0;0;22.110;;;
2020;Alicante;Transbordo;Incluido tránsito;0;0;0;0;0;0;0;0;0;;;
2020;Almería;Desembarque;Incluido tránsito;32.398;469.680;319.894;231.162;551.056;3.915;0;0;1.057.049;;;
2020;Almería;Desembarque;Solo tránsito;0;0;45;452;497;0;0;0;497;;;
2020;Almería;Embarque;Incluido tránsito;74.953;2.991.215;476.665;186.458;663.123;0;40.747;0;3.770.038;;;
2020;Almería;Embarque;Solo tránsito;0;0;0;56;56;0;0;0;56;;;
2020;Almería;Transbordo;Incluido tránsito;0;0;0;0;0;0;0;0;0;;;
2020;Avilés;Desembarque;Incluido tránsito;352.302;1.584.735;258.471;0;258.471;17.811;0;0;2.213.319;;;
2020;Avilés;Desembarque;Solo tránsito;0;0;1.482;0;1.482;0;0;0;1.482;;;
2020;Avilés;Embarque;Incluido tránsito;322.822;934.520;597.924;0;597.924;0;53.086;0;1.908.352;;;
2020;Avilés;Embarque;Solo tránsito;0;0;1.482;0;1.482;0;0;0;1.482;;;
2020;Avilés;Transbordo;Incluido tránsito;0;0;0;0;0;0;0;0;0;;;
2020;Bahía de Algeciras;Desembarque;Incluido tránsito;17.246.182;495.120;4.749.574;32.321.228;37.070.802;888;0;82.951;54.895.943;;;
2020;Bahía de Algeciras;Desembarque;Solo tránsito;6.032.446;107.555;193.525;30.082.911;30.276.436;0;0;0;36.416.437;;;
2020;Bahía de Algeciras;Embarque;Incluido tránsito;11.059.847;57.642;4.547.271;33.112.975;37.660.246;0;1.982.166;1.661.449;52.421.350;;;
2020;Bahía de Algeciras;Embarque;Solo tránsito;7.267.323;40.353;317.859;29.744.128;30.061.987;0;0;0;37.369.663;;;
2020;Bahía de Algeciras;Transbordo;Incluido tránsito;6.056;0;0;0;0;0;0;0;6.056;;;
2020;Bahía de Cádiz;Desembarque;Incluido tránsito;629.543;730.734;376.244;334.921;711.165;14.026;0;0;2.085.468;;;
2020;Bahía de Cádiz;Desembarque;Solo tránsito;624.173;0;11.145;173.025;184.170;0;0;0;808.343;;;
2020;Bahía de Cádiz;Embarque;Incluido tránsito;641.806;709.802;304.896;602.377;907.273;0;74.594;0;2.333.475;;;
2020;Bahía de Cádiz;Embarque;Solo tránsito;639.106;0;11.577;169.038;180.615;0;0;0;819.721;;;
2020;Bahía de Cádiz;Transbordo;Incluido tránsito;0;3.009;27.365;0;27.365;0;0;0;30.374;;;
2020;Baleares;Desembarque;Incluido tránsito;979.245;514.515;6.847.999;235.916;7.083.915;2.458;0;0;8.580.133;;;
2020;Baleares;Desembarque;Solo tránsito;0;0;77;0;77;0;0;0;77;;;
2020;Baleares;Embarque;Incluido tránsito;0;10.083;3.628.276;111.135;3.739.411;0;37.533;0;3.787.027;;;
2020;Baleares;Embarque;Solo tránsito;0;0;5.912;61;5.973;0;0;0;5.973;;;
2020;Baleares;Transbordo;Incluido tránsito;0;0;0;0;0;0;0;0;0;;;
2020;Barcelona;Desembarque;Incluido tránsito;10.222.942;2.338.308;3.924.587;14.040.112;17.964.699;2.187;0;0;30.528.136;;;
2020;Barcelona;Desembarque;Solo tránsito;2.722.355;0;335.745;7.467.548;7.803.293;0;0;0;10.525.648;;;
2020;Barcelona;Embarque;Incluido tránsito;2.613.661;1.674.559;5.696.044;17.935.521;23.631.565;0;1.024.041;0;28.943.826;;;
2020;Barcelona;Embarque;Solo tránsito;2.183.434;0;320.129;7.131.148;7.451.277;0;0;0;9.634.711;;;
2020;Barcelona;Transbordo;Incluido tránsito;25.467;0;0;0;0;0;0;0;25.467;;;
2020;Bilbao;Desembarque;Incluido tránsito;14.208.405;1.563.571;1.678.192;2.016.057;3.694.249;0;0;0;19.466.225;;;
2020;Bilbao;Desembarque;Solo tránsito;32.965;0;821;11.147;11.968;0;0;0;44.933;;;
2020;Bilbao;Embarque;Incluido tránsito;3.948.345;2.104.391;858.339;3.166.782;4.025.121;0;101.056;0;10.178.913;;;
2020;Bilbao;Embarque;Solo tránsito;32.965;0;71;10.920;10.991;0;0;0;43.956;;;
2020;Bilbao;Transbordo;Incluido tránsito;0;0;0;0;0;0;0;0;0;;;
2020;Cartagena;Desembarque;Incluido tránsito;18.748.681;4.243.956;162.654;370.320;532.974;504;0;0;23.526.115;;;
2020;Cartagena;Desembarque;Solo tránsito;0;0;0;1.419;1.419;0;0;0;1.419;;;
2020;Cartagena;Embarque;Incluido tránsito;6.410.564;2.225.109;176.515;368.420;544.935;0;185.950;0;9.366.558;;;
2020;Cartagena;Embarque;Solo tránsito;0;110.647;0;1.407;1.407;0;0;0;112.054;;;
2020;Cartagena;Transbordo;Incluido tránsito;2.253;0;0;0;0;0;0;0;2.253;;;
2020;Castellón;Desembarque;Incluido tránsito;6.396.596;5.548.499;18.748;273.314;292.062;3.275;0;0;12.240.432;;;
2020;Castellón;Desembarque;Solo tránsito;0;0;47;22.567;22.614;0;0;0;22.614;;;
2020;Castellón;Embarque;Incluido tránsito;3.404.954;1.178.755;108.982;1.576.880;1.685.862;0;31.537;0;6.301.108;;;
2020;Castellón;Embarque;Solo tránsito;0;0;0;19.600;19.600;0;0;0;19.600;;;
2020;Castellón;Transbordo;Incluido tránsito;0;0;0;0;0;0;0;0;0;;;
2020;Ceuta;Desembarque;Incluido tránsito;691.543;20.697;314.626;16.224;330.850;54;0;0;1.043.144;;;
2020;Ceuta;Desembarque;Solo tránsito;0;0;0;0;0;0;0;0;0;;;
2020;Ceuta;Embarque;Incluido tránsito;23.011;0;171.048;58.493;229.541;0;555.985;0;808.537;;;
2020;Ceuta;Embarque;Solo tránsito;0;0;0;0;0;0;0;0;0;;;
2020;Ceuta;Transbordo;Incluido tránsito;0;0;0;0;0;0;0;0;0;;;
2020;Ferrol-San Cibrao;Desembarque;Incluido tránsito;2.395.473;5.089.531;59.585;43.103;102.688;177;0;0;7.587.869;;;
2020;Ferrol-San Cibrao;Desembarque;Solo tránsito;0;0;0;0;0;0;0;0;0;;;
2020;Ferrol-San Cibrao;Embarque;Incluido tránsito;540.687;1.281.949;524.258;86.133;610.391;0;13.728;0;2.446.755;;;
2020;Ferrol-San Cibrao;Embarque;Solo tránsito;0;0;0;0;0;0;0;0;0;;;
2020;Ferrol-San Cibrao;Transbordo;Incluido tránsito;0;0;0;0;0;0;0;0;0;;;
2020;Gijón;Desembarque;Incluido tránsito;617.625;8.919.912;224.363;393.197;617.560;8.922;0;98;10.164.117;;;
2020;Gijón;Desembarque;Solo tránsito;0;1.325.833;0;3.091;3.091;0;0;0;1.328.924;;;
2020;Gijón;Embarque;Incluido tránsito;23.380;4.696.406;553.925;674.343;1.228.268;0;19.313;0;5.967.367;;;
2020;Gijón;Embarque;Solo tránsito;0;1.867.072;682;2.135;2.817;0;0;0;1.869.889;;;
2020;Gijón;Transbordo;Incluido tránsito;0;0;0;0;0;0;0;0;0;;;
2020;Huelva;Desembarque;Incluido tránsito;15.183.690;2.757.094;239.458;114.304;353.762;162;0;53.495;18.348.203;;;
2020;Huelva;Desembarque;Solo tránsito;1.405.870;101.237;3;0;3;0;0;0;1.507.110;;;
2020;Huelva;Embarque;Incluido tránsito;8.302.515;2.129.740;418.751;527.390;946.141;0;156.752;35.868;11.571.016;;;
2020;Huelva;Embarque;Solo tránsito;1.349.768;77.194;0;0;0;0;0;0;1.426.962;;;
2020;Huelva;Transbordo;Incluido tránsito;0;0;0;0;0;0;0;0;0;;;
2020;Las Palmas;Desembarque;Incluido tránsito;5.670.150;395.966;1.812.408;6.540.127;8.352.535;1.283;0;0;14.419.934;;;
2020;Las Palmas;Desembarque;Solo tránsito;2.285.634;3;161.247;3.894.672;4.055.919;0;0;0;6.341.556;;;
2020;Las Palmas;Embarque;Incluido tránsito;2.109.596;592;1.963.879;4.905.046;6.868.925;0;2.329.507;2;11.308.622;;;
2020;Las Palmas;Embarque;Solo tránsito;1.829.166;13;151.831;3.750.865;3.902.696;0;0;0;5.731.875;;;
2020;Las Palmas;Transbordo;Incluido tránsito;37.923;360;1.111;0;1.111;0;0;0;39.394;;;
2020;Marín y Ría de Pontevedra;Desembarque;Incluido tránsito;0;841.595;203.980;232.730;436.710;1.895;0;0;1.280.200;;;
2020;Marín y Ría de Pontevedra;Desembarque;Solo tránsito;0;0;2.367;8.270;10.637;0;0;0;10.637;;;
2020;Marín y Ría de Pontevedra;Embarque;Incluido tránsito;0;23.612;436.774;318.064;754.838;0;29.188;0;807.638;;;
2020;Marín y Ría de Pontevedra;Embarque;Solo tránsito;0;0;2.367;1.475;3.842;0;0;0;3.842;;;
2020;Marín y Ría de Pontevedra;Transbordo;Incluido tránsito;0;0;0;0;0;0;0;0;0;;;
2020;Melilla;Desembarque;Incluido tránsito;64.871;37.529;298.343;62.174;360.517;0;0;0;462.917;;;
2020;Melilla;Desembarque;Solo tránsito;0;0;0;0;0;0;0;0;0;;;
2020;Melilla;Embarque;Incluido tránsito;0;75;138.637;18.923;157.560;0;4.692;0;162.327;;;
2020;Melilla;Embarque;Solo tránsito;0;0;0;0;0;0;0;0;0;;;
2020;Melilla;Transbordo;Incluido tránsito;0;0;0;0;0;0;0;0;0;;;
2020;Motril;Desembarque;Incluido tránsito;1.249.241;152.948;153.009;251;153.260;1.087;0;0;1.556.536;;;
2020;Motril;Desembarque;Solo tránsito;130.164;0;0;0;0;0;0;0;130.164;;;
2020;Motril;Embarque;Incluido tránsito;149.837;385.927;102.873;256;103.129;0;19.228;0;658.121;;;
2020;Motril;Embarque;Solo tránsito;92.486;0;0;0;0;0;0;0;92.486;;;
2020;Motril;Transbordo;Incluido tránsito;0;0;0;0;0;0;0;0;0;;;
2020;Málaga;Desembarque;Incluido tránsito;142.931;660.031;154.495;266.104;420.599;586;0;0;1.224.147;;;
2020;Málaga;Desembarque;Solo tránsito;40.115;0;187;160.537;160.724;0;0;0;200.839;;;
2020;Málaga;Embarque;Incluido tránsito;63.592;767.863;290.112;350.897;641.009;0;61.677;0;1.534.141;;;
2020;Málaga;Embarque;Solo tránsito;36.049;0;185;166.058;166.243;0;0;0;202.292;;;
2020;Málaga;Transbordo;Incluido tránsito;5.250;0;0;0;0;0;0;0;5.250;;;
2020;Pasaia;Desembarque;Incluido tránsito;0;828.029;956.270;8.353;964.623;20.462;0;0;1.813.114;;;
2020;Pasaia;Desembarque;Solo tránsito;0;0;14.325;0;14.325;0;0;0;14.325;;;
2020;Pasaia;Embarque;Incluido tránsito;0;181.049;987.484;32.139;1.019.623;0;22.843;0;1.223.515;;;
2020;Pasaia;Embarque;Solo tránsito;0;0;14.325;0;14.325;0;0;0;14.325;;;
2020;Pasaia;Transbordo;Incluido tránsito;0;0;0;0;0;0;0;0;0;;;
2020;Santa Cruz de Tenerife;Desembarque;Incluido tránsito;2.590.100;343.773;1.736.685;2.146.747;3.883.432;4.547;0;0;6.821.852;;;
2020;Santa Cruz de Tenerife;Desembarque;Solo tránsito;2.909;0;14.772;211.710;226.482;0;0;0;229.391;;;
2020;Santa Cruz de Tenerife;Embarque;Incluido tránsito;804.384;34.252;1.731.800;1.055.906;2.787.706;0;497.617;1.534;4.125.493;;;
2020;Santa Cruz de Tenerife;Embarque;Solo tránsito;43.000;6.069;13.292;197.222;210.514;0;0;0;259.583;;;
2020;Santa Cruz de Tenerife;Transbordo;Incluido tránsito;2.886;0;0;0;0;0;0;0;2.886;;;
2020;Santander;Desembarque;Incluido tránsito;146.764;1.950.998;951.791;122.007;1.073.798;4.494;0;0;3.176.054;;;
2020;Santander;Desembarque;Solo tránsito;0;13.900;10.780;76;10.856;0;0;0;24.756;;;
2020;Santander;Embarque;Incluido tránsito;66.930;1.075.142;1.342.692;181.408;1.524.100;0;24.495;0;2.690.667;;;
2020;Santander;Embarque;Solo tránsito;0;13.666;10.434;0;10.434;0;0;0;24.100;;;
2020;Santander;Transbordo;Incluido tránsito;0;0;0;0;0;0;0;0;0;;;
2020;Sevilla;Desembarque;Incluido tránsito;342.661;1.676.569;190.983;238.881;429.864;0;0;0;2.449.094;;;
2020;Sevilla;Desembarque;Solo tránsito;0;0;0;0;0;0;0;0;0;;;
2020;Sevilla;Embarque;Incluido tránsito;4.246;540.680;550.552;657.777;1.208.329;0;26.913;0;1.780.168;;;
2020;Sevilla;Embarque;Solo tránsito;0;0;0;0;0;0;0;0;0;;;
2020;Sevilla;Transbordo;Incluido tránsito;0;0;0;0;0;0;0;0;0;;;
2020;Tarragona;Desembarque;Incluido tránsito;13.486.143;5.769.833;892.779;186.237;1.079.016;1.729;0;49.599;20.386.320;;;
2020;Tarragona;Desembarque;Solo tránsito;531.145;193.655;56.631;2.522;59.153;0;0;0;783.953;;;
2020;Tarragona;Embarque;Incluido tránsito;4.833.481;711.149;236.690;224.905;461.595;0;66.441;49.646;6.122.312;;;
2020;Tarragona;Embarque;Solo tránsito;431.390;146.965;47.511;2.521;50.032;0;0;0;628.387;;;
2020;Tarragona;Transbordo;Incluido tránsito;0;0;0;0;0;0;0;0;0;;;
2020;Valencia;Desembarque;Incluido tránsito;2.325.786;1.336.890;5.710.857;28.174.987;33.885.844;1.516;0;0;37.550.036;;;
2020;Valencia;Desembarque;Solo tránsito;143.773;0;36.001;19.654.197;19.690.198;0;0;0;19.833.971;;;
2020;Valencia;Embarque;Incluido tránsito;347.402;522.606;7.036.695;35.089.414;42.126.109;0;336.071;0;43.332.188;;;
2020;Valencia;Embarque;Solo tránsito;162.435;0;30.448;19.339.794;19.370.242;0;0;0;19.532.677;;;
2020;Valencia;Transbordo;Incluido tránsito;0;0;0;0;0;0;0;0;0;;;
2020;Vigo;Desembarque;Incluido tránsito;57.744;300.986;420.206;1.399.657;1.819.863;36.796;0;0;2.215.389;;;
2020;Vigo;Desembarque;Solo tránsito;0;0;44.114;73.496;117.610;0;0;0;117.610;;;
2020;Vigo;Embarque;Incluido tránsito;0;0;777.755;1.380.630;2.158.385;0;122.432;0;2.280.817;;;
2020;Vigo;Embarque;Solo tránsito;0;0;34.876;73.718;108.594;0;0;0;108.594;;;
2020;Vigo;Transbordo;Incluido tránsito;0;0;0;0;0;0;0;0;0;;;
2020;Vilagarcía;Desembarque;Incluido tránsito;229.393;208.065;164.732;81.716;246.448;0;0;0;683.906;;;
2020;Vilagarcía;Desembarque;Solo tránsito;0;0;0;1.025;1.025;0;0;0;1.025;;;
2020;Vilagarcía;Embarque;Incluido tránsito;4.065;106.181;179.774;230.646;410.420;0;5.249;0;525.915;;;
2020;Vilagarcía;Embarque;Solo tránsito;4.065;0;0;1.206;1.206;0;0;0;5.271;;;
2020;Vilagarcía;Transbordo;Incluido tránsito;0;0;0;0;0;0;0;0;0;;;
2021;A Coruña;Desembarque;Incluido tránsito;5.711.274;2.409.325;530.525;29;530.554;28.331;0;0;8.679.484;;;
2021;A Coruña;Desembarque;Solo tránsito;0;0;0;0;0;0;0;0;0;;;
2021;A Coruña;Embarque;Incluido tránsito;2.285.381;524.765;322.126;0;322.126;0;65.672;619;3.198.563;;;
2021;A Coruña;Embarque;Solo tránsito;0;0;0;0;0;0;0;0;0;;;
2021;A Coruña;Transbordo;Incluido tránsito;0;0;0;0;0;0;0;0;0;;;
2021;Alicante;Desembarque;Incluido tránsito;37.973;571.265;60.269;368.290;428.559;714;0;0;1.038.511;;;
2021;Alicante;Desembarque;Solo tránsito;0;0;0;14.047;14.047;0;0;0;14.047;;;
2021;Alicante;Embarque;Incluido tránsito;4.264;729.136;59.879;803.198;863.077;0;12.494;0;1.608.971;;;
2021;Alicante;Embarque;Solo tránsito;0;0;0;13.051;13.051;0;0;0;13.051;;;
2021;Alicante;Transbordo;Incluido tránsito;0;0;0;0;0;0;0;0;0;;;
2021;Almería;Desembarque;Incluido tránsito;50.121;561.701;490.443;212.820;703.263;3.923;0;0;1.319.008;;;
2021;Almería;Desembarque;Solo tránsito;0;0;0;0;0;0;0;0;0;;;
2021;Almería;Embarque;Incluido tránsito;90.507;3.626.929;553.169;194.562;747.731;0;44.833;0;4.510.000;;;
2021;Almería;Embarque;Solo tránsito;0;0;0;2;2;0;0;0;2;;;
2021;Almería;Transbordo;Incluido tránsito;0;0;0;0;0;0;0;0;0;;;
2021;Avilés;Desembarque;Incluido tránsito;373.120;1.949.578;200.804;21;200.825;18.702;0;5.000;2.547.225;;;
2021;Avilés;Desembarque;Solo tránsito;0;0;3.005;0;3.005;0;0;0;3.005;;;
2021;Avilés;Embarque;Incluido tránsito;228.821;930.213;936.673;448;937.121;0;56.726;5.001;2.157.882;;;
2021;Avilés;Embarque;Solo tránsito;0;0;1.760;0;1.760;0;0;0;1.760;;;
2021;Avilés;Transbordo;Incluido tránsito;0;0;0;0;0;0;0;0;0;;;
2021;Bahía de Algeciras;Desembarque;Incluido tránsito;17.532.845;594.800;5.398.348;28.928.968;34.327.316;911;0;114.802;52.570.674;;;
2021;Bahía de Algeciras;Desembarque;Solo tránsito;5.778.112;123.695;178.523;26.403.752;26.582.275;0;0;0;32.484.082;;;
2021;Bahía de Algeciras;Embarque;Incluido tránsito;10.593.224;69.648;6.460.475;29.799.622;36.260.097;0;3.108.689;2.473.449;52.505.107;;;
2021;Bahía de Algeciras;Embarque;Solo tránsito;6.769.724;64.648;344.382;26.291.252;26.635.634;0;0;0;33.470.006;;;
2021;Bahía de Algeciras;Transbordo;Incluido tránsito;0;0;0;0;0;0;0;0;0;;;
2021;Bahía de Cádiz;Desembarque;Incluido tránsito;576.751;1.011.833;368.826;591.069;959.895;14.155;0;0;2.562.634;;;
2021;Bahía de Cádiz;Desembarque;Solo tránsito;569.952;58.845;9.673;240.652;250.325;0;0;0;879.122;;;
2021;Bahía de Cádiz;Embarque;Incluido tránsito;504.114;294.799;309.524;1.157.697;1.467.221;0;101.904;0;2.368.038;;;
2021;Bahía de Cádiz;Embarque;Solo tránsito;497.488;12.735;13.357;233.766;247.123;0;0;0;757.346;;;
2021;Bahía de Cádiz;Transbordo;Incluido tránsito;0;1.501;10.881;0;10.881;0;0;0;12.382;;;
2021;Baleares;Desembarque;Incluido tránsito;1.114.658;351.900;7.707.649;304.194;8.011.843;2.114;0;0;9.480.515;;;
2021;Baleares;Desembarque;Solo tránsito;0;0;304;73;377;0;0;0;377;;;
2021;Baleares;Embarque;Incluido tránsito;0;4.748;4.099.250;144.960;4.244.210;0;43.275;0;4.292.233;;;
2021;Baleares;Embarque;Solo tránsito;0;0;15.509;19;15.528;0;0;0;15.528;;;
2021;Baleares;Transbordo;Incluido tránsito;0;0;0;0;0;0;0;0;0;;;
2021;Barcelona;Desembarque;Incluido tránsito;9.558.409;2.467.851;4.583.801;16.645.824;21.229.625;2.168;0;0;33.258.053;;;
2021;Barcelona;Desembarque;Solo tránsito;2.411.993;0;323.144;9.007.508;9.330.652;0;0;0;11.742.645;;;
2021;Barcelona;Embarque;Incluido tránsito;2.760.940;1.991.893;6.129.206;20.809.751;26.938.957;0;1.435.122;0;33.126.912;;;
2021;Barcelona;Embarque;Solo tránsito;1.976.299;0;310.475;8.914.690;9.225.165;0;0;0;11.201.464;;;
2021;Barcelona;Transbordo;Incluido tránsito;25.616;0;0;0;0;0;0;0;25.616;;;
2021;Bilbao;Desembarque;Incluido tránsito;14.115.060;2.124.821;2.013.807;2.162.772;4.176.579;0;0;0;20.416.460;;;
2021;Bilbao;Desembarque;Solo tránsito;3.499;0;7.092;17.383;24.475;0;0;0;27.974;;;
2021;Bilbao;Embarque;Incluido tránsito;3.649.472;2.526.500;1.096.415;3.493.664;4.590.079;0;116.474;0;10.882.525;;;
2021;Bilbao;Embarque;Solo tránsito;3.499;0;9.002;11.439;20.441;0;0;0;23.940;;;
2021;Bilbao;Transbordo;Incluido tránsito;0;0;0;0;0;0;0;0;0;;;
2021;Cartagena;Desembarque;Incluido tránsito;17.993.523;3.993.887;178.086;286.168;464.254;423;0;0;22.452.087;;;
2021;Cartagena;Desembarque;Solo tránsito;0;13.181;0;136;136;0;0;0;13.317;;;
2021;Cartagena;Embarque;Incluido tránsito;6.053.657;2.027.510;175.782;327.306;503.088;0;177.157;0;8.761.412;;;
2021;Cartagena;Embarque;Solo tránsito;0;54.626;0;0;0;0;0;0;54.626;;;
2021;Cartagena;Transbordo;Incluido tránsito;0;0;0;0;0;0;0;0;0;;;
2021;Castellón;Desembarque;Incluido tránsito;6.629.744;8.249.302;44.490;302.581;347.071;3.003;0;0;15.229.120;;;
2021;Castellón;Desembarque;Solo tránsito;0;0;1.742;38.420;40.162;0;0;0;40.162;;;
2021;Castellón;Embarque;Incluido tránsito;3.282.967;1.135.942;145.858;1.411.208;1.557.066;0;32.233;0;6.008.208;;;
2021;Castellón;Embarque;Solo tránsito;0;0;175;36.098;36.273;0;0;0;36.273;;;
2021;Castellón;Transbordo;Incluido tránsito;0;0;0;0;0;0;0;0;0;;;
2021;Ceuta;Desembarque;Incluido tránsito;479.227;15.911;339.840;16.511;356.351;44;0;0;851.533;;;
2021;Ceuta;Desembarque;Solo tránsito;0;0;8;29;37;0;0;0;37;;;
2021;Ceuta;Embarque;Incluido tránsito;0;0;184.448;58.225;242.673;0;478.899;0;721.572;;;
2021;Ceuta;Embarque;Solo tránsito;0;0;0;0;0;0;0;0;0;;;
2021;Ceuta;Transbordo;Incluido tránsito;0;0;0;0;0;0;0;0;0;;;
2021;Ferrol-San Cibrao;Desembarque;Incluido tránsito;2.590.240;4.720.402;110.700;45.994;156.694;229;0;4.235;7.471.800;;;
2021;Ferrol-San Cibrao;Desembarque;Solo tránsito;0;0;2.252;0;2.252;0;0;0;2.252;;;
2021;Ferrol-San Cibrao;Embarque;Incluido tránsito;581.995;1.273.798;505.016;115.332;620.348;0;14.881;737;2.491.759;;;
2021;Ferrol-San Cibrao;Embarque;Solo tránsito;0;0;4.813;0;4.813;0;0;0;4.813;;;
2021;Ferrol-San Cibrao;Transbordo;Incluido tránsito;0;0;0;0;0;0;0;0;0;;;
2021;Gijón;Desembarque;Incluido tránsito;730.571;11.158.562;169.453;302.025;471.478;14.882;0;0;12.375.493;;;
2021;Gijón;Desembarque;Solo tránsito;0;315.481;0;344;344;0;0;0;315.825;;;
2021;Gijón;Embarque;Incluido tránsito;25.791;3.051.210;671.636;509.441;1.181.077;0;34.773;0;4.292.851;;;
2021;Gijón;Embarque;Solo tránsito;0;234.558;1;135;136;0;0;0;234.694;;;
2021;Gijón;Transbordo;Incluido tránsito;0;0;0;0;0;0;0;0;0;;;
2021;Huelva;Desembarque;Incluido tránsito;15.387.080;2.944.948;204.803;109.711;314.514;178;0;36.657;18.683.377;;;
2021;Huelva;Desembarque;Solo tránsito;1.299.019;160.223;717;747;1.464;0;0;0;1.460.706;;;
2021;Huelva;Embarque;Incluido tránsito;8.794.548;2.084.791;411.443;464.402;875.845;0;210.753;36.680;12.002.617;;;
2021;Huelva;Embarque;Solo tránsito;1.221.319;122.762;0;763;763;0;0;0;1.344.844;;;
2021;Huelva;Transbordo;Incluido tránsito;0;0;0;0;0;0;0;0;0;;;
2021;Las Palmas;Desembarque;Incluido tránsito;5.861.683;415.520;1.989.536;7.348.144;9.337.680;1.203;0;0;15.616.086;;;
2021;Las Palmas;Desembarque;Solo tránsito;2.285.063;0;138.155;4.512.522;4.650.677;0;0;0;6.935.740;;;
2021;Las Palmas;Embarque;Incluido tránsito;2.395.209;7.389;2.194.459;5.712.500;7.906.959;0;2.278.145;1;12.587.703;;;
2021;Las Palmas;Embarque;Solo tránsito;2.005.395;2;128.349;4.523.569;4.651.918;0;0;0;6.657.315;;;
2021;Las Palmas;Transbordo;Incluido tránsito;0;820;3.953;41;3.994;0;0;0;4.814;;;
2021;Marín y Ría de Pontevedra;Desembarque;Incluido tránsito;0;941.893;218.600;207.237;425.837;2.731;0;0;1.370.461;;;
2021;Marín y Ría de Pontevedra;Desembarque;Solo tránsito;0;0;0;6.181;6.181;0;0;0;6.181;;;
2021;Marín y Ría de Pontevedra;Embarque;Incluido tránsito;0;15.673;441.018;321.618;762.636;0;29.492;0;807.801;;;
2021;Marín y Ría de Pontevedra;Embarque;Solo tránsito;0;0;0;952;952;0;0;0;952;;;
2021;Marín y Ría de Pontevedra;Transbordo;Incluido tránsito;0;0;0;0;0;0;0;0;0;;;
2021;Melilla;Desembarque;Incluido tránsito;64.962;39.438;297.420;42.183;339.603;0;0;0;444.003;;;
2021;Melilla;Desembarque;Solo tránsito;0;0;34;72;106;0;0;0;106;;;
2021;Melilla;Embarque;Incluido tránsito;0;0;139.575;11.852;151.427;0;6.183;0;157.610;;;
2021;Melilla;Embarque;Solo tránsito;0;0;0;0;0;0;0;0;0;;;
2021;Melilla;Transbordo;Incluido tránsito;0;0;0;0;0;0;0;0;0;;;
2021;Motril;Desembarque;Incluido tránsito;1.488.963;167.154;77.784;0;77.784;1.337;0;0;1.735.238;;;
2021;Motril;Desembarque;Solo tránsito;68.226;0;0;0;0;0;0;0;68.226;;;
2021;Motril;Embarque;Incluido tránsito;109.534;574.354;93.766;0;93.766;0;17.261;0;794.915;;;
2021;Motril;Embarque;Solo tránsito;109.137;0;0;0;0;0;0;0;109.137;;;
2021;Motril;Transbordo;Incluido tránsito;0;0;0;0;0;0;0;0;0;;;
2021;Málaga;Desembarque;Incluido tránsito;128.962;600.867;156.111;1.122.993;1.279.104;504;0;0;2.009.437;;;
2021;Málaga;Desembarque;Solo tránsito;60.057;0;11;1.000.405;1.000.416;0;0;0;1.060.473;;;
2021;Málaga;Embarque;Incluido tránsito;108.307;899.712;282.218;1.129.418;1.411.636;0;63.991;0;2.483.646;;;
2021;Málaga;Embarque;Solo tránsito;63.845;0;0;969.447;969.447;0;0;0;1.033.292;;;
2021;Málaga;Transbordo;Incluido tránsito;0;0;0;0;0;0;0;0;0;;;
2021;Pasaia;Desembarque;Incluido tránsito;0;908.043;1.303.538;0;1.303.538;18.811;0;0;2.230.392;;;
2021;Pasaia;Desembarque;Solo tránsito;0;0;1.385;0;1.385;0;0;0;1.385;;;
2021;Pasaia;Embarque;Incluido tránsito;0;196.377;1.086.305;0;1.086.305;0;23.939;0;1.306.621;;;
2021;Pasaia;Embarque;Solo tránsito;0;0;1.385;0;1.385;0;0;0;1.385;;;
2021;Pasaia;Transbordo;Incluido tránsito;0;0;0;0;0;0;0;0;0;;;
2021;Santa Cruz de Tenerife;Desembarque;Incluido tránsito;2.247.374;392.092;1.815.248;2.423.480;4.238.728;3.502;0;0;6.881.696;;;
2021;Santa Cruz de Tenerife;Desembarque;Solo tránsito;498;0;21.610;281.855;303.465;0;0;0;303.963;;;
2021;Santa Cruz de Tenerife;Embarque;Incluido tránsito;787.696;57.370;1.769.376;1.187.926;2.957.302;0;444.591;1.034;4.247.993;;;
2021;Santa Cruz de Tenerife;Embarque;Solo tránsito;485;5.640;19.595;289.394;308.989;0;0;0;315.114;;;
2021;Santa Cruz de Tenerife;Transbordo;Incluido tránsito;0;0;0;0;0;0;0;0;0;;;
2021;Santander;Desembarque;Incluido tránsito;175.107;2.195.460;1.022.453;163.049;1.185.502;5.366;0;0;3.561.435;;;
2021;Santander;Desembarque;Solo tránsito;5.522;10.149;27.030;0;27.030;0;0;0;42.701;;;
2021;Santander;Embarque;Incluido tránsito;32.944;1.342.389;1.541.345;264.118;1.805.463;0;25.332;0;3.206.128;;;
2021;Santander;Embarque;Solo tránsito;0;48.882;25.485;0;25.485;0;0;0;74.367;;;
2021;Santander;Transbordo;Incluido tránsito;0;0;0;0;0;0;0;0;0;;;
2021;Sevilla;Desembarque;Incluido tránsito;350.062;1.663.830;229.828;237.294;467.122;0;0;0;2.481.014;;;
2021;Sevilla;Desembarque;Solo tránsito;0;0;0;0;0;0;0;0;0;;;
2021;Sevilla;Embarque;Incluido tránsito;10.013;496.189;429.522;762.647;1.192.169;0;25.580;0;1.723.951;;;
2021;Sevilla;Embarque;Solo tránsito;0;0;0;0;0;0;0;0;0;;;
2021;Sevilla;Transbordo;Incluido tránsito;0;0;0;0;0;0;0;0;0;;;
2021;Tarragona;Desembarque;Incluido tránsito;15.290.056;6.498.475;1.220.596;256.618;1.477.214;2.093;0;1.785;23.269.623;;;
2021;Tarragona;Desembarque;Solo tránsito;332.387;878.917;61.724;682;62.406;0;0;0;1.273.710;;;
2021;Tarragona;Embarque;Incluido tránsito;5.824.787;1.245.816;571.884;233.142;805.026;0;102.226;1.785;7.979.640;;;
2021;Tarragona;Embarque;Solo tránsito;565.881;731.461;30.970;1.259;32.229;0;0;0;1.329.571;;;
2021;Tarragona;Transbordo;Incluido tránsito;26.355;0;312;0;312;0;0;0;26.667;;;
2021;Valencia;Desembarque;Incluido tránsito;3.278.126;1.520.720;6.963.261;27.935.337;34.898.598;1.057;0;0;39.698.501;;;
2021;Valencia;Desembarque;Solo tránsito;226.414;0;146.612;17.996.333;18.142.945;0;0;0;18.369.359;;;
2021;Valencia;Embarque;Incluido tránsito;589.653;638.344;7.843.420;36.081.894;43.925.314;0;417.914;0;45.571.225;;;
2021;Valencia;Embarque;Solo tránsito;185.798;0;142.401;17.904.254;18.046.655;0;0;0;18.232.453;;;
2021;Valencia;Transbordo;Incluido tránsito;0;0;0;0;0;0;0;0;0;;;
2021;Vigo;Desembarque;Incluido tránsito;51.911;337.330;471.209;1.501.759;1.972.968;36.581;0;0;2.398.790;;;
2021;Vigo;Desembarque;Solo tránsito;0;0;58.997;76.270;135.267;0;0;0;135.267;;;
2021;Vigo;Embarque;Incluido tránsito;0;0;796.145;1.484.545;2.280.690;0;129.671;0;2.410.361;;;
2021;Vigo;Embarque;Solo tránsito;0;0;49.492;69.695;119.187;0;0;0;119.187;;;
2021;Vigo;Transbordo;Incluido tránsito;0;0;0;0;0;0;0;0;0;;;
2021;Vilagarcía;Desembarque;Incluido tránsito;266.365;270.434;272.418;69.400;341.818;0;0;0;878.617;;;
2021;Vilagarcía;Desembarque;Solo tránsito;0;0;1;625;626;0;0;0;626;;;
2021;Vilagarcía;Embarque;Incluido tránsito;7.183;155.531;237.580;224.680;462.260;0;7.778;0;632.752;;;
2021;Vilagarcía;Embarque;Solo tránsito;7.184;0;1;555;556;0;0;0;7.740;;;
2021;Vilagarcía;Transbordo;Incluido tránsito;0;0;0;0;0;0;0;0;0;;;
2022;A Coruña;Desembarque;Incluido tránsito;6.079.536;3.974.977;491.828;112;491.940;28.131;0;0;10.574.584;;;
2022;A Coruña;Desembarque;Solo tránsito;0;1.176.680;0;0;0;0;0;0;1.176.680;;;
2022;A Coruña;Embarque;Incluido tránsito;2.448.747;1.401.007;404.792;0;404.792;0;73.748;0;4.328.294;;;
2022;A Coruña;Embarque;Solo tránsito;0;752.596;0;0;0;0;0;0;752.596;;;
2022;A Coruña;Transbordo;Incluido tránsito;0;16.376;0;0;0;0;0;0;16.376;;;
2022;Alicante;Desembarque;Incluido tránsito;27.226;728.174;95.073;410.212;505.285;378;0;0;1.261.063;;;
2022;Alicante;Desembarque;Solo tránsito;0;0;0;8.582;8.582;0;0;0;8.582;;;
2022;Alicante;Embarque;Incluido tránsito;3.196;930.994;68.849;950.241;1.019.090;0;22.443;0;1.975.723;;;
2022;Alicante;Embarque;Solo tránsito;0;0;0;10.054;10.054;0;0;0;10.054;;;
2022;Alicante;Transbordo;Incluido tránsito;0;0;0;0;0;0;0;0;0;;;
2022;Almería;Desembarque;Incluido tránsito;40.251;461.133;587.544;220.690;808.234;3.064;0;0;1.312.682;;;
2022;Almería;Desembarque;Solo tránsito;0;0;5.265;467;5.732;0;0;0;5.732;;;
2022;Almería;Embarque;Incluido tránsito;64.233;3.452.872;522.197;152.643;674.840;0;79.660;0;4.271.605;;;
2022;Almería;Embarque;Solo tránsito;0;0;5.265;324;5.589;0;0;0;5.589;;;
2022;Almería;Transbordo;Incluido tránsito;0;0;0;0;0;0;0;0;0;;;
2022;Avilés;Desembarque;Incluido tránsito;375.347;1.843.581;162.332;0;162.332;14.045;0;0;2.395.305;;;
2022;Avilés;Desembarque;Solo tránsito;0;0;3.025;0;3.025;0;0;0;3.025;;;
2022;Avilés;Embarque;Incluido tránsito;276.125;951.666;834.613;0;834.613;0;55.781;0;2.118.185;;;
2022;Avilés;Embarque;Solo tránsito;0;0;3.025;0;3.025;0;0;0;3.025;;;
2022;Avilés;Transbordo;Incluido tránsito;0;0;0;0;0;0;0;0;0;;;
2022;Bahía de Algeciras;Desembarque;Incluido tránsito;17.984.811;1.358.160;6.108.230;27.889.435;33.997.665;1.061;0;136.810;53.478.507;;;
2022;Bahía de Algeciras;Desembarque;Solo tránsito;6.188.204;117.609;180.028;25.046.018;25.226.046;0;0;0;31.531.859;;;
2022;Bahía de Algeciras;Embarque;Incluido tránsito;9.301.132;18.207;8.513.987;28.536.352;37.050.339;0;3.993.357;3.400.472;53.763.507;;;
2022;Bahía de Algeciras;Embarque;Solo tránsito;6.088.786;18.184;351.145;24.971.285;25.322.430;0;0;0;31.429.400;;;
2022;Bahía de Algeciras;Transbordo;Incluido tránsito;732;0;0;0;0;0;0;0;732;;;
2022;Bahía de Cádiz;Desembarque;Incluido tránsito;747.547;1.538.990;319.399;522.617;842.016;13.453;0;0;3.142.006;;;
2022;Bahía de Cádiz;Desembarque;Solo tránsito;706.671;18.638;10.025;173.156;183.181;0;0;0;908.490;;;
2022;Bahía de Cádiz;Embarque;Incluido tránsito;724.746;339.035;290.601;1.073.474;1.364.075;0;150.579;0;2.578.435;;;
2022;Bahía de Cádiz;Embarque;Solo tránsito;679.044;127.007;24;175.286;175.310;0;0;0;981.361;;;
2022;Bahía de Cádiz;Transbordo;Incluido tránsito;0;0;0;0;0;0;0;0;0;;;
2022;Baleares;Desembarque;Incluido tránsito;1.547.982;378.758;8.722.937;242.061;8.964.998;1.888;0;0;10.893.626;;;
2022;Baleares;Desembarque;Solo tránsito;6.336;756;1.640;0;1.640;0;0;0;8.732;;;
2022;Baleares;Embarque;Incluido tránsito;0;3.467;4.414.026;120.321;4.534.347;0;86.072;0;4.623.886;;;
2022;Baleares;Embarque;Solo tránsito;0;0;11.208;15;11.223;0;0;0;11.223;;;
2022;Baleares;Transbordo;Incluido tránsito;0;0;0;0;0;0;0;0;0;;;
2022;Barcelona;Desembarque;Incluido tránsito;12.114.318;2.372.801;4.931.691;17.137.759;22.069.450;3.201;0;0;36.559.770;;;
2022;Barcelona;Desembarque;Solo tránsito;3.474.886;3.150;255.370;9.439.879;9.695.249;0;0;0;13.173.285;;;
2022;Barcelona;Embarque;Incluido tránsito;3.341.665;2.176.451;6.483.176;20.472.423;26.955.599;0;1.822.508;0;34.296.223;;;
2022;Barcelona;Embarque;Solo tránsito;2.584.889;3.150;246.555;9.411.295;9.657.850;0;0;0;12.245.889;;;
2022;Barcelona;Transbordo;Incluido tránsito;48.632;0;0;0;0;0;0;0;48.632;;;
2022;Bilbao;Desembarque;Incluido tránsito;15.800.746;1.740.214;2.001.742;2.116.362;4.118.104;0;0;0;21.659.064;;;
2022;Bilbao;Desembarque;Solo tránsito;0;0;23.718;28.589;52.307;0;0;0;52.307;;;
2022;Bilbao;Embarque;Incluido tránsito;4.652.125;2.012.668;1.159.794;3.282.942;4.442.736;0;122.627;0;11.230.156;;;
2022;Bilbao;Embarque;Solo tránsito;0;0;22.841;27.342;50.183;0;0;0;50.183;;;
2022;Bilbao;Transbordo;Incluido tránsito;0;0;0;0;0;0;0;0;0;;;
2022;Cartagena;Desembarque;Incluido tránsito;22.155.755;5.325.148;230.453;317.187;547.640;380;0;0;28.028.923;;;
2022;Cartagena;Desembarque;Solo tránsito;0;120.996;244;0;244;0;0;0;121.240;;;
2022;Cartagena;Embarque;Incluido tránsito;5.855.413;2.042.479;144.712;311.277;455.989;0;204.376;0;8.558.257;;;
2022;Cartagena;Embarque;Solo tránsito;0;0;539;0;539;0;0;0;539;;;
2022;Cartagena;Transbordo;Incluido tránsito;30;0;0;1.139;1.139;0;0;0;1.169;;;
2022;Castellón;Desembarque;Incluido tránsito;6.934.982;8.023.356;41.367;228.638;270.005;2.520;0;0;15.230.863;;;
2022;Castellón;Desembarque;Solo tránsito;0;0;440;17.556;17.996;0;0;0;17.996;;;
2022;Castellón;Embarque;Incluido tránsito;3.328.684;1.133.045;73.424;1.143.998;1.217.422;0;32.476;0;5.711.627;;;
2022;Castellón;Embarque;Solo tránsito;0;0;373;17.022;17.395;0;0;0;17.395;;;
2022;Castellón;Transbordo;Incluido tránsito;0;0;0;0;0;0;0;0;0;;;
2022;Ceuta;Desembarque;Incluido tránsito;671.749;5.856;322.678;14.613;337.291;39;0;0;1.014.935;;;
2022;Ceuta;Desembarque;Solo tránsito;0;0;0;0;0;0;0;0;0;;;
2022;Ceuta;Embarque;Incluido tránsito;10.150;0;178.987;52.842;231.829;0;683.016;0;924.995;;;
2022;Ceuta;Embarque;Solo tránsito;0;0;0;0;0;0;0;0;0;;;
2022;Ceuta;Transbordo;Incluido tránsito;0;0;0;0;0;0;0;0;0;;;
2022;Ferrol-San Cibrao;Desembarque;Incluido tránsito;3.010.489;5.122.780;75.020;179.164;254.184;207;0;29;8.387.689;;;
2022;Ferrol-San Cibrao;Desembarque;Solo tránsito;0;387.669;15.023;24.691;39.714;0;0;0;427.383;;;
2022;Ferrol-San Cibrao;Embarque;Incluido tránsito;946.957;1.733.690;491.244;232.484;723.728;0;14.158;0;3.418.533;;;
2022;Ferrol-San Cibrao;Embarque;Solo tránsito;0;218.566;15.519;24.691;40.210;0;0;0;258.776;;;
2022;Ferrol-San Cibrao;Transbordo;Incluido tránsito;4.411;0;0;0;0;0;0;0;4.411;;;
2022;Gijón;Desembarque;Incluido tránsito;790.516;12.771.583;248.073;279.032;527.105;8.401;0;0;14.097.605;;;
2022;Gijón;Desembarque;Solo tránsito;0;1.813.919;260;6.040;6.300;0;0;0;1.820.219;;;
2022;Gijón;Embarque;Incluido tránsito;53.268;4.167.318;404.759;351.370;756.129;0;25.562;0;5.002.277;;;
2022;Gijón;Embarque;Solo tránsito;0;1.354.581;0;5.669;5.669;0;0;0;1.360.250;;;
2022;Gijón;Transbordo;Incluido tránsito;0;0;0;260;260;0;0;0;260;;;
2022;Huelva;Desembarque;Incluido tránsito;16.838.257;3.324.979;291.786;120.803;412.589;172;0;43.334;20.619.331;;;
2022;Huelva;Desembarque;Solo tránsito;898.940;304.213;0;221;221;0;0;0;1.203.374;;;
2022;Huelva;Embarque;Incluido tránsito;8.032.982;2.386.627;424.244;459.861;884.105;0;179.212;43.406;11.526.332;;;
2022;Huelva;Embarque;Solo tránsito;779.225;296.724;0;222;222;0;0;0;1.076.171;;;
2022;Huelva;Transbordo;Incluido tránsito;0;0;0;0;0;0;0;0;0;;;
2022;Las Palmas;Desembarque;Incluido tránsito;6.065.305;360.152;2.295.990;7.277.804;9.573.794;1.582;0;0;16.000.833;;;
2022;Las Palmas;Desembarque;Solo tránsito;1.982.563;0;179.324;4.191.004;4.370.328;0;0;0;6.352.891;;;
2022;Las Palmas;Embarque;Incluido tránsito;1.743.258;2.534;2.478.938;5.520.843;7.999.781;0;2.539.071;1;12.284.645;;;
2022;Las Palmas;Embarque;Solo tránsito;1.314.268;0;185.404;4.272.931;4.458.335;0;0;0;5.772.603;;;
2022;Las Palmas;Transbordo;Incluido tránsito;0;0;0;6.156;6.156;0;0;0;6.156;;;
2022;Marín y Ría de Pontevedra;Desembarque;Incluido tránsito;2;1.014.086;209.965;255.618;465.583;3.118;0;0;1.482.789;;;
2022;Marín y Ría de Pontevedra;Desembarque;Solo tránsito;0;0;15;974;989;0;0;0;989;;;
2022;Marín y Ría de Pontevedra;Embarque;Incluido tránsito;0;25.504;285.152;287.145;572.297;0;37.514;0;635.315;;;
2022;Marín y Ría de Pontevedra;Embarque;Solo tránsito;0;0;0;162;162;0;0;0;162;;;
2022;Marín y Ría de Pontevedra;Transbordo;Incluido tránsito;0;0;0;0;0;0;0;0;0;;;
2022;Melilla;Desembarque;Incluido tránsito;64.169;27.555;301.359;32.233;333.592;0;0;0;425.316;;;
2022;Melilla;Desembarque;Solo tránsito;0;0;0;0;0;0;0;0;0;;;
2022;Melilla;Embarque;Incluido tránsito;0;0;138.243;8.719;146.962;0;4.973;0;151.935;;;
2022;Melilla;Embarque;Solo tránsito;0;0;0;0;0;0;0;0;0;;;
2022;Melilla;Transbordo;Incluido tránsito;0;0;0;0;0;0;0;0;0;;;
2022;Motril;Desembarque;Incluido tránsito;1.294.170;167.164;76.180;32;76.212;876;0;0;1.538.422;;;
2022;Motril;Desembarque;Solo tránsito;35.547;0;0;0;0;0;0;0;35.547;;;
2022;Motril;Embarque;Incluido tránsito;39.471;483.231;68.998;55;69.053;0;17.599;0;609.354;;;
2022;Motril;Embarque;Solo tránsito;30.942;0;0;0;0;0;0;0;30.942;;;
2022;Motril;Transbordo;Incluido tránsito;0;0;0;1;1;0;0;0;1;;;
2022;Málaga;Desembarque;Incluido tránsito;54.031;780.578;183.453;1.182.105;1.365.558;297;0;0;2.200.464;;;
2022;Málaga;Desembarque;Solo tránsito;11.293;0;1.159;1.036.684;1.037.843;0;0;0;1.049.136;;;
2022;Málaga;Embarque;Incluido tránsito;58.607;593.809;272.655;1.214.450;1.487.105;0;74.832;0;2.214.353;;;
2022;Málaga;Embarque;Solo tránsito;8.127;0;1.159;1.062.972;1.064.131;0;0;0;1.072.258;;;
2022;Málaga;Transbordo;Incluido tránsito;0;0;0;0;0;0;0;0;0;;;
2022;Pasaia;Desembarque;Incluido tránsito;0;772.703;1.324.785;0;1.324.785;19.055;0;0;2.116.543;;;
2022;Pasaia;Desembarque;Solo tránsito;0;1.837;5.026;0;5.026;0;0;0;6.863;;;
2022;Pasaia;Embarque;Incluido tránsito;0;131.366;1.038.722;0;1.038.722;0;25.880;0;1.195.968;;;
2022;Pasaia;Embarque;Solo tránsito;0;1.837;522;0;522;0;0;0;2.359;;;
2022;Pasaia;Transbordo;Incluido tránsito;0;0;0;0;0;0;0;0;0;;;
2022;Santa Cruz de Tenerife;Desembarque;Incluido tránsito;2.859.798;372.166;1.960.231;2.547.222;4.507.453;2.657;0;0;7.742.074;;;
2022;Santa Cruz de Tenerife;Desembarque;Solo tránsito;0;5;21.455;307.836;329.291;0;0;0;329.296;;;
2022;Santa Cruz de Tenerife;Embarque;Incluido tránsito;830.671;36.392;1.853.075;1.193.342;3.046.417;0;613.804;1.559;4.528.843;;;
2022;Santa Cruz de Tenerife;Embarque;Solo tránsito;1.597;3;24.259;290.355;314.614;0;0;0;316.214;;;
2022;Santa Cruz de Tenerife;Transbordo;Incluido tránsito;0;0;0;76;76;0;0;0;76;;;
2022;Santander;Desembarque;Incluido tránsito;210.937;2.247.994;961.249;153.033;1.114.282;5.631;0;0;3.578.844;;;
2022;Santander;Desembarque;Solo tránsito;0;20.020;29.867;122;29.989;0;0;0;50.009;;;
2022;Santander;Embarque;Incluido tránsito;31.375;1.162.485;1.448.347;199.339;1.647.686;0;35.172;0;2.876.718;;;
2022;Santander;Embarque;Solo tránsito;5.023;0;28.538;0;28.538;0;0;0;33.561;;;
2022;Santander;Transbordo;Incluido tránsito;0;0;0;0;0;0;0;0;0;;;
2022;Sevilla;Desembarque;Incluido tránsito;417.591;1.280.346;229.514;242.991;472.505;0;0;0;2.170.442;;;
2022;Sevilla;Desembarque;Solo tránsito;0;0;0;0;0;0;0;0;0;;;
2022;Sevilla;Embarque;Incluido tránsito;3.151;506.532;338.129;767.461;1.105.590;0;33.586;0;1.648.859;;;
2022;Sevilla;Embarque;Solo tránsito;0;0;0;0;0;0;0;0;0;;;
2022;Sevilla;Transbordo;Incluido tránsito;0;0;0;0;0;0;0;0;0;;;
2022;Tarragona;Desembarque;Incluido tránsito;13.756.501;7.716.596;1.059.305;390.356;1.449.661;2.283;0;96.298;23.021.339;;;
2022;Tarragona;Desembarque;Solo tránsito;112.995;1.317.029;111.264;151.127;262.391;0;0;0;1.692.415;;;
2022;Tarragona;Embarque;Incluido tránsito;3.627.659;1.606.656;560.038;385.472;945.510;0;113.598;96.407;6.389.830;;;
2022;Tarragona;Embarque;Solo tránsito;60.572;1.141.734;35.699;147.012;182.711;0;0;0;1.385.017;;;
2022;Tarragona;Transbordo;Incluido tránsito;283.411;0;0;0;0;0;0;0;283.411;;;
2022;Valencia;Desembarque;Incluido tránsito;4.954.706;1.720.106;6.653.398;25.123.231;31.776.629;1.053;0;0;38.452.494;;;
2022;Valencia;Desembarque;Solo tránsito;187.272;0;70.919;14.872.435;14.943.354;0;0;0;15.130.626;;;
2022;Valencia;Embarque;Incluido tránsito;864.523;535.058;8.109.612;31.002.324;39.111.936;0;401.718;0;40.913.235;;;
2022;Valencia;Embarque;Solo tránsito;202.820;0;67.206;14.938.257;15.005.463;0;0;0;15.208.283;;;
2022;Valencia;Transbordo;Incluido tránsito;0;0;0;0;0;0;0;0;0;;;
2022;Vigo;Desembarque;Incluido tránsito;31.974;302.701;659.691;1.380.895;2.040.586;34.009;0;0;2.409.270;;;
2022;Vigo;Desembarque;Solo tránsito;0;0;49.345;88.755;138.100;0;0;0;138.100;;;
2022;Vigo;Embarque;Incluido tránsito;0;1.433;893.691;1.277.409;2.171.100;0;128.913;0;2.301.446;;;
2022;Vigo;Embarque;Solo tránsito;0;0;35.122;85.058;120.180;0;0;0;120.180;;;
2022;Vigo;Transbordo;Incluido tránsito;0;0;0;4.508;4.508;0;0;0;4.508;;;
2022;Vilagarcía;Desembarque;Incluido tránsito;287.104;266.199;273.702;65.704;339.406;0;0;0;892.709;;;
2022;Vilagarcía;Desembarque;Solo tránsito;0;0;5.150;884;6.034;0;0;0;6.034;;;
2022;Vilagarcía;Embarque;Incluido tránsito;12.462;134.988;228.831;221.306;450.137;0;7.777;0;605.364;;;
2022;Vilagarcía;Embarque;Solo tránsito;12.462;0;5.150;899;6.049;0;0;0;18.511;;;
2022;Vilagarcía;Transbordo;Incluido tránsito;0;0;0;0;0;0;0;0;0;;;
2023;A Coruña;Desembarque;Incluido tránsito;5.724.746;3.465.159;429.305;132;429.437;27.034;0;0;9.646.376;;;
2023;A Coruña;Desembarque;Solo tránsito;0;713.357;0;0;0;0;0;0;713.357;;;
2023;A Coruña;Embarque;Incluido tránsito;2.350.208;1.755.532;147.836;41;147.877;0;75.448;0;4.329.065;;;
2023;A Coruña;Embarque;Solo tránsito;0;1.001.518;0;0;0;0;0;0;1.001.518;;;
2023;A Coruña;Transbordo;Incluido tránsito;0;7.012;0;0;0;0;0;0;7.012;;;
2023;Alicante;Desembarque;Incluido tránsito;43.572;696.901;52.877;342.686;395.563;0;0;0;1.136.036;;;
2023;Alicante;Desembarque;Solo tránsito;0;0;0;8.443;8.443;0;0;0;8.443;;;
2023;Alicante;Embarque;Incluido tránsito;3.155;1.136.095;155.151;754.211;909.362;0;28.311;0;2.076.923;;;
2023;Alicante;Embarque;Solo tránsito;0;0;0;7.393;7.393;0;0;0;7.393;;;
2023;Alicante;Transbordo;Incluido tránsito;0;0;0;0;0;0;0;0;0;;;
2023;Almería;Desembarque;Incluido tránsito;6.036;543.644;537.978;166.601;704.579;3.561;0;0;1.257.820;;;
2023;Almería;Desembarque;Solo tránsito;0;0;624;13;637;0;0;0;637;;;
2023;Almería;Embarque;Incluido tránsito;27.224;3.359.633;504.297;47.845;552.142;0;93.006;0;4.032.005;;;
2023;Almería;Embarque;Solo tránsito;0;0;624;30;654;0;0;0;654;;;
2023;Almería;Transbordo;Incluido tránsito;0;0;0;0;0;0;0;0;0;;;
2023;Avilés;Desembarque;Incluido tránsito;318.543;1.625.420;334.488;0;334.488;9.469;0;0;2.287.920;;;
2023;Avilés;Desembarque;Solo tránsito;0;0;0;0;0;0;0;0;0;;;
2023;Avilés;Embarque;Incluido tránsito;338.761;1.129.765;776.446;0;776.446;0;48.165;0;2.293.137;;;
2023;Avilés;Embarque;Solo tránsito;0;33.000;0;0;0;0;0;0;33.000;;;
2023;Avilés;Transbordo;Incluido tránsito;0;0;0;0;0;0;0;0;0;;;
2023;Bahía de Algeciras;Desembarque;Incluido tránsito;17.354.118;433.859;5.482.845;28.386.335;33.869.180;1.023;0;249.849;51.908.029;;;
2023;Bahía de Algeciras;Desembarque;Solo tránsito;6.149.692;86.893;165.857;25.236.782;25.402.639;0;0;0;31.639.224;;;
2023;Bahía de Algeciras;Embarque;Incluido tránsito;9.171.608;13.985;8.134.544;28.248.264;36.382.808;0;3.736.597;3.604.470;52.909.468;;;
2023;Bahía de Algeciras;Embarque;Solo tránsito;6.199.311;13.984;501.030;25.222.395;25.723.425;0;0;0;31.936.720;;;
2023;Bahía de Algeciras;Transbordo;Incluido tránsito;3.869;0;0;0;0;0;0;0;3.869;;;
2023;Bahía de Cádiz;Desembarque;Incluido tránsito;625.117;1.868.405;360.751;455.814;816.565;12.200;0;0;3.322.287;;;
2023;Bahía de Cádiz;Desembarque;Solo tránsito;563.549;26.110;3.554;103.231;106.785;0;0;0;696.444;;;
2023;Bahía de Cádiz;Embarque;Incluido tránsito;629.901;345.896;272.721;1.051.975;1.324.696;0;115.507;0;2.416.000;;;
2023;Bahía de Cádiz;Embarque;Solo tránsito;626.188;41.411;50;103.185;103.235;0;0;0;770.834;;;
2023;Bahía de Cádiz;Transbordo;Incluido tránsito;0;12.477;0;0;0;0;0;0;12.477;;;
2023;Baleares;Desembarque;Incluido tránsito;1.473.162;386.586;9.263.753;221.268;9.485.021;1.701;0;0;11.346.470;;;
2023;Baleares;Desembarque;Solo tránsito;0;0;3.806;0;3.806;0;0;0;3.806;;;
2023;Baleares;Embarque;Incluido tránsito;2;639;4.607.319;114.001;4.721.320;0;147.137;0;4.869.098;;;
2023;Baleares;Embarque;Solo tránsito;0;0;11.958;31;11.989;0;0;0;11.989;;;
2023;Baleares;Transbordo;Incluido tránsito;0;0;0;0;0;0;0;0;0;;;
2023;Barcelona;Desembarque;Incluido tránsito;10.217.816;2.739.121;4.700.749;15.783.702;20.484.451;1.544;0;0;33.442.932;;;
2023;Barcelona;Desembarque;Solo tránsito;2.429.221;19.081;205.457;8.046.469;8.251.926;0;0;0;10.700.228;;;
2023;Barcelona;Embarque;Incluido tránsito;2.701.087;2.056.180;6.521.614;17.740.880;24.262.494;0;1.563.241;0;30.583.002;;;
2023;Barcelona;Embarque;Solo tránsito;1.791.340;15.740;237.835;7.800.666;8.038.501;0;0;0;9.845.581;;;
2023;Barcelona;Transbordo;Incluido tránsito;0;0;0;0;0;0;0;0;0;;;
2023;Bilbao;Desembarque;Incluido tránsito;16.073.262;2.085.070;2.057.825;2.168.805;4.226.630;0;0;0;22.384.962;;;
2023;Bilbao;Desembarque;Solo tránsito;0;1.004;996;36.309;37.305;0;0;0;38.309;;;
2023;Bilbao;Embarque;Incluido tránsito;4.571.231;1.833.689;951.932;3.060.899;4.012.831;0;130.266;0;10.548.017;;;
2023;Bilbao;Embarque;Solo tránsito;0;1.004;488;31.634;32.122;0;0;0;33.126;;;
2023;Bilbao;Transbordo;Incluido tránsito;0;0;0;0;0;0;0;0;0;;;
2023;Cartagena;Desembarque;Incluido tránsito;20.780.401;5.784.084;194.478;393.040;587.518;358;0;0;27.152.361;;;
2023;Cartagena;Desembarque;Solo tránsito;0;317.911;372;0;372;0;0;0;318.283;;;
2023;Cartagena;Embarque;Incluido tránsito;7.027.141;2.970.624;99.179;255.007;354.186;0;240.652;0;10.592.603;;;
2023;Cartagena;Embarque;Solo tránsito;27.702;349.152;78;0;78;0;0;0;376.932;;;
2023;Cartagena;Transbordo;Incluido tránsito;27.702;0;0;0;0;0;0;0;27.702;;;
2023;Castellón;Desembarque;Incluido tránsito;5.683.673;5.417.096;37.260;199.833;237.093;2.270;0;0;11.340.132;;;
2023;Castellón;Desembarque;Solo tránsito;0;0;58;8.376;8.434;0;0;0;8.434;;;
2023;Castellón;Embarque;Incluido tránsito;2.466.668;1.060.479;43.841;801.861;845.702;0;28.757;0;4.401.606;;;
2023;Castellón;Embarque;Solo tránsito;0;0;0;6.792;6.792;0;0;0;6.792;;;
2023;Castellón;Transbordo;Incluido tránsito;0;0;0;0;0;0;0;0;0;;;
2023;Ceuta;Desembarque;Incluido tránsito;664.720;7.476;302.825;15.104;317.929;32;0;0;990.157;;;
2023;Ceuta;Desembarque;Solo tránsito;0;0;0;0;0;0;0;0;0;;;
2023;Ceuta;Embarque;Incluido tránsito;10.002;0;169.030;49.520;218.550;0;643.329;0;871.881;;;
2023;Ceuta;Embarque;Solo tránsito;0;0;0;0;0;0;0;0;0;;;
2023;Ceuta;Transbordo;Incluido tránsito;0;0;0;0;0;0;0;0;0;;;
2023;Ferrol-San Cibrao;Desembarque;Incluido tránsito;2.892.646;2.454.413;83.740;114.626;198.366;180;0;26;5.545.631;;;
2023;Ferrol-San Cibrao;Desembarque;Solo tránsito;0;382.454;13.540;546;14.086;0;0;0;396.540;;;
2023;Ferrol-San Cibrao;Embarque;Incluido tránsito;748.960;1.346.431;605.759;190.702;796.461;0;13.590;846;2.906.288;;;
2023;Ferrol-San Cibrao;Embarque;Solo tránsito;0;340.058;1.454;648;2.102;0;0;0;342.160;;;
2023;Ferrol-San Cibrao;Transbordo;Incluido tránsito;0;0;0;0;0;0;0;0;0;;;
2023;Gijón;Desembarque;Incluido tránsito;1.274.003;11.044.693;335.213;358.710;693.923;6.749;0;0;13.019.368;;;
2023;Gijón;Desembarque;Solo tránsito;0;2.907.722;387;3.039;3.426;0;0;0;2.911.148;;;
2023;Gijón;Embarque;Incluido tránsito;23.585;5.067.135;349.139;509.643;858.782;0;22.602;0;5.972.104;;;
2023;Gijón;Embarque;Solo tránsito;3.705;2.826.106;0;2.388;2.388;0;0;0;2.832.199;;;
2023;Gijón;Transbordo;Incluido tránsito;0;0;0;0;0;0;0;0;0;;;
2023;Huelva;Desembarque;Incluido tránsito;14.768.308;3.657.931;346.195;165.484;511.679;162;0;66.923;19.005.003;;;
2023;Huelva;Desembarque;Solo tránsito;1.056.770;135.765;4.597;35.321;39.918;0;0;0;1.232.453;;;
2023;Huelva;Embarque;Incluido tránsito;7.886.849;2.013.490;455.837;491.599;947.436;0;169.750;63.435;11.080.960;;;
2023;Huelva;Embarque;Solo tránsito;960.413;152.560;4.597;35.024;39.621;0;0;0;1.152.594;;;
2023;Huelva;Transbordo;Incluido tránsito;0;0;0;0;0;0;0;0;0;;;
2023;Las Palmas;Desembarque;Incluido tránsito;5.555.800;361.412;2.361.950;7.620.879;9.982.829;721;0;0;15.900.762;;;
2023;Las Palmas;Desembarque;Solo tránsito;1.544.936;0;188.448;4.562.666;4.751.114;0;0;0;6.296.050;;;
2023;Las Palmas;Embarque;Incluido tránsito;1.349.140;18.241;2.497.840;5.780.582;8.278.422;0;2.327.484;0;11.973.287;;;
2023;Las Palmas;Embarque;Solo tránsito;995.156;0;192.955;4.539.411;4.732.366;0;0;0;5.727.522;;;
2023;Las Palmas;Transbordo;Incluido tránsito;0;0;0;0;0;0;0;0;0;;;
2023;Marín y Ría de Pontevedra;Desembarque;Incluido tránsito;0;973.810;211.586;236.171;447.757;2.608;0;0;1.424.175;;;
2023;Marín y Ría de Pontevedra;Desembarque;Solo tránsito;0;0;0;2.112;2.112;0;0;0;2.112;;;
2023;Marín y Ría de Pontevedra;Embarque;Incluido tránsito;0;56.101;343.603;268.825;612.428;0;28.306;0;696.835;;;
2023;Marín y Ría de Pontevedra;Embarque;Solo tránsito;0;0;0;642;642;0;0;0;642;;;
2023;Marín y Ría de Pontevedra;Transbordo;Incluido tránsito;0;0;0;0;0;0;0;0;0;;;
2023;Melilla;Desembarque;Incluido tránsito;63.616;11.851;277.757;36.721;314.478;0;0;0;389.945;;;
2023;Melilla;Desembarque;Solo tránsito;0;0;0;0;0;0;0;0;0;;;
2023;Melilla;Embarque;Incluido tránsito;0;0;128.345;10.100;138.445;0;8.273;0;146.718;;;
2023;Melilla;Embarque;Solo tránsito;0;0;0;0;0;0;0;0;0;;;
2023;Melilla;Transbordo;Incluido tránsito;0;0;0;0;0;0;0;0;0;;;
2023;Motril;Desembarque;Incluido tránsito;1.237.545;184.615;408.003;1.897;409.900;755;0;0;1.832.815;;;
2023;Motril;Desembarque;Solo tránsito;26.653;0;19;0;19;0;0;0;26.672;;;
2023;Motril;Embarque;Incluido tránsito;55.857;504.737;129.283;2.629;131.912;0;26.272;0;718.778;;;
2023;Motril;Embarque;Solo tránsito;30.363;0;19;0;19;0;0;0;30.382;;;
2023;Motril;Transbordo;Incluido tránsito;0;0;0;0;0;0;0;0;0;;;
2023;Málaga;Desembarque;Incluido tránsito;100.527;901.211;276.113;162.578;438.691;529;0;0;1.440.958;;;
2023;Málaga;Desembarque;Solo tránsito;14.803;0;9.556;8.242;17.798;0;0;0;32.601;;;
2023;Málaga;Embarque;Incluido tránsito;38.034;450.524;384.279;146.667;530.946;0;98.153;0;1.117.657;;;
2023;Málaga;Embarque;Solo tránsito;5.981;0;7.682;16.487;24.169;0;0;0;30.150;;;
2023;Málaga;Transbordo;Incluido tránsito;0;0;0;0;0;0;0;0;0;;;
2023;Pasaia;Desembarque;Incluido tránsito;0;944.674;1.306.116;0;1.306.116;18.662;0;0;2.269.452;;;
2023;Pasaia;Desembarque;Solo tránsito;0;0;9.510;0;9.510;0;0;0;9.510;;;
2023;Pasaia;Embarque;Incluido tránsito;0;119.591;1.078.146;0;1.078.146;0;26.579;0;1.224.316;;;
2023;Pasaia;Embarque;Solo tránsito;0;0;5.679;0;5.679;0;0;0;5.679;;;
2023;Pasaia;Transbordo;Incluido tránsito;0;0;0;0;0;0;0;0;0;;;
2023;Santa Cruz de Tenerife;Desembarque;Incluido tránsito;2.674.906;372.056;2.245.825;2.644.574;4.890.399;3.048;0;0;7.940.409;;;
2023;Santa Cruz de Tenerife;Desembarque;Solo tránsito;29.568;26;23.767;358.738;382.505;0;0;0;412.099;;;
2023;Santa Cruz de Tenerife;Embarque;Incluido tránsito;1.461.885;4.300;2.083.916;1.313.106;3.397.022;0;734.045;1.639;5.598.891;;;
2023;Santa Cruz de Tenerife;Embarque;Solo tránsito;4.554;0;21.722;343.090;364.812;0;0;0;369.366;;;
2023;Santa Cruz de Tenerife;Transbordo;Incluido tránsito;0;0;0;0;0;0;0;0;0;;;
2023;Santander;Desembarque;Incluido tránsito;193.584;2.704.789;904.600;200.571;1.105.171;4.168;0;0;4.007.712;;;
2023;Santander;Desembarque;Solo tránsito;1.140;0;26.870;16.721;43.591;0;0;0;44.731;;;
2023;Santander;Embarque;Incluido tránsito;18.310;1.127.877;1.467.132;372.578;1.839.710;0;49.600;0;3.035.497;;;
2023;Santander;Embarque;Solo tránsito;6.117;0;26.161;15.764;41.925;0;0;0;48.042;;;
2023;Santander;Transbordo;Incluido tránsito;0;0;0;0;0;0;0;0;0;;;
2023;Sevilla;Desembarque;Incluido tránsito;443.114;1.573.795;195.758;241.269;437.027;0;0;0;2.453.936;;;
2023;Sevilla;Desembarque;Solo tránsito;0;0;51;0;51;0;0;0;51;;;
2023;Sevilla;Embarque;Incluido tránsito;0;390.614;282.520;788.673;1.071.193;0;37.215;0;1.499.022;;;
2023;Sevilla;Embarque;Solo tránsito;0;0;51;0;51;0;0;0;51;;;
2023;Sevilla;Transbordo;Incluido tránsito;0;0;0;0;0;0;0;0;0;;;
2023;Tarragona;Desembarque;Incluido tránsito;15.328.857;9.016.820;954.164;140.664;1.094.828;1.797;0;46.943;25.489.245;;;
2023;Tarragona;Desembarque;Solo tránsito;61.131;551.342;13.322;170;13.492;0;0;0;625.965;;;
2023;Tarragona;Embarque;Incluido tránsito;5.072.044;1.157.742;501.026;135.696;636.722;0;111.108;46.982;7.024.598;;;
2023;Tarragona;Embarque;Solo tránsito;82.345;518.175;12.517;5.193;17.710;0;0;0;618.230;;;
2023;Tarragona;Transbordo;Incluido tránsito;166.794;0;0;0;0;0;0;0;166.794;;;
2023;Valencia;Desembarque;Incluido tránsito;4.356.274;1.929.318;6.853.285;24.733.784;31.587.069;1.113;0;0;37.873.774;;;
2023;Valencia;Desembarque;Solo tránsito;287.873;0;56.844;14.883.319;14.940.163;0;0;0;15.228.036;;;
2023;Valencia;Embarque;Incluido tránsito;940.677;536.250;8.456.969;28.939.867;37.396.836;0;416.398;0;39.290.161;;;
2023;Valencia;Embarque;Solo tránsito;253.700;0;49.299;14.850.080;14.899.379;0;0;0;15.153.079;;;
2023;Valencia;Transbordo;Incluido tránsito;0;0;0;0;0;0;0;0;0;;;
2023;Vigo;Desembarque;Incluido tránsito;36.032;316.724;601.712;1.441.952;2.043.664;31.644;0;0;2.428.064;;;
2023;Vigo;Desembarque;Solo tránsito;0;0;68.698;95.684;164.382;0;0;0;164.382;;;
2023;Vigo;Embarque;Incluido tránsito;0;0;1.090.812;1.170.822;2.261.634;0;134.816;0;2.396.450;;;
2023;Vigo;Embarque;Solo tránsito;0;0;52.991;98.217;151.208;0;0;0;151.208;;;
2023;Vigo;Transbordo;Incluido tránsito;0;0;0;0;0;0;0;0;0;;;
2023;Vilagarcía;Desembarque;Incluido tránsito;298.398;323.842;221.916;60.575;282.491;0;0;0;904.731;;;
2023;Vilagarcía;Desembarque;Solo tránsito;0;0;0;366;366;0;0;0;366;;;
2023;Vilagarcía;Embarque;Incluido tránsito;0;247.808;207.652;184.748;392.400;0;7.489;0;647.697;;;
2023;Vilagarcía;Embarque;Solo tránsito;0;0;0;181;181;0;0;0;181;;;
2023;Vilagarcía;Transbordo;Incluido tránsito;0;0;0;0;0;0;0;0;0;;;
2024;A Coruña;Desembarque;Incluido tránsito;6.640.604;3.269.457;402.813;313;403.126;23.159;0;0;10.336.346;;;
2024;A Coruña;Desembarque;Solo tránsito;0;243.630;0;0;0;0;0;0;243.630;;;
2024;A Coruña;Embarque;Incluido tránsito;3.152.257;944.691;138.178;0;138.178;0;91.937;0;4.327.063;;;
2024;A Coruña;Embarque;Solo tránsito;0;202.321;0;0;0;0;0;0;202.321;;;
2024;A Coruña;Transbordo;Incluido tránsito;27.000;0;0;0;0;0;0;0;27.000;;;
2024;Alicante;Desembarque;Incluido tránsito;54.303;766.023;31.047;375.664;406.711;810;0;0;1.227.847;;;
2024;Alicante;Desembarque;Solo tránsito;0;0;0;10.352;10.352;0;0;0;10.352;;;
2024;Alicante;Embarque;Incluido tránsito;12.924;1.030.589;50.553;781.619;832.172;0;21.740;0;1.897.425;;;
2024;Alicante;Embarque;Solo tránsito;0;0;0;15.508;15.508;0;0;0;15.508;;;
2024;Alicante;Transbordo;Incluido tránsito;0;0;0;0;0;0;0;0;0;;;
2024;Almería;Desembarque;Incluido tránsito;44.871;519.267;635.783;172.709;808.492;3.813;0;0;1.376.443;;;
2024;Almería;Desembarque;Solo tránsito;0;0;930;143;1.073;0;0;0;1.073;;;
2024;Almería;Embarque;Incluido tránsito;77.964;3.358.276;587.322;90.081;677.403;0;93.986;0;4.207.629;;;
2024;Almería;Embarque;Solo tránsito;0;0;1.667;130;1.797;0;0;0;1.797;;;
2024;Almería;Transbordo;Incluido tránsito;0;0;0;0;0;0;0;0;0;;;
2024;Avilés;Desembarque;Incluido tránsito;342.904;1.777.080;282.531;0;282.531;9.675;0;5.000;2.417.190;;;
2024;Avilés;Desembarque;Solo tránsito;0;0;194;0;194;0;0;0;194;;;
2024;Avilés;Embarque;Incluido tránsito;241.783;1.062.399;878.496;0;878.496;0;45.782;5.000;2.233.460;;;
2024;Avilés;Embarque;Solo tránsito;0;0;0;0;0;0;0;0;0;;;
2024;Avilés;Transbordo;Incluido tránsito;0;0;0;0;0;0;0;0;0;;;
2024;Bahía de Algeciras;Desembarque;Incluido tránsito;18.606.847;213.126;5.905.809;28.283.857;34.189.666;1.287;0;254.544;53.265.470;;;
2024;Bahía de Algeciras;Desembarque;Solo tránsito;7.034.042;50.643;186.347;25.258.844;25.445.191;0;0;0;32.529.876;;;
2024;Bahía de Algeciras;Embarque;Incluido tránsito;10.186.261;26.096;6.003.787;27.941.614;33.945.401;0;3.422.465;3.259.361;50.839.584;;;
2024;Bahía de Algeciras;Embarque;Solo tránsito;6.526.313;26.096;344.819;24.980.694;25.325.513;0;0;0;31.877.922;;;
2024;Bahía de Algeciras;Transbordo;Incluido tránsito;17.708;0;10.284;0;10.284;0;0;0;27.992;;;
2024;Bahía de Cádiz;Desembarque;Incluido tránsito;296.422;1.236.324;401.528;486.330;887.858;11.065;0;0;2.431.669;;;
2024;Bahía de Cádiz;Desembarque;Solo tránsito;235.175;13.309;21.962;113.131;135.093;0;0;0;383.577;;;
2024;Bahía de Cádiz;Embarque;Incluido tránsito;236.261;415.063;378.088;1.146.281;1.524.369;0;119.139;0;2.294.832;;;
2024;Bahía de Cádiz;Embarque;Solo tránsito;228.140;47.266;3.671;119.289;122.960;0;0;0;398.366;;;
2024;Bahía de Cádiz;Transbordo;Incluido tránsito;590;4.859;0;0;0;0;0;0;5.449;;;
2024;Baleares;Desembarque;Incluido tránsito;1.579.453;357.883;9.674.439;194.191;9.868.630;1.951;0;0;11.807.917;;;
2024;Baleares;Desembarque;Solo tránsito;0;0;2;0;2;0;0;0;2;;;
2024;Baleares;Embarque;Incluido tránsito;0;619;4.961.611;109.584;5.071.195;0;157.977;0;5.229.791;;;
2024;Baleares;Embarque;Solo tránsito;0;0;12.036;15;12.051;0;0;0;12.051;;;
2024;Baleares;Transbordo;Incluido tránsito;0;0;0;0;0;0;0;0;0;;;
2024;Barcelona;Desembarque;Incluido tránsito;10.327.630;2.848.787;4.832.387;17.940.475;22.772.862;2.577;0;0;35.951.856;;;
2024;Barcelona;Desembarque;Solo tránsito;3.343.292;0;251.316;9.468.631;9.719.947;0;0;0;13.063.239;;;
2024;Barcelona;Embarque;Incluido tránsito;3.349.263;1.950.715;6.828.281;19.741.283;26.569.564;0;1.876.034;0;33.745.576;;;
2024;Barcelona;Embarque;Solo tránsito;2.590.017;0;246.998;9.142.896;9.389.894;0;0;0;11.979.911;;;
2024;Barcelona;Transbordo;Incluido tránsito;5.900;0;0;0;0;0;0;0;5.900;;;
2024;Bilbao;Desembarque;Incluido tránsito;16.692.521;2.153.116;2.417.787;2.189.853;4.607.640;0;0;1.607;23.454.884;;;
2024;Bilbao;Desembarque;Solo tránsito;0;0;141;52.505;52.646;0;0;0;52.646;;;
2024;Bilbao;Embarque;Incluido tránsito;4.848.862;2.162.359;1.035.382;2.911.226;3.946.608;0;149.883;0;11.107.712;;;
2024;Bilbao;Embarque;Solo tránsito;0;0;141;43.414;43.555;0;0;0;43.555;;;
2024;Bilbao;Transbordo;Incluido tránsito;28.812;0;0;0;0;0;0;0;28.812;;;
2024;Cartagena;Desembarque;Incluido tránsito;19.280.610;5.492.526;172.971;349.232;522.203;477;0;0;25.295.816;;;
2024;Cartagena;Desembarque;Solo tránsito;0;15.554;6.665;2.460;9.125;0;0;0;24.679;;;
2024;Cartagena;Embarque;Incluido tránsito;6.649.473;3.288.549;146.546;331.997;478.543;0;208.888;0;10.625.453;;;
2024;Cartagena;Embarque;Solo tránsito;0;74.172;298;7.749;8.047;0;0;0;82.219;;;
2024;Cartagena;Transbordo;Incluido tránsito;1.550;0;0;0;0;0;0;0;1.550;;;
2024;Castellón;Desembarque;Incluido tránsito;5.947.604;6.602.308;48.446;239.632;288.078;2.546;0;0;12.840.536;;;
2024;Castellón;Desembarque;Solo tránsito;0;4.000;285;26.151;26.436;0;0;0;30.436;;;
2024;Castellón;Embarque;Incluido tránsito;2.552.910;1.074.649;8.661;957.094;965.755;0;27.497;0;4.620.811;;;
2024;Castellón;Embarque;Solo tránsito;0;0;285;26.573;26.858;0;0;0;26.858;;;
2024;Castellón;Transbordo;Incluido tránsito;0;0;0;0;0;0;0;0;0;;;
2024;Ceuta;Desembarque;Incluido tránsito;592.177;3.926;341.229;14.582;355.811;47;0;0;951.961;;;
2024;Ceuta;Desembarque;Solo tránsito;0;0;986;0;986;0;0;0;986;;;
2024;Ceuta;Embarque;Incluido tránsito;4.987;0;185.087;49.892;234.979;0;579.946;0;819.912;;;
2024;Ceuta;Embarque;Solo tránsito;0;0;0;0;0;0;0;0;0;;;
2024;Ceuta;Transbordo;Incluido tránsito;0;0;0;0;0;0;0;0;0;;;
2024;Ferrol-San Cibrao;Desembarque;Incluido tránsito;2.009.293;2.504.385;96.769;41.135;137.904;148;0;0;4.651.730;;;
2024;Ferrol-San Cibrao;Desembarque;Solo tránsito;0;132.506;6.872;1.629;8.501;0;0;0;141.007;;;
2024;Ferrol-San Cibrao;Embarque;Incluido tránsito;275.533;1.190.957;440.818;94.459;535.277;0;13.348;61;2.015.176;;;
2024;Ferrol-San Cibrao;Embarque;Solo tránsito;0;195.184;13.327;1.558;14.885;0;0;0;210.069;;;
2024;Ferrol-San Cibrao;Transbordo;Incluido tránsito;1.002;0;0;0;0;0;0;0;1.002;;;
2024;Gijón;Desembarque;Incluido tránsito;1.582.895;8.894.755;408.466;389.117;797.583;8.969;0;0;11.284.202;;;
2024;Gijón;Desembarque;Solo tránsito;0;757.947;0;447;447;0;0;0;758.394;;;
2024;Gijón;Embarque;Incluido tránsito;153.036;3.185.766;381.773;621.263;1.003.036;0;28.122;0;4.369.960;;;
2024;Gijón;Embarque;Solo tránsito;0;653.962;0;413;413;0;0;0;654.375;;;
2024;Gijón;Transbordo;Incluido tránsito;0;0;0;0;0;0;0;0;0;;;
2024;Huelva;Desembarque;Incluido tránsito;15.086.275;3.323.771;422.622;237.318;659.940;115;0;21.119;19.091.220;;;
2024;Huelva;Desembarque;Solo tránsito;1.364.749;41.977;5.491;88.858;94.349;0;0;0;1.501.075;;;
2024;Huelva;Embarque;Incluido tránsito;8.766.641;1.969.308;506.018;576.780;1.082.798;0;178.977;21.126;12.018.850;;;
2024;Huelva;Embarque;Solo tránsito;1.152.453;85.659;3.671;88.489;92.160;0;0;0;1.330.272;;;
2024;Huelva;Transbordo;Incluido tránsito;0;0;0;0;0;0;0;0;0;;;
2024;Las Palmas;Desembarque;Incluido tránsito;6.909.913;397.982;2.509.017;8.255.595;10.764.612;993;0;0;18.073.500;;;
2024;Las Palmas;Desembarque;Solo tránsito;2.222.809;971;185.020;5.116.611;5.301.631;0;0;0;7.525.411;;;
2024;Las Palmas;Embarque;Incluido tránsito;1.847.439;16.021;2.532.667;6.382.980;8.915.647;0;2.911.119;0;13.690.226;;;
2024;Las Palmas;Embarque;Solo tránsito;1.410.473;2;185.979;5.106.081;5.292.060;0;0;0;6.702.535;;;
2024;Las Palmas;Transbordo;Incluido tránsito;0;0;4.224;0;4.224;0;0;0;4.224;;;
2024;Marín y Ría de Pontevedra;Desembarque;Incluido tránsito;0;1.351.886;254.731;229.881;484.612;2.095;0;0;1.838.593;;;
2024;Marín y Ría de Pontevedra;Desembarque;Solo tránsito;0;0;2.900;696;3.596;0;0;0;3.596;;;
2024;Marín y Ría de Pontevedra;Embarque;Incluido tránsito;0;17.953;401.328;288.328;689.656;0;26.889;0;734.498;;;
2024;Marín y Ría de Pontevedra;Embarque;Solo tránsito;0;0;2.900;156;3.056;0;0;0;3.056;;;
2024;Marín y Ría de Pontevedra;Transbordo;Incluido tránsito;0;0;0;0;0;0;0;0;0;;;
2024;Melilla;Desembarque;Incluido tránsito;64.306;16.689;282.950;32.069;315.019;0;0;0;396.014;;;
2024;Melilla;Desembarque;Solo tránsito;0;0;0;0;0;0;0;0;0;;;
2024;Melilla;Embarque;Incluido tránsito;0;0;131.801;7.850;139.651;0;5.548;0;145.199;;;
2024;Melilla;Embarque;Solo tránsito;0;0;0;0;0;0;0;0;0;;;
2024;Melilla;Transbordo;Incluido tránsito;0;0;0;0;0;0;0;0;0;;;
2024;Motril;Desembarque;Incluido tránsito;1.225.876;233.209;414.423;1.400;415.823;817;0;0;1.875.725;;;
2024;Motril;Desembarque;Solo tránsito;0;0;0;0;0;0;0;0;0;;;
2024;Motril;Embarque;Incluido tránsito;52.217;519.786;151.590;1.508;153.098;0;24.313;0;749.414;;;
2024;Motril;Embarque;Solo tránsito;27.284;0;0;0;0;0;0;0;27.284;;;
2024;Motril;Transbordo;Incluido tránsito;0;0;0;0;0;0;0;0;0;;;
2024;Málaga;Desembarque;Incluido tránsito;59.665;798.305;199.566;1.303.034;1.502.600;128;0;0;2.360.698;;;
2024;Málaga;Desembarque;Solo tránsito;7.217;0;15.955;1.153.044;1.168.999;0;0;0;1.176.216;;;
2024;Málaga;Embarque;Incluido tránsito;53.194;461.307;286.577;1.267.359;1.553.936;0;85.618;0;2.154.055;;;
2024;Málaga;Embarque;Solo tránsito;13.501;0;17.814;1.116.730;1.134.544;0;0;0;1.148.045;;;
2024;Málaga;Transbordo;Incluido tránsito;0;0;0;0;0;0;0;0;0;;;
2024;Pasaia;Desembarque;Incluido tránsito;0;838.459;1.380.165;0;1.380.165;16.496;0;0;2.235.120;;;
2024;Pasaia;Desembarque;Solo tránsito;0;0;19.235;0;19.235;0;0;0;19.235;;;
2024;Pasaia;Embarque;Incluido tránsito;0;99.921;1.056.017;0;1.056.017;0;26.597;0;1.182.535;;;
2024;Pasaia;Embarque;Solo tránsito;0;0;19.116;0;19.116;0;0;0;19.116;;;
2024;Pasaia;Transbordo;Incluido tránsito;0;0;0;0;0;0;0;0;0;;;
2024;Santa Cruz de Tenerife;Desembarque;Incluido tránsito;2.652.846;335.975;2.544.263;2.803.780;5.348.043;2.539;0;0;8.339.403;;;
2024;Santa Cruz de Tenerife;Desembarque;Solo tránsito;0;12;427.973;12.627;440.600;0;0;0;440.612;;;
2024;Santa Cruz de Tenerife;Embarque;Incluido tránsito;897.370;470;2.303.842;1.391.361;3.695.203;0;915.359;1.743;5.510.145;;;
2024;Santa Cruz de Tenerife;Embarque;Solo tránsito;1.927;1;416.946;15.124;432.070;0;0;0;433.998;;;
2024;Santa Cruz de Tenerife;Transbordo;Incluido tránsito;89.981;0;11.548;0;11.548;0;0;0;101.529;;;
2024;Santander;Desembarque;Incluido tránsito;156.135;2.342.513;885.842;482.900;1.368.742;4.084;0;0;3.871.474;;;
2024;Santander;Desembarque;Solo tránsito;0;0;12.809;164.169;176.978;0;0;0;176.978;;;
2024;Santander;Embarque;Incluido tránsito;9.631;1.011.941;1.416.245;877.740;2.293.985;0;54.904;0;3.370.461;;;
2024;Santander;Embarque;Solo tránsito;279;0;14.930;161.094;176.024;0;0;0;176.303;;;
2024;Santander;Transbordo;Incluido tránsito;0;0;0;0;0;0;0;0;0;;;
2024;Sevilla;Desembarque;Incluido tránsito;567.712;1.566.827;221.082;266.000;487.082;0;0;0;2.621.621;;;
2024;Sevilla;Desembarque;Solo tránsito;0;0;0;0;0;0;0;0;0;;;
2024;Sevilla;Embarque;Incluido tránsito;0;465.609;314.284;837.914;1.152.198;0;34.601;0;1.652.408;;;
2024;Sevilla;Embarque;Solo tránsito;0;0;0;0;0;0;0;0;0;;;
2024;Sevilla;Transbordo;Incluido tránsito;0;0;0;0;0;0;0;0;0;;;
2024;Tarragona;Desembarque;Incluido tránsito;15.454.203;8.371.141;1.022.931;72.375;1.095.306;2.042;0;32.787;24.955.479;;;
2024;Tarragona;Desembarque;Solo tránsito;219.893;723.622;26.969;0;26.969;0;0;0;970.484;;;
2024;Tarragona;Embarque;Incluido tránsito;5.123.616;855.797;530.036;64.888;594.924;0;115.092;32.858;6.722.287;;;
2024;Tarragona;Embarque;Solo tránsito;131.989;433.332;21.993;1.067;23.060;0;0;0;588.381;;;
2024;Tarragona;Transbordo;Incluido tránsito;180.593;0;0;0;0;0;0;0;180.593;;;
2024;Valencia;Desembarque;Incluido tránsito;2.927.248;2.061.370;7.082.748;27.743.225;34.825.973;1.559;0;0;39.816.150;;;
2024;Valencia;Desembarque;Solo tránsito;202.727;3.000;80.000;17.072.721;17.152.721;0;0;0;17.358.448;;;
2024;Valencia;Embarque;Incluido tránsito;514.792;700.936;8.562.381;31.073.475;39.635.856;0;587.777;0;41.439.361;;;
2024;Valencia;Embarque;Solo tránsito;192.186;3.000;72.761;16.932.760;17.005.521;0;0;0;17.200.707;;;
2024;Valencia;Transbordo;Incluido tránsito;0;0;0;0;0;0;0;0;0;;;
2024;Vigo;Desembarque;Incluido tránsito;38.626;260.036;741.691;1.690.567;2.432.258;30.549;0;0;2.761.469;;;
2024;Vigo;Desembarque;Solo tránsito;0;0;85.822;179.218;265.040;0;0;0;265.040;;;
2024;Vigo;Embarque;Incluido tránsito;0;0;1.222.651;1.398.716;2.621.367;0;119.389;0;2.740.756;;;
2024;Vigo;Embarque;Solo tránsito;0;0;77.100;176.894;253.994;0;0;0;253.994;;;
2024;Vigo;Transbordo;Incluido tránsito;0;0;0;0;0;0;0;0;0;;;
2024;Vilagarcía;Desembarque;Incluido tránsito;286.257;321.986;229.202;56.521;285.723;0;0;0;893.966;;;
2024;Vilagarcía;Desembarque;Solo tránsito;0;2.954;0;906;906;0;0;0;3.860;;;
2024;Vilagarcía;Embarque;Incluido tránsito;0;90.391;210.000;213.240;423.240;0;8.386;0;522.017;;;
2024;Vilagarcía;Embarque;Solo tránsito;0;0;0;883;883;0;0;0;883;;;
2024;Vilagarcía;Transbordo;Incluido tránsito;0;0;0;0;0;0;0;0;0;;;
